TRACE::2026-01-02.22:02:50::SCWPlatform::Trying to open the hw design at F:/Advanced_Hardware_Engineering/Vivado_2021/Workspace/TMP3/TMP3_Platform_J/hw/TEST_J_2021TMP3_wrapper.xsa
TRACE::2026-01-02.22:02:50::SCWPlatform::DSA given F:/Advanced_Hardware_Engineering/Vivado_2021/Workspace/TMP3/TMP3_Platform_J/hw/TEST_J_2021TMP3_wrapper.xsa
TRACE::2026-01-02.22:02:50::SCWPlatform::DSA absoulate path F:/Advanced_Hardware_Engineering/Vivado_2021/Workspace/TMP3/TMP3_Platform_J/hw/TEST_J_2021TMP3_wrapper.xsa
TRACE::2026-01-02.22:02:50::SCWPlatform::DSA directory F:/Advanced_Hardware_Engineering/Vivado_2021/Workspace/TMP3/TMP3_Platform_J/hw
TRACE::2026-01-02.22:02:50::SCWPlatform:: Platform Path F:/Advanced_Hardware_Engineering/Vivado_2021/Workspace/TMP3/TMP3_Platform_J/hw/TEST_J_2021TMP3_wrapper.xsa
TRACE::2026-01-02.22:02:50::SCWPlatform:: Unique name xilinx:nexys-a7-100t::0.0
TRACE::2026-01-02.22:02:50::SCWPlatform::Do not have an existing db opened. 
TRACE::2026-01-02.22:02:51::SCWPlatform::Opened new HwDB with name TEST_J_2021TMP3_wrapper_0
TRACE::2026-01-02.22:02:51::SCWWriter::formatted JSON is {
	"platformName":	"TMP3_Platform_J",
	"sprVersion":	"2.0",
	"mode":	"gui",
	"dsaType":	"Fixed",
	"platformDesc":	"TMP3_Platform_J",
	"platHandOff":	"F:/Advanced_Hardware_Engineering/Vivado_2021/TEST_J_2021TMP3/TEST_J_2021TMP3/TEST_J_2021TMP3_wrapper.xsa",
	"platIntHandOff":	"<platformDir>/hw/TEST_J_2021TMP3_wrapper.xsa",
	"deviceType":	"FPGA",
	"platIsPrebuiltAutogen":	"false",
	"platIsNoBootBsp":	"false",
	"hasFsblMakeHasChanges":	"false",
	"hasPmufwMakeHasChanges":	"false",
	"platPreBuiltFlag":	false,
	"platformSamplesDir":	""
}
TRACE::2026-01-02.22:02:51::SCWWriter::formatted JSON is {
	"platformName":	"TMP3_Platform_J",
	"sprVersion":	"2.0",
	"mode":	"gui",
	"dsaType":	"Fixed",
	"platformDesc":	"TMP3_Platform_J",
	"platHandOff":	"F:/Advanced_Hardware_Engineering/Vivado_2021/TEST_J_2021TMP3/TEST_J_2021TMP3/TEST_J_2021TMP3_wrapper.xsa",
	"platIntHandOff":	"<platformDir>/hw/TEST_J_2021TMP3_wrapper.xsa",
	"deviceType":	"FPGA",
	"platIsPrebuiltAutogen":	"false",
	"platIsNoBootBsp":	"false",
	"hasFsblMakeHasChanges":	"false",
	"hasPmufwMakeHasChanges":	"false",
	"platPreBuiltFlag":	false,
	"platformSamplesDir":	"",
	"platActiveSys":	"TMP3_Platform_J",
	"systems":	[{
			"systemName":	"TMP3_Platform_J",
			"systemDesc":	"TMP3_Platform_J",
			"sysIsBootAutoGen":	"true",
			"systemDispName":	"TMP3_Platform_J"
		}]
}
TRACE::2026-01-02.22:02:51::SCWPlatform::Boot application domains not present, creating them
TRACE::2026-01-02.22:02:51::SCWPlatform::Pure FPGA device, no boot application will be created.
TRACE::2026-01-02.22:02:51::SCWWriter::formatted JSON is {
	"platformName":	"TMP3_Platform_J",
	"sprVersion":	"2.0",
	"mode":	"gui",
	"dsaType":	"Fixed",
	"platformDesc":	"TMP3_Platform_J",
	"platHandOff":	"F:/Advanced_Hardware_Engineering/Vivado_2021/TEST_J_2021TMP3/TEST_J_2021TMP3/TEST_J_2021TMP3_wrapper.xsa",
	"platIntHandOff":	"<platformDir>/hw/TEST_J_2021TMP3_wrapper.xsa",
	"deviceType":	"FPGA",
	"platIsPrebuiltAutogen":	"false",
	"platIsNoBootBsp":	"false",
	"hasFsblMakeHasChanges":	"false",
	"hasPmufwMakeHasChanges":	"false",
	"platPreBuiltFlag":	false,
	"platformSamplesDir":	"",
	"platActiveSys":	"TMP3_Platform_J",
	"systems":	[{
			"systemName":	"TMP3_Platform_J",
			"systemDesc":	"TMP3_Platform_J",
			"sysIsBootAutoGen":	"true",
			"systemDispName":	"TMP3_Platform_J"
		}]
}
TRACE::2026-01-02.22:02:51::SCWPlatform::Trying to open the hw design at F:/Advanced_Hardware_Engineering/Vivado_2021/Workspace/TMP3/TMP3_Platform_J/hw/TEST_J_2021TMP3_wrapper.xsa
TRACE::2026-01-02.22:02:51::SCWPlatform::DSA given F:/Advanced_Hardware_Engineering/Vivado_2021/Workspace/TMP3/TMP3_Platform_J/hw/TEST_J_2021TMP3_wrapper.xsa
TRACE::2026-01-02.22:02:51::SCWPlatform::DSA absoulate path F:/Advanced_Hardware_Engineering/Vivado_2021/Workspace/TMP3/TMP3_Platform_J/hw/TEST_J_2021TMP3_wrapper.xsa
TRACE::2026-01-02.22:02:51::SCWPlatform::DSA directory F:/Advanced_Hardware_Engineering/Vivado_2021/Workspace/TMP3/TMP3_Platform_J/hw
TRACE::2026-01-02.22:02:51::SCWPlatform:: Platform Path F:/Advanced_Hardware_Engineering/Vivado_2021/Workspace/TMP3/TMP3_Platform_J/hw/TEST_J_2021TMP3_wrapper.xsa
TRACE::2026-01-02.22:02:51::SCWPlatform:: Unique name xilinx:nexys-a7-100t::0.0
TRACE::2026-01-02.22:02:51::SCWPlatform::Trying to set the existing hwdb with name TEST_J_2021TMP3_wrapper_0
TRACE::2026-01-02.22:02:51::SCWPlatform::Opened existing hwdb TEST_J_2021TMP3_wrapper_0
TRACE::2026-01-02.22:02:51::SCWPlatform::Found the Hw Db part of the input DSA
TRACE::2026-01-02.22:02:51::SCWPlatform::Trying to open the hw design at F:/Advanced_Hardware_Engineering/Vivado_2021/Workspace/TMP3/TMP3_Platform_J/hw/TEST_J_2021TMP3_wrapper.xsa
TRACE::2026-01-02.22:02:51::SCWPlatform::DSA given F:/Advanced_Hardware_Engineering/Vivado_2021/Workspace/TMP3/TMP3_Platform_J/hw/TEST_J_2021TMP3_wrapper.xsa
TRACE::2026-01-02.22:02:51::SCWPlatform::DSA absoulate path F:/Advanced_Hardware_Engineering/Vivado_2021/Workspace/TMP3/TMP3_Platform_J/hw/TEST_J_2021TMP3_wrapper.xsa
TRACE::2026-01-02.22:02:51::SCWPlatform::DSA directory F:/Advanced_Hardware_Engineering/Vivado_2021/Workspace/TMP3/TMP3_Platform_J/hw
TRACE::2026-01-02.22:02:51::SCWPlatform:: Platform Path F:/Advanced_Hardware_Engineering/Vivado_2021/Workspace/TMP3/TMP3_Platform_J/hw/TEST_J_2021TMP3_wrapper.xsa
TRACE::2026-01-02.22:02:51::SCWPlatform:: Unique name xilinx:nexys-a7-100t::0.0
TRACE::2026-01-02.22:02:51::SCWPlatform::Trying to set the existing hwdb with name TEST_J_2021TMP3_wrapper_0
TRACE::2026-01-02.22:02:51::SCWPlatform::Opened existing hwdb TEST_J_2021TMP3_wrapper_0
TRACE::2026-01-02.22:02:51::SCWPlatform::Found the Hw Db part of the input DSA
TRACE::2026-01-02.22:02:51::SCWPlatform::Trying to open the hw design at F:/Advanced_Hardware_Engineering/Vivado_2021/Workspace/TMP3/TMP3_Platform_J/hw/TEST_J_2021TMP3_wrapper.xsa
TRACE::2026-01-02.22:02:51::SCWPlatform::DSA given F:/Advanced_Hardware_Engineering/Vivado_2021/Workspace/TMP3/TMP3_Platform_J/hw/TEST_J_2021TMP3_wrapper.xsa
TRACE::2026-01-02.22:02:51::SCWPlatform::DSA absoulate path F:/Advanced_Hardware_Engineering/Vivado_2021/Workspace/TMP3/TMP3_Platform_J/hw/TEST_J_2021TMP3_wrapper.xsa
TRACE::2026-01-02.22:02:51::SCWPlatform::DSA directory F:/Advanced_Hardware_Engineering/Vivado_2021/Workspace/TMP3/TMP3_Platform_J/hw
TRACE::2026-01-02.22:02:51::SCWPlatform:: Platform Path F:/Advanced_Hardware_Engineering/Vivado_2021/Workspace/TMP3/TMP3_Platform_J/hw/TEST_J_2021TMP3_wrapper.xsa
TRACE::2026-01-02.22:02:51::SCWPlatform:: Unique name xilinx:nexys-a7-100t::0.0
TRACE::2026-01-02.22:02:51::SCWPlatform::Trying to set the existing hwdb with name TEST_J_2021TMP3_wrapper_0
TRACE::2026-01-02.22:02:51::SCWPlatform::Opened existing hwdb TEST_J_2021TMP3_wrapper_0
TRACE::2026-01-02.22:02:51::SCWPlatform::Found the Hw Db part of the input DSA
TRACE::2026-01-02.22:02:51::SCWDomain::checking for install qemu data   : 
TRACE::2026-01-02.22:02:51::SCWPlatform::Trying to open the hw design at F:/Advanced_Hardware_Engineering/Vivado_2021/Workspace/TMP3/TMP3_Platform_J/hw/TEST_J_2021TMP3_wrapper.xsa
TRACE::2026-01-02.22:02:51::SCWPlatform::DSA given F:/Advanced_Hardware_Engineering/Vivado_2021/Workspace/TMP3/TMP3_Platform_J/hw/TEST_J_2021TMP3_wrapper.xsa
TRACE::2026-01-02.22:02:51::SCWPlatform::DSA absoulate path F:/Advanced_Hardware_Engineering/Vivado_2021/Workspace/TMP3/TMP3_Platform_J/hw/TEST_J_2021TMP3_wrapper.xsa
TRACE::2026-01-02.22:02:51::SCWPlatform::DSA directory F:/Advanced_Hardware_Engineering/Vivado_2021/Workspace/TMP3/TMP3_Platform_J/hw
TRACE::2026-01-02.22:02:51::SCWPlatform:: Platform Path F:/Advanced_Hardware_Engineering/Vivado_2021/Workspace/TMP3/TMP3_Platform_J/hw/TEST_J_2021TMP3_wrapper.xsa
TRACE::2026-01-02.22:02:51::SCWPlatform:: Unique name xilinx:nexys-a7-100t::0.0
TRACE::2026-01-02.22:02:51::SCWPlatform::Trying to set the existing hwdb with name TEST_J_2021TMP3_wrapper_0
TRACE::2026-01-02.22:02:51::SCWPlatform::Opened existing hwdb TEST_J_2021TMP3_wrapper_0
TRACE::2026-01-02.22:02:51::SCWPlatform::Found the Hw Db part of the input DSA
TRACE::2026-01-02.22:02:51::SCWPlatform::Trying to open the hw design at F:/Advanced_Hardware_Engineering/Vivado_2021/Workspace/TMP3/TMP3_Platform_J/hw/TEST_J_2021TMP3_wrapper.xsa
TRACE::2026-01-02.22:02:51::SCWPlatform::DSA given F:/Advanced_Hardware_Engineering/Vivado_2021/Workspace/TMP3/TMP3_Platform_J/hw/TEST_J_2021TMP3_wrapper.xsa
TRACE::2026-01-02.22:02:51::SCWPlatform::DSA absoulate path F:/Advanced_Hardware_Engineering/Vivado_2021/Workspace/TMP3/TMP3_Platform_J/hw/TEST_J_2021TMP3_wrapper.xsa
TRACE::2026-01-02.22:02:51::SCWPlatform::DSA directory F:/Advanced_Hardware_Engineering/Vivado_2021/Workspace/TMP3/TMP3_Platform_J/hw
TRACE::2026-01-02.22:02:51::SCWPlatform:: Platform Path F:/Advanced_Hardware_Engineering/Vivado_2021/Workspace/TMP3/TMP3_Platform_J/hw/TEST_J_2021TMP3_wrapper.xsa
TRACE::2026-01-02.22:02:51::SCWPlatform:: Unique name xilinx:nexys-a7-100t::0.0
TRACE::2026-01-02.22:02:51::SCWPlatform::Trying to set the existing hwdb with name TEST_J_2021TMP3_wrapper_0
TRACE::2026-01-02.22:02:51::SCWPlatform::Opened existing hwdb TEST_J_2021TMP3_wrapper_0
TRACE::2026-01-02.22:02:51::SCWPlatform::Found the Hw Db part of the input DSA
TRACE::2026-01-02.22:02:51::SCWPlatform::Trying to open the hw design at F:/Advanced_Hardware_Engineering/Vivado_2021/Workspace/TMP3/TMP3_Platform_J/hw/TEST_J_2021TMP3_wrapper.xsa
TRACE::2026-01-02.22:02:51::SCWPlatform::DSA given F:/Advanced_Hardware_Engineering/Vivado_2021/Workspace/TMP3/TMP3_Platform_J/hw/TEST_J_2021TMP3_wrapper.xsa
TRACE::2026-01-02.22:02:51::SCWPlatform::DSA absoulate path F:/Advanced_Hardware_Engineering/Vivado_2021/Workspace/TMP3/TMP3_Platform_J/hw/TEST_J_2021TMP3_wrapper.xsa
TRACE::2026-01-02.22:02:51::SCWPlatform::DSA directory F:/Advanced_Hardware_Engineering/Vivado_2021/Workspace/TMP3/TMP3_Platform_J/hw
TRACE::2026-01-02.22:02:51::SCWPlatform:: Platform Path F:/Advanced_Hardware_Engineering/Vivado_2021/Workspace/TMP3/TMP3_Platform_J/hw/TEST_J_2021TMP3_wrapper.xsa
TRACE::2026-01-02.22:02:51::SCWPlatform:: Unique name xilinx:nexys-a7-100t::0.0
TRACE::2026-01-02.22:02:51::SCWPlatform::Trying to set the existing hwdb with name TEST_J_2021TMP3_wrapper_0
TRACE::2026-01-02.22:02:51::SCWPlatform::Opened existing hwdb TEST_J_2021TMP3_wrapper_0
TRACE::2026-01-02.22:02:51::SCWPlatform::Found the Hw Db part of the input DSA
TRACE::2026-01-02.22:02:51::SCWMssOS::Checking the sw design at  F:/Advanced_Hardware_Engineering/Vivado_2021/Workspace/TMP3/TMP3_Platform_J/microblaze_0/standalone_domain/bsp/system.mss
TRACE::2026-01-02.22:02:51::SCWMssOS::DEBUG:  swdes dump  
TRACE::2026-01-02.22:02:51::SCWMssOS::No sw design opened at  F:/Advanced_Hardware_Engineering/Vivado_2021/Workspace/TMP3/TMP3_Platform_J/microblaze_0/standalone_domain/bsp/system.mss
TRACE::2026-01-02.22:02:51::SCWMssOS::mss does not exists at F:/Advanced_Hardware_Engineering/Vivado_2021/Workspace/TMP3/TMP3_Platform_J/microblaze_0/standalone_domain/bsp/system.mss
TRACE::2026-01-02.22:02:51::SCWMssOS::Creating sw design at  F:/Advanced_Hardware_Engineering/Vivado_2021/Workspace/TMP3/TMP3_Platform_J/microblaze_0/standalone_domain/bsp/system.mss
TRACE::2026-01-02.22:02:51::SCWMssOS::Adding the swdes entry, created swdb F:/Advanced_Hardware_Engineering/Vivado_2021/Workspace/TMP3/TMP3_Platform_J/microblaze_0/standalone_domain/bsp/system.mss with des name F:/Advanced_Hardware_Engineering/Vivado_2021/Workspace/TMP3/TMP3_Platform_J/microblaze_0/standalone_domain/bsp/system.mss
TRACE::2026-01-02.22:02:51::SCWMssOS::updating the scw layer changes to swdes at   F:/Advanced_Hardware_Engineering/Vivado_2021/Workspace/TMP3/TMP3_Platform_J/microblaze_0/standalone_domain/bsp/system.mss
TRACE::2026-01-02.22:02:51::SCWMssOS::Writing mss at F:/Advanced_Hardware_Engineering/Vivado_2021/Workspace/TMP3/TMP3_Platform_J/microblaze_0/standalone_domain/bsp/system.mss
TRACE::2026-01-02.22:02:51::SCWMssOS::Completed writing the mss file at F:/Advanced_Hardware_Engineering/Vivado_2021/Workspace/TMP3/TMP3_Platform_J/microblaze_0/standalone_domain/bsp
TRACE::2026-01-02.22:02:51::SCWMssOS::Picking up changes from newly written mss file into SCW Layer. 
TRACE::2026-01-02.22:02:51::SCWMssOS::Updated the changes from newly written mss file into SCW Layer. 
TRACE::2026-01-02.22:02:51::SCWMssOS::Completed writing the mss file at F:/Advanced_Hardware_Engineering/Vivado_2021/Workspace/TMP3/TMP3_Platform_J/microblaze_0/standalone_domain/bsp
TRACE::2026-01-02.22:02:51::SCWMssOS::Forcing BSP Sources regeneration.
TRACE::2026-01-02.22:02:53::SCWMssOS::Saving the mss changes F:/Advanced_Hardware_Engineering/Vivado_2021/Workspace/TMP3/TMP3_Platform_J/microblaze_0/standalone_domain/bsp/system.mss
TRACE::2026-01-02.22:02:53::SCWMssOS::Adding the swdes entry, mss present, able to open swdb F:/Advanced_Hardware_Engineering/Vivado_2021/Workspace/TMP3/TMP3_Platform_J/microblaze_0/standalone_domain/bsp/system.mss with des name system
TRACE::2026-01-02.22:02:53::SCWMssOS::Writing the mss file completed F:/Advanced_Hardware_Engineering/Vivado_2021/Workspace/TMP3/TMP3_Platform_J/microblaze_0/standalone_domain/bsp/system.mss
TRACE::2026-01-02.22:02:53::SCWMssOS::Commit changes completed.
TRACE::2026-01-02.22:02:53::SCWPlatform::Trying to open the hw design at F:/Advanced_Hardware_Engineering/Vivado_2021/Workspace/TMP3/TMP3_Platform_J/hw/TEST_J_2021TMP3_wrapper.xsa
TRACE::2026-01-02.22:02:53::SCWPlatform::DSA given F:/Advanced_Hardware_Engineering/Vivado_2021/Workspace/TMP3/TMP3_Platform_J/hw/TEST_J_2021TMP3_wrapper.xsa
TRACE::2026-01-02.22:02:53::SCWPlatform::DSA absoulate path F:/Advanced_Hardware_Engineering/Vivado_2021/Workspace/TMP3/TMP3_Platform_J/hw/TEST_J_2021TMP3_wrapper.xsa
TRACE::2026-01-02.22:02:53::SCWPlatform::DSA directory F:/Advanced_Hardware_Engineering/Vivado_2021/Workspace/TMP3/TMP3_Platform_J/hw
TRACE::2026-01-02.22:02:53::SCWPlatform:: Platform Path F:/Advanced_Hardware_Engineering/Vivado_2021/Workspace/TMP3/TMP3_Platform_J/hw/TEST_J_2021TMP3_wrapper.xsa
TRACE::2026-01-02.22:02:53::SCWPlatform:: Unique name xilinx:nexys-a7-100t::0.0
TRACE::2026-01-02.22:02:53::SCWPlatform::Trying to set the existing hwdb with name TEST_J_2021TMP3_wrapper_0
TRACE::2026-01-02.22:02:53::SCWPlatform::Opened existing hwdb TEST_J_2021TMP3_wrapper_0
TRACE::2026-01-02.22:02:53::SCWPlatform::Found the Hw Db part of the input DSA
TRACE::2026-01-02.22:02:53::SCWMssOS::Checking the sw design at  F:/Advanced_Hardware_Engineering/Vivado_2021/Workspace/TMP3/TMP3_Platform_J/microblaze_0/standalone_domain/bsp/system.mss
TRACE::2026-01-02.22:02:53::SCWMssOS::DEBUG:  swdes dump  F:/Advanced_Hardware_Engineering/Vivado_2021/Workspace/TMP3/TMP3_Platform_J/microblaze_0/standalone_domain/bsp/system.mss|system||

TRACE::2026-01-02.22:02:53::SCWMssOS::Sw design exists and opened at  F:/Advanced_Hardware_Engineering/Vivado_2021/Workspace/TMP3/TMP3_Platform_J/microblaze_0/standalone_domain/bsp/system.mss
TRACE::2026-01-02.22:02:53::SCWPlatform::Trying to open the hw design at F:/Advanced_Hardware_Engineering/Vivado_2021/Workspace/TMP3/TMP3_Platform_J/hw/TEST_J_2021TMP3_wrapper.xsa
TRACE::2026-01-02.22:02:53::SCWPlatform::DSA given F:/Advanced_Hardware_Engineering/Vivado_2021/Workspace/TMP3/TMP3_Platform_J/hw/TEST_J_2021TMP3_wrapper.xsa
TRACE::2026-01-02.22:02:53::SCWPlatform::DSA absoulate path F:/Advanced_Hardware_Engineering/Vivado_2021/Workspace/TMP3/TMP3_Platform_J/hw/TEST_J_2021TMP3_wrapper.xsa
TRACE::2026-01-02.22:02:53::SCWPlatform::DSA directory F:/Advanced_Hardware_Engineering/Vivado_2021/Workspace/TMP3/TMP3_Platform_J/hw
TRACE::2026-01-02.22:02:53::SCWPlatform:: Platform Path F:/Advanced_Hardware_Engineering/Vivado_2021/Workspace/TMP3/TMP3_Platform_J/hw/TEST_J_2021TMP3_wrapper.xsa
TRACE::2026-01-02.22:02:53::SCWPlatform:: Unique name xilinx:nexys-a7-100t::0.0
TRACE::2026-01-02.22:02:53::SCWPlatform::Trying to set the existing hwdb with name TEST_J_2021TMP3_wrapper_0
TRACE::2026-01-02.22:02:53::SCWPlatform::Opened existing hwdb TEST_J_2021TMP3_wrapper_0
TRACE::2026-01-02.22:02:53::SCWPlatform::Found the Hw Db part of the input DSA
TRACE::2026-01-02.22:02:53::SCWMssOS::Checking the sw design at  F:/Advanced_Hardware_Engineering/Vivado_2021/Workspace/TMP3/TMP3_Platform_J/microblaze_0/standalone_domain/bsp/system.mss
TRACE::2026-01-02.22:02:53::SCWMssOS::DEBUG:  swdes dump  F:/Advanced_Hardware_Engineering/Vivado_2021/Workspace/TMP3/TMP3_Platform_J/microblaze_0/standalone_domain/bsp/system.mss|system||

TRACE::2026-01-02.22:02:53::SCWMssOS::Sw design exists and opened at  F:/Advanced_Hardware_Engineering/Vivado_2021/Workspace/TMP3/TMP3_Platform_J/microblaze_0/standalone_domain/bsp/system.mss
TRACE::2026-01-02.22:02:53::SCWPlatform::Trying to open the hw design at F:/Advanced_Hardware_Engineering/Vivado_2021/Workspace/TMP3/TMP3_Platform_J/hw/TEST_J_2021TMP3_wrapper.xsa
TRACE::2026-01-02.22:02:53::SCWPlatform::DSA given F:/Advanced_Hardware_Engineering/Vivado_2021/Workspace/TMP3/TMP3_Platform_J/hw/TEST_J_2021TMP3_wrapper.xsa
TRACE::2026-01-02.22:02:53::SCWPlatform::DSA absoulate path F:/Advanced_Hardware_Engineering/Vivado_2021/Workspace/TMP3/TMP3_Platform_J/hw/TEST_J_2021TMP3_wrapper.xsa
TRACE::2026-01-02.22:02:53::SCWPlatform::DSA directory F:/Advanced_Hardware_Engineering/Vivado_2021/Workspace/TMP3/TMP3_Platform_J/hw
TRACE::2026-01-02.22:02:53::SCWPlatform:: Platform Path F:/Advanced_Hardware_Engineering/Vivado_2021/Workspace/TMP3/TMP3_Platform_J/hw/TEST_J_2021TMP3_wrapper.xsa
TRACE::2026-01-02.22:02:53::SCWPlatform:: Unique name xilinx:nexys-a7-100t::0.0
TRACE::2026-01-02.22:02:53::SCWPlatform::Trying to set the existing hwdb with name TEST_J_2021TMP3_wrapper_0
TRACE::2026-01-02.22:02:53::SCWPlatform::Opened existing hwdb TEST_J_2021TMP3_wrapper_0
TRACE::2026-01-02.22:02:53::SCWPlatform::Found the Hw Db part of the input DSA
TRACE::2026-01-02.22:02:53::SCWMssOS::Checking the sw design at  F:/Advanced_Hardware_Engineering/Vivado_2021/Workspace/TMP3/TMP3_Platform_J/microblaze_0/standalone_domain/bsp/system.mss
TRACE::2026-01-02.22:02:53::SCWMssOS::DEBUG:  swdes dump  F:/Advanced_Hardware_Engineering/Vivado_2021/Workspace/TMP3/TMP3_Platform_J/microblaze_0/standalone_domain/bsp/system.mss|system||

TRACE::2026-01-02.22:02:53::SCWMssOS::Sw design exists and opened at  F:/Advanced_Hardware_Engineering/Vivado_2021/Workspace/TMP3/TMP3_Platform_J/microblaze_0/standalone_domain/bsp/system.mss
TRACE::2026-01-02.22:02:53::SCWWriter::formatted JSON is {
	"platformName":	"TMP3_Platform_J",
	"sprVersion":	"2.0",
	"mode":	"gui",
	"dsaType":	"Fixed",
	"platformDesc":	"TMP3_Platform_J",
	"platHandOff":	"F:/Advanced_Hardware_Engineering/Vivado_2021/TEST_J_2021TMP3/TEST_J_2021TMP3/TEST_J_2021TMP3_wrapper.xsa",
	"platIntHandOff":	"<platformDir>/hw/TEST_J_2021TMP3_wrapper.xsa",
	"deviceType":	"FPGA",
	"platIsPrebuiltAutogen":	"false",
	"platIsNoBootBsp":	"false",
	"hasFsblMakeHasChanges":	"false",
	"hasPmufwMakeHasChanges":	"false",
	"platPreBuiltFlag":	false,
	"platformSamplesDir":	"",
	"platActiveSys":	"TMP3_Platform_J",
	"systems":	[{
			"systemName":	"TMP3_Platform_J",
			"systemDesc":	"TMP3_Platform_J",
			"sysIsBootAutoGen":	"true",
			"systemDispName":	"TMP3_Platform_J",
			"sysActiveDom":	"standalone_domain",
			"sysDefaultDom":	"standalone_domain",
			"domains":	[{
					"domainName":	"standalone_domain",
					"domainDispName":	"standalone_domain",
					"domainDesc":	"standalone_domain",
					"processors":	"microblaze_0",
					"os":	"standalone",
					"sdxOs":	"standalone",
					"debugEnable":	"False",
					"domRuntimes":	["cpp"],
					"swRepo":	"",
					"mssOsVer":	"7.6",
					"mssFile":	"",
					"md5Digest":	"d6a3b57a5267393b8d497d79c2949060",
					"compatibleApp":	"",
					"domType":	"mssDomain",
					"arch":	"32-bit",
					"appSettings":	{
						"appCompilerFlags":	"",
						"appLinkerFlags":	""
					},
					"addedLibs":	[],
					"libOptions":	{
						"libsContainingOptions":	[]
					},
					"prebuiltLibs":	{
						"prebuiltIncPath":	[],
						"prebuiltLibPath":	[]
					},
					"isolation":	{
					}
				}]
		}]
}
LOG::2026-01-02.22:02:53::SCWPlatform::Started generating the artifacts platform TMP3_Platform_J
TRACE::2026-01-02.22:02:53::SCWPlatform::Sanity checking of platform is completed
LOG::2026-01-02.22:02:53::SCWPlatform::Started generating the artifacts for system configuration TMP3_Platform_J
LOG::2026-01-02.22:02:53::SCWSystem::Checking the domain standalone_domain
LOG::2026-01-02.22:02:53::SCWSystem::Not a boot domain 
LOG::2026-01-02.22:02:53::SCWSystem::Started Processing the domain standalone_domain
TRACE::2026-01-02.22:02:53::SCWDomain::Generating domain artifcats
TRACE::2026-01-02.22:02:53::SCWMssOS::Generating standalone artifcats
TRACE::2026-01-02.22:02:53::SCWMssOS:: Copying the user libraries. 
TRACE::2026-01-02.22:02:53::SCWPlatform::Trying to open the hw design at F:/Advanced_Hardware_Engineering/Vivado_2021/Workspace/TMP3/TMP3_Platform_J/hw/TEST_J_2021TMP3_wrapper.xsa
TRACE::2026-01-02.22:02:53::SCWPlatform::DSA given F:/Advanced_Hardware_Engineering/Vivado_2021/Workspace/TMP3/TMP3_Platform_J/hw/TEST_J_2021TMP3_wrapper.xsa
TRACE::2026-01-02.22:02:53::SCWPlatform::DSA absoulate path F:/Advanced_Hardware_Engineering/Vivado_2021/Workspace/TMP3/TMP3_Platform_J/hw/TEST_J_2021TMP3_wrapper.xsa
TRACE::2026-01-02.22:02:53::SCWPlatform::DSA directory F:/Advanced_Hardware_Engineering/Vivado_2021/Workspace/TMP3/TMP3_Platform_J/hw
TRACE::2026-01-02.22:02:53::SCWPlatform:: Platform Path F:/Advanced_Hardware_Engineering/Vivado_2021/Workspace/TMP3/TMP3_Platform_J/hw/TEST_J_2021TMP3_wrapper.xsa
TRACE::2026-01-02.22:02:53::SCWPlatform:: Unique name xilinx:nexys-a7-100t::0.0
TRACE::2026-01-02.22:02:53::SCWPlatform::Trying to set the existing hwdb with name TEST_J_2021TMP3_wrapper_0
TRACE::2026-01-02.22:02:53::SCWPlatform::Opened existing hwdb TEST_J_2021TMP3_wrapper_0
TRACE::2026-01-02.22:02:53::SCWPlatform::Found the Hw Db part of the input DSA
TRACE::2026-01-02.22:02:53::SCWMssOS::Checking the sw design at  F:/Advanced_Hardware_Engineering/Vivado_2021/Workspace/TMP3/TMP3_Platform_J/microblaze_0/standalone_domain/bsp/system.mss
TRACE::2026-01-02.22:02:53::SCWMssOS::DEBUG:  swdes dump  F:/Advanced_Hardware_Engineering/Vivado_2021/Workspace/TMP3/TMP3_Platform_J/microblaze_0/standalone_domain/bsp/system.mss|system||

TRACE::2026-01-02.22:02:53::SCWMssOS::Sw design exists and opened at  F:/Advanced_Hardware_Engineering/Vivado_2021/Workspace/TMP3/TMP3_Platform_J/microblaze_0/standalone_domain/bsp/system.mss
TRACE::2026-01-02.22:02:53::SCWMssOS::Completed writing the mss file at F:/Advanced_Hardware_Engineering/Vivado_2021/Workspace/TMP3/TMP3_Platform_J/microblaze_0/standalone_domain/bsp
TRACE::2026-01-02.22:02:53::SCWMssOS::Mss edits present, copying mssfile into export location F:/Advanced_Hardware_Engineering/Vivado_2021/Workspace/TMP3/TMP3_Platform_J/microblaze_0/standalone_domain/bsp/system.mss
TRACE::2026-01-02.22:02:53::SCWMssOS::bsp generated is upto date with the mss file. Skipping bsp generation.
TRACE::2026-01-02.22:02:53::SCWMssOS::BSP is already built. skipping the bsp build ... 
TRACE::2026-01-02.22:02:53::SCWDomain::Skipping the build for domain :  standalone_domain
TRACE::2026-01-02.22:02:53::SCWMssOS::skipping the bsp build ... 
TRACE::2026-01-02.22:02:53::SCWMssOS::Copying to export directory.
TRACE::2026-01-02.22:02:53::SCWMssOS:: Checking if to create the Supporting Applications
TRACE::2026-01-02.22:02:53::SCWMssOS:: No Linux domain exists, trying to generate FSBL 
LOG::2026-01-02.22:02:53::SCWSystem::Completed Processing the domain standalone_domain
LOG::2026-01-02.22:02:53::SCWSystem::Completed Processing the sysconfig TMP3_Platform_J
LOG::2026-01-02.22:02:53::SCWPlatform::Completed generating the artifacts for system configuration TMP3_Platform_J
TRACE::2026-01-02.22:02:53::SCWPlatform::Started preparing the platform 
TRACE::2026-01-02.22:02:53::SCWSystem::Writing the bif file for system config TMP3_Platform_J
TRACE::2026-01-02.22:02:53::SCWSystem::dir created 
TRACE::2026-01-02.22:02:53::SCWSystem::Writing the bif 
TRACE::2026-01-02.22:02:53::SCWPlatform::Started writing the spfm file 
TRACE::2026-01-02.22:02:53::SCWPlatform::Started writing the xpfm file 
TRACE::2026-01-02.22:02:53::SCWPlatform::Completed generating the platform
TRACE::2026-01-02.22:02:53::SCWMssOS::Saving the mss changes F:/Advanced_Hardware_Engineering/Vivado_2021/Workspace/TMP3/TMP3_Platform_J/microblaze_0/standalone_domain/bsp/system.mss
TRACE::2026-01-02.22:02:53::SCWMssOS::Found a swdesign opened with the mssfile.
TRACE::2026-01-02.22:02:53::SCWMssOS::Completed writemss as part of save.
TRACE::2026-01-02.22:02:53::SCWMssOS::Commit changes completed.
TRACE::2026-01-02.22:02:53::SCWPlatform::Trying to open the hw design at F:/Advanced_Hardware_Engineering/Vivado_2021/Workspace/TMP3/TMP3_Platform_J/hw/TEST_J_2021TMP3_wrapper.xsa
TRACE::2026-01-02.22:02:53::SCWPlatform::DSA given F:/Advanced_Hardware_Engineering/Vivado_2021/Workspace/TMP3/TMP3_Platform_J/hw/TEST_J_2021TMP3_wrapper.xsa
TRACE::2026-01-02.22:02:53::SCWPlatform::DSA absoulate path F:/Advanced_Hardware_Engineering/Vivado_2021/Workspace/TMP3/TMP3_Platform_J/hw/TEST_J_2021TMP3_wrapper.xsa
TRACE::2026-01-02.22:02:53::SCWPlatform::DSA directory F:/Advanced_Hardware_Engineering/Vivado_2021/Workspace/TMP3/TMP3_Platform_J/hw
TRACE::2026-01-02.22:02:53::SCWPlatform:: Platform Path F:/Advanced_Hardware_Engineering/Vivado_2021/Workspace/TMP3/TMP3_Platform_J/hw/TEST_J_2021TMP3_wrapper.xsa
TRACE::2026-01-02.22:02:53::SCWPlatform:: Unique name xilinx:nexys-a7-100t::0.0
TRACE::2026-01-02.22:02:53::SCWPlatform::Trying to set the existing hwdb with name TEST_J_2021TMP3_wrapper_0
TRACE::2026-01-02.22:02:53::SCWPlatform::Opened existing hwdb TEST_J_2021TMP3_wrapper_0
TRACE::2026-01-02.22:02:53::SCWPlatform::Found the Hw Db part of the input DSA
TRACE::2026-01-02.22:02:53::SCWMssOS::Checking the sw design at  F:/Advanced_Hardware_Engineering/Vivado_2021/Workspace/TMP3/TMP3_Platform_J/microblaze_0/standalone_domain/bsp/system.mss
TRACE::2026-01-02.22:02:53::SCWMssOS::DEBUG:  swdes dump  F:/Advanced_Hardware_Engineering/Vivado_2021/Workspace/TMP3/TMP3_Platform_J/microblaze_0/standalone_domain/bsp/system.mss|system||

TRACE::2026-01-02.22:02:53::SCWMssOS::Sw design exists and opened at  F:/Advanced_Hardware_Engineering/Vivado_2021/Workspace/TMP3/TMP3_Platform_J/microblaze_0/standalone_domain/bsp/system.mss
TRACE::2026-01-02.22:02:53::SCWPlatform::Trying to open the hw design at F:/Advanced_Hardware_Engineering/Vivado_2021/Workspace/TMP3/TMP3_Platform_J/hw/TEST_J_2021TMP3_wrapper.xsa
TRACE::2026-01-02.22:02:53::SCWPlatform::DSA given F:/Advanced_Hardware_Engineering/Vivado_2021/Workspace/TMP3/TMP3_Platform_J/hw/TEST_J_2021TMP3_wrapper.xsa
TRACE::2026-01-02.22:02:53::SCWPlatform::DSA absoulate path F:/Advanced_Hardware_Engineering/Vivado_2021/Workspace/TMP3/TMP3_Platform_J/hw/TEST_J_2021TMP3_wrapper.xsa
TRACE::2026-01-02.22:02:53::SCWPlatform::DSA directory F:/Advanced_Hardware_Engineering/Vivado_2021/Workspace/TMP3/TMP3_Platform_J/hw
TRACE::2026-01-02.22:02:53::SCWPlatform:: Platform Path F:/Advanced_Hardware_Engineering/Vivado_2021/Workspace/TMP3/TMP3_Platform_J/hw/TEST_J_2021TMP3_wrapper.xsa
TRACE::2026-01-02.22:02:53::SCWPlatform:: Unique name xilinx:nexys-a7-100t::0.0
TRACE::2026-01-02.22:02:53::SCWPlatform::Trying to set the existing hwdb with name TEST_J_2021TMP3_wrapper_0
TRACE::2026-01-02.22:02:53::SCWPlatform::Opened existing hwdb TEST_J_2021TMP3_wrapper_0
TRACE::2026-01-02.22:02:53::SCWPlatform::Found the Hw Db part of the input DSA
TRACE::2026-01-02.22:02:53::SCWMssOS::Checking the sw design at  F:/Advanced_Hardware_Engineering/Vivado_2021/Workspace/TMP3/TMP3_Platform_J/microblaze_0/standalone_domain/bsp/system.mss
TRACE::2026-01-02.22:02:53::SCWMssOS::DEBUG:  swdes dump  F:/Advanced_Hardware_Engineering/Vivado_2021/Workspace/TMP3/TMP3_Platform_J/microblaze_0/standalone_domain/bsp/system.mss|system||

TRACE::2026-01-02.22:02:53::SCWMssOS::Sw design exists and opened at  F:/Advanced_Hardware_Engineering/Vivado_2021/Workspace/TMP3/TMP3_Platform_J/microblaze_0/standalone_domain/bsp/system.mss
TRACE::2026-01-02.22:02:53::SCWPlatform::Trying to open the hw design at F:/Advanced_Hardware_Engineering/Vivado_2021/Workspace/TMP3/TMP3_Platform_J/hw/TEST_J_2021TMP3_wrapper.xsa
TRACE::2026-01-02.22:02:53::SCWPlatform::DSA given F:/Advanced_Hardware_Engineering/Vivado_2021/Workspace/TMP3/TMP3_Platform_J/hw/TEST_J_2021TMP3_wrapper.xsa
TRACE::2026-01-02.22:02:53::SCWPlatform::DSA absoulate path F:/Advanced_Hardware_Engineering/Vivado_2021/Workspace/TMP3/TMP3_Platform_J/hw/TEST_J_2021TMP3_wrapper.xsa
TRACE::2026-01-02.22:02:53::SCWPlatform::DSA directory F:/Advanced_Hardware_Engineering/Vivado_2021/Workspace/TMP3/TMP3_Platform_J/hw
TRACE::2026-01-02.22:02:53::SCWPlatform:: Platform Path F:/Advanced_Hardware_Engineering/Vivado_2021/Workspace/TMP3/TMP3_Platform_J/hw/TEST_J_2021TMP3_wrapper.xsa
TRACE::2026-01-02.22:02:53::SCWPlatform:: Unique name xilinx:nexys-a7-100t::0.0
TRACE::2026-01-02.22:02:53::SCWPlatform::Trying to set the existing hwdb with name TEST_J_2021TMP3_wrapper_0
TRACE::2026-01-02.22:02:53::SCWPlatform::Opened existing hwdb TEST_J_2021TMP3_wrapper_0
TRACE::2026-01-02.22:02:53::SCWPlatform::Found the Hw Db part of the input DSA
TRACE::2026-01-02.22:02:53::SCWMssOS::Checking the sw design at  F:/Advanced_Hardware_Engineering/Vivado_2021/Workspace/TMP3/TMP3_Platform_J/microblaze_0/standalone_domain/bsp/system.mss
TRACE::2026-01-02.22:02:53::SCWMssOS::DEBUG:  swdes dump  F:/Advanced_Hardware_Engineering/Vivado_2021/Workspace/TMP3/TMP3_Platform_J/microblaze_0/standalone_domain/bsp/system.mss|system||

TRACE::2026-01-02.22:02:53::SCWMssOS::Sw design exists and opened at  F:/Advanced_Hardware_Engineering/Vivado_2021/Workspace/TMP3/TMP3_Platform_J/microblaze_0/standalone_domain/bsp/system.mss
TRACE::2026-01-02.22:02:53::SCWWriter::formatted JSON is {
	"platformName":	"TMP3_Platform_J",
	"sprVersion":	"2.0",
	"mode":	"gui",
	"dsaType":	"Fixed",
	"platformDesc":	"TMP3_Platform_J",
	"platHandOff":	"F:/Advanced_Hardware_Engineering/Vivado_2021/TEST_J_2021TMP3/TEST_J_2021TMP3/TEST_J_2021TMP3_wrapper.xsa",
	"platIntHandOff":	"<platformDir>/hw/TEST_J_2021TMP3_wrapper.xsa",
	"deviceType":	"FPGA",
	"platIsPrebuiltAutogen":	"false",
	"platIsNoBootBsp":	"false",
	"hasFsblMakeHasChanges":	"false",
	"hasPmufwMakeHasChanges":	"false",
	"platPreBuiltFlag":	false,
	"platformSamplesDir":	"",
	"platActiveSys":	"TMP3_Platform_J",
	"systems":	[{
			"systemName":	"TMP3_Platform_J",
			"systemDesc":	"TMP3_Platform_J",
			"sysIsBootAutoGen":	"true",
			"systemDispName":	"TMP3_Platform_J",
			"sysActiveDom":	"standalone_domain",
			"sysDefaultDom":	"standalone_domain",
			"domains":	[{
					"domainName":	"standalone_domain",
					"domainDispName":	"standalone_domain",
					"domainDesc":	"standalone_domain",
					"processors":	"microblaze_0",
					"os":	"standalone",
					"sdxOs":	"standalone",
					"debugEnable":	"False",
					"domRuntimes":	["cpp"],
					"swRepo":	"",
					"mssOsVer":	"7.6",
					"mssFile":	"",
					"md5Digest":	"d6a3b57a5267393b8d497d79c2949060",
					"compatibleApp":	"",
					"domType":	"mssDomain",
					"arch":	"32-bit",
					"appSettings":	{
						"appCompilerFlags":	"",
						"appLinkerFlags":	""
					},
					"addedLibs":	[],
					"libOptions":	{
						"libsContainingOptions":	[]
					},
					"prebuiltLibs":	{
						"prebuiltIncPath":	[],
						"prebuiltLibPath":	[]
					},
					"isolation":	{
					}
				}]
		}]
}
KEYINFO::2026-01-02.22:02:53::SCWPlatform::updated the xpfm file.
TRACE::2026-01-02.22:02:53::SCWPlatform::Trying to open the hw design at F:/Advanced_Hardware_Engineering/Vivado_2021/Workspace/TMP3/TMP3_Platform_J/hw/TEST_J_2021TMP3_wrapper.xsa
TRACE::2026-01-02.22:02:53::SCWPlatform::DSA given F:/Advanced_Hardware_Engineering/Vivado_2021/Workspace/TMP3/TMP3_Platform_J/hw/TEST_J_2021TMP3_wrapper.xsa
TRACE::2026-01-02.22:02:53::SCWPlatform::DSA absoulate path F:/Advanced_Hardware_Engineering/Vivado_2021/Workspace/TMP3/TMP3_Platform_J/hw/TEST_J_2021TMP3_wrapper.xsa
TRACE::2026-01-02.22:02:53::SCWPlatform::DSA directory F:/Advanced_Hardware_Engineering/Vivado_2021/Workspace/TMP3/TMP3_Platform_J/hw
TRACE::2026-01-02.22:02:53::SCWPlatform:: Platform Path F:/Advanced_Hardware_Engineering/Vivado_2021/Workspace/TMP3/TMP3_Platform_J/hw/TEST_J_2021TMP3_wrapper.xsa
TRACE::2026-01-02.22:02:53::SCWPlatform:: Unique name xilinx:nexys-a7-100t::0.0
TRACE::2026-01-02.22:02:53::SCWPlatform::Trying to set the existing hwdb with name TEST_J_2021TMP3_wrapper_0
TRACE::2026-01-02.22:02:53::SCWPlatform::Opened existing hwdb TEST_J_2021TMP3_wrapper_0
TRACE::2026-01-02.22:02:53::SCWPlatform::Found the Hw Db part of the input DSA
TRACE::2026-01-02.22:02:53::SCWMssOS::Checking the sw design at  F:/Advanced_Hardware_Engineering/Vivado_2021/Workspace/TMP3/TMP3_Platform_J/microblaze_0/standalone_domain/bsp/system.mss
TRACE::2026-01-02.22:02:53::SCWMssOS::DEBUG:  swdes dump  F:/Advanced_Hardware_Engineering/Vivado_2021/Workspace/TMP3/TMP3_Platform_J/microblaze_0/standalone_domain/bsp/system.mss|system||

TRACE::2026-01-02.22:02:53::SCWMssOS::Sw design exists and opened at  F:/Advanced_Hardware_Engineering/Vivado_2021/Workspace/TMP3/TMP3_Platform_J/microblaze_0/standalone_domain/bsp/system.mss
TRACE::2026-01-02.22:02:53::SCWMssOS::Saving the mss changes F:/Advanced_Hardware_Engineering/Vivado_2021/Workspace/TMP3/TMP3_Platform_J/microblaze_0/standalone_domain/bsp/system.mss
TRACE::2026-01-02.22:02:53::SCWMssOS::Found a swdesign opened with the mssfile.
TRACE::2026-01-02.22:02:53::SCWMssOS::Completed writemss as part of save.
TRACE::2026-01-02.22:02:53::SCWMssOS::Commit changes completed.
TRACE::2026-01-02.22:02:53::SCWPlatform::Trying to open the hw design at F:/Advanced_Hardware_Engineering/Vivado_2021/Workspace/TMP3/TMP3_Platform_J/hw/TEST_J_2021TMP3_wrapper.xsa
TRACE::2026-01-02.22:02:53::SCWPlatform::DSA given F:/Advanced_Hardware_Engineering/Vivado_2021/Workspace/TMP3/TMP3_Platform_J/hw/TEST_J_2021TMP3_wrapper.xsa
TRACE::2026-01-02.22:02:53::SCWPlatform::DSA absoulate path F:/Advanced_Hardware_Engineering/Vivado_2021/Workspace/TMP3/TMP3_Platform_J/hw/TEST_J_2021TMP3_wrapper.xsa
TRACE::2026-01-02.22:02:53::SCWPlatform::DSA directory F:/Advanced_Hardware_Engineering/Vivado_2021/Workspace/TMP3/TMP3_Platform_J/hw
TRACE::2026-01-02.22:02:53::SCWPlatform:: Platform Path F:/Advanced_Hardware_Engineering/Vivado_2021/Workspace/TMP3/TMP3_Platform_J/hw/TEST_J_2021TMP3_wrapper.xsa
TRACE::2026-01-02.22:02:53::SCWPlatform:: Unique name xilinx:nexys-a7-100t::0.0
TRACE::2026-01-02.22:02:53::SCWPlatform::Trying to set the existing hwdb with name TEST_J_2021TMP3_wrapper_0
TRACE::2026-01-02.22:02:53::SCWPlatform::Opened existing hwdb TEST_J_2021TMP3_wrapper_0
TRACE::2026-01-02.22:02:53::SCWPlatform::Found the Hw Db part of the input DSA
TRACE::2026-01-02.22:02:53::SCWMssOS::Checking the sw design at  F:/Advanced_Hardware_Engineering/Vivado_2021/Workspace/TMP3/TMP3_Platform_J/microblaze_0/standalone_domain/bsp/system.mss
TRACE::2026-01-02.22:02:53::SCWMssOS::DEBUG:  swdes dump  F:/Advanced_Hardware_Engineering/Vivado_2021/Workspace/TMP3/TMP3_Platform_J/microblaze_0/standalone_domain/bsp/system.mss|system||

TRACE::2026-01-02.22:02:53::SCWMssOS::Sw design exists and opened at  F:/Advanced_Hardware_Engineering/Vivado_2021/Workspace/TMP3/TMP3_Platform_J/microblaze_0/standalone_domain/bsp/system.mss
TRACE::2026-01-02.22:02:53::SCWPlatform::Trying to open the hw design at F:/Advanced_Hardware_Engineering/Vivado_2021/Workspace/TMP3/TMP3_Platform_J/hw/TEST_J_2021TMP3_wrapper.xsa
TRACE::2026-01-02.22:02:53::SCWPlatform::DSA given F:/Advanced_Hardware_Engineering/Vivado_2021/Workspace/TMP3/TMP3_Platform_J/hw/TEST_J_2021TMP3_wrapper.xsa
TRACE::2026-01-02.22:02:53::SCWPlatform::DSA absoulate path F:/Advanced_Hardware_Engineering/Vivado_2021/Workspace/TMP3/TMP3_Platform_J/hw/TEST_J_2021TMP3_wrapper.xsa
TRACE::2026-01-02.22:02:53::SCWPlatform::DSA directory F:/Advanced_Hardware_Engineering/Vivado_2021/Workspace/TMP3/TMP3_Platform_J/hw
TRACE::2026-01-02.22:02:53::SCWPlatform:: Platform Path F:/Advanced_Hardware_Engineering/Vivado_2021/Workspace/TMP3/TMP3_Platform_J/hw/TEST_J_2021TMP3_wrapper.xsa
TRACE::2026-01-02.22:02:53::SCWPlatform:: Unique name xilinx:nexys-a7-100t::0.0
TRACE::2026-01-02.22:02:53::SCWPlatform::Trying to set the existing hwdb with name TEST_J_2021TMP3_wrapper_0
TRACE::2026-01-02.22:02:53::SCWPlatform::Opened existing hwdb TEST_J_2021TMP3_wrapper_0
TRACE::2026-01-02.22:02:53::SCWPlatform::Found the Hw Db part of the input DSA
TRACE::2026-01-02.22:02:53::SCWMssOS::Checking the sw design at  F:/Advanced_Hardware_Engineering/Vivado_2021/Workspace/TMP3/TMP3_Platform_J/microblaze_0/standalone_domain/bsp/system.mss
TRACE::2026-01-02.22:02:53::SCWMssOS::DEBUG:  swdes dump  F:/Advanced_Hardware_Engineering/Vivado_2021/Workspace/TMP3/TMP3_Platform_J/microblaze_0/standalone_domain/bsp/system.mss|system||

TRACE::2026-01-02.22:02:53::SCWMssOS::Sw design exists and opened at  F:/Advanced_Hardware_Engineering/Vivado_2021/Workspace/TMP3/TMP3_Platform_J/microblaze_0/standalone_domain/bsp/system.mss
TRACE::2026-01-02.22:02:53::SCWPlatform::Trying to open the hw design at F:/Advanced_Hardware_Engineering/Vivado_2021/Workspace/TMP3/TMP3_Platform_J/hw/TEST_J_2021TMP3_wrapper.xsa
TRACE::2026-01-02.22:02:53::SCWPlatform::DSA given F:/Advanced_Hardware_Engineering/Vivado_2021/Workspace/TMP3/TMP3_Platform_J/hw/TEST_J_2021TMP3_wrapper.xsa
TRACE::2026-01-02.22:02:53::SCWPlatform::DSA absoulate path F:/Advanced_Hardware_Engineering/Vivado_2021/Workspace/TMP3/TMP3_Platform_J/hw/TEST_J_2021TMP3_wrapper.xsa
TRACE::2026-01-02.22:02:53::SCWPlatform::DSA directory F:/Advanced_Hardware_Engineering/Vivado_2021/Workspace/TMP3/TMP3_Platform_J/hw
TRACE::2026-01-02.22:02:53::SCWPlatform:: Platform Path F:/Advanced_Hardware_Engineering/Vivado_2021/Workspace/TMP3/TMP3_Platform_J/hw/TEST_J_2021TMP3_wrapper.xsa
TRACE::2026-01-02.22:02:53::SCWPlatform:: Unique name xilinx:nexys-a7-100t::0.0
TRACE::2026-01-02.22:02:53::SCWPlatform::Trying to set the existing hwdb with name TEST_J_2021TMP3_wrapper_0
TRACE::2026-01-02.22:02:53::SCWPlatform::Opened existing hwdb TEST_J_2021TMP3_wrapper_0
TRACE::2026-01-02.22:02:53::SCWPlatform::Found the Hw Db part of the input DSA
TRACE::2026-01-02.22:02:53::SCWMssOS::Checking the sw design at  F:/Advanced_Hardware_Engineering/Vivado_2021/Workspace/TMP3/TMP3_Platform_J/microblaze_0/standalone_domain/bsp/system.mss
TRACE::2026-01-02.22:02:53::SCWMssOS::DEBUG:  swdes dump  F:/Advanced_Hardware_Engineering/Vivado_2021/Workspace/TMP3/TMP3_Platform_J/microblaze_0/standalone_domain/bsp/system.mss|system||

TRACE::2026-01-02.22:02:53::SCWMssOS::Sw design exists and opened at  F:/Advanced_Hardware_Engineering/Vivado_2021/Workspace/TMP3/TMP3_Platform_J/microblaze_0/standalone_domain/bsp/system.mss
TRACE::2026-01-02.22:02:53::SCWWriter::formatted JSON is {
	"platformName":	"TMP3_Platform_J",
	"sprVersion":	"2.0",
	"mode":	"gui",
	"dsaType":	"Fixed",
	"platformDesc":	"TMP3_Platform_J",
	"platHandOff":	"F:/Advanced_Hardware_Engineering/Vivado_2021/TEST_J_2021TMP3/TEST_J_2021TMP3/TEST_J_2021TMP3_wrapper.xsa",
	"platIntHandOff":	"<platformDir>/hw/TEST_J_2021TMP3_wrapper.xsa",
	"deviceType":	"FPGA",
	"platIsPrebuiltAutogen":	"false",
	"platIsNoBootBsp":	"false",
	"hasFsblMakeHasChanges":	"false",
	"hasPmufwMakeHasChanges":	"false",
	"platPreBuiltFlag":	false,
	"platformSamplesDir":	"",
	"platActiveSys":	"TMP3_Platform_J",
	"systems":	[{
			"systemName":	"TMP3_Platform_J",
			"systemDesc":	"TMP3_Platform_J",
			"sysIsBootAutoGen":	"true",
			"systemDispName":	"TMP3_Platform_J",
			"sysActiveDom":	"standalone_domain",
			"sysDefaultDom":	"standalone_domain",
			"domains":	[{
					"domainName":	"standalone_domain",
					"domainDispName":	"standalone_domain",
					"domainDesc":	"standalone_domain",
					"processors":	"microblaze_0",
					"os":	"standalone",
					"sdxOs":	"standalone",
					"debugEnable":	"False",
					"domRuntimes":	["cpp"],
					"swRepo":	"",
					"mssOsVer":	"7.6",
					"mssFile":	"",
					"md5Digest":	"d6a3b57a5267393b8d497d79c2949060",
					"compatibleApp":	"",
					"domType":	"mssDomain",
					"arch":	"32-bit",
					"appSettings":	{
						"appCompilerFlags":	"",
						"appLinkerFlags":	""
					},
					"addedLibs":	[],
					"libOptions":	{
						"libsContainingOptions":	[]
					},
					"prebuiltLibs":	{
						"prebuiltIncPath":	[],
						"prebuiltLibPath":	[]
					},
					"isolation":	{
					}
				}]
		}]
}
TRACE::2026-01-02.22:02:53::SCWPlatform::Trying to open the hw design at F:/Advanced_Hardware_Engineering/Vivado_2021/Workspace/TMP3/TMP3_Platform_J/hw/TEST_J_2021TMP3_wrapper.xsa
TRACE::2026-01-02.22:02:53::SCWPlatform::DSA given F:/Advanced_Hardware_Engineering/Vivado_2021/Workspace/TMP3/TMP3_Platform_J/hw/TEST_J_2021TMP3_wrapper.xsa
TRACE::2026-01-02.22:02:53::SCWPlatform::DSA absoulate path F:/Advanced_Hardware_Engineering/Vivado_2021/Workspace/TMP3/TMP3_Platform_J/hw/TEST_J_2021TMP3_wrapper.xsa
TRACE::2026-01-02.22:02:53::SCWPlatform::DSA directory F:/Advanced_Hardware_Engineering/Vivado_2021/Workspace/TMP3/TMP3_Platform_J/hw
TRACE::2026-01-02.22:02:53::SCWPlatform:: Platform Path F:/Advanced_Hardware_Engineering/Vivado_2021/Workspace/TMP3/TMP3_Platform_J/hw/TEST_J_2021TMP3_wrapper.xsa
TRACE::2026-01-02.22:02:53::SCWPlatform:: Unique name xilinx:nexys-a7-100t::0.0
TRACE::2026-01-02.22:02:53::SCWPlatform::Trying to set the existing hwdb with name TEST_J_2021TMP3_wrapper_0
TRACE::2026-01-02.22:02:53::SCWPlatform::Opened existing hwdb TEST_J_2021TMP3_wrapper_0
TRACE::2026-01-02.22:02:53::SCWPlatform::Found the Hw Db part of the input DSA
TRACE::2026-01-02.22:02:53::SCWMssOS::Checking the sw design at  F:/Advanced_Hardware_Engineering/Vivado_2021/Workspace/TMP3/TMP3_Platform_J/microblaze_0/standalone_domain/bsp/system.mss
TRACE::2026-01-02.22:02:53::SCWMssOS::DEBUG:  swdes dump  F:/Advanced_Hardware_Engineering/Vivado_2021/Workspace/TMP3/TMP3_Platform_J/microblaze_0/standalone_domain/bsp/system.mss|system||

TRACE::2026-01-02.22:02:53::SCWMssOS::Sw design exists and opened at  F:/Advanced_Hardware_Engineering/Vivado_2021/Workspace/TMP3/TMP3_Platform_J/microblaze_0/standalone_domain/bsp/system.mss
TRACE::2026-01-02.22:02:53::SCWPlatform::Trying to open the hw design at F:/Advanced_Hardware_Engineering/Vivado_2021/Workspace/TMP3/TMP3_Platform_J/hw/TEST_J_2021TMP3_wrapper.xsa
TRACE::2026-01-02.22:02:53::SCWPlatform::DSA given F:/Advanced_Hardware_Engineering/Vivado_2021/Workspace/TMP3/TMP3_Platform_J/hw/TEST_J_2021TMP3_wrapper.xsa
TRACE::2026-01-02.22:02:53::SCWPlatform::DSA absoulate path F:/Advanced_Hardware_Engineering/Vivado_2021/Workspace/TMP3/TMP3_Platform_J/hw/TEST_J_2021TMP3_wrapper.xsa
TRACE::2026-01-02.22:02:53::SCWPlatform::DSA directory F:/Advanced_Hardware_Engineering/Vivado_2021/Workspace/TMP3/TMP3_Platform_J/hw
TRACE::2026-01-02.22:02:53::SCWPlatform:: Platform Path F:/Advanced_Hardware_Engineering/Vivado_2021/Workspace/TMP3/TMP3_Platform_J/hw/TEST_J_2021TMP3_wrapper.xsa
TRACE::2026-01-02.22:02:53::SCWPlatform:: Unique name xilinx:nexys-a7-100t::0.0
TRACE::2026-01-02.22:02:53::SCWPlatform::Trying to set the existing hwdb with name TEST_J_2021TMP3_wrapper_0
TRACE::2026-01-02.22:02:53::SCWPlatform::Opened existing hwdb TEST_J_2021TMP3_wrapper_0
TRACE::2026-01-02.22:02:53::SCWPlatform::Found the Hw Db part of the input DSA
TRACE::2026-01-02.22:02:53::SCWMssOS::Checking the sw design at  F:/Advanced_Hardware_Engineering/Vivado_2021/Workspace/TMP3/TMP3_Platform_J/microblaze_0/standalone_domain/bsp/system.mss
TRACE::2026-01-02.22:02:53::SCWMssOS::DEBUG:  swdes dump  F:/Advanced_Hardware_Engineering/Vivado_2021/Workspace/TMP3/TMP3_Platform_J/microblaze_0/standalone_domain/bsp/system.mss|system||

TRACE::2026-01-02.22:02:53::SCWMssOS::Sw design exists and opened at  F:/Advanced_Hardware_Engineering/Vivado_2021/Workspace/TMP3/TMP3_Platform_J/microblaze_0/standalone_domain/bsp/system.mss
TRACE::2026-01-02.22:02:53::SCWPlatform::Trying to open the hw design at F:/Advanced_Hardware_Engineering/Vivado_2021/Workspace/TMP3/TMP3_Platform_J/hw/TEST_J_2021TMP3_wrapper.xsa
TRACE::2026-01-02.22:02:53::SCWPlatform::DSA given F:/Advanced_Hardware_Engineering/Vivado_2021/Workspace/TMP3/TMP3_Platform_J/hw/TEST_J_2021TMP3_wrapper.xsa
TRACE::2026-01-02.22:02:53::SCWPlatform::DSA absoulate path F:/Advanced_Hardware_Engineering/Vivado_2021/Workspace/TMP3/TMP3_Platform_J/hw/TEST_J_2021TMP3_wrapper.xsa
TRACE::2026-01-02.22:02:53::SCWPlatform::DSA directory F:/Advanced_Hardware_Engineering/Vivado_2021/Workspace/TMP3/TMP3_Platform_J/hw
TRACE::2026-01-02.22:02:53::SCWPlatform:: Platform Path F:/Advanced_Hardware_Engineering/Vivado_2021/Workspace/TMP3/TMP3_Platform_J/hw/TEST_J_2021TMP3_wrapper.xsa
TRACE::2026-01-02.22:02:53::SCWPlatform:: Unique name xilinx:nexys-a7-100t::0.0
TRACE::2026-01-02.22:02:53::SCWPlatform::Trying to set the existing hwdb with name TEST_J_2021TMP3_wrapper_0
TRACE::2026-01-02.22:02:53::SCWPlatform::Opened existing hwdb TEST_J_2021TMP3_wrapper_0
TRACE::2026-01-02.22:02:53::SCWPlatform::Found the Hw Db part of the input DSA
TRACE::2026-01-02.22:02:53::SCWMssOS::Checking the sw design at  F:/Advanced_Hardware_Engineering/Vivado_2021/Workspace/TMP3/TMP3_Platform_J/microblaze_0/standalone_domain/bsp/system.mss
TRACE::2026-01-02.22:02:53::SCWMssOS::DEBUG:  swdes dump  F:/Advanced_Hardware_Engineering/Vivado_2021/Workspace/TMP3/TMP3_Platform_J/microblaze_0/standalone_domain/bsp/system.mss|system||

TRACE::2026-01-02.22:02:53::SCWMssOS::Sw design exists and opened at  F:/Advanced_Hardware_Engineering/Vivado_2021/Workspace/TMP3/TMP3_Platform_J/microblaze_0/standalone_domain/bsp/system.mss
TRACE::2026-01-02.22:02:53::SCWMssOS::Saving the mss changes F:/Advanced_Hardware_Engineering/Vivado_2021/Workspace/TMP3/TMP3_Platform_J/microblaze_0/standalone_domain/bsp/system.mss
TRACE::2026-01-02.22:02:53::SCWMssOS::Found a swdesign opened with the mssfile.
TRACE::2026-01-02.22:02:53::SCWMssOS::Completed writemss as part of save.
TRACE::2026-01-02.22:02:53::SCWMssOS::Commit changes completed.
TRACE::2026-01-02.22:02:53::SCWPlatform::Trying to open the hw design at F:/Advanced_Hardware_Engineering/Vivado_2021/Workspace/TMP3/TMP3_Platform_J/hw/TEST_J_2021TMP3_wrapper.xsa
TRACE::2026-01-02.22:02:53::SCWPlatform::DSA given F:/Advanced_Hardware_Engineering/Vivado_2021/Workspace/TMP3/TMP3_Platform_J/hw/TEST_J_2021TMP3_wrapper.xsa
TRACE::2026-01-02.22:02:53::SCWPlatform::DSA absoulate path F:/Advanced_Hardware_Engineering/Vivado_2021/Workspace/TMP3/TMP3_Platform_J/hw/TEST_J_2021TMP3_wrapper.xsa
TRACE::2026-01-02.22:02:53::SCWPlatform::DSA directory F:/Advanced_Hardware_Engineering/Vivado_2021/Workspace/TMP3/TMP3_Platform_J/hw
TRACE::2026-01-02.22:02:53::SCWPlatform:: Platform Path F:/Advanced_Hardware_Engineering/Vivado_2021/Workspace/TMP3/TMP3_Platform_J/hw/TEST_J_2021TMP3_wrapper.xsa
TRACE::2026-01-02.22:02:53::SCWPlatform:: Unique name xilinx:nexys-a7-100t::0.0
TRACE::2026-01-02.22:02:53::SCWPlatform::Trying to set the existing hwdb with name TEST_J_2021TMP3_wrapper_0
TRACE::2026-01-02.22:02:53::SCWPlatform::Opened existing hwdb TEST_J_2021TMP3_wrapper_0
TRACE::2026-01-02.22:02:53::SCWPlatform::Found the Hw Db part of the input DSA
TRACE::2026-01-02.22:02:53::SCWMssOS::Checking the sw design at  F:/Advanced_Hardware_Engineering/Vivado_2021/Workspace/TMP3/TMP3_Platform_J/microblaze_0/standalone_domain/bsp/system.mss
TRACE::2026-01-02.22:02:53::SCWMssOS::DEBUG:  swdes dump  F:/Advanced_Hardware_Engineering/Vivado_2021/Workspace/TMP3/TMP3_Platform_J/microblaze_0/standalone_domain/bsp/system.mss|system||

TRACE::2026-01-02.22:02:53::SCWMssOS::Sw design exists and opened at  F:/Advanced_Hardware_Engineering/Vivado_2021/Workspace/TMP3/TMP3_Platform_J/microblaze_0/standalone_domain/bsp/system.mss
TRACE::2026-01-02.22:02:53::SCWPlatform::Trying to open the hw design at F:/Advanced_Hardware_Engineering/Vivado_2021/Workspace/TMP3/TMP3_Platform_J/hw/TEST_J_2021TMP3_wrapper.xsa
TRACE::2026-01-02.22:02:53::SCWPlatform::DSA given F:/Advanced_Hardware_Engineering/Vivado_2021/Workspace/TMP3/TMP3_Platform_J/hw/TEST_J_2021TMP3_wrapper.xsa
TRACE::2026-01-02.22:02:53::SCWPlatform::DSA absoulate path F:/Advanced_Hardware_Engineering/Vivado_2021/Workspace/TMP3/TMP3_Platform_J/hw/TEST_J_2021TMP3_wrapper.xsa
TRACE::2026-01-02.22:02:53::SCWPlatform::DSA directory F:/Advanced_Hardware_Engineering/Vivado_2021/Workspace/TMP3/TMP3_Platform_J/hw
TRACE::2026-01-02.22:02:53::SCWPlatform:: Platform Path F:/Advanced_Hardware_Engineering/Vivado_2021/Workspace/TMP3/TMP3_Platform_J/hw/TEST_J_2021TMP3_wrapper.xsa
TRACE::2026-01-02.22:02:53::SCWPlatform:: Unique name xilinx:nexys-a7-100t::0.0
TRACE::2026-01-02.22:02:53::SCWPlatform::Trying to set the existing hwdb with name TEST_J_2021TMP3_wrapper_0
TRACE::2026-01-02.22:02:53::SCWPlatform::Opened existing hwdb TEST_J_2021TMP3_wrapper_0
TRACE::2026-01-02.22:02:53::SCWPlatform::Found the Hw Db part of the input DSA
TRACE::2026-01-02.22:02:53::SCWMssOS::Checking the sw design at  F:/Advanced_Hardware_Engineering/Vivado_2021/Workspace/TMP3/TMP3_Platform_J/microblaze_0/standalone_domain/bsp/system.mss
TRACE::2026-01-02.22:02:53::SCWMssOS::DEBUG:  swdes dump  F:/Advanced_Hardware_Engineering/Vivado_2021/Workspace/TMP3/TMP3_Platform_J/microblaze_0/standalone_domain/bsp/system.mss|system||

TRACE::2026-01-02.22:02:53::SCWMssOS::Sw design exists and opened at  F:/Advanced_Hardware_Engineering/Vivado_2021/Workspace/TMP3/TMP3_Platform_J/microblaze_0/standalone_domain/bsp/system.mss
TRACE::2026-01-02.22:02:53::SCWPlatform::Trying to open the hw design at F:/Advanced_Hardware_Engineering/Vivado_2021/Workspace/TMP3/TMP3_Platform_J/hw/TEST_J_2021TMP3_wrapper.xsa
TRACE::2026-01-02.22:02:53::SCWPlatform::DSA given F:/Advanced_Hardware_Engineering/Vivado_2021/Workspace/TMP3/TMP3_Platform_J/hw/TEST_J_2021TMP3_wrapper.xsa
TRACE::2026-01-02.22:02:53::SCWPlatform::DSA absoulate path F:/Advanced_Hardware_Engineering/Vivado_2021/Workspace/TMP3/TMP3_Platform_J/hw/TEST_J_2021TMP3_wrapper.xsa
TRACE::2026-01-02.22:02:53::SCWPlatform::DSA directory F:/Advanced_Hardware_Engineering/Vivado_2021/Workspace/TMP3/TMP3_Platform_J/hw
TRACE::2026-01-02.22:02:53::SCWPlatform:: Platform Path F:/Advanced_Hardware_Engineering/Vivado_2021/Workspace/TMP3/TMP3_Platform_J/hw/TEST_J_2021TMP3_wrapper.xsa
TRACE::2026-01-02.22:02:53::SCWPlatform:: Unique name xilinx:nexys-a7-100t::0.0
TRACE::2026-01-02.22:02:53::SCWPlatform::Trying to set the existing hwdb with name TEST_J_2021TMP3_wrapper_0
TRACE::2026-01-02.22:02:53::SCWPlatform::Opened existing hwdb TEST_J_2021TMP3_wrapper_0
TRACE::2026-01-02.22:02:53::SCWPlatform::Found the Hw Db part of the input DSA
TRACE::2026-01-02.22:02:53::SCWMssOS::Checking the sw design at  F:/Advanced_Hardware_Engineering/Vivado_2021/Workspace/TMP3/TMP3_Platform_J/microblaze_0/standalone_domain/bsp/system.mss
TRACE::2026-01-02.22:02:53::SCWMssOS::DEBUG:  swdes dump  F:/Advanced_Hardware_Engineering/Vivado_2021/Workspace/TMP3/TMP3_Platform_J/microblaze_0/standalone_domain/bsp/system.mss|system||

TRACE::2026-01-02.22:02:53::SCWMssOS::Sw design exists and opened at  F:/Advanced_Hardware_Engineering/Vivado_2021/Workspace/TMP3/TMP3_Platform_J/microblaze_0/standalone_domain/bsp/system.mss
TRACE::2026-01-02.22:02:53::SCWWriter::formatted JSON is {
	"platformName":	"TMP3_Platform_J",
	"sprVersion":	"2.0",
	"mode":	"gui",
	"dsaType":	"Fixed",
	"platformDesc":	"TMP3_Platform_J",
	"platHandOff":	"F:/Advanced_Hardware_Engineering/Vivado_2021/TEST_J_2021TMP3/TEST_J_2021TMP3/TEST_J_2021TMP3_wrapper.xsa",
	"platIntHandOff":	"<platformDir>/hw/TEST_J_2021TMP3_wrapper.xsa",
	"deviceType":	"FPGA",
	"platIsPrebuiltAutogen":	"false",
	"platIsNoBootBsp":	"false",
	"hasFsblMakeHasChanges":	"false",
	"hasPmufwMakeHasChanges":	"false",
	"platPreBuiltFlag":	false,
	"platformSamplesDir":	"",
	"platActiveSys":	"TMP3_Platform_J",
	"systems":	[{
			"systemName":	"TMP3_Platform_J",
			"systemDesc":	"TMP3_Platform_J",
			"sysIsBootAutoGen":	"true",
			"systemDispName":	"TMP3_Platform_J",
			"sysActiveDom":	"standalone_domain",
			"sysDefaultDom":	"standalone_domain",
			"domains":	[{
					"domainName":	"standalone_domain",
					"domainDispName":	"standalone on microblaze_0",
					"domainDesc":	"standalone_domain",
					"processors":	"microblaze_0",
					"os":	"standalone",
					"sdxOs":	"standalone",
					"debugEnable":	"False",
					"domRuntimes":	["cpp"],
					"swRepo":	"",
					"mssOsVer":	"7.6",
					"mssFile":	"",
					"md5Digest":	"d6a3b57a5267393b8d497d79c2949060",
					"compatibleApp":	"",
					"domType":	"mssDomain",
					"arch":	"32-bit",
					"appSettings":	{
						"appCompilerFlags":	"",
						"appLinkerFlags":	""
					},
					"addedLibs":	[],
					"libOptions":	{
						"libsContainingOptions":	[]
					},
					"prebuiltLibs":	{
						"prebuiltIncPath":	[],
						"prebuiltLibPath":	[]
					},
					"isolation":	{
					}
				}]
		}]
}
TRACE::2026-01-02.22:02:53::SCWMssOS::Saving the mss changes F:/Advanced_Hardware_Engineering/Vivado_2021/Workspace/TMP3/TMP3_Platform_J/microblaze_0/standalone_domain/bsp/system.mss
TRACE::2026-01-02.22:02:53::SCWMssOS::Found a swdesign opened with the mssfile.
TRACE::2026-01-02.22:02:53::SCWMssOS::Completed writemss as part of save.
TRACE::2026-01-02.22:02:53::SCWMssOS::Commit changes completed.
TRACE::2026-01-02.22:02:53::SCWPlatform::Trying to open the hw design at F:/Advanced_Hardware_Engineering/Vivado_2021/Workspace/TMP3/TMP3_Platform_J/hw/TEST_J_2021TMP3_wrapper.xsa
TRACE::2026-01-02.22:02:53::SCWPlatform::DSA given F:/Advanced_Hardware_Engineering/Vivado_2021/Workspace/TMP3/TMP3_Platform_J/hw/TEST_J_2021TMP3_wrapper.xsa
TRACE::2026-01-02.22:02:53::SCWPlatform::DSA absoulate path F:/Advanced_Hardware_Engineering/Vivado_2021/Workspace/TMP3/TMP3_Platform_J/hw/TEST_J_2021TMP3_wrapper.xsa
TRACE::2026-01-02.22:02:53::SCWPlatform::DSA directory F:/Advanced_Hardware_Engineering/Vivado_2021/Workspace/TMP3/TMP3_Platform_J/hw
TRACE::2026-01-02.22:02:53::SCWPlatform:: Platform Path F:/Advanced_Hardware_Engineering/Vivado_2021/Workspace/TMP3/TMP3_Platform_J/hw/TEST_J_2021TMP3_wrapper.xsa
TRACE::2026-01-02.22:02:53::SCWPlatform:: Unique name xilinx:nexys-a7-100t::0.0
TRACE::2026-01-02.22:02:53::SCWPlatform::Trying to set the existing hwdb with name TEST_J_2021TMP3_wrapper_0
TRACE::2026-01-02.22:02:53::SCWPlatform::Opened existing hwdb TEST_J_2021TMP3_wrapper_0
TRACE::2026-01-02.22:02:53::SCWPlatform::Found the Hw Db part of the input DSA
TRACE::2026-01-02.22:02:53::SCWMssOS::Checking the sw design at  F:/Advanced_Hardware_Engineering/Vivado_2021/Workspace/TMP3/TMP3_Platform_J/microblaze_0/standalone_domain/bsp/system.mss
TRACE::2026-01-02.22:02:53::SCWMssOS::DEBUG:  swdes dump  F:/Advanced_Hardware_Engineering/Vivado_2021/Workspace/TMP3/TMP3_Platform_J/microblaze_0/standalone_domain/bsp/system.mss|system||

TRACE::2026-01-02.22:02:53::SCWMssOS::Sw design exists and opened at  F:/Advanced_Hardware_Engineering/Vivado_2021/Workspace/TMP3/TMP3_Platform_J/microblaze_0/standalone_domain/bsp/system.mss
TRACE::2026-01-02.22:02:53::SCWPlatform::Trying to open the hw design at F:/Advanced_Hardware_Engineering/Vivado_2021/Workspace/TMP3/TMP3_Platform_J/hw/TEST_J_2021TMP3_wrapper.xsa
TRACE::2026-01-02.22:02:53::SCWPlatform::DSA given F:/Advanced_Hardware_Engineering/Vivado_2021/Workspace/TMP3/TMP3_Platform_J/hw/TEST_J_2021TMP3_wrapper.xsa
TRACE::2026-01-02.22:02:53::SCWPlatform::DSA absoulate path F:/Advanced_Hardware_Engineering/Vivado_2021/Workspace/TMP3/TMP3_Platform_J/hw/TEST_J_2021TMP3_wrapper.xsa
TRACE::2026-01-02.22:02:53::SCWPlatform::DSA directory F:/Advanced_Hardware_Engineering/Vivado_2021/Workspace/TMP3/TMP3_Platform_J/hw
TRACE::2026-01-02.22:02:53::SCWPlatform:: Platform Path F:/Advanced_Hardware_Engineering/Vivado_2021/Workspace/TMP3/TMP3_Platform_J/hw/TEST_J_2021TMP3_wrapper.xsa
TRACE::2026-01-02.22:02:53::SCWPlatform:: Unique name xilinx:nexys-a7-100t::0.0
TRACE::2026-01-02.22:02:53::SCWPlatform::Trying to set the existing hwdb with name TEST_J_2021TMP3_wrapper_0
TRACE::2026-01-02.22:02:53::SCWPlatform::Opened existing hwdb TEST_J_2021TMP3_wrapper_0
TRACE::2026-01-02.22:02:53::SCWPlatform::Found the Hw Db part of the input DSA
TRACE::2026-01-02.22:02:53::SCWMssOS::Checking the sw design at  F:/Advanced_Hardware_Engineering/Vivado_2021/Workspace/TMP3/TMP3_Platform_J/microblaze_0/standalone_domain/bsp/system.mss
TRACE::2026-01-02.22:02:53::SCWMssOS::DEBUG:  swdes dump  F:/Advanced_Hardware_Engineering/Vivado_2021/Workspace/TMP3/TMP3_Platform_J/microblaze_0/standalone_domain/bsp/system.mss|system||

TRACE::2026-01-02.22:02:53::SCWMssOS::Sw design exists and opened at  F:/Advanced_Hardware_Engineering/Vivado_2021/Workspace/TMP3/TMP3_Platform_J/microblaze_0/standalone_domain/bsp/system.mss
TRACE::2026-01-02.22:02:53::SCWPlatform::Trying to open the hw design at F:/Advanced_Hardware_Engineering/Vivado_2021/Workspace/TMP3/TMP3_Platform_J/hw/TEST_J_2021TMP3_wrapper.xsa
TRACE::2026-01-02.22:02:53::SCWPlatform::DSA given F:/Advanced_Hardware_Engineering/Vivado_2021/Workspace/TMP3/TMP3_Platform_J/hw/TEST_J_2021TMP3_wrapper.xsa
TRACE::2026-01-02.22:02:53::SCWPlatform::DSA absoulate path F:/Advanced_Hardware_Engineering/Vivado_2021/Workspace/TMP3/TMP3_Platform_J/hw/TEST_J_2021TMP3_wrapper.xsa
TRACE::2026-01-02.22:02:53::SCWPlatform::DSA directory F:/Advanced_Hardware_Engineering/Vivado_2021/Workspace/TMP3/TMP3_Platform_J/hw
TRACE::2026-01-02.22:02:53::SCWPlatform:: Platform Path F:/Advanced_Hardware_Engineering/Vivado_2021/Workspace/TMP3/TMP3_Platform_J/hw/TEST_J_2021TMP3_wrapper.xsa
TRACE::2026-01-02.22:02:53::SCWPlatform:: Unique name xilinx:nexys-a7-100t::0.0
TRACE::2026-01-02.22:02:53::SCWPlatform::Trying to set the existing hwdb with name TEST_J_2021TMP3_wrapper_0
TRACE::2026-01-02.22:02:53::SCWPlatform::Opened existing hwdb TEST_J_2021TMP3_wrapper_0
TRACE::2026-01-02.22:02:53::SCWPlatform::Found the Hw Db part of the input DSA
TRACE::2026-01-02.22:02:53::SCWMssOS::Checking the sw design at  F:/Advanced_Hardware_Engineering/Vivado_2021/Workspace/TMP3/TMP3_Platform_J/microblaze_0/standalone_domain/bsp/system.mss
TRACE::2026-01-02.22:02:53::SCWMssOS::DEBUG:  swdes dump  F:/Advanced_Hardware_Engineering/Vivado_2021/Workspace/TMP3/TMP3_Platform_J/microblaze_0/standalone_domain/bsp/system.mss|system||

TRACE::2026-01-02.22:02:53::SCWMssOS::Sw design exists and opened at  F:/Advanced_Hardware_Engineering/Vivado_2021/Workspace/TMP3/TMP3_Platform_J/microblaze_0/standalone_domain/bsp/system.mss
TRACE::2026-01-02.22:02:53::SCWWriter::formatted JSON is {
	"platformName":	"TMP3_Platform_J",
	"sprVersion":	"2.0",
	"mode":	"gui",
	"dsaType":	"Fixed",
	"platformDesc":	"TMP3_Platform_J",
	"platHandOff":	"F:/Advanced_Hardware_Engineering/Vivado_2021/TEST_J_2021TMP3/TEST_J_2021TMP3/TEST_J_2021TMP3_wrapper.xsa",
	"platIntHandOff":	"<platformDir>/hw/TEST_J_2021TMP3_wrapper.xsa",
	"deviceType":	"FPGA",
	"platIsPrebuiltAutogen":	"false",
	"platIsNoBootBsp":	"false",
	"hasFsblMakeHasChanges":	"false",
	"hasPmufwMakeHasChanges":	"false",
	"platPreBuiltFlag":	false,
	"platformSamplesDir":	"",
	"platActiveSys":	"TMP3_Platform_J",
	"systems":	[{
			"systemName":	"TMP3_Platform_J",
			"systemDesc":	"TMP3_Platform_J",
			"sysIsBootAutoGen":	"true",
			"systemDispName":	"TMP3_Platform_J",
			"sysActiveDom":	"standalone_domain",
			"sysDefaultDom":	"standalone_domain",
			"domains":	[{
					"domainName":	"standalone_domain",
					"domainDispName":	"standalone on microblaze_0",
					"domainDesc":	"standalone_domain",
					"processors":	"microblaze_0",
					"os":	"standalone",
					"sdxOs":	"standalone",
					"debugEnable":	"False",
					"domRuntimes":	["cpp"],
					"swRepo":	"",
					"mssOsVer":	"7.6",
					"mssFile":	"",
					"md5Digest":	"d6a3b57a5267393b8d497d79c2949060",
					"compatibleApp":	"",
					"domType":	"mssDomain",
					"arch":	"32-bit",
					"appSettings":	{
						"appCompilerFlags":	"",
						"appLinkerFlags":	""
					},
					"addedLibs":	[],
					"libOptions":	{
						"libsContainingOptions":	[]
					},
					"prebuiltLibs":	{
						"prebuiltIncPath":	[],
						"prebuiltLibPath":	[]
					},
					"isolation":	{
					}
				}]
		}]
}
TRACE::2026-01-02.22:02:53::SCWPlatform::Clearing the existing platform
TRACE::2026-01-02.22:02:53::SCWSystem::Clearing the existing sysconfig
TRACE::2026-01-02.22:02:53::SCWMssOS::Removing the swdes entry for  F:/Advanced_Hardware_Engineering/Vivado_2021/Workspace/TMP3/TMP3_Platform_J/microblaze_0/standalone_domain/bsp/system.mss
TRACE::2026-01-02.22:02:53::SCWSystem::Clearing the domains completed.
TRACE::2026-01-02.22:02:53::SCWPlatform::Clearing the opened hw db.
TRACE::2026-01-02.22:02:53::SCWPlatform::DSA given F:/Advanced_Hardware_Engineering/Vivado_2021/Workspace/TMP3/TMP3_Platform_J/hw/TEST_J_2021TMP3_wrapper.xsa
TRACE::2026-01-02.22:02:53::SCWPlatform::DSA absoulate path F:/Advanced_Hardware_Engineering/Vivado_2021/Workspace/TMP3/TMP3_Platform_J/hw/TEST_J_2021TMP3_wrapper.xsa
TRACE::2026-01-02.22:02:53::SCWPlatform:: Platform location is F:/Advanced_Hardware_Engineering/Vivado_2021/Workspace/TMP3/TMP3_Platform_J/hw
TRACE::2026-01-02.22:02:53::SCWPlatform:: Platform Path F:/Advanced_Hardware_Engineering/Vivado_2021/Workspace/TMP3/TMP3_Platform_J/hw/TEST_J_2021TMP3_wrapper.xsa
TRACE::2026-01-02.22:02:53::SCWPlatform:: Unique name xilinx:nexys-a7-100t::0.0
TRACE::2026-01-02.22:02:53::SCWPlatform::Removing the HwDB with name F:/Advanced_Hardware_Engineering/Vivado_2021/Workspace/TMP3/TMP3_Platform_J/hw/TEST_J_2021TMP3_wrapper.xsa
TRACE::2026-01-02.22:02:53::SCWPlatform::Trying to open the hw design at F:/Advanced_Hardware_Engineering/Vivado_2021/Workspace/TMP3/TMP3_Platform_J/hw/TEST_J_2021TMP3_wrapper.xsa
TRACE::2026-01-02.22:02:53::SCWPlatform::DSA given F:/Advanced_Hardware_Engineering/Vivado_2021/Workspace/TMP3/TMP3_Platform_J/hw/TEST_J_2021TMP3_wrapper.xsa
TRACE::2026-01-02.22:02:53::SCWPlatform::DSA absoulate path F:/Advanced_Hardware_Engineering/Vivado_2021/Workspace/TMP3/TMP3_Platform_J/hw/TEST_J_2021TMP3_wrapper.xsa
TRACE::2026-01-02.22:02:53::SCWPlatform::DSA directory F:/Advanced_Hardware_Engineering/Vivado_2021/Workspace/TMP3/TMP3_Platform_J/hw
TRACE::2026-01-02.22:02:53::SCWPlatform:: Platform Path F:/Advanced_Hardware_Engineering/Vivado_2021/Workspace/TMP3/TMP3_Platform_J/hw/TEST_J_2021TMP3_wrapper.xsa
TRACE::2026-01-02.22:02:53::SCWPlatform:: Unique name xilinx:nexys-a7-100t::0.0
TRACE::2026-01-02.22:02:53::SCWPlatform::Do not have an existing db opened. 
TRACE::2026-01-02.22:02:54::SCWPlatform::Opened new HwDB with name TEST_J_2021TMP3_wrapper_1
TRACE::2026-01-02.22:02:54::SCWReader::Active system found as  TMP3_Platform_J
TRACE::2026-01-02.22:02:54::SCWReader::Handling sysconfig TMP3_Platform_J
TRACE::2026-01-02.22:02:54::SCWDomain::checking for install qemu data   : 
TRACE::2026-01-02.22:02:54::SCWPlatform::Trying to open the hw design at F:/Advanced_Hardware_Engineering/Vivado_2021/Workspace/TMP3/TMP3_Platform_J/hw/TEST_J_2021TMP3_wrapper.xsa
TRACE::2026-01-02.22:02:54::SCWPlatform::DSA given F:/Advanced_Hardware_Engineering/Vivado_2021/Workspace/TMP3/TMP3_Platform_J/hw/TEST_J_2021TMP3_wrapper.xsa
TRACE::2026-01-02.22:02:54::SCWPlatform::DSA absoulate path F:/Advanced_Hardware_Engineering/Vivado_2021/Workspace/TMP3/TMP3_Platform_J/hw/TEST_J_2021TMP3_wrapper.xsa
TRACE::2026-01-02.22:02:54::SCWPlatform::DSA directory F:/Advanced_Hardware_Engineering/Vivado_2021/Workspace/TMP3/TMP3_Platform_J/hw
TRACE::2026-01-02.22:02:54::SCWPlatform:: Platform Path F:/Advanced_Hardware_Engineering/Vivado_2021/Workspace/TMP3/TMP3_Platform_J/hw/TEST_J_2021TMP3_wrapper.xsa
TRACE::2026-01-02.22:02:54::SCWPlatform:: Unique name xilinx:nexys-a7-100t::0.0
TRACE::2026-01-02.22:02:54::SCWPlatform::Trying to set the existing hwdb with name TEST_J_2021TMP3_wrapper_1
TRACE::2026-01-02.22:02:54::SCWPlatform::Opened existing hwdb TEST_J_2021TMP3_wrapper_1
TRACE::2026-01-02.22:02:54::SCWPlatform::Found the Hw Db part of the input DSA
TRACE::2026-01-02.22:02:54::SCWPlatform::Trying to open the hw design at F:/Advanced_Hardware_Engineering/Vivado_2021/Workspace/TMP3/TMP3_Platform_J/hw/TEST_J_2021TMP3_wrapper.xsa
TRACE::2026-01-02.22:02:54::SCWPlatform::DSA given F:/Advanced_Hardware_Engineering/Vivado_2021/Workspace/TMP3/TMP3_Platform_J/hw/TEST_J_2021TMP3_wrapper.xsa
TRACE::2026-01-02.22:02:54::SCWPlatform::DSA absoulate path F:/Advanced_Hardware_Engineering/Vivado_2021/Workspace/TMP3/TMP3_Platform_J/hw/TEST_J_2021TMP3_wrapper.xsa
TRACE::2026-01-02.22:02:54::SCWPlatform::DSA directory F:/Advanced_Hardware_Engineering/Vivado_2021/Workspace/TMP3/TMP3_Platform_J/hw
TRACE::2026-01-02.22:02:54::SCWPlatform:: Platform Path F:/Advanced_Hardware_Engineering/Vivado_2021/Workspace/TMP3/TMP3_Platform_J/hw/TEST_J_2021TMP3_wrapper.xsa
TRACE::2026-01-02.22:02:54::SCWPlatform:: Unique name xilinx:nexys-a7-100t::0.0
TRACE::2026-01-02.22:02:54::SCWPlatform::Trying to set the existing hwdb with name TEST_J_2021TMP3_wrapper_1
TRACE::2026-01-02.22:02:54::SCWPlatform::Opened existing hwdb TEST_J_2021TMP3_wrapper_1
TRACE::2026-01-02.22:02:54::SCWPlatform::Found the Hw Db part of the input DSA
TRACE::2026-01-02.22:02:54::SCWPlatform::Trying to open the hw design at F:/Advanced_Hardware_Engineering/Vivado_2021/Workspace/TMP3/TMP3_Platform_J/hw/TEST_J_2021TMP3_wrapper.xsa
TRACE::2026-01-02.22:02:54::SCWPlatform::DSA given F:/Advanced_Hardware_Engineering/Vivado_2021/Workspace/TMP3/TMP3_Platform_J/hw/TEST_J_2021TMP3_wrapper.xsa
TRACE::2026-01-02.22:02:54::SCWPlatform::DSA absoulate path F:/Advanced_Hardware_Engineering/Vivado_2021/Workspace/TMP3/TMP3_Platform_J/hw/TEST_J_2021TMP3_wrapper.xsa
TRACE::2026-01-02.22:02:54::SCWPlatform::DSA directory F:/Advanced_Hardware_Engineering/Vivado_2021/Workspace/TMP3/TMP3_Platform_J/hw
TRACE::2026-01-02.22:02:54::SCWPlatform:: Platform Path F:/Advanced_Hardware_Engineering/Vivado_2021/Workspace/TMP3/TMP3_Platform_J/hw/TEST_J_2021TMP3_wrapper.xsa
TRACE::2026-01-02.22:02:54::SCWPlatform:: Unique name xilinx:nexys-a7-100t::0.0
TRACE::2026-01-02.22:02:54::SCWPlatform::Trying to set the existing hwdb with name TEST_J_2021TMP3_wrapper_1
TRACE::2026-01-02.22:02:54::SCWPlatform::Opened existing hwdb TEST_J_2021TMP3_wrapper_1
TRACE::2026-01-02.22:02:54::SCWPlatform::Found the Hw Db part of the input DSA
TRACE::2026-01-02.22:02:54::SCWPlatform::Trying to open the hw design at F:/Advanced_Hardware_Engineering/Vivado_2021/Workspace/TMP3/TMP3_Platform_J/hw/TEST_J_2021TMP3_wrapper.xsa
TRACE::2026-01-02.22:02:54::SCWPlatform::DSA given F:/Advanced_Hardware_Engineering/Vivado_2021/Workspace/TMP3/TMP3_Platform_J/hw/TEST_J_2021TMP3_wrapper.xsa
TRACE::2026-01-02.22:02:54::SCWPlatform::DSA absoulate path F:/Advanced_Hardware_Engineering/Vivado_2021/Workspace/TMP3/TMP3_Platform_J/hw/TEST_J_2021TMP3_wrapper.xsa
TRACE::2026-01-02.22:02:54::SCWPlatform::DSA directory F:/Advanced_Hardware_Engineering/Vivado_2021/Workspace/TMP3/TMP3_Platform_J/hw
TRACE::2026-01-02.22:02:54::SCWPlatform:: Platform Path F:/Advanced_Hardware_Engineering/Vivado_2021/Workspace/TMP3/TMP3_Platform_J/hw/TEST_J_2021TMP3_wrapper.xsa
TRACE::2026-01-02.22:02:54::SCWPlatform:: Unique name xilinx:nexys-a7-100t::0.0
TRACE::2026-01-02.22:02:54::SCWPlatform::Trying to set the existing hwdb with name TEST_J_2021TMP3_wrapper_1
TRACE::2026-01-02.22:02:54::SCWPlatform::Opened existing hwdb TEST_J_2021TMP3_wrapper_1
TRACE::2026-01-02.22:02:54::SCWPlatform::Found the Hw Db part of the input DSA
TRACE::2026-01-02.22:02:54::SCWMssOS::Checking the sw design at  F:/Advanced_Hardware_Engineering/Vivado_2021/Workspace/TMP3/TMP3_Platform_J/microblaze_0/standalone_domain/bsp/system.mss
TRACE::2026-01-02.22:02:54::SCWMssOS::DEBUG:  swdes dump  
TRACE::2026-01-02.22:02:54::SCWMssOS::No sw design opened at  F:/Advanced_Hardware_Engineering/Vivado_2021/Workspace/TMP3/TMP3_Platform_J/microblaze_0/standalone_domain/bsp/system.mss
TRACE::2026-01-02.22:02:54::SCWMssOS::mss exists loading the mss file  F:/Advanced_Hardware_Engineering/Vivado_2021/Workspace/TMP3/TMP3_Platform_J/microblaze_0/standalone_domain/bsp/system.mss
TRACE::2026-01-02.22:02:54::SCWMssOS::Opened the sw design from mss  F:/Advanced_Hardware_Engineering/Vivado_2021/Workspace/TMP3/TMP3_Platform_J/microblaze_0/standalone_domain/bsp/system.mss
TRACE::2026-01-02.22:02:54::SCWMssOS::Adding the swdes entry F:/Advanced_Hardware_Engineering/Vivado_2021/Workspace/TMP3/TMP3_Platform_J/microblaze_0/standalone_domain/bsp/system.mss with des name system
TRACE::2026-01-02.22:02:54::SCWMssOS::updating the scw layer about changes
TRACE::2026-01-02.22:02:54::SCWMssOS::Opened the sw design.  F:/Advanced_Hardware_Engineering/Vivado_2021/Workspace/TMP3/TMP3_Platform_J/microblaze_0/standalone_domain/bsp/system.mss
TRACE::2026-01-02.22:02:54::SCWMssOS::Saving the mss changes F:/Advanced_Hardware_Engineering/Vivado_2021/Workspace/TMP3/TMP3_Platform_J/microblaze_0/standalone_domain/bsp/system.mss
TRACE::2026-01-02.22:02:54::SCWMssOS::Found a swdesign opened with the mssfile.
TRACE::2026-01-02.22:02:54::SCWMssOS::Completed writemss as part of save.
TRACE::2026-01-02.22:02:54::SCWMssOS::Commit changes completed.
TRACE::2026-01-02.22:02:54::SCWReader::Adding prebuilt librarypaths as   
TRACE::2026-01-02.22:02:54::SCWReader::Adding prebuilt incpaths  as   
TRACE::2026-01-02.22:02:54::SCWPlatform::Trying to open the hw design at F:/Advanced_Hardware_Engineering/Vivado_2021/Workspace/TMP3/TMP3_Platform_J/hw/TEST_J_2021TMP3_wrapper.xsa
TRACE::2026-01-02.22:02:54::SCWPlatform::DSA given F:/Advanced_Hardware_Engineering/Vivado_2021/Workspace/TMP3/TMP3_Platform_J/hw/TEST_J_2021TMP3_wrapper.xsa
TRACE::2026-01-02.22:02:54::SCWPlatform::DSA absoulate path F:/Advanced_Hardware_Engineering/Vivado_2021/Workspace/TMP3/TMP3_Platform_J/hw/TEST_J_2021TMP3_wrapper.xsa
TRACE::2026-01-02.22:02:54::SCWPlatform::DSA directory F:/Advanced_Hardware_Engineering/Vivado_2021/Workspace/TMP3/TMP3_Platform_J/hw
TRACE::2026-01-02.22:02:54::SCWPlatform:: Platform Path F:/Advanced_Hardware_Engineering/Vivado_2021/Workspace/TMP3/TMP3_Platform_J/hw/TEST_J_2021TMP3_wrapper.xsa
TRACE::2026-01-02.22:02:54::SCWPlatform:: Unique name xilinx:nexys-a7-100t::0.0
TRACE::2026-01-02.22:02:54::SCWPlatform::Trying to set the existing hwdb with name TEST_J_2021TMP3_wrapper_1
TRACE::2026-01-02.22:02:54::SCWPlatform::Opened existing hwdb TEST_J_2021TMP3_wrapper_1
TRACE::2026-01-02.22:02:54::SCWPlatform::Found the Hw Db part of the input DSA
TRACE::2026-01-02.22:02:54::SCWMssOS::Checking the sw design at  F:/Advanced_Hardware_Engineering/Vivado_2021/Workspace/TMP3/TMP3_Platform_J/microblaze_0/standalone_domain/bsp/system.mss
TRACE::2026-01-02.22:02:54::SCWMssOS::DEBUG:  swdes dump  F:/Advanced_Hardware_Engineering/Vivado_2021/Workspace/TMP3/TMP3_Platform_J/microblaze_0/standalone_domain/bsp/system.mss|system||

TRACE::2026-01-02.22:02:54::SCWMssOS::Sw design exists and opened at  F:/Advanced_Hardware_Engineering/Vivado_2021/Workspace/TMP3/TMP3_Platform_J/microblaze_0/standalone_domain/bsp/system.mss
TRACE::2026-01-02.22:02:54::SCWReader::No isolation master present  
LOG::2026-01-02.22:03:01::SCWPlatform::Started generating the artifacts platform TMP3_Platform_J
TRACE::2026-01-02.22:03:01::SCWPlatform::Sanity checking of platform is completed
LOG::2026-01-02.22:03:01::SCWPlatform::Started generating the artifacts for system configuration TMP3_Platform_J
LOG::2026-01-02.22:03:01::SCWSystem::Checking the domain standalone_domain
LOG::2026-01-02.22:03:01::SCWSystem::Not a boot domain 
LOG::2026-01-02.22:03:01::SCWSystem::Started Processing the domain standalone_domain
TRACE::2026-01-02.22:03:01::SCWDomain::Generating domain artifcats
TRACE::2026-01-02.22:03:01::SCWMssOS::Generating standalone artifcats
TRACE::2026-01-02.22:03:01::SCWMssOS:: Copying the user libraries. 
TRACE::2026-01-02.22:03:01::SCWPlatform::Trying to open the hw design at F:/Advanced_Hardware_Engineering/Vivado_2021/Workspace/TMP3/TMP3_Platform_J/hw/TEST_J_2021TMP3_wrapper.xsa
TRACE::2026-01-02.22:03:01::SCWPlatform::DSA given F:/Advanced_Hardware_Engineering/Vivado_2021/Workspace/TMP3/TMP3_Platform_J/hw/TEST_J_2021TMP3_wrapper.xsa
TRACE::2026-01-02.22:03:01::SCWPlatform::DSA absoulate path F:/Advanced_Hardware_Engineering/Vivado_2021/Workspace/TMP3/TMP3_Platform_J/hw/TEST_J_2021TMP3_wrapper.xsa
TRACE::2026-01-02.22:03:01::SCWPlatform::DSA directory F:/Advanced_Hardware_Engineering/Vivado_2021/Workspace/TMP3/TMP3_Platform_J/hw
TRACE::2026-01-02.22:03:01::SCWPlatform:: Platform Path F:/Advanced_Hardware_Engineering/Vivado_2021/Workspace/TMP3/TMP3_Platform_J/hw/TEST_J_2021TMP3_wrapper.xsa
TRACE::2026-01-02.22:03:01::SCWPlatform:: Unique name xilinx:nexys-a7-100t::0.0
TRACE::2026-01-02.22:03:01::SCWPlatform::Trying to set the existing hwdb with name TEST_J_2021TMP3_wrapper_1
TRACE::2026-01-02.22:03:01::SCWPlatform::Opened existing hwdb TEST_J_2021TMP3_wrapper_1
TRACE::2026-01-02.22:03:01::SCWPlatform::Found the Hw Db part of the input DSA
TRACE::2026-01-02.22:03:01::SCWMssOS::Checking the sw design at  F:/Advanced_Hardware_Engineering/Vivado_2021/Workspace/TMP3/TMP3_Platform_J/microblaze_0/standalone_domain/bsp/system.mss
TRACE::2026-01-02.22:03:01::SCWMssOS::DEBUG:  swdes dump  F:/Advanced_Hardware_Engineering/Vivado_2021/Workspace/TMP3/TMP3_Platform_J/microblaze_0/standalone_domain/bsp/system.mss|system||

TRACE::2026-01-02.22:03:01::SCWMssOS::Sw design exists and opened at  F:/Advanced_Hardware_Engineering/Vivado_2021/Workspace/TMP3/TMP3_Platform_J/microblaze_0/standalone_domain/bsp/system.mss
TRACE::2026-01-02.22:03:01::SCWMssOS::Completed writing the mss file at F:/Advanced_Hardware_Engineering/Vivado_2021/Workspace/TMP3/TMP3_Platform_J/microblaze_0/standalone_domain/bsp
TRACE::2026-01-02.22:03:01::SCWMssOS::Mss edits present, copying mssfile into export location F:/Advanced_Hardware_Engineering/Vivado_2021/Workspace/TMP3/TMP3_Platform_J/microblaze_0/standalone_domain/bsp/system.mss
TRACE::2026-01-02.22:03:01::SCWMssOS::bsp generated is upto date with the mss file. Skipping bsp generation.
TRACE::2026-01-02.22:03:01::SCWMssOS::BSP is already built. skipping the bsp build ... 
TRACE::2026-01-02.22:03:01::SCWDomain::Building the domain as part of full build :  standalone_domain
TRACE::2026-01-02.22:03:01::SCWMssOS::doing bsp build ... 
TRACE::2026-01-02.22:03:01::SCWMssOS::System Command Ran  F: & cd  F:/Advanced_Hardware_Engineering/Vivado_2021/Workspace/TMP3/TMP3_Platform_J/microblaze_0/standalone_domain/bsp & make 
TRACE::2026-01-02.22:03:01::SCWMssOS::make --no-print-directory seq_libs

TRACE::2026-01-02.22:03:01::SCWMssOS::"Running Make include in microblaze_0/libsrc/bram_v4_7/src"

TRACE::2026-01-02.22:03:01::SCWMssOS::make -C microblaze_0/libsrc/bram_v4_7/src -s include  "SHELL=CMD" "COMPILER=mb-gcc" "ASSEMBLER=mb-as" "ARCHIVER=mb-ar" "COMPILE
TRACE::2026-01-02.22:03:01::SCWMssOS::R_FLAGS=  -O2 -c -mcpu=v11.0 -mlittle-endian -mxl-soft-mul" "EXTRA_COMPILER_FLAGS=-g -ffunction-sections -fdata-sections -Wall 
TRACE::2026-01-02.22:03:01::SCWMssOS::-Wextra -fno-tree-loop-distribute-patterns"

TRACE::2026-01-02.22:03:01::SCWMssOS::"Running Make include in microblaze_0/libsrc/cpu_v2_14/src"

TRACE::2026-01-02.22:03:01::SCWMssOS::make -C microblaze_0/libsrc/cpu_v2_14/src -s include  "SHELL=CMD" "COMPILER=mb-gcc" "ASSEMBLER=mb-as" "ARCHIVER=mb-ar" "COMPILE
TRACE::2026-01-02.22:03:01::SCWMssOS::R_FLAGS=  -O2 -c -mcpu=v11.0 -mlittle-endian -mxl-soft-mul" "EXTRA_COMPILER_FLAGS=-g -ffunction-sections -fdata-sections -Wall 
TRACE::2026-01-02.22:03:01::SCWMssOS::-Wextra -fno-tree-loop-distribute-patterns"

TRACE::2026-01-02.22:03:01::SCWMssOS::"Running Make include in microblaze_0/libsrc/intc_v3_13/src"

TRACE::2026-01-02.22:03:01::SCWMssOS::make -C microblaze_0/libsrc/intc_v3_13/src -s include  "SHELL=CMD" "COMPILER=mb-gcc" "ASSEMBLER=mb-as" "ARCHIVER=mb-ar" "COMPIL
TRACE::2026-01-02.22:03:01::SCWMssOS::ER_FLAGS=  -O2 -c -mcpu=v11.0 -mlittle-endian -mxl-soft-mul" "EXTRA_COMPILER_FLAGS=-g -ffunction-sections -fdata-sections -Wall
TRACE::2026-01-02.22:03:01::SCWMssOS:: -Wextra -fno-tree-loop-distribute-patterns"

TRACE::2026-01-02.22:03:01::SCWMssOS::"Running Make include in microblaze_0/libsrc/PmodTMP3_v1_0/src"

TRACE::2026-01-02.22:03:01::SCWMssOS::make -C microblaze_0/libsrc/PmodTMP3_v1_0/src -s include  "SHELL=CMD" "COMPILER=mb-gcc" "ASSEMBLER=mb-as" "ARCHIVER=mb-ar" "COM
TRACE::2026-01-02.22:03:01::SCWMssOS::PILER_FLAGS=  -O2 -c -mcpu=v11.0 -mlittle-endian -mxl-soft-mul" "EXTRA_COMPILER_FLAGS=-g -ffunction-sections -fdata-sections -W
TRACE::2026-01-02.22:03:01::SCWMssOS::all -Wextra -fno-tree-loop-distribute-patterns"

TRACE::2026-01-02.22:03:01::SCWMssOS::"Running Make include in microblaze_0/libsrc/standalone_v7_6/src"

TRACE::2026-01-02.22:03:01::SCWMssOS::make -C microblaze_0/libsrc/standalone_v7_6/src -s include  "SHELL=CMD" "COMPILER=mb-gcc" "ASSEMBLER=mb-as" "ARCHIVER=mb-ar" "C
TRACE::2026-01-02.22:03:01::SCWMssOS::OMPILER_FLAGS=  -O2 -c -mcpu=v11.0 -mlittle-endian -mxl-soft-mul" "EXTRA_COMPILER_FLAGS=-g -ffunction-sections -fdata-sections 
TRACE::2026-01-02.22:03:01::SCWMssOS::-Wall -Wextra -fno-tree-loop-distribute-patterns"

TRACE::2026-01-02.22:03:02::SCWMssOS::"Running Make include in microblaze_0/libsrc/uartlite_v3_6/src"

TRACE::2026-01-02.22:03:02::SCWMssOS::make -C microblaze_0/libsrc/uartlite_v3_6/src -s include  "SHELL=CMD" "COMPILER=mb-gcc" "ASSEMBLER=mb-as" "ARCHIVER=mb-ar" "COM
TRACE::2026-01-02.22:03:02::SCWMssOS::PILER_FLAGS=  -O2 -c -mcpu=v11.0 -mlittle-endian -mxl-soft-mul" "EXTRA_COMPILER_FLAGS=-g -ffunction-sections -fdata-sections -W
TRACE::2026-01-02.22:03:02::SCWMssOS::all -Wextra -fno-tree-loop-distribute-patterns"

TRACE::2026-01-02.22:03:02::SCWMssOS::"Running Make libs in microblaze_0/libsrc/PmodTMP3_v1_0/src"

TRACE::2026-01-02.22:03:02::SCWMssOS::make -C microblaze_0/libsrc/PmodTMP3_v1_0/src -s libs  "SHELL=CMD" "COMPILER=mb-gcc" "ASSEMBLER=mb-as" "ARCHIVER=mb-ar" "COMPIL
TRACE::2026-01-02.22:03:02::SCWMssOS::ER_FLAGS=  -O2 -c -mcpu=v11.0 -mlittle-endian -mxl-soft-mul" "EXTRA_COMPILER_FLAGS=-g -ffunction-sections -fdata-sections -Wall
TRACE::2026-01-02.22:03:02::SCWMssOS:: -Wextra -fno-tree-loop-distribute-patterns"

TRACE::2026-01-02.22:03:02::SCWMssOS::"Compiling PmodTMP3"

TRACE::2026-01-02.22:03:07::SCWMssOS::'Finished building libraries sequentially.'

TRACE::2026-01-02.22:03:07::SCWMssOS::make -j 14 --no-print-directory par_libs

TRACE::2026-01-02.22:03:07::SCWMssOS::"Running Make include in microblaze_0/libsrc/bram_v4_7/src"

TRACE::2026-01-02.22:03:07::SCWMssOS::make -C microblaze_0/libsrc/bram_v4_7/src -s include  "SHELL=CMD" "COMPILER=mb-gcc" "ASSEMBLER=mb-as" "ARCHIVER=mb-ar" "COMPILE
TRACE::2026-01-02.22:03:07::SCWMssOS::R_FLAGS=  -O2 -c -mcpu=v11.0 -mlittle-endian -mxl-soft-mul" "EXTRA_COMPILER_FLAGS=-g -ffunction-sections -fdata-sections -Wall 
TRACE::2026-01-02.22:03:07::SCWMssOS::-Wextra -fno-tree-loop-distribute-patterns"

TRACE::2026-01-02.22:03:07::SCWMssOS::"Running Make include in microblaze_0/libsrc/cpu_v2_14/src"

TRACE::2026-01-02.22:03:07::SCWMssOS::make -C microblaze_0/libsrc/cpu_v2_14/src -s include  "SHELL=CMD" "COMPILER=mb-gcc" "ASSEMBLER=mb-as" "ARCHIVER=mb-ar" "COMPILE
TRACE::2026-01-02.22:03:07::SCWMssOS::R_FLAGS=  -O2 -c -mcpu=v11.0 -mlittle-endian -mxl-soft-mul" "EXTRA_COMPILER_FLAGS=-g -ffunction-sections -fdata-sections -Wall 
TRACE::2026-01-02.22:03:07::SCWMssOS::-Wextra -fno-tree-loop-distribute-patterns"

TRACE::2026-01-02.22:03:07::SCWMssOS::"Running Make include in microblaze_0/libsrc/intc_v3_13/src"

TRACE::2026-01-02.22:03:07::SCWMssOS::make -C microblaze_0/libsrc/intc_v3_13/src -s include  "SHELL=CMD" "COMPILER=mb-gcc" "ASSEMBLER=mb-as" "ARCHIVER=mb-ar" "COMPIL
TRACE::2026-01-02.22:03:07::SCWMssOS::ER_FLAGS=  -O2 -c -mcpu=v11.0 -mlittle-endian -mxl-soft-mul" "EXTRA_COMPILER_FLAGS=-g -ffunction-sections -fdata-sections -Wall
TRACE::2026-01-02.22:03:07::SCWMssOS:: -Wextra -fno-tree-loop-distribute-patterns"

TRACE::2026-01-02.22:03:07::SCWMssOS::"Running Make include in microblaze_0/libsrc/PmodTMP3_v1_0/src"

TRACE::2026-01-02.22:03:07::SCWMssOS::make -C microblaze_0/libsrc/PmodTMP3_v1_0/src -s include  "SHELL=CMD" "COMPILER=mb-gcc" "ASSEMBLER=mb-as" "ARCHIVER=mb-ar" "COM
TRACE::2026-01-02.22:03:07::SCWMssOS::PILER_FLAGS=  -O2 -c -mcpu=v11.0 -mlittle-endian -mxl-soft-mul" "EXTRA_COMPILER_FLAGS=-g -ffunction-sections -fdata-sections -W
TRACE::2026-01-02.22:03:07::SCWMssOS::all -Wextra -fno-tree-loop-distribute-patterns"

TRACE::2026-01-02.22:03:07::SCWMssOS::"Running Make include in microblaze_0/libsrc/standalone_v7_6/src"

TRACE::2026-01-02.22:03:07::SCWMssOS::make -C microblaze_0/libsrc/standalone_v7_6/src -s include  "SHELL=CMD" "COMPILER=mb-gcc" "ASSEMBLER=mb-as" "ARCHIVER=mb-ar" "C
TRACE::2026-01-02.22:03:07::SCWMssOS::OMPILER_FLAGS=  -O2 -c -mcpu=v11.0 -mlittle-endian -mxl-soft-mul" "EXTRA_COMPILER_FLAGS=-g -ffunction-sections -fdata-sections 
TRACE::2026-01-02.22:03:07::SCWMssOS::-Wall -Wextra -fno-tree-loop-distribute-patterns"

TRACE::2026-01-02.22:03:07::SCWMssOS::"Running Make include in microblaze_0/libsrc/uartlite_v3_6/src"

TRACE::2026-01-02.22:03:07::SCWMssOS::make -C microblaze_0/libsrc/uartlite_v3_6/src -s include  "SHELL=CMD" "COMPILER=mb-gcc" "ASSEMBLER=mb-as" "ARCHIVER=mb-ar" "COM
TRACE::2026-01-02.22:03:07::SCWMssOS::PILER_FLAGS=  -O2 -c -mcpu=v11.0 -mlittle-endian -mxl-soft-mul" "EXTRA_COMPILER_FLAGS=-g -ffunction-sections -fdata-sections -W
TRACE::2026-01-02.22:03:07::SCWMssOS::all -Wextra -fno-tree-loop-distribute-patterns"

TRACE::2026-01-02.22:03:07::SCWMssOS::"Running Make libs in microblaze_0/libsrc/bram_v4_7/src"

TRACE::2026-01-02.22:03:07::SCWMssOS::"Running Make libs in microblaze_0/libsrc/cpu_v2_14/src"

TRACE::2026-01-02.22:03:07::SCWMssOS::make -C microblaze_0/libsrc/bram_v4_7/src -s libs  "SHELL=CMD" "COMPILER=mb-gcc" "ASSEMBLER=mb-as" "ARCHIVER=mb-ar" "COMPILER_F
TRACE::2026-01-02.22:03:07::SCWMssOS::LAGS=  -O2 -c -mcpu=v11.0 -mlittle-endian -mxl-soft-mul" "EXTRA_COMPILER_FLAGS=-g -ffunction-sections -fdata-sections -Wall -We
TRACE::2026-01-02.22:03:07::SCWMssOS::xtra -fno-tree-loop-distribute-patterns"

TRACE::2026-01-02.22:03:07::SCWMssOS::make -C microblaze_0/libsrc/cpu_v2_14/src -s libs  "SHELL=CMD" "COMPILER=mb-gcc" "ASSEMBLER=mb-as" "ARCHIVER=mb-ar" "COMPILER_F
TRACE::2026-01-02.22:03:07::SCWMssOS::LAGS=  -O2 -c -mcpu=v11.0 -mlittle-endian -mxl-soft-mul" "EXTRA_COMPILER_FLAGS=-g -ffunction-sections -fdata-sections -Wall -We
TRACE::2026-01-02.22:03:07::SCWMssOS::xtra -fno-tree-loop-distribute-patterns"

TRACE::2026-01-02.22:03:07::SCWMssOS::"Running Make libs in microblaze_0/libsrc/intc_v3_13/src"

TRACE::2026-01-02.22:03:07::SCWMssOS::"Running Make libs in microblaze_0/libsrc/standalone_v7_6/src"

TRACE::2026-01-02.22:03:07::SCWMssOS::make -C microblaze_0/libsrc/intc_v3_13/src -s libs  "SHELL=CMD" "COMPILER=mb-gcc" "ASSEMBLER=mb-as" "ARCHIVER=mb-ar" "COMPILER_
TRACE::2026-01-02.22:03:07::SCWMssOS::FLAGS=  -O2 -c -mcpu=v11.0 -mlittle-endian -mxl-soft-mul" "EXTRA_COMPILER_FLAGS=-g -ffunction-sections -fdata-sections -Wall -W
TRACE::2026-01-02.22:03:07::SCWMssOS::extra -fno-tree-loop-distribute-patterns"

TRACE::2026-01-02.22:03:07::SCWMssOS::make -C microblaze_0/libsrc/standalone_v7_6/src -s libs  "SHELL=CMD" "COMPILER=mb-gcc" "ASSEMBLER=mb-as" "ARCHIVER=mb-ar" "COMP
TRACE::2026-01-02.22:03:07::SCWMssOS::ILER_FLAGS=  -O2 -c -mcpu=v11.0 -mlittle-endian -mxl-soft-mul" "EXTRA_COMPILER_FLAGS=-g -ffunction-sections -fdata-sections -Wa
TRACE::2026-01-02.22:03:07::SCWMssOS::ll -Wextra -fno-tree-loop-distribute-patterns"

TRACE::2026-01-02.22:03:07::SCWMssOS::"Running Make libs in microblaze_0/libsrc/uartlite_v3_6/src"

TRACE::2026-01-02.22:03:07::SCWMssOS::make -C microblaze_0/libsrc/uartlite_v3_6/src -s libs  "SHELL=CMD" "COMPILER=mb-gcc" "ASSEMBLER=mb-as" "ARCHIVER=mb-ar" "COMPIL
TRACE::2026-01-02.22:03:07::SCWMssOS::ER_FLAGS=  -O2 -c -mcpu=v11.0 -mlittle-endian -mxl-soft-mul" "EXTRA_COMPILER_FLAGS=-g -ffunction-sections -fdata-sections -Wall
TRACE::2026-01-02.22:03:07::SCWMssOS:: -Wextra -fno-tree-loop-distribute-patterns"

TRACE::2026-01-02.22:03:07::SCWMssOS::"DEBUG NON_LTO_OBJECTS is ../../../lib/microblaze_interrupt_handler.o"

TRACE::2026-01-02.22:03:07::SCWMssOS::'Finished building libraries parallelly.'

TRACE::2026-01-02.22:03:07::SCWMssOS::make --no-print-directory archive

TRACE::2026-01-02.22:03:07::SCWMssOS::mb-ar -r  microblaze_0/lib/libxil.a microblaze_0/lib/xplatform_info.o microblaze_0/lib/xuartlite.o microblaze_0/lib/microblaze_
TRACE::2026-01-02.22:03:07::SCWMssOS::disable_exceptions.o microblaze_0/lib/print.o microblaze_0/lib/_exit.o microblaze_0/lib/xil_testio.o microblaze_0/lib/microblaz
TRACE::2026-01-02.22:03:07::SCWMssOS::e_disable_dcache.o microblaze_0/lib/microblaze_flush_dcache_range.o microblaze_0/lib/microblaze_flush_cache_ext.o microblaze_0/
TRACE::2026-01-02.22:03:07::SCWMssOS::lib/xbram_sinit.o microblaze_0/lib/xil_misc_psreset_api.o microblaze_0/lib/xil_cache.o microblaze_0/lib/xil_util.o microblaze_0
TRACE::2026-01-02.22:03:07::SCWMssOS::/lib/inbyte.o microblaze_0/lib/xbram_g.o microblaze_0/lib/xuartlite_stats.o microblaze_0/lib/microblaze_exception_handler.o mic
TRACE::2026-01-02.22:03:07::SCWMssOS::roblaze_0/lib/microblaze_scrub.o microblaze_0/lib/microblaze_invalidate_dcache.o microblaze_0/lib/microblaze_disable_interrupts
TRACE::2026-01-02.22:03:07::SCWMssOS::.o microblaze_0/lib/xbram_selftest.o microblaze_0/lib/microblaze_interrupt_handler.o microblaze_0/lib/microblaze_disable_icache
TRACE::2026-01-02.22:03:07::SCWMssOS::.o microblaze_0/lib/xil_mem.o microblaze_0/lib/xuartlite_intr.o microblaze_0/lib/microblaze_flush_cache_ext_range.o microblaze_
TRACE::2026-01-02.22:03:07::SCWMssOS::0/lib/xbram_intr.o microblaze_0/lib/xil_sleepcommon.o microblaze_0/lib/xil_printf.o microblaze_0/lib/xintc_g.o microblaze_0/lib
TRACE::2026-01-02.22:03:07::SCWMssOS::/xuartlite_g.o microblaze_0/lib/xintc_selftest.o microblaze_0/lib/xintc_l.o microblaze_0/lib/outbyte.o microblaze_0/lib/microbl
TRACE::2026-01-02.22:03:07::SCWMssOS::aze_invalidate_dcache_range.o microblaze_0/lib/microblaze_invalidate_cache_ext.o microblaze_0/lib/microblaze_sleep.o microblaze
TRACE::2026-01-02.22:03:07::SCWMssOS::_0/lib/hw_exception_handler.o microblaze_0/lib/xuartlite_selftest.o microblaze_0/lib/xintc_intr.o microblaze_0/lib/microblaze_u
TRACE::2026-01-02.22:03:07::SCWMssOS::pdate_dcache.o microblaze_0/lib/xil_testcache.o microblaze_0/lib/microblaze_selftest.o microblaze_0/lib/microblaze_interrupts_g
TRACE::2026-01-02.22:03:07::SCWMssOS::.o microblaze_0/lib/microblaze_enable_exceptions.o microblaze_0/lib/xio.o microblaze_0/lib/microblaze_enable_dcache.o microblaz
TRACE::2026-01-02.22:03:07::SCWMssOS::e_0/lib/xbram.o microblaze_0/lib/microblaze_invalidate_icache_range.o microblaze_0/lib/microblaze_init_dcache_range.o microblaz
TRACE::2026-01-02.22:03:07::SCWMssOS::e_0/lib/microblaze_invalidate_icache.o microblaze_0/lib/errno.o microblaze_0/lib/xuartlite_l.o microblaze_0/lib/xintc_options.o
TRACE::2026-01-02.22:03:07::SCWMssOS:: microblaze_0/lib/microblaze_invalidate_cache_ext_range.o microblaze_0/lib/xil_exception.o microblaze_0/lib/pvr.o microblaze_0/
TRACE::2026-01-02.22:03:07::SCWMssOS::lib/xil_testmem.o microblaze_0/lib/microblaze_update_icache.o microblaze_0/lib/microblaze_flush_dcache.o microblaze_0/lib/xil_c
TRACE::2026-01-02.22:03:07::SCWMssOS::locking.o microblaze_0/lib/xil_assert.o microblaze_0/lib/microblaze_enable_interrupts.o microblaze_0/lib/microblaze_enable_icac
TRACE::2026-01-02.22:03:07::SCWMssOS::he.o microblaze_0/lib/xintc.o microblaze_0/lib/xuartlite_sinit.o microblaze_0/lib/fcntl.o microblaze_0/lib/microblaze_init_icac
TRACE::2026-01-02.22:03:07::SCWMssOS::he_range.o

TRACE::2026-01-02.22:03:08::SCWMssOS::'Finished building libraries'

TRACE::2026-01-02.22:03:08::SCWMssOS::Copying to export directory.
TRACE::2026-01-02.22:03:08::SCWMssOS:: Checking if to create the Supporting Applications
TRACE::2026-01-02.22:03:08::SCWMssOS:: No Linux domain exists, trying to generate FSBL 
LOG::2026-01-02.22:03:08::SCWSystem::Completed Processing the domain standalone_domain
LOG::2026-01-02.22:03:08::SCWSystem::Completed Processing the sysconfig TMP3_Platform_J
LOG::2026-01-02.22:03:08::SCWPlatform::Completed generating the artifacts for system configuration TMP3_Platform_J
TRACE::2026-01-02.22:03:08::SCWPlatform::Started preparing the platform 
TRACE::2026-01-02.22:03:08::SCWSystem::Writing the bif file for system config TMP3_Platform_J
TRACE::2026-01-02.22:03:08::SCWSystem::dir created 
TRACE::2026-01-02.22:03:08::SCWSystem::Writing the bif 
TRACE::2026-01-02.22:03:08::SCWPlatform::Started writing the spfm file 
TRACE::2026-01-02.22:03:08::SCWPlatform::Started writing the xpfm file 
TRACE::2026-01-02.22:03:08::SCWPlatform::Completed generating the platform
TRACE::2026-01-02.22:03:08::SCWMssOS::Saving the mss changes F:/Advanced_Hardware_Engineering/Vivado_2021/Workspace/TMP3/TMP3_Platform_J/microblaze_0/standalone_domain/bsp/system.mss
TRACE::2026-01-02.22:03:08::SCWMssOS::Found a swdesign opened with the mssfile.
TRACE::2026-01-02.22:03:08::SCWMssOS::Completed writemss as part of save.
TRACE::2026-01-02.22:03:08::SCWMssOS::Commit changes completed.
TRACE::2026-01-02.22:03:08::SCWPlatform::Trying to open the hw design at F:/Advanced_Hardware_Engineering/Vivado_2021/Workspace/TMP3/TMP3_Platform_J/hw/TEST_J_2021TMP3_wrapper.xsa
TRACE::2026-01-02.22:03:08::SCWPlatform::DSA given F:/Advanced_Hardware_Engineering/Vivado_2021/Workspace/TMP3/TMP3_Platform_J/hw/TEST_J_2021TMP3_wrapper.xsa
TRACE::2026-01-02.22:03:08::SCWPlatform::DSA absoulate path F:/Advanced_Hardware_Engineering/Vivado_2021/Workspace/TMP3/TMP3_Platform_J/hw/TEST_J_2021TMP3_wrapper.xsa
TRACE::2026-01-02.22:03:08::SCWPlatform::DSA directory F:/Advanced_Hardware_Engineering/Vivado_2021/Workspace/TMP3/TMP3_Platform_J/hw
TRACE::2026-01-02.22:03:08::SCWPlatform:: Platform Path F:/Advanced_Hardware_Engineering/Vivado_2021/Workspace/TMP3/TMP3_Platform_J/hw/TEST_J_2021TMP3_wrapper.xsa
TRACE::2026-01-02.22:03:08::SCWPlatform:: Unique name xilinx:nexys-a7-100t::0.0
TRACE::2026-01-02.22:03:08::SCWPlatform::Trying to set the existing hwdb with name TEST_J_2021TMP3_wrapper_1
TRACE::2026-01-02.22:03:08::SCWPlatform::Opened existing hwdb TEST_J_2021TMP3_wrapper_1
TRACE::2026-01-02.22:03:08::SCWPlatform::Found the Hw Db part of the input DSA
TRACE::2026-01-02.22:03:08::SCWMssOS::Checking the sw design at  F:/Advanced_Hardware_Engineering/Vivado_2021/Workspace/TMP3/TMP3_Platform_J/microblaze_0/standalone_domain/bsp/system.mss
TRACE::2026-01-02.22:03:08::SCWMssOS::DEBUG:  swdes dump  F:/Advanced_Hardware_Engineering/Vivado_2021/Workspace/TMP3/TMP3_Platform_J/microblaze_0/standalone_domain/bsp/system.mss|system||

TRACE::2026-01-02.22:03:08::SCWMssOS::Sw design exists and opened at  F:/Advanced_Hardware_Engineering/Vivado_2021/Workspace/TMP3/TMP3_Platform_J/microblaze_0/standalone_domain/bsp/system.mss
TRACE::2026-01-02.22:03:08::SCWWriter::formatted JSON is {
	"platformName":	"TMP3_Platform_J",
	"sprVersion":	"2.0",
	"mode":	"gui",
	"dsaType":	"Fixed",
	"platformDesc":	"TMP3_Platform_J",
	"platHandOff":	"F:/Advanced_Hardware_Engineering/Vivado_2021/TEST_J_2021TMP3/TEST_J_2021TMP3/TEST_J_2021TMP3_wrapper.xsa",
	"platIntHandOff":	"<platformDir>/hw/TEST_J_2021TMP3_wrapper.xsa",
	"deviceType":	"FPGA",
	"platIsPrebuiltAutogen":	"false",
	"platIsNoBootBsp":	"false",
	"hasFsblMakeHasChanges":	"false",
	"hasPmufwMakeHasChanges":	"false",
	"platPreBuiltFlag":	false,
	"platformSamplesDir":	"",
	"platActiveSys":	"TMP3_Platform_J",
	"systems":	[{
			"systemName":	"TMP3_Platform_J",
			"systemDesc":	"TMP3_Platform_J",
			"sysIsBootAutoGen":	"true",
			"systemDispName":	"TMP3_Platform_J",
			"sysActiveDom":	"standalone_domain",
			"sysDefaultDom":	"standalone_domain",
			"domains":	[{
					"domainName":	"standalone_domain",
					"domainDispName":	"standalone on microblaze_0",
					"domainDesc":	"standalone_domain",
					"processors":	"microblaze_0",
					"os":	"standalone",
					"sdxOs":	"standalone",
					"debugEnable":	"False",
					"domRuntimes":	["cpp"],
					"swRepo":	"",
					"mssOsVer":	"7.6",
					"mssFile":	"",
					"md5Digest":	"d6a3b57a5267393b8d497d79c2949060",
					"compatibleApp":	"",
					"domType":	"mssDomain",
					"arch":	"32-bit",
					"appSettings":	{
						"appCompilerFlags":	"",
						"appLinkerFlags":	""
					},
					"addedLibs":	[],
					"libOptions":	{
						"libsContainingOptions":	[]
					},
					"prebuiltLibs":	{
						"prebuiltIncPath":	[],
						"prebuiltLibPath":	[]
					},
					"isolation":	{
					}
				}]
		}]
}
KEYINFO::2026-01-02.22:03:08::SCWPlatform::updated the xpfm file.
TRACE::2026-01-02.22:03:08::SCWPlatform::Trying to open the hw design at F:/Advanced_Hardware_Engineering/Vivado_2021/Workspace/TMP3/TMP3_Platform_J/hw/TEST_J_2021TMP3_wrapper.xsa
TRACE::2026-01-02.22:03:08::SCWPlatform::DSA given F:/Advanced_Hardware_Engineering/Vivado_2021/Workspace/TMP3/TMP3_Platform_J/hw/TEST_J_2021TMP3_wrapper.xsa
TRACE::2026-01-02.22:03:08::SCWPlatform::DSA absoulate path F:/Advanced_Hardware_Engineering/Vivado_2021/Workspace/TMP3/TMP3_Platform_J/hw/TEST_J_2021TMP3_wrapper.xsa
TRACE::2026-01-02.22:03:08::SCWPlatform::DSA directory F:/Advanced_Hardware_Engineering/Vivado_2021/Workspace/TMP3/TMP3_Platform_J/hw
TRACE::2026-01-02.22:03:08::SCWPlatform:: Platform Path F:/Advanced_Hardware_Engineering/Vivado_2021/Workspace/TMP3/TMP3_Platform_J/hw/TEST_J_2021TMP3_wrapper.xsa
TRACE::2026-01-02.22:03:08::SCWPlatform:: Unique name xilinx:nexys-a7-100t::0.0
TRACE::2026-01-02.22:03:08::SCWPlatform::Trying to set the existing hwdb with name TEST_J_2021TMP3_wrapper_1
TRACE::2026-01-02.22:03:08::SCWPlatform::Opened existing hwdb TEST_J_2021TMP3_wrapper_1
TRACE::2026-01-02.22:03:08::SCWPlatform::Found the Hw Db part of the input DSA
TRACE::2026-01-02.22:03:08::SCWMssOS::Checking the sw design at  F:/Advanced_Hardware_Engineering/Vivado_2021/Workspace/TMP3/TMP3_Platform_J/microblaze_0/standalone_domain/bsp/system.mss
TRACE::2026-01-02.22:03:08::SCWMssOS::DEBUG:  swdes dump  F:/Advanced_Hardware_Engineering/Vivado_2021/Workspace/TMP3/TMP3_Platform_J/microblaze_0/standalone_domain/bsp/system.mss|system||

TRACE::2026-01-02.22:03:08::SCWMssOS::Sw design exists and opened at  F:/Advanced_Hardware_Engineering/Vivado_2021/Workspace/TMP3/TMP3_Platform_J/microblaze_0/standalone_domain/bsp/system.mss
TRACE::2026-01-02.22:15:45::SCWMssOS::cleaning the bsp 
TRACE::2026-01-02.22:15:45::SCWMssOS::System Command Ran  F: & cd  F:/Advanced_Hardware_Engineering/Vivado_2021/Workspace/TMP3/TMP3_Platform_J/microblaze_0/standalone_domain/bsp & make clean 
TRACE::2026-01-02.22:15:45::SCWMssOS::make -C microblaze_0/libsrc/bram_v4_7/src -s clean 

TRACE::2026-01-02.22:15:45::SCWMssOS::make -C microblaze_0/libsrc/cpu_v2_14/src -s clean 

TRACE::2026-01-02.22:15:45::SCWMssOS::make -C microblaze_0/libsrc/intc_v3_13/src -s clean 

TRACE::2026-01-02.22:15:45::SCWMssOS::make -C microblaze_0/libsrc/PmodTMP3_v1_0/src -s clean 

TRACE::2026-01-02.22:15:45::SCWMssOS::make -C microblaze_0/libsrc/standalone_v7_6/src -s clean 

TRACE::2026-01-02.22:15:45::SCWMssOS::make -C microblaze_0/libsrc/uartlite_v3_6/src -s clean 

TRACE::2026-01-02.22:15:45::SCWMssOS::rm -f microblaze_0/lib/libxil.a

LOG::2026-01-02.22:15:52::SCWPlatform::Started generating the artifacts platform TMP3_Platform_J
TRACE::2026-01-02.22:15:52::SCWPlatform::Sanity checking of platform is completed
LOG::2026-01-02.22:15:52::SCWPlatform::Started generating the artifacts for system configuration TMP3_Platform_J
LOG::2026-01-02.22:15:52::SCWSystem::Checking the domain standalone_domain
LOG::2026-01-02.22:15:52::SCWSystem::Not a boot domain 
LOG::2026-01-02.22:15:52::SCWSystem::Started Processing the domain standalone_domain
TRACE::2026-01-02.22:15:52::SCWDomain::Generating domain artifcats
TRACE::2026-01-02.22:15:52::SCWMssOS::Generating standalone artifcats
TRACE::2026-01-02.22:15:52::SCWMssOS:: Copying the user libraries. 
TRACE::2026-01-02.22:15:52::SCWPlatform::Trying to open the hw design at F:/Advanced_Hardware_Engineering/Vivado_2021/Workspace/TMP3/TMP3_Platform_J/hw/TEST_J_2021TMP3_wrapper.xsa
TRACE::2026-01-02.22:15:52::SCWPlatform::DSA given F:/Advanced_Hardware_Engineering/Vivado_2021/Workspace/TMP3/TMP3_Platform_J/hw/TEST_J_2021TMP3_wrapper.xsa
TRACE::2026-01-02.22:15:53::SCWPlatform::DSA absoulate path F:/Advanced_Hardware_Engineering/Vivado_2021/Workspace/TMP3/TMP3_Platform_J/hw/TEST_J_2021TMP3_wrapper.xsa
TRACE::2026-01-02.22:15:53::SCWPlatform::DSA directory F:/Advanced_Hardware_Engineering/Vivado_2021/Workspace/TMP3/TMP3_Platform_J/hw
TRACE::2026-01-02.22:15:53::SCWPlatform:: Platform Path F:/Advanced_Hardware_Engineering/Vivado_2021/Workspace/TMP3/TMP3_Platform_J/hw/TEST_J_2021TMP3_wrapper.xsa
TRACE::2026-01-02.22:15:53::SCWPlatform:: Unique name xilinx:nexys-a7-100t::0.0
TRACE::2026-01-02.22:15:53::SCWPlatform::Trying to set the existing hwdb with name TEST_J_2021TMP3_wrapper_1
TRACE::2026-01-02.22:15:53::SCWPlatform::Opened existing hwdb TEST_J_2021TMP3_wrapper_1
TRACE::2026-01-02.22:15:53::SCWPlatform::Found the Hw Db part of the input DSA
TRACE::2026-01-02.22:15:53::SCWMssOS::Checking the sw design at  F:/Advanced_Hardware_Engineering/Vivado_2021/Workspace/TMP3/TMP3_Platform_J/microblaze_0/standalone_domain/bsp/system.mss
TRACE::2026-01-02.22:15:53::SCWMssOS::DEBUG:  swdes dump  F:/Advanced_Hardware_Engineering/Vivado_2021/Workspace/TMP3/TMP3_Platform_J/microblaze_0/standalone_domain/bsp/system.mss|system||

TRACE::2026-01-02.22:15:53::SCWMssOS::Sw design exists and opened at  F:/Advanced_Hardware_Engineering/Vivado_2021/Workspace/TMP3/TMP3_Platform_J/microblaze_0/standalone_domain/bsp/system.mss
TRACE::2026-01-02.22:15:53::SCWMssOS::Completed writing the mss file at F:/Advanced_Hardware_Engineering/Vivado_2021/Workspace/TMP3/TMP3_Platform_J/microblaze_0/standalone_domain/bsp
TRACE::2026-01-02.22:15:53::SCWMssOS::Mss edits present, copying mssfile into export location F:/Advanced_Hardware_Engineering/Vivado_2021/Workspace/TMP3/TMP3_Platform_J/microblaze_0/standalone_domain/bsp/system.mss
TRACE::2026-01-02.22:15:53::SCWMssOS::bsp generated is upto date with the mss file. Skipping bsp generation.
TRACE::2026-01-02.22:15:53::SCWMssOS::BSP is already built. skipping the bsp build ... 
TRACE::2026-01-02.22:15:53::SCWDomain::Building the domain as part of full build :  standalone_domain
TRACE::2026-01-02.22:15:53::SCWMssOS::doing bsp build ... 
TRACE::2026-01-02.22:15:53::SCWMssOS::System Command Ran  F: & cd  F:/Advanced_Hardware_Engineering/Vivado_2021/Workspace/TMP3/TMP3_Platform_J/microblaze_0/standalone_domain/bsp & make 
TRACE::2026-01-02.22:15:53::SCWMssOS::make --no-print-directory seq_libs

TRACE::2026-01-02.22:15:53::SCWMssOS::"Running Make include in microblaze_0/libsrc/bram_v4_7/src"

TRACE::2026-01-02.22:15:53::SCWMssOS::make -C microblaze_0/libsrc/bram_v4_7/src -s include  "SHELL=CMD" "COMPILER=mb-gcc" "ASSEMBLER=mb-as" "ARCHIVER=mb-ar" "COMPILE
TRACE::2026-01-02.22:15:53::SCWMssOS::R_FLAGS=  -O2 -c -mcpu=v11.0 -mlittle-endian -mxl-soft-mul" "EXTRA_COMPILER_FLAGS=-g -ffunction-sections -fdata-sections -Wall 
TRACE::2026-01-02.22:15:53::SCWMssOS::-Wextra -fno-tree-loop-distribute-patterns"

TRACE::2026-01-02.22:15:53::SCWMssOS::"Running Make include in microblaze_0/libsrc/cpu_v2_14/src"

TRACE::2026-01-02.22:15:53::SCWMssOS::make -C microblaze_0/libsrc/cpu_v2_14/src -s include  "SHELL=CMD" "COMPILER=mb-gcc" "ASSEMBLER=mb-as" "ARCHIVER=mb-ar" "COMPILE
TRACE::2026-01-02.22:15:53::SCWMssOS::R_FLAGS=  -O2 -c -mcpu=v11.0 -mlittle-endian -mxl-soft-mul" "EXTRA_COMPILER_FLAGS=-g -ffunction-sections -fdata-sections -Wall 
TRACE::2026-01-02.22:15:53::SCWMssOS::-Wextra -fno-tree-loop-distribute-patterns"

TRACE::2026-01-02.22:15:53::SCWMssOS::"Running Make include in microblaze_0/libsrc/intc_v3_13/src"

TRACE::2026-01-02.22:15:53::SCWMssOS::make -C microblaze_0/libsrc/intc_v3_13/src -s include  "SHELL=CMD" "COMPILER=mb-gcc" "ASSEMBLER=mb-as" "ARCHIVER=mb-ar" "COMPIL
TRACE::2026-01-02.22:15:53::SCWMssOS::ER_FLAGS=  -O2 -c -mcpu=v11.0 -mlittle-endian -mxl-soft-mul" "EXTRA_COMPILER_FLAGS=-g -ffunction-sections -fdata-sections -Wall
TRACE::2026-01-02.22:15:53::SCWMssOS:: -Wextra -fno-tree-loop-distribute-patterns"

TRACE::2026-01-02.22:15:53::SCWMssOS::"Running Make include in microblaze_0/libsrc/PmodTMP3_v1_0/src"

TRACE::2026-01-02.22:15:53::SCWMssOS::make -C microblaze_0/libsrc/PmodTMP3_v1_0/src -s include  "SHELL=CMD" "COMPILER=mb-gcc" "ASSEMBLER=mb-as" "ARCHIVER=mb-ar" "COM
TRACE::2026-01-02.22:15:53::SCWMssOS::PILER_FLAGS=  -O2 -c -mcpu=v11.0 -mlittle-endian -mxl-soft-mul" "EXTRA_COMPILER_FLAGS=-g -ffunction-sections -fdata-sections -W
TRACE::2026-01-02.22:15:53::SCWMssOS::all -Wextra -fno-tree-loop-distribute-patterns"

TRACE::2026-01-02.22:15:53::SCWMssOS::"Running Make include in microblaze_0/libsrc/standalone_v7_6/src"

TRACE::2026-01-02.22:15:53::SCWMssOS::make -C microblaze_0/libsrc/standalone_v7_6/src -s include  "SHELL=CMD" "COMPILER=mb-gcc" "ASSEMBLER=mb-as" "ARCHIVER=mb-ar" "C
TRACE::2026-01-02.22:15:53::SCWMssOS::OMPILER_FLAGS=  -O2 -c -mcpu=v11.0 -mlittle-endian -mxl-soft-mul" "EXTRA_COMPILER_FLAGS=-g -ffunction-sections -fdata-sections 
TRACE::2026-01-02.22:15:53::SCWMssOS::-Wall -Wextra -fno-tree-loop-distribute-patterns"

TRACE::2026-01-02.22:15:53::SCWMssOS::"Running Make include in microblaze_0/libsrc/uartlite_v3_6/src"

TRACE::2026-01-02.22:15:53::SCWMssOS::make -C microblaze_0/libsrc/uartlite_v3_6/src -s include  "SHELL=CMD" "COMPILER=mb-gcc" "ASSEMBLER=mb-as" "ARCHIVER=mb-ar" "COM
TRACE::2026-01-02.22:15:53::SCWMssOS::PILER_FLAGS=  -O2 -c -mcpu=v11.0 -mlittle-endian -mxl-soft-mul" "EXTRA_COMPILER_FLAGS=-g -ffunction-sections -fdata-sections -W
TRACE::2026-01-02.22:15:53::SCWMssOS::all -Wextra -fno-tree-loop-distribute-patterns"

TRACE::2026-01-02.22:15:53::SCWMssOS::"Running Make libs in microblaze_0/libsrc/PmodTMP3_v1_0/src"

TRACE::2026-01-02.22:15:53::SCWMssOS::make -C microblaze_0/libsrc/PmodTMP3_v1_0/src -s libs  "SHELL=CMD" "COMPILER=mb-gcc" "ASSEMBLER=mb-as" "ARCHIVER=mb-ar" "COMPIL
TRACE::2026-01-02.22:15:53::SCWMssOS::ER_FLAGS=  -O2 -c -mcpu=v11.0 -mlittle-endian -mxl-soft-mul" "EXTRA_COMPILER_FLAGS=-g -ffunction-sections -fdata-sections -Wall
TRACE::2026-01-02.22:15:53::SCWMssOS:: -Wextra -fno-tree-loop-distribute-patterns"

TRACE::2026-01-02.22:15:53::SCWMssOS::"Compiling PmodTMP3"

TRACE::2026-01-02.22:15:54::SCWMssOS::'Finished building libraries sequentially.'

TRACE::2026-01-02.22:15:54::SCWMssOS::make -j 14 --no-print-directory par_libs

TRACE::2026-01-02.22:15:54::SCWMssOS::"Running Make include in microblaze_0/libsrc/bram_v4_7/src"

TRACE::2026-01-02.22:15:54::SCWMssOS::"Running Make include in microblaze_0/libsrc/cpu_v2_14/src"

TRACE::2026-01-02.22:15:54::SCWMssOS::make -C microblaze_0/libsrc/bram_v4_7/src -s include  "SHELL=CMD" "COMPILER=mb-gcc" "ASSEMBLER=mb-as" "ARCHIVER=mb-ar" "COMPILE
TRACE::2026-01-02.22:15:54::SCWMssOS::R_FLAGS=  -O2 -c -mcpu=v11.0 -mlittle-endian -mxl-soft-mul" "EXTRA_COMPILER_FLAGS=-g -ffunction-sections -fdata-sections -Wall 
TRACE::2026-01-02.22:15:54::SCWMssOS::-Wextra -fno-tree-loop-distribute-patterns"

TRACE::2026-01-02.22:15:54::SCWMssOS::make -C microblaze_0/libsrc/cpu_v2_14/src -s include  "SHELL=CMD" "COMPILER=mb-gcc" "ASSEMBLER=mb-as" "ARCHIVER=mb-ar" "COMPILE
TRACE::2026-01-02.22:15:54::SCWMssOS::R_FLAGS=  -O2 -c -mcpu=v11.0 -mlittle-endian -mxl-soft-mul" "EXTRA_COMPILER_FLAGS=-g -ffunction-sections -fdata-sections -Wall 
TRACE::2026-01-02.22:15:54::SCWMssOS::-Wextra -fno-tree-loop-distribute-patterns"

TRACE::2026-01-02.22:15:54::SCWMssOS::"Running Make include in microblaze_0/libsrc/intc_v3_13/src"

TRACE::2026-01-02.22:15:54::SCWMssOS::"Running Make include in microblaze_0/libsrc/PmodTMP3_v1_0/src"

TRACE::2026-01-02.22:15:54::SCWMssOS::make -C microblaze_0/libsrc/intc_v3_13/src -s include  "SHELL=CMD" "COMPILER=mb-gcc" "ASSEMBLER=mb-as" "ARCHIVER=mb-ar" "COMPIL
TRACE::2026-01-02.22:15:54::SCWMssOS::ER_FLAGS=  -O2 -c -mcpu=v11.0 -mlittle-endian -mxl-soft-mul" "EXTRA_COMPILER_FLAGS=-g -ffunction-sections -fdata-sections -Wall
TRACE::2026-01-02.22:15:54::SCWMssOS:: -Wextra -fno-tree-loop-distribute-patterns"

TRACE::2026-01-02.22:15:54::SCWMssOS::make -C microblaze_0/libsrc/PmodTMP3_v1_0/src -s include  "SHELL=CMD" "COMPILER=mb-gcc" "ASSEMBLER=mb-as" "ARCHIVER=mb-ar" "COM
TRACE::2026-01-02.22:15:54::SCWMssOS::PILER_FLAGS=  -O2 -c -mcpu=v11.0 -mlittle-endian -mxl-soft-mul" "EXTRA_COMPILER_FLAGS=-g -ffunction-sections -fdata-sections -W
TRACE::2026-01-02.22:15:54::SCWMssOS::all -Wextra -fno-tree-loop-distribute-patterns"

TRACE::2026-01-02.22:15:54::SCWMssOS::"Running Make include in microblaze_0/libsrc/standalone_v7_6/src"

TRACE::2026-01-02.22:15:54::SCWMssOS::make -C microblaze_0/libsrc/standalone_v7_6/src -s include  "SHELL=CMD" "COMPILER=mb-gcc" "ASSEMBLER=mb-as" "ARCHIVER=mb-ar" "C
TRACE::2026-01-02.22:15:54::SCWMssOS::OMPILER_FLAGS=  -O2 -c -mcpu=v11.0 -mlittle-endian -mxl-soft-mul" "EXTRA_COMPILER_FLAGS=-g -ffunction-sections -fdata-sections 
TRACE::2026-01-02.22:15:54::SCWMssOS::-Wall -Wextra -fno-tree-loop-distribute-patterns"

TRACE::2026-01-02.22:15:54::SCWMssOS::"Running Make include in microblaze_0/libsrc/uartlite_v3_6/src"

TRACE::2026-01-02.22:15:54::SCWMssOS::make -C microblaze_0/libsrc/uartlite_v3_6/src -s include  "SHELL=CMD" "COMPILER=mb-gcc" "ASSEMBLER=mb-as" "ARCHIVER=mb-ar" "COM
TRACE::2026-01-02.22:15:54::SCWMssOS::PILER_FLAGS=  -O2 -c -mcpu=v11.0 -mlittle-endian -mxl-soft-mul" "EXTRA_COMPILER_FLAGS=-g -ffunction-sections -fdata-sections -W
TRACE::2026-01-02.22:15:54::SCWMssOS::all -Wextra -fno-tree-loop-distribute-patterns"

TRACE::2026-01-02.22:15:54::SCWMssOS::"Running Make libs in microblaze_0/libsrc/bram_v4_7/src"

TRACE::2026-01-02.22:15:54::SCWMssOS::make -C microblaze_0/libsrc/bram_v4_7/src -s libs  "SHELL=CMD" "COMPILER=mb-gcc" "ASSEMBLER=mb-as" "ARCHIVER=mb-ar" "COMPILER_F
TRACE::2026-01-02.22:15:54::SCWMssOS::LAGS=  -O2 -c -mcpu=v11.0 -mlittle-endian -mxl-soft-mul" "EXTRA_COMPILER_FLAGS=-g -ffunction-sections -fdata-sections -Wall -We
TRACE::2026-01-02.22:15:54::SCWMssOS::xtra -fno-tree-loop-distribute-patterns"

TRACE::2026-01-02.22:15:54::SCWMssOS::"Running Make libs in microblaze_0/libsrc/cpu_v2_14/src"

TRACE::2026-01-02.22:15:54::SCWMssOS::make -C microblaze_0/libsrc/cpu_v2_14/src -s libs  "SHELL=CMD" "COMPILER=mb-gcc" "ASSEMBLER=mb-as" "ARCHIVER=mb-ar" "COMPILER_F
TRACE::2026-01-02.22:15:54::SCWMssOS::LAGS=  -O2 -c -mcpu=v11.0 -mlittle-endian -mxl-soft-mul" "EXTRA_COMPILER_FLAGS=-g -ffunction-sections -fdata-sections -Wall -We
TRACE::2026-01-02.22:15:54::SCWMssOS::xtra -fno-tree-loop-distribute-patterns"

TRACE::2026-01-02.22:15:54::SCWMssOS::"Running Make libs in microblaze_0/libsrc/intc_v3_13/src"

TRACE::2026-01-02.22:15:54::SCWMssOS::make -C microblaze_0/libsrc/intc_v3_13/src -s libs  "SHELL=CMD" "COMPILER=mb-gcc" "ASSEMBLER=mb-as" "ARCHIVER=mb-ar" "COMPILER_
TRACE::2026-01-02.22:15:54::SCWMssOS::FLAGS=  -O2 -c -mcpu=v11.0 -mlittle-endian -mxl-soft-mul" "EXTRA_COMPILER_FLAGS=-g -ffunction-sections -fdata-sections -Wall -W
TRACE::2026-01-02.22:15:54::SCWMssOS::extra -fno-tree-loop-distribute-patterns"

TRACE::2026-01-02.22:15:54::SCWMssOS::"Running Make libs in microblaze_0/libsrc/standalone_v7_6/src"

TRACE::2026-01-02.22:15:54::SCWMssOS::make -C microblaze_0/libsrc/standalone_v7_6/src -s libs  "SHELL=CMD" "COMPILER=mb-gcc" "ASSEMBLER=mb-as" "ARCHIVER=mb-ar" "COMP
TRACE::2026-01-02.22:15:54::SCWMssOS::ILER_FLAGS=  -O2 -c -mcpu=v11.0 -mlittle-endian -mxl-soft-mul" "EXTRA_COMPILER_FLAGS=-g -ffunction-sections -fdata-sections -Wa
TRACE::2026-01-02.22:15:54::SCWMssOS::ll -Wextra -fno-tree-loop-distribute-patterns"

TRACE::2026-01-02.22:15:54::SCWMssOS::"Running Make libs in microblaze_0/libsrc/uartlite_v3_6/src"

TRACE::2026-01-02.22:15:54::SCWMssOS::make -C microblaze_0/libsrc/uartlite_v3_6/src -s libs  "SHELL=CMD" "COMPILER=mb-gcc" "ASSEMBLER=mb-as" "ARCHIVER=mb-ar" "COMPIL
TRACE::2026-01-02.22:15:54::SCWMssOS::ER_FLAGS=  -O2 -c -mcpu=v11.0 -mlittle-endian -mxl-soft-mul" "EXTRA_COMPILER_FLAGS=-g -ffunction-sections -fdata-sections -Wall
TRACE::2026-01-02.22:15:54::SCWMssOS:: -Wextra -fno-tree-loop-distribute-patterns"

TRACE::2026-01-02.22:15:54::SCWMssOS::"DEBUG NON_LTO_OBJECTS is ../../../lib/microblaze_interrupt_handler.o"

TRACE::2026-01-02.22:15:54::SCWMssOS::'Finished building libraries parallelly.'

TRACE::2026-01-02.22:15:54::SCWMssOS::make --no-print-directory archive

TRACE::2026-01-02.22:15:54::SCWMssOS::mb-ar -r  microblaze_0/lib/libxil.a microblaze_0/lib/xplatform_info.o microblaze_0/lib/xuartlite.o microblaze_0/lib/microblaze_
TRACE::2026-01-02.22:15:54::SCWMssOS::disable_exceptions.o microblaze_0/lib/print.o microblaze_0/lib/_exit.o microblaze_0/lib/xil_testio.o microblaze_0/lib/microblaz
TRACE::2026-01-02.22:15:54::SCWMssOS::e_disable_dcache.o microblaze_0/lib/microblaze_flush_dcache_range.o microblaze_0/lib/microblaze_flush_cache_ext.o microblaze_0/
TRACE::2026-01-02.22:15:54::SCWMssOS::lib/xbram_sinit.o microblaze_0/lib/xil_misc_psreset_api.o microblaze_0/lib/xil_cache.o microblaze_0/lib/xil_util.o microblaze_0
TRACE::2026-01-02.22:15:54::SCWMssOS::/lib/inbyte.o microblaze_0/lib/xbram_g.o microblaze_0/lib/xuartlite_stats.o microblaze_0/lib/microblaze_exception_handler.o mic
TRACE::2026-01-02.22:15:54::SCWMssOS::roblaze_0/lib/microblaze_scrub.o microblaze_0/lib/microblaze_invalidate_dcache.o microblaze_0/lib/microblaze_disable_interrupts
TRACE::2026-01-02.22:15:54::SCWMssOS::.o microblaze_0/lib/xbram_selftest.o microblaze_0/lib/microblaze_interrupt_handler.o microblaze_0/lib/microblaze_disable_icache
TRACE::2026-01-02.22:15:54::SCWMssOS::.o microblaze_0/lib/xil_mem.o microblaze_0/lib/xuartlite_intr.o microblaze_0/lib/microblaze_flush_cache_ext_range.o microblaze_
TRACE::2026-01-02.22:15:54::SCWMssOS::0/lib/xbram_intr.o microblaze_0/lib/xil_sleepcommon.o microblaze_0/lib/xil_printf.o microblaze_0/lib/xintc_g.o microblaze_0/lib
TRACE::2026-01-02.22:15:54::SCWMssOS::/xuartlite_g.o microblaze_0/lib/xintc_selftest.o microblaze_0/lib/xintc_l.o microblaze_0/lib/outbyte.o microblaze_0/lib/microbl
TRACE::2026-01-02.22:15:54::SCWMssOS::aze_invalidate_dcache_range.o microblaze_0/lib/microblaze_invalidate_cache_ext.o microblaze_0/lib/microblaze_sleep.o microblaze
TRACE::2026-01-02.22:15:54::SCWMssOS::_0/lib/hw_exception_handler.o microblaze_0/lib/xuartlite_selftest.o microblaze_0/lib/xintc_intr.o microblaze_0/lib/microblaze_u
TRACE::2026-01-02.22:15:54::SCWMssOS::pdate_dcache.o microblaze_0/lib/xil_testcache.o microblaze_0/lib/microblaze_selftest.o microblaze_0/lib/microblaze_interrupts_g
TRACE::2026-01-02.22:15:54::SCWMssOS::.o microblaze_0/lib/microblaze_enable_exceptions.o microblaze_0/lib/xio.o microblaze_0/lib/microblaze_enable_dcache.o microblaz
TRACE::2026-01-02.22:15:54::SCWMssOS::e_0/lib/xbram.o microblaze_0/lib/microblaze_invalidate_icache_range.o microblaze_0/lib/microblaze_init_dcache_range.o microblaz
TRACE::2026-01-02.22:15:54::SCWMssOS::e_0/lib/microblaze_invalidate_icache.o microblaze_0/lib/errno.o microblaze_0/lib/xuartlite_l.o microblaze_0/lib/xintc_options.o
TRACE::2026-01-02.22:15:54::SCWMssOS:: microblaze_0/lib/microblaze_invalidate_cache_ext_range.o microblaze_0/lib/xil_exception.o microblaze_0/lib/pvr.o microblaze_0/
TRACE::2026-01-02.22:15:54::SCWMssOS::lib/xil_testmem.o microblaze_0/lib/microblaze_update_icache.o microblaze_0/lib/microblaze_flush_dcache.o microblaze_0/lib/xil_c
TRACE::2026-01-02.22:15:54::SCWMssOS::locking.o microblaze_0/lib/xil_assert.o microblaze_0/lib/microblaze_enable_interrupts.o microblaze_0/lib/microblaze_enable_icac
TRACE::2026-01-02.22:15:54::SCWMssOS::he.o microblaze_0/lib/xintc.o microblaze_0/lib/xuartlite_sinit.o microblaze_0/lib/fcntl.o microblaze_0/lib/microblaze_init_icac
TRACE::2026-01-02.22:15:54::SCWMssOS::he_range.o

TRACE::2026-01-02.22:15:54::SCWMssOS::'Finished building libraries'

TRACE::2026-01-02.22:15:55::SCWMssOS::Copying to export directory.
TRACE::2026-01-02.22:15:55::SCWMssOS:: Checking if to create the Supporting Applications
TRACE::2026-01-02.22:15:55::SCWMssOS:: No Linux domain exists, trying to generate FSBL 
LOG::2026-01-02.22:15:55::SCWSystem::Completed Processing the domain standalone_domain
LOG::2026-01-02.22:15:55::SCWSystem::Completed Processing the sysconfig TMP3_Platform_J
LOG::2026-01-02.22:15:55::SCWPlatform::Completed generating the artifacts for system configuration TMP3_Platform_J
TRACE::2026-01-02.22:15:55::SCWPlatform::Started preparing the platform 
TRACE::2026-01-02.22:15:55::SCWSystem::Writing the bif file for system config TMP3_Platform_J
TRACE::2026-01-02.22:15:55::SCWSystem::dir created 
TRACE::2026-01-02.22:15:55::SCWSystem::Writing the bif 
TRACE::2026-01-02.22:15:55::SCWPlatform::Started writing the spfm file 
TRACE::2026-01-02.22:15:55::SCWPlatform::Started writing the xpfm file 
TRACE::2026-01-02.22:15:55::SCWPlatform::Completed generating the platform
TRACE::2026-01-02.22:15:55::SCWMssOS::Saving the mss changes F:/Advanced_Hardware_Engineering/Vivado_2021/Workspace/TMP3/TMP3_Platform_J/microblaze_0/standalone_domain/bsp/system.mss
TRACE::2026-01-02.22:15:55::SCWMssOS::Found a swdesign opened with the mssfile.
TRACE::2026-01-02.22:15:55::SCWMssOS::Completed writemss as part of save.
TRACE::2026-01-02.22:15:55::SCWMssOS::Commit changes completed.
TRACE::2026-01-02.22:15:55::SCWPlatform::Trying to open the hw design at F:/Advanced_Hardware_Engineering/Vivado_2021/Workspace/TMP3/TMP3_Platform_J/hw/TEST_J_2021TMP3_wrapper.xsa
TRACE::2026-01-02.22:15:55::SCWPlatform::DSA given F:/Advanced_Hardware_Engineering/Vivado_2021/Workspace/TMP3/TMP3_Platform_J/hw/TEST_J_2021TMP3_wrapper.xsa
TRACE::2026-01-02.22:15:55::SCWPlatform::DSA absoulate path F:/Advanced_Hardware_Engineering/Vivado_2021/Workspace/TMP3/TMP3_Platform_J/hw/TEST_J_2021TMP3_wrapper.xsa
TRACE::2026-01-02.22:15:55::SCWPlatform::DSA directory F:/Advanced_Hardware_Engineering/Vivado_2021/Workspace/TMP3/TMP3_Platform_J/hw
TRACE::2026-01-02.22:15:55::SCWPlatform:: Platform Path F:/Advanced_Hardware_Engineering/Vivado_2021/Workspace/TMP3/TMP3_Platform_J/hw/TEST_J_2021TMP3_wrapper.xsa
TRACE::2026-01-02.22:15:55::SCWPlatform:: Unique name xilinx:nexys-a7-100t::0.0
TRACE::2026-01-02.22:15:55::SCWPlatform::Trying to set the existing hwdb with name TEST_J_2021TMP3_wrapper_1
TRACE::2026-01-02.22:15:55::SCWPlatform::Opened existing hwdb TEST_J_2021TMP3_wrapper_1
TRACE::2026-01-02.22:15:55::SCWPlatform::Found the Hw Db part of the input DSA
TRACE::2026-01-02.22:15:55::SCWMssOS::Checking the sw design at  F:/Advanced_Hardware_Engineering/Vivado_2021/Workspace/TMP3/TMP3_Platform_J/microblaze_0/standalone_domain/bsp/system.mss
TRACE::2026-01-02.22:15:55::SCWMssOS::DEBUG:  swdes dump  F:/Advanced_Hardware_Engineering/Vivado_2021/Workspace/TMP3/TMP3_Platform_J/microblaze_0/standalone_domain/bsp/system.mss|system||

TRACE::2026-01-02.22:15:55::SCWMssOS::Sw design exists and opened at  F:/Advanced_Hardware_Engineering/Vivado_2021/Workspace/TMP3/TMP3_Platform_J/microblaze_0/standalone_domain/bsp/system.mss
TRACE::2026-01-02.22:15:55::SCWWriter::formatted JSON is {
	"platformName":	"TMP3_Platform_J",
	"sprVersion":	"2.0",
	"mode":	"gui",
	"dsaType":	"Fixed",
	"platformDesc":	"TMP3_Platform_J",
	"platHandOff":	"F:/Advanced_Hardware_Engineering/Vivado_2021/TEST_J_2021TMP3/TEST_J_2021TMP3/TEST_J_2021TMP3_wrapper.xsa",
	"platIntHandOff":	"<platformDir>/hw/TEST_J_2021TMP3_wrapper.xsa",
	"deviceType":	"FPGA",
	"platIsPrebuiltAutogen":	"false",
	"platIsNoBootBsp":	"false",
	"hasFsblMakeHasChanges":	"false",
	"hasPmufwMakeHasChanges":	"false",
	"platPreBuiltFlag":	false,
	"platformSamplesDir":	"",
	"platActiveSys":	"TMP3_Platform_J",
	"systems":	[{
			"systemName":	"TMP3_Platform_J",
			"systemDesc":	"TMP3_Platform_J",
			"sysIsBootAutoGen":	"true",
			"systemDispName":	"TMP3_Platform_J",
			"sysActiveDom":	"standalone_domain",
			"sysDefaultDom":	"standalone_domain",
			"domains":	[{
					"domainName":	"standalone_domain",
					"domainDispName":	"standalone on microblaze_0",
					"domainDesc":	"standalone_domain",
					"processors":	"microblaze_0",
					"os":	"standalone",
					"sdxOs":	"standalone",
					"debugEnable":	"False",
					"domRuntimes":	["cpp"],
					"swRepo":	"",
					"mssOsVer":	"7.6",
					"mssFile":	"",
					"md5Digest":	"d6a3b57a5267393b8d497d79c2949060",
					"compatibleApp":	"",
					"domType":	"mssDomain",
					"arch":	"32-bit",
					"appSettings":	{
						"appCompilerFlags":	"",
						"appLinkerFlags":	""
					},
					"addedLibs":	[],
					"libOptions":	{
						"libsContainingOptions":	[]
					},
					"prebuiltLibs":	{
						"prebuiltIncPath":	[],
						"prebuiltLibPath":	[]
					},
					"isolation":	{
					}
				}]
		}]
}
KEYINFO::2026-01-02.22:15:55::SCWPlatform::updated the xpfm file.
TRACE::2026-01-02.22:15:55::SCWPlatform::Trying to open the hw design at F:/Advanced_Hardware_Engineering/Vivado_2021/Workspace/TMP3/TMP3_Platform_J/hw/TEST_J_2021TMP3_wrapper.xsa
TRACE::2026-01-02.22:15:55::SCWPlatform::DSA given F:/Advanced_Hardware_Engineering/Vivado_2021/Workspace/TMP3/TMP3_Platform_J/hw/TEST_J_2021TMP3_wrapper.xsa
TRACE::2026-01-02.22:15:55::SCWPlatform::DSA absoulate path F:/Advanced_Hardware_Engineering/Vivado_2021/Workspace/TMP3/TMP3_Platform_J/hw/TEST_J_2021TMP3_wrapper.xsa
TRACE::2026-01-02.22:15:55::SCWPlatform::DSA directory F:/Advanced_Hardware_Engineering/Vivado_2021/Workspace/TMP3/TMP3_Platform_J/hw
TRACE::2026-01-02.22:15:55::SCWPlatform:: Platform Path F:/Advanced_Hardware_Engineering/Vivado_2021/Workspace/TMP3/TMP3_Platform_J/hw/TEST_J_2021TMP3_wrapper.xsa
TRACE::2026-01-02.22:15:55::SCWPlatform:: Unique name xilinx:nexys-a7-100t::0.0
TRACE::2026-01-02.22:15:55::SCWPlatform::Trying to set the existing hwdb with name TEST_J_2021TMP3_wrapper_1
TRACE::2026-01-02.22:15:55::SCWPlatform::Opened existing hwdb TEST_J_2021TMP3_wrapper_1
TRACE::2026-01-02.22:15:55::SCWPlatform::Found the Hw Db part of the input DSA
TRACE::2026-01-02.22:15:55::SCWMssOS::Checking the sw design at  F:/Advanced_Hardware_Engineering/Vivado_2021/Workspace/TMP3/TMP3_Platform_J/microblaze_0/standalone_domain/bsp/system.mss
TRACE::2026-01-02.22:15:55::SCWMssOS::DEBUG:  swdes dump  F:/Advanced_Hardware_Engineering/Vivado_2021/Workspace/TMP3/TMP3_Platform_J/microblaze_0/standalone_domain/bsp/system.mss|system||

TRACE::2026-01-02.22:15:55::SCWMssOS::Sw design exists and opened at  F:/Advanced_Hardware_Engineering/Vivado_2021/Workspace/TMP3/TMP3_Platform_J/microblaze_0/standalone_domain/bsp/system.mss
