Copyright 1986-2022 Xilinx, Inc. All Rights Reserved. Copyright 2022-2025 Advanced Micro Devices, Inc. All Rights Reserved.
------------------------------------------------------------------------------------------------------------------------------------------------------------------------------------------------------------
| Tool Version : Vivado v.2025.1 (win64) Build 6140274 Thu May 22 00:12:29 MDT 2025
| Date         : Thu Dec 11 17:35:41 2025
| Host         : LAB50-01 running 64-bit major release  (build 9200)
| Command      : report_bus_skew -warn_on_violation -file MicroblazeWithALS_wrapper_bus_skew_routed.rpt -pb MicroblazeWithALS_wrapper_bus_skew_routed.pb -rpx MicroblazeWithALS_wrapper_bus_skew_routed.rpx
| Design       : MicroblazeWithALS_wrapper
| Device       : 7a100t-csg324
| Speed File   : -1  PRODUCTION 1.23 2018-06-13
| Design State : Routed
------------------------------------------------------------------------------------------------------------------------------------------------------------------------------------------------------------

Bus Skew Report

Table of Contents
-----------------
1. Bus Skew Report Summary
2. Bus Skew Report Per Constraint

1. Bus Skew Report Summary
--------------------------

Id  Position  From                            To                              Corner  Requirement(ns)  Actual(ns)  Slack(ns)
--  --------  ------------------------------  ------------------------------  ------  ---------------  ----------  ---------
1   18        [get_cells [list {MicroblazeWithALS_i/PmodOLEDrgb_0/inst/axi_quad_spi_0/U0/NO_DUAL_QUAD_MODE.QSPI_NORMAL/QSPI_LEGACY_MD_GEN.QSPI_CORE_INTERFACE_I/FIFO_EXISTS.TX_FIFO_II/gnuram_async_fifo.xpm_fifo_base_inst/gen_cdc_pntr.rd_pntr_cdc_inst/src_gray_ff_reg[0]} {MicroblazeWithALS_i/PmodOLEDrgb_0/inst/axi_quad_spi_0/U0/NO_DUAL_QUAD_MODE.QSPI_NORMAL/QSPI_LEGACY_MD_GEN.QSPI_CORE_INTERFACE_I/FIFO_EXISTS.TX_FIFO_II/gnuram_async_fifo.xpm_fifo_base_inst/gen_cdc_pntr.rd_pntr_cdc_inst/src_gray_ff_reg[1]} {MicroblazeWithALS_i/PmodOLEDrgb_0/inst/axi_quad_spi_0/U0/NO_DUAL_QUAD_MODE.QSPI_NORMAL/QSPI_LEGACY_MD_GEN.QSPI_CORE_INTERFACE_I/FIFO_EXISTS.TX_FIFO_II/gnuram_async_fifo.xpm_fifo_base_inst/gen_cdc_pntr.rd_pntr_cdc_inst/src_gray_ff_reg[2]} {MicroblazeWithALS_i/PmodOLEDrgb_0/inst/axi_quad_spi_0/U0/NO_DUAL_QUAD_MODE.QSPI_NORMAL/QSPI_LEGACY_MD_GEN.QSPI_CORE_INTERFACE_I/FIFO_EXISTS.TX_FIFO_II/gnuram_async_fifo.xpm_fifo_base_inst/gen_cdc_pntr.rd_pntr_cdc_inst/src_gray_ff_reg[3]}]]
                                              [get_cells [list {MicroblazeWithALS_i/PmodOLEDrgb_0/inst/axi_quad_spi_0/U0/NO_DUAL_QUAD_MODE.QSPI_NORMAL/QSPI_LEGACY_MD_GEN.QSPI_CORE_INTERFACE_I/FIFO_EXISTS.TX_FIFO_II/gnuram_async_fifo.xpm_fifo_base_inst/gen_cdc_pntr.rd_pntr_cdc_inst/dest_graysync_ff_reg[0][0]} {MicroblazeWithALS_i/PmodOLEDrgb_0/inst/axi_quad_spi_0/U0/NO_DUAL_QUAD_MODE.QSPI_NORMAL/QSPI_LEGACY_MD_GEN.QSPI_CORE_INTERFACE_I/FIFO_EXISTS.TX_FIFO_II/gnuram_async_fifo.xpm_fifo_base_inst/gen_cdc_pntr.rd_pntr_cdc_inst/dest_graysync_ff_reg[0][1]} {MicroblazeWithALS_i/PmodOLEDrgb_0/inst/axi_quad_spi_0/U0/NO_DUAL_QUAD_MODE.QSPI_NORMAL/QSPI_LEGACY_MD_GEN.QSPI_CORE_INTERFACE_I/FIFO_EXISTS.TX_FIFO_II/gnuram_async_fifo.xpm_fifo_base_inst/gen_cdc_pntr.rd_pntr_cdc_inst/dest_graysync_ff_reg[0][2]} {MicroblazeWithALS_i/PmodOLEDrgb_0/inst/axi_quad_spi_0/U0/NO_DUAL_QUAD_MODE.QSPI_NORMAL/QSPI_LEGACY_MD_GEN.QSPI_CORE_INTERFACE_I/FIFO_EXISTS.TX_FIFO_II/gnuram_async_fifo.xpm_fifo_base_inst/gen_cdc_pntr.rd_pntr_cdc_inst/dest_graysync_ff_reg[0][3]}]]
                                                                              Slow             10.000       0.717      9.283
2   20        [get_cells [list {MicroblazeWithALS_i/PmodOLEDrgb_0/inst/axi_quad_spi_0/U0/NO_DUAL_QUAD_MODE.QSPI_NORMAL/QSPI_LEGACY_MD_GEN.QSPI_CORE_INTERFACE_I/FIFO_EXISTS.RX_FIFO_II/gnuram_async_fifo.xpm_fifo_base_inst/gen_cdc_pntr.wr_pntr_cdc_inst/src_gray_ff_reg[0]} {MicroblazeWithALS_i/PmodOLEDrgb_0/inst/axi_quad_spi_0/U0/NO_DUAL_QUAD_MODE.QSPI_NORMAL/QSPI_LEGACY_MD_GEN.QSPI_CORE_INTERFACE_I/FIFO_EXISTS.RX_FIFO_II/gnuram_async_fifo.xpm_fifo_base_inst/gen_cdc_pntr.wr_pntr_cdc_inst/src_gray_ff_reg[1]} {MicroblazeWithALS_i/PmodOLEDrgb_0/inst/axi_quad_spi_0/U0/NO_DUAL_QUAD_MODE.QSPI_NORMAL/QSPI_LEGACY_MD_GEN.QSPI_CORE_INTERFACE_I/FIFO_EXISTS.RX_FIFO_II/gnuram_async_fifo.xpm_fifo_base_inst/gen_cdc_pntr.wr_pntr_cdc_inst/src_gray_ff_reg[2]} {MicroblazeWithALS_i/PmodOLEDrgb_0/inst/axi_quad_spi_0/U0/NO_DUAL_QUAD_MODE.QSPI_NORMAL/QSPI_LEGACY_MD_GEN.QSPI_CORE_INTERFACE_I/FIFO_EXISTS.RX_FIFO_II/gnuram_async_fifo.xpm_fifo_base_inst/gen_cdc_pntr.wr_pntr_cdc_inst/src_gray_ff_reg[3]}]]
                                              [get_cells [list {MicroblazeWithALS_i/PmodOLEDrgb_0/inst/axi_quad_spi_0/U0/NO_DUAL_QUAD_MODE.QSPI_NORMAL/QSPI_LEGACY_MD_GEN.QSPI_CORE_INTERFACE_I/FIFO_EXISTS.RX_FIFO_II/gnuram_async_fifo.xpm_fifo_base_inst/gen_cdc_pntr.wr_pntr_cdc_inst/dest_graysync_ff_reg[0][0]} {MicroblazeWithALS_i/PmodOLEDrgb_0/inst/axi_quad_spi_0/U0/NO_DUAL_QUAD_MODE.QSPI_NORMAL/QSPI_LEGACY_MD_GEN.QSPI_CORE_INTERFACE_I/FIFO_EXISTS.RX_FIFO_II/gnuram_async_fifo.xpm_fifo_base_inst/gen_cdc_pntr.wr_pntr_cdc_inst/dest_graysync_ff_reg[0][1]} {MicroblazeWithALS_i/PmodOLEDrgb_0/inst/axi_quad_spi_0/U0/NO_DUAL_QUAD_MODE.QSPI_NORMAL/QSPI_LEGACY_MD_GEN.QSPI_CORE_INTERFACE_I/FIFO_EXISTS.RX_FIFO_II/gnuram_async_fifo.xpm_fifo_base_inst/gen_cdc_pntr.wr_pntr_cdc_inst/dest_graysync_ff_reg[0][2]} {MicroblazeWithALS_i/PmodOLEDrgb_0/inst/axi_quad_spi_0/U0/NO_DUAL_QUAD_MODE.QSPI_NORMAL/QSPI_LEGACY_MD_GEN.QSPI_CORE_INTERFACE_I/FIFO_EXISTS.RX_FIFO_II/gnuram_async_fifo.xpm_fifo_base_inst/gen_cdc_pntr.wr_pntr_cdc_inst/dest_graysync_ff_reg[0][3]}]]
                                                                              Slow             10.000       0.747      9.253
3   22        [get_cells [list {MicroblazeWithALS_i/PmodOLEDrgb_0/inst/axi_quad_spi_0/U0/NO_DUAL_QUAD_MODE.QSPI_NORMAL/QSPI_LEGACY_MD_GEN.QSPI_CORE_INTERFACE_I/FIFO_EXISTS.RX_FIFO_II/gnuram_async_fifo.xpm_fifo_base_inst/gen_cdc_pntr.rd_pntr_cdc_inst/src_gray_ff_reg[0]} {MicroblazeWithALS_i/PmodOLEDrgb_0/inst/axi_quad_spi_0/U0/NO_DUAL_QUAD_MODE.QSPI_NORMAL/QSPI_LEGACY_MD_GEN.QSPI_CORE_INTERFACE_I/FIFO_EXISTS.RX_FIFO_II/gnuram_async_fifo.xpm_fifo_base_inst/gen_cdc_pntr.rd_pntr_cdc_inst/src_gray_ff_reg[1]} {MicroblazeWithALS_i/PmodOLEDrgb_0/inst/axi_quad_spi_0/U0/NO_DUAL_QUAD_MODE.QSPI_NORMAL/QSPI_LEGACY_MD_GEN.QSPI_CORE_INTERFACE_I/FIFO_EXISTS.RX_FIFO_II/gnuram_async_fifo.xpm_fifo_base_inst/gen_cdc_pntr.rd_pntr_cdc_inst/src_gray_ff_reg[2]} {MicroblazeWithALS_i/PmodOLEDrgb_0/inst/axi_quad_spi_0/U0/NO_DUAL_QUAD_MODE.QSPI_NORMAL/QSPI_LEGACY_MD_GEN.QSPI_CORE_INTERFACE_I/FIFO_EXISTS.RX_FIFO_II/gnuram_async_fifo.xpm_fifo_base_inst/gen_cdc_pntr.rd_pntr_cdc_inst/src_gray_ff_reg[3]}]]
                                              [get_cells [list {MicroblazeWithALS_i/PmodOLEDrgb_0/inst/axi_quad_spi_0/U0/NO_DUAL_QUAD_MODE.QSPI_NORMAL/QSPI_LEGACY_MD_GEN.QSPI_CORE_INTERFACE_I/FIFO_EXISTS.RX_FIFO_II/gnuram_async_fifo.xpm_fifo_base_inst/gen_cdc_pntr.rd_pntr_cdc_inst/dest_graysync_ff_reg[0][0]} {MicroblazeWithALS_i/PmodOLEDrgb_0/inst/axi_quad_spi_0/U0/NO_DUAL_QUAD_MODE.QSPI_NORMAL/QSPI_LEGACY_MD_GEN.QSPI_CORE_INTERFACE_I/FIFO_EXISTS.RX_FIFO_II/gnuram_async_fifo.xpm_fifo_base_inst/gen_cdc_pntr.rd_pntr_cdc_inst/dest_graysync_ff_reg[0][1]} {MicroblazeWithALS_i/PmodOLEDrgb_0/inst/axi_quad_spi_0/U0/NO_DUAL_QUAD_MODE.QSPI_NORMAL/QSPI_LEGACY_MD_GEN.QSPI_CORE_INTERFACE_I/FIFO_EXISTS.RX_FIFO_II/gnuram_async_fifo.xpm_fifo_base_inst/gen_cdc_pntr.rd_pntr_cdc_inst/dest_graysync_ff_reg[0][2]} {MicroblazeWithALS_i/PmodOLEDrgb_0/inst/axi_quad_spi_0/U0/NO_DUAL_QUAD_MODE.QSPI_NORMAL/QSPI_LEGACY_MD_GEN.QSPI_CORE_INTERFACE_I/FIFO_EXISTS.RX_FIFO_II/gnuram_async_fifo.xpm_fifo_base_inst/gen_cdc_pntr.rd_pntr_cdc_inst/dest_graysync_ff_reg[0][3]}]]
                                                                              Slow             10.000       0.537      9.463
4   24        [get_cells [list {MicroblazeWithALS_i/PmodOLEDrgb_0/inst/axi_quad_spi_0/U0/NO_DUAL_QUAD_MODE.QSPI_NORMAL/QSPI_LEGACY_MD_GEN.QSPI_CORE_INTERFACE_I/FIFO_EXISTS.TX_FIFO_II/gnuram_async_fifo.xpm_fifo_base_inst/gen_cdc_pntr.wr_pntr_cdc_inst/src_gray_ff_reg[0]} {MicroblazeWithALS_i/PmodOLEDrgb_0/inst/axi_quad_spi_0/U0/NO_DUAL_QUAD_MODE.QSPI_NORMAL/QSPI_LEGACY_MD_GEN.QSPI_CORE_INTERFACE_I/FIFO_EXISTS.TX_FIFO_II/gnuram_async_fifo.xpm_fifo_base_inst/gen_cdc_pntr.wr_pntr_cdc_inst/src_gray_ff_reg[1]} {MicroblazeWithALS_i/PmodOLEDrgb_0/inst/axi_quad_spi_0/U0/NO_DUAL_QUAD_MODE.QSPI_NORMAL/QSPI_LEGACY_MD_GEN.QSPI_CORE_INTERFACE_I/FIFO_EXISTS.TX_FIFO_II/gnuram_async_fifo.xpm_fifo_base_inst/gen_cdc_pntr.wr_pntr_cdc_inst/src_gray_ff_reg[2]} {MicroblazeWithALS_i/PmodOLEDrgb_0/inst/axi_quad_spi_0/U0/NO_DUAL_QUAD_MODE.QSPI_NORMAL/QSPI_LEGACY_MD_GEN.QSPI_CORE_INTERFACE_I/FIFO_EXISTS.TX_FIFO_II/gnuram_async_fifo.xpm_fifo_base_inst/gen_cdc_pntr.wr_pntr_cdc_inst/src_gray_ff_reg[3]}]]
                                              [get_cells [list {MicroblazeWithALS_i/PmodOLEDrgb_0/inst/axi_quad_spi_0/U0/NO_DUAL_QUAD_MODE.QSPI_NORMAL/QSPI_LEGACY_MD_GEN.QSPI_CORE_INTERFACE_I/FIFO_EXISTS.TX_FIFO_II/gnuram_async_fifo.xpm_fifo_base_inst/gen_cdc_pntr.wr_pntr_cdc_inst/dest_graysync_ff_reg[0][0]} {MicroblazeWithALS_i/PmodOLEDrgb_0/inst/axi_quad_spi_0/U0/NO_DUAL_QUAD_MODE.QSPI_NORMAL/QSPI_LEGACY_MD_GEN.QSPI_CORE_INTERFACE_I/FIFO_EXISTS.TX_FIFO_II/gnuram_async_fifo.xpm_fifo_base_inst/gen_cdc_pntr.wr_pntr_cdc_inst/dest_graysync_ff_reg[0][1]} {MicroblazeWithALS_i/PmodOLEDrgb_0/inst/axi_quad_spi_0/U0/NO_DUAL_QUAD_MODE.QSPI_NORMAL/QSPI_LEGACY_MD_GEN.QSPI_CORE_INTERFACE_I/FIFO_EXISTS.TX_FIFO_II/gnuram_async_fifo.xpm_fifo_base_inst/gen_cdc_pntr.wr_pntr_cdc_inst/dest_graysync_ff_reg[0][2]} {MicroblazeWithALS_i/PmodOLEDrgb_0/inst/axi_quad_spi_0/U0/NO_DUAL_QUAD_MODE.QSPI_NORMAL/QSPI_LEGACY_MD_GEN.QSPI_CORE_INTERFACE_I/FIFO_EXISTS.TX_FIFO_II/gnuram_async_fifo.xpm_fifo_base_inst/gen_cdc_pntr.wr_pntr_cdc_inst/dest_graysync_ff_reg[0][3]}]]
                                                                              Slow             10.000       0.614      9.386
5   26        [get_cells [list {MicroblazeWithALS_i/PmodOLEDrgb_0/inst/axi_quad_spi_0/U0/NO_DUAL_QUAD_MODE.QSPI_NORMAL/QSPI_LEGACY_MD_GEN.QSPI_CORE_INTERFACE_I/FIFO_EXISTS.TX_FIFO_II/gnuram_async_fifo.xpm_fifo_base_inst/gen_cdc_pntr.wr_pntr_cdc_dc_inst/src_gray_ff_reg[0]} {MicroblazeWithALS_i/PmodOLEDrgb_0/inst/axi_quad_spi_0/U0/NO_DUAL_QUAD_MODE.QSPI_NORMAL/QSPI_LEGACY_MD_GEN.QSPI_CORE_INTERFACE_I/FIFO_EXISTS.TX_FIFO_II/gnuram_async_fifo.xpm_fifo_base_inst/gen_cdc_pntr.wr_pntr_cdc_dc_inst/src_gray_ff_reg[1]} {MicroblazeWithALS_i/PmodOLEDrgb_0/inst/axi_quad_spi_0/U0/NO_DUAL_QUAD_MODE.QSPI_NORMAL/QSPI_LEGACY_MD_GEN.QSPI_CORE_INTERFACE_I/FIFO_EXISTS.TX_FIFO_II/gnuram_async_fifo.xpm_fifo_base_inst/gen_cdc_pntr.wr_pntr_cdc_dc_inst/src_gray_ff_reg[2]} {MicroblazeWithALS_i/PmodOLEDrgb_0/inst/axi_quad_spi_0/U0/NO_DUAL_QUAD_MODE.QSPI_NORMAL/QSPI_LEGACY_MD_GEN.QSPI_CORE_INTERFACE_I/FIFO_EXISTS.TX_FIFO_II/gnuram_async_fifo.xpm_fifo_base_inst/gen_cdc_pntr.wr_pntr_cdc_dc_inst/src_gray_ff_reg[3]} {MicroblazeWithALS_i/PmodOLEDrgb_0/inst/axi_quad_spi_0/U0/NO_DUAL_QUAD_MODE.QSPI_NORMAL/QSPI_LEGACY_MD_GEN.QSPI_CORE_INTERFACE_I/FIFO_EXISTS.TX_FIFO_II/gnuram_async_fifo.xpm_fifo_base_inst/gen_cdc_pntr.wr_pntr_cdc_dc_inst/src_gray_ff_reg[4]}]]
                                              [get_cells [list {MicroblazeWithALS_i/PmodOLEDrgb_0/inst/axi_quad_spi_0/U0/NO_DUAL_QUAD_MODE.QSPI_NORMAL/QSPI_LEGACY_MD_GEN.QSPI_CORE_INTERFACE_I/FIFO_EXISTS.TX_FIFO_II/gnuram_async_fifo.xpm_fifo_base_inst/gen_cdc_pntr.wr_pntr_cdc_dc_inst/dest_graysync_ff_reg[0][0]} {MicroblazeWithALS_i/PmodOLEDrgb_0/inst/axi_quad_spi_0/U0/NO_DUAL_QUAD_MODE.QSPI_NORMAL/QSPI_LEGACY_MD_GEN.QSPI_CORE_INTERFACE_I/FIFO_EXISTS.TX_FIFO_II/gnuram_async_fifo.xpm_fifo_base_inst/gen_cdc_pntr.wr_pntr_cdc_dc_inst/dest_graysync_ff_reg[0][1]} {MicroblazeWithALS_i/PmodOLEDrgb_0/inst/axi_quad_spi_0/U0/NO_DUAL_QUAD_MODE.QSPI_NORMAL/QSPI_LEGACY_MD_GEN.QSPI_CORE_INTERFACE_I/FIFO_EXISTS.TX_FIFO_II/gnuram_async_fifo.xpm_fifo_base_inst/gen_cdc_pntr.wr_pntr_cdc_dc_inst/dest_graysync_ff_reg[0][2]} {MicroblazeWithALS_i/PmodOLEDrgb_0/inst/axi_quad_spi_0/U0/NO_DUAL_QUAD_MODE.QSPI_NORMAL/QSPI_LEGACY_MD_GEN.QSPI_CORE_INTERFACE_I/FIFO_EXISTS.TX_FIFO_II/gnuram_async_fifo.xpm_fifo_base_inst/gen_cdc_pntr.wr_pntr_cdc_dc_inst/dest_graysync_ff_reg[0][3]} {MicroblazeWithALS_i/PmodOLEDrgb_0/inst/axi_quad_spi_0/U0/NO_DUAL_QUAD_MODE.QSPI_NORMAL/QSPI_LEGACY_MD_GEN.QSPI_CORE_INTERFACE_I/FIFO_EXISTS.TX_FIFO_II/gnuram_async_fifo.xpm_fifo_base_inst/gen_cdc_pntr.wr_pntr_cdc_dc_inst/dest_graysync_ff_reg[0][4]}]]
                                                                              Slow             10.000       0.748      9.252
6   28        [get_cells [list {MicroblazeWithALS_i/PmodOLEDrgb_0/inst/axi_quad_spi_0/U0/NO_DUAL_QUAD_MODE.QSPI_NORMAL/QSPI_LEGACY_MD_GEN.QSPI_CORE_INTERFACE_I/FIFO_EXISTS.RX_FIFO_II/gnuram_async_fifo.xpm_fifo_base_inst/gen_cdc_pntr.wr_pntr_cdc_dc_inst/src_gray_ff_reg[0]} {MicroblazeWithALS_i/PmodOLEDrgb_0/inst/axi_quad_spi_0/U0/NO_DUAL_QUAD_MODE.QSPI_NORMAL/QSPI_LEGACY_MD_GEN.QSPI_CORE_INTERFACE_I/FIFO_EXISTS.RX_FIFO_II/gnuram_async_fifo.xpm_fifo_base_inst/gen_cdc_pntr.wr_pntr_cdc_dc_inst/src_gray_ff_reg[1]} {MicroblazeWithALS_i/PmodOLEDrgb_0/inst/axi_quad_spi_0/U0/NO_DUAL_QUAD_MODE.QSPI_NORMAL/QSPI_LEGACY_MD_GEN.QSPI_CORE_INTERFACE_I/FIFO_EXISTS.RX_FIFO_II/gnuram_async_fifo.xpm_fifo_base_inst/gen_cdc_pntr.wr_pntr_cdc_dc_inst/src_gray_ff_reg[2]} {MicroblazeWithALS_i/PmodOLEDrgb_0/inst/axi_quad_spi_0/U0/NO_DUAL_QUAD_MODE.QSPI_NORMAL/QSPI_LEGACY_MD_GEN.QSPI_CORE_INTERFACE_I/FIFO_EXISTS.RX_FIFO_II/gnuram_async_fifo.xpm_fifo_base_inst/gen_cdc_pntr.wr_pntr_cdc_dc_inst/src_gray_ff_reg[3]} {MicroblazeWithALS_i/PmodOLEDrgb_0/inst/axi_quad_spi_0/U0/NO_DUAL_QUAD_MODE.QSPI_NORMAL/QSPI_LEGACY_MD_GEN.QSPI_CORE_INTERFACE_I/FIFO_EXISTS.RX_FIFO_II/gnuram_async_fifo.xpm_fifo_base_inst/gen_cdc_pntr.wr_pntr_cdc_dc_inst/src_gray_ff_reg[4]}]]
                                              [get_cells [list {MicroblazeWithALS_i/PmodOLEDrgb_0/inst/axi_quad_spi_0/U0/NO_DUAL_QUAD_MODE.QSPI_NORMAL/QSPI_LEGACY_MD_GEN.QSPI_CORE_INTERFACE_I/FIFO_EXISTS.RX_FIFO_II/gnuram_async_fifo.xpm_fifo_base_inst/gen_cdc_pntr.wr_pntr_cdc_dc_inst/dest_graysync_ff_reg[0][0]} {MicroblazeWithALS_i/PmodOLEDrgb_0/inst/axi_quad_spi_0/U0/NO_DUAL_QUAD_MODE.QSPI_NORMAL/QSPI_LEGACY_MD_GEN.QSPI_CORE_INTERFACE_I/FIFO_EXISTS.RX_FIFO_II/gnuram_async_fifo.xpm_fifo_base_inst/gen_cdc_pntr.wr_pntr_cdc_dc_inst/dest_graysync_ff_reg[0][1]} {MicroblazeWithALS_i/PmodOLEDrgb_0/inst/axi_quad_spi_0/U0/NO_DUAL_QUAD_MODE.QSPI_NORMAL/QSPI_LEGACY_MD_GEN.QSPI_CORE_INTERFACE_I/FIFO_EXISTS.RX_FIFO_II/gnuram_async_fifo.xpm_fifo_base_inst/gen_cdc_pntr.wr_pntr_cdc_dc_inst/dest_graysync_ff_reg[0][2]} {MicroblazeWithALS_i/PmodOLEDrgb_0/inst/axi_quad_spi_0/U0/NO_DUAL_QUAD_MODE.QSPI_NORMAL/QSPI_LEGACY_MD_GEN.QSPI_CORE_INTERFACE_I/FIFO_EXISTS.RX_FIFO_II/gnuram_async_fifo.xpm_fifo_base_inst/gen_cdc_pntr.wr_pntr_cdc_dc_inst/dest_graysync_ff_reg[0][3]} {MicroblazeWithALS_i/PmodOLEDrgb_0/inst/axi_quad_spi_0/U0/NO_DUAL_QUAD_MODE.QSPI_NORMAL/QSPI_LEGACY_MD_GEN.QSPI_CORE_INTERFACE_I/FIFO_EXISTS.RX_FIFO_II/gnuram_async_fifo.xpm_fifo_base_inst/gen_cdc_pntr.wr_pntr_cdc_dc_inst/dest_graysync_ff_reg[0][4]}]]
                                                                              Slow             10.000       0.922      9.078
7   30        [get_cells [list {MicroblazeWithALS_i/PmodOLEDrgb_0/inst/axi_quad_spi_0/U0/NO_DUAL_QUAD_MODE.QSPI_NORMAL/QSPI_LEGACY_MD_GEN.QSPI_CORE_INTERFACE_I/FIFO_EXISTS.TX_FIFO_II/gnuram_async_fifo.xpm_fifo_base_inst/gen_cdc_pntr.rd_pntr_cdc_dc_inst/src_gray_ff_reg[0]} {MicroblazeWithALS_i/PmodOLEDrgb_0/inst/axi_quad_spi_0/U0/NO_DUAL_QUAD_MODE.QSPI_NORMAL/QSPI_LEGACY_MD_GEN.QSPI_CORE_INTERFACE_I/FIFO_EXISTS.TX_FIFO_II/gnuram_async_fifo.xpm_fifo_base_inst/gen_cdc_pntr.rd_pntr_cdc_dc_inst/src_gray_ff_reg[1]} {MicroblazeWithALS_i/PmodOLEDrgb_0/inst/axi_quad_spi_0/U0/NO_DUAL_QUAD_MODE.QSPI_NORMAL/QSPI_LEGACY_MD_GEN.QSPI_CORE_INTERFACE_I/FIFO_EXISTS.TX_FIFO_II/gnuram_async_fifo.xpm_fifo_base_inst/gen_cdc_pntr.rd_pntr_cdc_dc_inst/src_gray_ff_reg[2]} {MicroblazeWithALS_i/PmodOLEDrgb_0/inst/axi_quad_spi_0/U0/NO_DUAL_QUAD_MODE.QSPI_NORMAL/QSPI_LEGACY_MD_GEN.QSPI_CORE_INTERFACE_I/FIFO_EXISTS.TX_FIFO_II/gnuram_async_fifo.xpm_fifo_base_inst/gen_cdc_pntr.rd_pntr_cdc_dc_inst/src_gray_ff_reg[3]} {MicroblazeWithALS_i/PmodOLEDrgb_0/inst/axi_quad_spi_0/U0/NO_DUAL_QUAD_MODE.QSPI_NORMAL/QSPI_LEGACY_MD_GEN.QSPI_CORE_INTERFACE_I/FIFO_EXISTS.TX_FIFO_II/gnuram_async_fifo.xpm_fifo_base_inst/gen_cdc_pntr.rd_pntr_cdc_dc_inst/src_gray_ff_reg[4]}]]
                                              [get_cells [list {MicroblazeWithALS_i/PmodOLEDrgb_0/inst/axi_quad_spi_0/U0/NO_DUAL_QUAD_MODE.QSPI_NORMAL/QSPI_LEGACY_MD_GEN.QSPI_CORE_INTERFACE_I/FIFO_EXISTS.TX_FIFO_II/gnuram_async_fifo.xpm_fifo_base_inst/gen_cdc_pntr.rd_pntr_cdc_dc_inst/dest_graysync_ff_reg[0][0]} {MicroblazeWithALS_i/PmodOLEDrgb_0/inst/axi_quad_spi_0/U0/NO_DUAL_QUAD_MODE.QSPI_NORMAL/QSPI_LEGACY_MD_GEN.QSPI_CORE_INTERFACE_I/FIFO_EXISTS.TX_FIFO_II/gnuram_async_fifo.xpm_fifo_base_inst/gen_cdc_pntr.rd_pntr_cdc_dc_inst/dest_graysync_ff_reg[0][1]} {MicroblazeWithALS_i/PmodOLEDrgb_0/inst/axi_quad_spi_0/U0/NO_DUAL_QUAD_MODE.QSPI_NORMAL/QSPI_LEGACY_MD_GEN.QSPI_CORE_INTERFACE_I/FIFO_EXISTS.TX_FIFO_II/gnuram_async_fifo.xpm_fifo_base_inst/gen_cdc_pntr.rd_pntr_cdc_dc_inst/dest_graysync_ff_reg[0][2]} {MicroblazeWithALS_i/PmodOLEDrgb_0/inst/axi_quad_spi_0/U0/NO_DUAL_QUAD_MODE.QSPI_NORMAL/QSPI_LEGACY_MD_GEN.QSPI_CORE_INTERFACE_I/FIFO_EXISTS.TX_FIFO_II/gnuram_async_fifo.xpm_fifo_base_inst/gen_cdc_pntr.rd_pntr_cdc_dc_inst/dest_graysync_ff_reg[0][3]} {MicroblazeWithALS_i/PmodOLEDrgb_0/inst/axi_quad_spi_0/U0/NO_DUAL_QUAD_MODE.QSPI_NORMAL/QSPI_LEGACY_MD_GEN.QSPI_CORE_INTERFACE_I/FIFO_EXISTS.TX_FIFO_II/gnuram_async_fifo.xpm_fifo_base_inst/gen_cdc_pntr.rd_pntr_cdc_dc_inst/dest_graysync_ff_reg[0][4]}]]
                                                                              Slow             10.000       0.683      9.317
8   32        [get_cells [list {MicroblazeWithALS_i/PmodOLEDrgb_0/inst/axi_quad_spi_0/U0/NO_DUAL_QUAD_MODE.QSPI_NORMAL/QSPI_LEGACY_MD_GEN.QSPI_CORE_INTERFACE_I/FIFO_EXISTS.RX_FIFO_II/gnuram_async_fifo.xpm_fifo_base_inst/gen_cdc_pntr.rd_pntr_cdc_dc_inst/src_gray_ff_reg[0]} {MicroblazeWithALS_i/PmodOLEDrgb_0/inst/axi_quad_spi_0/U0/NO_DUAL_QUAD_MODE.QSPI_NORMAL/QSPI_LEGACY_MD_GEN.QSPI_CORE_INTERFACE_I/FIFO_EXISTS.RX_FIFO_II/gnuram_async_fifo.xpm_fifo_base_inst/gen_cdc_pntr.rd_pntr_cdc_dc_inst/src_gray_ff_reg[1]} {MicroblazeWithALS_i/PmodOLEDrgb_0/inst/axi_quad_spi_0/U0/NO_DUAL_QUAD_MODE.QSPI_NORMAL/QSPI_LEGACY_MD_GEN.QSPI_CORE_INTERFACE_I/FIFO_EXISTS.RX_FIFO_II/gnuram_async_fifo.xpm_fifo_base_inst/gen_cdc_pntr.rd_pntr_cdc_dc_inst/src_gray_ff_reg[2]} {MicroblazeWithALS_i/PmodOLEDrgb_0/inst/axi_quad_spi_0/U0/NO_DUAL_QUAD_MODE.QSPI_NORMAL/QSPI_LEGACY_MD_GEN.QSPI_CORE_INTERFACE_I/FIFO_EXISTS.RX_FIFO_II/gnuram_async_fifo.xpm_fifo_base_inst/gen_cdc_pntr.rd_pntr_cdc_dc_inst/src_gray_ff_reg[3]} {MicroblazeWithALS_i/PmodOLEDrgb_0/inst/axi_quad_spi_0/U0/NO_DUAL_QUAD_MODE.QSPI_NORMAL/QSPI_LEGACY_MD_GEN.QSPI_CORE_INTERFACE_I/FIFO_EXISTS.RX_FIFO_II/gnuram_async_fifo.xpm_fifo_base_inst/gen_cdc_pntr.rd_pntr_cdc_dc_inst/src_gray_ff_reg[4]}]]
                                              [get_cells [list {MicroblazeWithALS_i/PmodOLEDrgb_0/inst/axi_quad_spi_0/U0/NO_DUAL_QUAD_MODE.QSPI_NORMAL/QSPI_LEGACY_MD_GEN.QSPI_CORE_INTERFACE_I/FIFO_EXISTS.RX_FIFO_II/gnuram_async_fifo.xpm_fifo_base_inst/gen_cdc_pntr.rd_pntr_cdc_dc_inst/dest_graysync_ff_reg[0][0]} {MicroblazeWithALS_i/PmodOLEDrgb_0/inst/axi_quad_spi_0/U0/NO_DUAL_QUAD_MODE.QSPI_NORMAL/QSPI_LEGACY_MD_GEN.QSPI_CORE_INTERFACE_I/FIFO_EXISTS.RX_FIFO_II/gnuram_async_fifo.xpm_fifo_base_inst/gen_cdc_pntr.rd_pntr_cdc_dc_inst/dest_graysync_ff_reg[0][1]} {MicroblazeWithALS_i/PmodOLEDrgb_0/inst/axi_quad_spi_0/U0/NO_DUAL_QUAD_MODE.QSPI_NORMAL/QSPI_LEGACY_MD_GEN.QSPI_CORE_INTERFACE_I/FIFO_EXISTS.RX_FIFO_II/gnuram_async_fifo.xpm_fifo_base_inst/gen_cdc_pntr.rd_pntr_cdc_dc_inst/dest_graysync_ff_reg[0][2]} {MicroblazeWithALS_i/PmodOLEDrgb_0/inst/axi_quad_spi_0/U0/NO_DUAL_QUAD_MODE.QSPI_NORMAL/QSPI_LEGACY_MD_GEN.QSPI_CORE_INTERFACE_I/FIFO_EXISTS.RX_FIFO_II/gnuram_async_fifo.xpm_fifo_base_inst/gen_cdc_pntr.rd_pntr_cdc_dc_inst/dest_graysync_ff_reg[0][3]} {MicroblazeWithALS_i/PmodOLEDrgb_0/inst/axi_quad_spi_0/U0/NO_DUAL_QUAD_MODE.QSPI_NORMAL/QSPI_LEGACY_MD_GEN.QSPI_CORE_INTERFACE_I/FIFO_EXISTS.RX_FIFO_II/gnuram_async_fifo.xpm_fifo_base_inst/gen_cdc_pntr.rd_pntr_cdc_dc_inst/dest_graysync_ff_reg[0][4]}]]
                                                                              Slow             10.000       0.770      9.230


2. Bus Skew Report Per Constraint
---------------------------------

Id: 1
set_bus_skew -from [get_cells [list {MicroblazeWithALS_i/PmodOLEDrgb_0/inst/axi_quad_spi_0/U0/NO_DUAL_QUAD_MODE.QSPI_NORMAL/QSPI_LEGACY_MD_GEN.QSPI_CORE_INTERFACE_I/FIFO_EXISTS.TX_FIFO_II/gnuram_async_fifo.xpm_fifo_base_inst/gen_cdc_pntr.rd_pntr_cdc_inst/src_gray_ff_reg[0]} {MicroblazeWithALS_i/PmodOLEDrgb_0/inst/axi_quad_spi_0/U0/NO_DUAL_QUAD_MODE.QSPI_NORMAL/QSPI_LEGACY_MD_GEN.QSPI_CORE_INTERFACE_I/FIFO_EXISTS.TX_FIFO_II/gnuram_async_fifo.xpm_fifo_base_inst/gen_cdc_pntr.rd_pntr_cdc_inst/src_gray_ff_reg[1]} {MicroblazeWithALS_i/PmodOLEDrgb_0/inst/axi_quad_spi_0/U0/NO_DUAL_QUAD_MODE.QSPI_NORMAL/QSPI_LEGACY_MD_GEN.QSPI_CORE_INTERFACE_I/FIFO_EXISTS.TX_FIFO_II/gnuram_async_fifo.xpm_fifo_base_inst/gen_cdc_pntr.rd_pntr_cdc_inst/src_gray_ff_reg[2]} {MicroblazeWithALS_i/PmodOLEDrgb_0/inst/axi_quad_spi_0/U0/NO_DUAL_QUAD_MODE.QSPI_NORMAL/QSPI_LEGACY_MD_GEN.QSPI_CORE_INTERFACE_I/FIFO_EXISTS.TX_FIFO_II/gnuram_async_fifo.xpm_fifo_base_inst/gen_cdc_pntr.rd_pntr_cdc_inst/src_gray_ff_reg[3]}]] -to [get_cells [list {MicroblazeWithALS_i/PmodOLEDrgb_0/inst/axi_quad_spi_0/U0/NO_DUAL_QUAD_MODE.QSPI_NORMAL/QSPI_LEGACY_MD_GEN.QSPI_CORE_INTERFACE_I/FIFO_EXISTS.TX_FIFO_II/gnuram_async_fifo.xpm_fifo_base_inst/gen_cdc_pntr.rd_pntr_cdc_inst/dest_graysync_ff_reg[0][0]} {MicroblazeWithALS_i/PmodOLEDrgb_0/inst/axi_quad_spi_0/U0/NO_DUAL_QUAD_MODE.QSPI_NORMAL/QSPI_LEGACY_MD_GEN.QSPI_CORE_INTERFACE_I/FIFO_EXISTS.TX_FIFO_II/gnuram_async_fifo.xpm_fifo_base_inst/gen_cdc_pntr.rd_pntr_cdc_inst/dest_graysync_ff_reg[0][1]} {MicroblazeWithALS_i/PmodOLEDrgb_0/inst/axi_quad_spi_0/U0/NO_DUAL_QUAD_MODE.QSPI_NORMAL/QSPI_LEGACY_MD_GEN.QSPI_CORE_INTERFACE_I/FIFO_EXISTS.TX_FIFO_II/gnuram_async_fifo.xpm_fifo_base_inst/gen_cdc_pntr.rd_pntr_cdc_inst/dest_graysync_ff_reg[0][2]} {MicroblazeWithALS_i/PmodOLEDrgb_0/inst/axi_quad_spi_0/U0/NO_DUAL_QUAD_MODE.QSPI_NORMAL/QSPI_LEGACY_MD_GEN.QSPI_CORE_INTERFACE_I/FIFO_EXISTS.TX_FIFO_II/gnuram_async_fifo.xpm_fifo_base_inst/gen_cdc_pntr.rd_pntr_cdc_inst/dest_graysync_ff_reg[0][3]}]] 10.000
Requirement: 10.000ns
Endpoints: 4

From Clock            To Clock              Endpoint Pin                    Reference Pin                   Corner  Actual(ns)  Slack(ns)
--------------------  --------------------  ------------------------------  ------------------------------  ------  ----------  ---------
clk_out2_MicroblazeWithALS_clk_wiz_1_0
                      clk_out1_MicroblazeWithALS_clk_wiz_1_0_1
                                            MicroblazeWithALS_i/PmodOLEDrgb_0/inst/axi_quad_spi_0/U0/NO_DUAL_QUAD_MODE.QSPI_NORMAL/QSPI_LEGACY_MD_GEN.QSPI_CORE_INTERFACE_I/FIFO_EXISTS.TX_FIFO_II/gnuram_async_fifo.xpm_fifo_base_inst/gen_cdc_pntr.rd_pntr_cdc_inst/dest_graysync_ff_reg[0][3]/D
                                                                            MicroblazeWithALS_i/PmodOLEDrgb_0/inst/axi_quad_spi_0/U0/NO_DUAL_QUAD_MODE.QSPI_NORMAL/QSPI_LEGACY_MD_GEN.QSPI_CORE_INTERFACE_I/FIFO_EXISTS.TX_FIFO_II/gnuram_async_fifo.xpm_fifo_base_inst/gen_cdc_pntr.rd_pntr_cdc_inst/dest_graysync_ff_reg[0][0]/D
                                                                                                            Slow         0.717      9.283


Slack (MET) :             9.283ns  (requirement - actual skew)
  Endpoint Source:        MicroblazeWithALS_i/PmodOLEDrgb_0/inst/axi_quad_spi_0/U0/NO_DUAL_QUAD_MODE.QSPI_NORMAL/QSPI_LEGACY_MD_GEN.QSPI_CORE_INTERFACE_I/FIFO_EXISTS.TX_FIFO_II/gnuram_async_fifo.xpm_fifo_base_inst/gen_cdc_pntr.rd_pntr_cdc_inst/src_gray_ff_reg[3]/C
                            (rising edge-triggered cell FDRE clocked by clk_out2_MicroblazeWithALS_clk_wiz_1_0)
  Endpoint Destination:   MicroblazeWithALS_i/PmodOLEDrgb_0/inst/axi_quad_spi_0/U0/NO_DUAL_QUAD_MODE.QSPI_NORMAL/QSPI_LEGACY_MD_GEN.QSPI_CORE_INTERFACE_I/FIFO_EXISTS.TX_FIFO_II/gnuram_async_fifo.xpm_fifo_base_inst/gen_cdc_pntr.rd_pntr_cdc_inst/dest_graysync_ff_reg[0][3]/D
                            (rising edge-triggered cell FDRE clocked by clk_out1_MicroblazeWithALS_clk_wiz_1_0_1)
  Reference Source:       MicroblazeWithALS_i/PmodOLEDrgb_0/inst/axi_quad_spi_0/U0/NO_DUAL_QUAD_MODE.QSPI_NORMAL/QSPI_LEGACY_MD_GEN.QSPI_CORE_INTERFACE_I/FIFO_EXISTS.TX_FIFO_II/gnuram_async_fifo.xpm_fifo_base_inst/gen_cdc_pntr.rd_pntr_cdc_inst/src_gray_ff_reg[0]/C
                            (rising edge-triggered cell FDRE clocked by clk_out2_MicroblazeWithALS_clk_wiz_1_0)
  Reference Destination:  MicroblazeWithALS_i/PmodOLEDrgb_0/inst/axi_quad_spi_0/U0/NO_DUAL_QUAD_MODE.QSPI_NORMAL/QSPI_LEGACY_MD_GEN.QSPI_CORE_INTERFACE_I/FIFO_EXISTS.TX_FIFO_II/gnuram_async_fifo.xpm_fifo_base_inst/gen_cdc_pntr.rd_pntr_cdc_inst/dest_graysync_ff_reg[0][0]/D
                            (rising edge-triggered cell FDRE clocked by clk_out1_MicroblazeWithALS_clk_wiz_1_0_1)
  Path Type:              Bus Skew (Max at Slow Process Corner)
  Requirement:            10.000ns
  Endpoint Relative Delay:    1.602ns
  Reference Relative Delay:   0.522ns
  Relative CRPR:              0.363ns
  Actual Bus Skew:            0.717ns  (Endpoint Relative Delay - Reference Relative Delay - Relative CRPR)

Endpoint path:
    Location             Delay type                Incr(ns)  Path(ns)    Netlist Resource(s)
  -------------------------------------------------------------------    -------------------
                         (clock clk_out2_MicroblazeWithALS_clk_wiz_1_0 rise edge)
                                                      0.000     0.000 r  
    E3                                                0.000     0.000 r  sys_clock (IN)
                         net (fo=0)                   0.000     0.000    MicroblazeWithALS_i/clk_wiz_1/inst/clk_in1
    E3                   IBUF (Prop_ibuf_I_O)         1.482     1.482 r  MicroblazeWithALS_i/clk_wiz_1/inst/clkin1_ibufg/O
                         net (fo=1, routed)           1.233     2.715    MicroblazeWithALS_i/clk_wiz_1/inst/clk_in1_MicroblazeWithALS_clk_wiz_1_0
    MMCME2_ADV_X1Y2      MMCME2_ADV (Prop_mmcme2_adv_CLKIN1_CLKOUT1)
                                                     -7.070    -4.355 r  MicroblazeWithALS_i/clk_wiz_1/inst/mmcm_adv_inst/CLKOUT1
                         net (fo=1, routed)           1.719    -2.636    MicroblazeWithALS_i/clk_wiz_1/inst/clk_out2_MicroblazeWithALS_clk_wiz_1_0
    BUFGCTRL_X0Y16       BUFG (Prop_bufg_I_O)         0.096    -2.540 r  MicroblazeWithALS_i/clk_wiz_1/inst/clkout2_buf/O
                         net (fo=320, routed)         1.639    -0.901    MicroblazeWithALS_i/PmodOLEDrgb_0/inst/axi_quad_spi_0/U0/NO_DUAL_QUAD_MODE.QSPI_NORMAL/QSPI_LEGACY_MD_GEN.QSPI_CORE_INTERFACE_I/FIFO_EXISTS.TX_FIFO_II/gnuram_async_fifo.xpm_fifo_base_inst/gen_cdc_pntr.rd_pntr_cdc_inst/src_clk
    SLICE_X40Y95         FDRE                                         r  MicroblazeWithALS_i/PmodOLEDrgb_0/inst/axi_quad_spi_0/U0/NO_DUAL_QUAD_MODE.QSPI_NORMAL/QSPI_LEGACY_MD_GEN.QSPI_CORE_INTERFACE_I/FIFO_EXISTS.TX_FIFO_II/gnuram_async_fifo.xpm_fifo_base_inst/gen_cdc_pntr.rd_pntr_cdc_inst/src_gray_ff_reg[3]/C
  -------------------------------------------------------------------    -------------------
    SLICE_X40Y95         FDRE (Prop_fdre_C_Q)         0.419    -0.482 r  MicroblazeWithALS_i/PmodOLEDrgb_0/inst/axi_quad_spi_0/U0/NO_DUAL_QUAD_MODE.QSPI_NORMAL/QSPI_LEGACY_MD_GEN.QSPI_CORE_INTERFACE_I/FIFO_EXISTS.TX_FIFO_II/gnuram_async_fifo.xpm_fifo_base_inst/gen_cdc_pntr.rd_pntr_cdc_inst/src_gray_ff_reg[3]/Q
                         net (fo=1, routed)           0.709     0.227    MicroblazeWithALS_i/PmodOLEDrgb_0/inst/axi_quad_spi_0/U0/NO_DUAL_QUAD_MODE.QSPI_NORMAL/QSPI_LEGACY_MD_GEN.QSPI_CORE_INTERFACE_I/FIFO_EXISTS.TX_FIFO_II/gnuram_async_fifo.xpm_fifo_base_inst/gen_cdc_pntr.rd_pntr_cdc_inst/async_path[3]
    SLICE_X39Y95         FDRE                                         r  MicroblazeWithALS_i/PmodOLEDrgb_0/inst/axi_quad_spi_0/U0/NO_DUAL_QUAD_MODE.QSPI_NORMAL/QSPI_LEGACY_MD_GEN.QSPI_CORE_INTERFACE_I/FIFO_EXISTS.TX_FIFO_II/gnuram_async_fifo.xpm_fifo_base_inst/gen_cdc_pntr.rd_pntr_cdc_inst/dest_graysync_ff_reg[0][3]/D
  -------------------------------------------------------------------    -------------------

                         (clock clk_out1_MicroblazeWithALS_clk_wiz_1_0_1 rise edge)
                                                      0.000     0.000 r  
    E3                                                0.000     0.000 r  sys_clock (IN)
                         net (fo=0)                   0.000     0.000    MicroblazeWithALS_i/clk_wiz_1/inst/clk_in1
    E3                   IBUF (Prop_ibuf_I_O)         1.411     1.411 r  MicroblazeWithALS_i/clk_wiz_1/inst/clkin1_ibufg/O
                         net (fo=1, routed)           1.162     2.573    MicroblazeWithALS_i/clk_wiz_1/inst/clk_in1_MicroblazeWithALS_clk_wiz_1_0
    MMCME2_ADV_X1Y2      MMCME2_ADV (Prop_mmcme2_adv_CLKIN1_CLKOUT0)
                                                     -7.324    -4.751 r  MicroblazeWithALS_i/clk_wiz_1/inst/mmcm_adv_inst/CLKOUT0
                         net (fo=1, routed)           1.639    -3.112    MicroblazeWithALS_i/clk_wiz_1/inst/clk_out1_MicroblazeWithALS_clk_wiz_1_0
    BUFGCTRL_X0Y17       BUFG (Prop_bufg_I_O)         0.091    -3.021 r  MicroblazeWithALS_i/clk_wiz_1/inst/clkout1_buf/O
                         net (fo=2128, routed)        1.518    -1.502    MicroblazeWithALS_i/PmodOLEDrgb_0/inst/axi_quad_spi_0/U0/NO_DUAL_QUAD_MODE.QSPI_NORMAL/QSPI_LEGACY_MD_GEN.QSPI_CORE_INTERFACE_I/FIFO_EXISTS.TX_FIFO_II/gnuram_async_fifo.xpm_fifo_base_inst/gen_cdc_pntr.rd_pntr_cdc_inst/dest_clk
    SLICE_X39Y95         FDRE                                         r  MicroblazeWithALS_i/PmodOLEDrgb_0/inst/axi_quad_spi_0/U0/NO_DUAL_QUAD_MODE.QSPI_NORMAL/QSPI_LEGACY_MD_GEN.QSPI_CORE_INTERFACE_I/FIFO_EXISTS.TX_FIFO_II/gnuram_async_fifo.xpm_fifo_base_inst/gen_cdc_pntr.rd_pntr_cdc_inst/dest_graysync_ff_reg[0][3]/C
                         clock pessimism              0.395    -1.107    
    SLICE_X39Y95         FDRE (Setup_fdre_C_D)       -0.268    -1.375    MicroblazeWithALS_i/PmodOLEDrgb_0/inst/axi_quad_spi_0/U0/NO_DUAL_QUAD_MODE.QSPI_NORMAL/QSPI_LEGACY_MD_GEN.QSPI_CORE_INTERFACE_I/FIFO_EXISTS.TX_FIFO_II/gnuram_async_fifo.xpm_fifo_base_inst/gen_cdc_pntr.rd_pntr_cdc_inst/dest_graysync_ff_reg[0][3]
  -------------------------------------------------------------------
                         data arrival                           0.227    
                         clock arrival                         -1.375    
  -------------------------------------------------------------------
                         relative delay                         1.602    

Reference path:
    Location             Delay type                Incr(ns)  Path(ns)    Netlist Resource(s)
  -------------------------------------------------------------------    -------------------
                         (clock clk_out2_MicroblazeWithALS_clk_wiz_1_0 rise edge)
                                                      0.000     0.000 r  
    E3                                                0.000     0.000 r  sys_clock (IN)
                         net (fo=0)                   0.000     0.000    MicroblazeWithALS_i/clk_wiz_1/inst/clk_in1
    E3                   IBUF (Prop_ibuf_I_O)         1.411     1.411 r  MicroblazeWithALS_i/clk_wiz_1/inst/clkin1_ibufg/O
                         net (fo=1, routed)           1.162     2.573    MicroblazeWithALS_i/clk_wiz_1/inst/clk_in1_MicroblazeWithALS_clk_wiz_1_0
    MMCME2_ADV_X1Y2      MMCME2_ADV (Prop_mmcme2_adv_CLKIN1_CLKOUT1)
                                                     -7.324    -4.751 r  MicroblazeWithALS_i/clk_wiz_1/inst/mmcm_adv_inst/CLKOUT1
                         net (fo=1, routed)           1.639    -3.112    MicroblazeWithALS_i/clk_wiz_1/inst/clk_out2_MicroblazeWithALS_clk_wiz_1_0
    BUFGCTRL_X0Y16       BUFG (Prop_bufg_I_O)         0.091    -3.021 r  MicroblazeWithALS_i/clk_wiz_1/inst/clkout2_buf/O
                         net (fo=320, routed)         1.519    -1.501    MicroblazeWithALS_i/PmodOLEDrgb_0/inst/axi_quad_spi_0/U0/NO_DUAL_QUAD_MODE.QSPI_NORMAL/QSPI_LEGACY_MD_GEN.QSPI_CORE_INTERFACE_I/FIFO_EXISTS.TX_FIFO_II/gnuram_async_fifo.xpm_fifo_base_inst/gen_cdc_pntr.rd_pntr_cdc_inst/src_clk
    SLICE_X39Y98         FDRE                                         r  MicroblazeWithALS_i/PmodOLEDrgb_0/inst/axi_quad_spi_0/U0/NO_DUAL_QUAD_MODE.QSPI_NORMAL/QSPI_LEGACY_MD_GEN.QSPI_CORE_INTERFACE_I/FIFO_EXISTS.TX_FIFO_II/gnuram_async_fifo.xpm_fifo_base_inst/gen_cdc_pntr.rd_pntr_cdc_inst/src_gray_ff_reg[0]/C
  -------------------------------------------------------------------    -------------------
    SLICE_X39Y98         FDRE (Prop_fdre_C_Q)         0.367    -1.134 r  MicroblazeWithALS_i/PmodOLEDrgb_0/inst/axi_quad_spi_0/U0/NO_DUAL_QUAD_MODE.QSPI_NORMAL/QSPI_LEGACY_MD_GEN.QSPI_CORE_INTERFACE_I/FIFO_EXISTS.TX_FIFO_II/gnuram_async_fifo.xpm_fifo_base_inst/gen_cdc_pntr.rd_pntr_cdc_inst/src_gray_ff_reg[0]/Q
                         net (fo=1, routed)           0.531    -0.604    MicroblazeWithALS_i/PmodOLEDrgb_0/inst/axi_quad_spi_0/U0/NO_DUAL_QUAD_MODE.QSPI_NORMAL/QSPI_LEGACY_MD_GEN.QSPI_CORE_INTERFACE_I/FIFO_EXISTS.TX_FIFO_II/gnuram_async_fifo.xpm_fifo_base_inst/gen_cdc_pntr.rd_pntr_cdc_inst/async_path[0]
    SLICE_X41Y99         FDRE                                         r  MicroblazeWithALS_i/PmodOLEDrgb_0/inst/axi_quad_spi_0/U0/NO_DUAL_QUAD_MODE.QSPI_NORMAL/QSPI_LEGACY_MD_GEN.QSPI_CORE_INTERFACE_I/FIFO_EXISTS.TX_FIFO_II/gnuram_async_fifo.xpm_fifo_base_inst/gen_cdc_pntr.rd_pntr_cdc_inst/dest_graysync_ff_reg[0][0]/D
  -------------------------------------------------------------------    -------------------

                         (clock clk_out1_MicroblazeWithALS_clk_wiz_1_0_1 rise edge)
                                                      0.000     0.000 r  
    E3                                                0.000     0.000 r  sys_clock (IN)
                         net (fo=0)                   0.000     0.000    MicroblazeWithALS_i/clk_wiz_1/inst/clk_in1
    E3                   IBUF (Prop_ibuf_I_O)         1.482     1.482 r  MicroblazeWithALS_i/clk_wiz_1/inst/clkin1_ibufg/O
                         net (fo=1, routed)           1.233     2.715    MicroblazeWithALS_i/clk_wiz_1/inst/clk_in1_MicroblazeWithALS_clk_wiz_1_0
    MMCME2_ADV_X1Y2      MMCME2_ADV (Prop_mmcme2_adv_CLKIN1_CLKOUT0)
                                                     -7.070    -4.355 r  MicroblazeWithALS_i/clk_wiz_1/inst/mmcm_adv_inst/CLKOUT0
                         net (fo=1, routed)           1.719    -2.636    MicroblazeWithALS_i/clk_wiz_1/inst/clk_out1_MicroblazeWithALS_clk_wiz_1_0
    BUFGCTRL_X0Y17       BUFG (Prop_bufg_I_O)         0.096    -2.540 r  MicroblazeWithALS_i/clk_wiz_1/inst/clkout1_buf/O
                         net (fo=2128, routed)        1.640    -0.900    MicroblazeWithALS_i/PmodOLEDrgb_0/inst/axi_quad_spi_0/U0/NO_DUAL_QUAD_MODE.QSPI_NORMAL/QSPI_LEGACY_MD_GEN.QSPI_CORE_INTERFACE_I/FIFO_EXISTS.TX_FIFO_II/gnuram_async_fifo.xpm_fifo_base_inst/gen_cdc_pntr.rd_pntr_cdc_inst/dest_clk
    SLICE_X41Y99         FDRE                                         r  MicroblazeWithALS_i/PmodOLEDrgb_0/inst/axi_quad_spi_0/U0/NO_DUAL_QUAD_MODE.QSPI_NORMAL/QSPI_LEGACY_MD_GEN.QSPI_CORE_INTERFACE_I/FIFO_EXISTS.TX_FIFO_II/gnuram_async_fifo.xpm_fifo_base_inst/gen_cdc_pntr.rd_pntr_cdc_inst/dest_graysync_ff_reg[0][0]/C
                         clock pessimism             -0.395    -1.295    
    SLICE_X41Y99         FDRE (Hold_fdre_C_D)         0.169    -1.126    MicroblazeWithALS_i/PmodOLEDrgb_0/inst/axi_quad_spi_0/U0/NO_DUAL_QUAD_MODE.QSPI_NORMAL/QSPI_LEGACY_MD_GEN.QSPI_CORE_INTERFACE_I/FIFO_EXISTS.TX_FIFO_II/gnuram_async_fifo.xpm_fifo_base_inst/gen_cdc_pntr.rd_pntr_cdc_inst/dest_graysync_ff_reg[0][0]
  -------------------------------------------------------------------
                         data arrival                          -0.604    
                         clock arrival                         -1.126    
  -------------------------------------------------------------------
                         relative delay                         0.522    



Id: 2
set_bus_skew -from [get_cells [list {MicroblazeWithALS_i/PmodOLEDrgb_0/inst/axi_quad_spi_0/U0/NO_DUAL_QUAD_MODE.QSPI_NORMAL/QSPI_LEGACY_MD_GEN.QSPI_CORE_INTERFACE_I/FIFO_EXISTS.RX_FIFO_II/gnuram_async_fifo.xpm_fifo_base_inst/gen_cdc_pntr.wr_pntr_cdc_inst/src_gray_ff_reg[0]} {MicroblazeWithALS_i/PmodOLEDrgb_0/inst/axi_quad_spi_0/U0/NO_DUAL_QUAD_MODE.QSPI_NORMAL/QSPI_LEGACY_MD_GEN.QSPI_CORE_INTERFACE_I/FIFO_EXISTS.RX_FIFO_II/gnuram_async_fifo.xpm_fifo_base_inst/gen_cdc_pntr.wr_pntr_cdc_inst/src_gray_ff_reg[1]} {MicroblazeWithALS_i/PmodOLEDrgb_0/inst/axi_quad_spi_0/U0/NO_DUAL_QUAD_MODE.QSPI_NORMAL/QSPI_LEGACY_MD_GEN.QSPI_CORE_INTERFACE_I/FIFO_EXISTS.RX_FIFO_II/gnuram_async_fifo.xpm_fifo_base_inst/gen_cdc_pntr.wr_pntr_cdc_inst/src_gray_ff_reg[2]} {MicroblazeWithALS_i/PmodOLEDrgb_0/inst/axi_quad_spi_0/U0/NO_DUAL_QUAD_MODE.QSPI_NORMAL/QSPI_LEGACY_MD_GEN.QSPI_CORE_INTERFACE_I/FIFO_EXISTS.RX_FIFO_II/gnuram_async_fifo.xpm_fifo_base_inst/gen_cdc_pntr.wr_pntr_cdc_inst/src_gray_ff_reg[3]}]] -to [get_cells [list {MicroblazeWithALS_i/PmodOLEDrgb_0/inst/axi_quad_spi_0/U0/NO_DUAL_QUAD_MODE.QSPI_NORMAL/QSPI_LEGACY_MD_GEN.QSPI_CORE_INTERFACE_I/FIFO_EXISTS.RX_FIFO_II/gnuram_async_fifo.xpm_fifo_base_inst/gen_cdc_pntr.wr_pntr_cdc_inst/dest_graysync_ff_reg[0][0]} {MicroblazeWithALS_i/PmodOLEDrgb_0/inst/axi_quad_spi_0/U0/NO_DUAL_QUAD_MODE.QSPI_NORMAL/QSPI_LEGACY_MD_GEN.QSPI_CORE_INTERFACE_I/FIFO_EXISTS.RX_FIFO_II/gnuram_async_fifo.xpm_fifo_base_inst/gen_cdc_pntr.wr_pntr_cdc_inst/dest_graysync_ff_reg[0][1]} {MicroblazeWithALS_i/PmodOLEDrgb_0/inst/axi_quad_spi_0/U0/NO_DUAL_QUAD_MODE.QSPI_NORMAL/QSPI_LEGACY_MD_GEN.QSPI_CORE_INTERFACE_I/FIFO_EXISTS.RX_FIFO_II/gnuram_async_fifo.xpm_fifo_base_inst/gen_cdc_pntr.wr_pntr_cdc_inst/dest_graysync_ff_reg[0][2]} {MicroblazeWithALS_i/PmodOLEDrgb_0/inst/axi_quad_spi_0/U0/NO_DUAL_QUAD_MODE.QSPI_NORMAL/QSPI_LEGACY_MD_GEN.QSPI_CORE_INTERFACE_I/FIFO_EXISTS.RX_FIFO_II/gnuram_async_fifo.xpm_fifo_base_inst/gen_cdc_pntr.wr_pntr_cdc_inst/dest_graysync_ff_reg[0][3]}]] 10.000
Requirement: 10.000ns
Endpoints: 4

From Clock            To Clock              Endpoint Pin                    Reference Pin                   Corner  Actual(ns)  Slack(ns)
--------------------  --------------------  ------------------------------  ------------------------------  ------  ----------  ---------
clk_out2_MicroblazeWithALS_clk_wiz_1_0
                      clk_out1_MicroblazeWithALS_clk_wiz_1_0_1
                                            MicroblazeWithALS_i/PmodOLEDrgb_0/inst/axi_quad_spi_0/U0/NO_DUAL_QUAD_MODE.QSPI_NORMAL/QSPI_LEGACY_MD_GEN.QSPI_CORE_INTERFACE_I/FIFO_EXISTS.RX_FIFO_II/gnuram_async_fifo.xpm_fifo_base_inst/gen_cdc_pntr.wr_pntr_cdc_inst/dest_graysync_ff_reg[0][3]/D
                                                                            MicroblazeWithALS_i/PmodOLEDrgb_0/inst/axi_quad_spi_0/U0/NO_DUAL_QUAD_MODE.QSPI_NORMAL/QSPI_LEGACY_MD_GEN.QSPI_CORE_INTERFACE_I/FIFO_EXISTS.RX_FIFO_II/gnuram_async_fifo.xpm_fifo_base_inst/gen_cdc_pntr.wr_pntr_cdc_inst/dest_graysync_ff_reg[0][0]/D
                                                                                                            Slow         0.747      9.253


Slack (MET) :             9.253ns  (requirement - actual skew)
  Endpoint Source:        MicroblazeWithALS_i/PmodOLEDrgb_0/inst/axi_quad_spi_0/U0/NO_DUAL_QUAD_MODE.QSPI_NORMAL/QSPI_LEGACY_MD_GEN.QSPI_CORE_INTERFACE_I/FIFO_EXISTS.RX_FIFO_II/gnuram_async_fifo.xpm_fifo_base_inst/gen_cdc_pntr.wr_pntr_cdc_inst/src_gray_ff_reg[3]/C
                            (rising edge-triggered cell FDRE clocked by clk_out2_MicroblazeWithALS_clk_wiz_1_0)
  Endpoint Destination:   MicroblazeWithALS_i/PmodOLEDrgb_0/inst/axi_quad_spi_0/U0/NO_DUAL_QUAD_MODE.QSPI_NORMAL/QSPI_LEGACY_MD_GEN.QSPI_CORE_INTERFACE_I/FIFO_EXISTS.RX_FIFO_II/gnuram_async_fifo.xpm_fifo_base_inst/gen_cdc_pntr.wr_pntr_cdc_inst/dest_graysync_ff_reg[0][3]/D
                            (rising edge-triggered cell FDRE clocked by clk_out1_MicroblazeWithALS_clk_wiz_1_0_1)
  Reference Source:       MicroblazeWithALS_i/PmodOLEDrgb_0/inst/axi_quad_spi_0/U0/NO_DUAL_QUAD_MODE.QSPI_NORMAL/QSPI_LEGACY_MD_GEN.QSPI_CORE_INTERFACE_I/FIFO_EXISTS.RX_FIFO_II/gnuram_async_fifo.xpm_fifo_base_inst/gen_cdc_pntr.wr_pntr_cdc_inst/src_gray_ff_reg[0]/C
                            (rising edge-triggered cell FDRE clocked by clk_out2_MicroblazeWithALS_clk_wiz_1_0)
  Reference Destination:  MicroblazeWithALS_i/PmodOLEDrgb_0/inst/axi_quad_spi_0/U0/NO_DUAL_QUAD_MODE.QSPI_NORMAL/QSPI_LEGACY_MD_GEN.QSPI_CORE_INTERFACE_I/FIFO_EXISTS.RX_FIFO_II/gnuram_async_fifo.xpm_fifo_base_inst/gen_cdc_pntr.wr_pntr_cdc_inst/dest_graysync_ff_reg[0][0]/D
                            (rising edge-triggered cell FDRE clocked by clk_out1_MicroblazeWithALS_clk_wiz_1_0_1)
  Path Type:              Bus Skew (Max at Slow Process Corner)
  Requirement:            10.000ns
  Endpoint Relative Delay:    1.623ns
  Reference Relative Delay:   0.464ns
  Relative CRPR:              0.413ns
  Actual Bus Skew:            0.747ns  (Endpoint Relative Delay - Reference Relative Delay - Relative CRPR)

Endpoint path:
    Location             Delay type                Incr(ns)  Path(ns)    Netlist Resource(s)
  -------------------------------------------------------------------    -------------------
                         (clock clk_out2_MicroblazeWithALS_clk_wiz_1_0 rise edge)
                                                      0.000     0.000 r  
    E3                                                0.000     0.000 r  sys_clock (IN)
                         net (fo=0)                   0.000     0.000    MicroblazeWithALS_i/clk_wiz_1/inst/clk_in1
    E3                   IBUF (Prop_ibuf_I_O)         1.482     1.482 r  MicroblazeWithALS_i/clk_wiz_1/inst/clkin1_ibufg/O
                         net (fo=1, routed)           1.233     2.715    MicroblazeWithALS_i/clk_wiz_1/inst/clk_in1_MicroblazeWithALS_clk_wiz_1_0
    MMCME2_ADV_X1Y2      MMCME2_ADV (Prop_mmcme2_adv_CLKIN1_CLKOUT1)
                                                     -7.070    -4.355 r  MicroblazeWithALS_i/clk_wiz_1/inst/mmcm_adv_inst/CLKOUT1
                         net (fo=1, routed)           1.719    -2.636    MicroblazeWithALS_i/clk_wiz_1/inst/clk_out2_MicroblazeWithALS_clk_wiz_1_0
    BUFGCTRL_X0Y16       BUFG (Prop_bufg_I_O)         0.096    -2.540 r  MicroblazeWithALS_i/clk_wiz_1/inst/clkout2_buf/O
                         net (fo=320, routed)         1.640    -0.900    MicroblazeWithALS_i/PmodOLEDrgb_0/inst/axi_quad_spi_0/U0/NO_DUAL_QUAD_MODE.QSPI_NORMAL/QSPI_LEGACY_MD_GEN.QSPI_CORE_INTERFACE_I/FIFO_EXISTS.RX_FIFO_II/gnuram_async_fifo.xpm_fifo_base_inst/gen_cdc_pntr.wr_pntr_cdc_inst/src_clk
    SLICE_X29Y90         FDRE                                         r  MicroblazeWithALS_i/PmodOLEDrgb_0/inst/axi_quad_spi_0/U0/NO_DUAL_QUAD_MODE.QSPI_NORMAL/QSPI_LEGACY_MD_GEN.QSPI_CORE_INTERFACE_I/FIFO_EXISTS.RX_FIFO_II/gnuram_async_fifo.xpm_fifo_base_inst/gen_cdc_pntr.wr_pntr_cdc_inst/src_gray_ff_reg[3]/C
  -------------------------------------------------------------------    -------------------
    SLICE_X29Y90         FDRE (Prop_fdre_C_Q)         0.456    -0.444 r  MicroblazeWithALS_i/PmodOLEDrgb_0/inst/axi_quad_spi_0/U0/NO_DUAL_QUAD_MODE.QSPI_NORMAL/QSPI_LEGACY_MD_GEN.QSPI_CORE_INTERFACE_I/FIFO_EXISTS.RX_FIFO_II/gnuram_async_fifo.xpm_fifo_base_inst/gen_cdc_pntr.wr_pntr_cdc_inst/src_gray_ff_reg[3]/Q
                         net (fo=1, routed)           0.869     0.425    MicroblazeWithALS_i/PmodOLEDrgb_0/inst/axi_quad_spi_0/U0/NO_DUAL_QUAD_MODE.QSPI_NORMAL/QSPI_LEGACY_MD_GEN.QSPI_CORE_INTERFACE_I/FIFO_EXISTS.RX_FIFO_II/gnuram_async_fifo.xpm_fifo_base_inst/gen_cdc_pntr.wr_pntr_cdc_inst/async_path[3]
    SLICE_X29Y89         FDRE                                         r  MicroblazeWithALS_i/PmodOLEDrgb_0/inst/axi_quad_spi_0/U0/NO_DUAL_QUAD_MODE.QSPI_NORMAL/QSPI_LEGACY_MD_GEN.QSPI_CORE_INTERFACE_I/FIFO_EXISTS.RX_FIFO_II/gnuram_async_fifo.xpm_fifo_base_inst/gen_cdc_pntr.wr_pntr_cdc_inst/dest_graysync_ff_reg[0][3]/D
  -------------------------------------------------------------------    -------------------

                         (clock clk_out1_MicroblazeWithALS_clk_wiz_1_0_1 rise edge)
                                                      0.000     0.000 r  
    E3                                                0.000     0.000 r  sys_clock (IN)
                         net (fo=0)                   0.000     0.000    MicroblazeWithALS_i/clk_wiz_1/inst/clk_in1
    E3                   IBUF (Prop_ibuf_I_O)         1.411     1.411 r  MicroblazeWithALS_i/clk_wiz_1/inst/clkin1_ibufg/O
                         net (fo=1, routed)           1.162     2.573    MicroblazeWithALS_i/clk_wiz_1/inst/clk_in1_MicroblazeWithALS_clk_wiz_1_0
    MMCME2_ADV_X1Y2      MMCME2_ADV (Prop_mmcme2_adv_CLKIN1_CLKOUT0)
                                                     -7.324    -4.751 r  MicroblazeWithALS_i/clk_wiz_1/inst/mmcm_adv_inst/CLKOUT0
                         net (fo=1, routed)           1.639    -3.112    MicroblazeWithALS_i/clk_wiz_1/inst/clk_out1_MicroblazeWithALS_clk_wiz_1_0
    BUFGCTRL_X0Y17       BUFG (Prop_bufg_I_O)         0.091    -3.021 r  MicroblazeWithALS_i/clk_wiz_1/inst/clkout1_buf/O
                         net (fo=2128, routed)        1.519    -1.501    MicroblazeWithALS_i/PmodOLEDrgb_0/inst/axi_quad_spi_0/U0/NO_DUAL_QUAD_MODE.QSPI_NORMAL/QSPI_LEGACY_MD_GEN.QSPI_CORE_INTERFACE_I/FIFO_EXISTS.RX_FIFO_II/gnuram_async_fifo.xpm_fifo_base_inst/gen_cdc_pntr.wr_pntr_cdc_inst/dest_clk
    SLICE_X29Y89         FDRE                                         r  MicroblazeWithALS_i/PmodOLEDrgb_0/inst/axi_quad_spi_0/U0/NO_DUAL_QUAD_MODE.QSPI_NORMAL/QSPI_LEGACY_MD_GEN.QSPI_CORE_INTERFACE_I/FIFO_EXISTS.RX_FIFO_II/gnuram_async_fifo.xpm_fifo_base_inst/gen_cdc_pntr.wr_pntr_cdc_inst/dest_graysync_ff_reg[0][3]/C
                         clock pessimism              0.395    -1.106    
    SLICE_X29Y89         FDRE (Setup_fdre_C_D)       -0.092    -1.198    MicroblazeWithALS_i/PmodOLEDrgb_0/inst/axi_quad_spi_0/U0/NO_DUAL_QUAD_MODE.QSPI_NORMAL/QSPI_LEGACY_MD_GEN.QSPI_CORE_INTERFACE_I/FIFO_EXISTS.RX_FIFO_II/gnuram_async_fifo.xpm_fifo_base_inst/gen_cdc_pntr.wr_pntr_cdc_inst/dest_graysync_ff_reg[0][3]
  -------------------------------------------------------------------
                         data arrival                           0.425    
                         clock arrival                         -1.198    
  -------------------------------------------------------------------
                         relative delay                         1.623    

Reference path:
    Location             Delay type                Incr(ns)  Path(ns)    Netlist Resource(s)
  -------------------------------------------------------------------    -------------------
                         (clock clk_out2_MicroblazeWithALS_clk_wiz_1_0 rise edge)
                                                      0.000     0.000 r  
    E3                                                0.000     0.000 r  sys_clock (IN)
                         net (fo=0)                   0.000     0.000    MicroblazeWithALS_i/clk_wiz_1/inst/clk_in1
    E3                   IBUF (Prop_ibuf_I_O)         1.411     1.411 r  MicroblazeWithALS_i/clk_wiz_1/inst/clkin1_ibufg/O
                         net (fo=1, routed)           1.162     2.573    MicroblazeWithALS_i/clk_wiz_1/inst/clk_in1_MicroblazeWithALS_clk_wiz_1_0
    MMCME2_ADV_X1Y2      MMCME2_ADV (Prop_mmcme2_adv_CLKIN1_CLKOUT1)
                                                     -7.324    -4.751 r  MicroblazeWithALS_i/clk_wiz_1/inst/mmcm_adv_inst/CLKOUT1
                         net (fo=1, routed)           1.639    -3.112    MicroblazeWithALS_i/clk_wiz_1/inst/clk_out2_MicroblazeWithALS_clk_wiz_1_0
    BUFGCTRL_X0Y16       BUFG (Prop_bufg_I_O)         0.091    -3.021 r  MicroblazeWithALS_i/clk_wiz_1/inst/clkout2_buf/O
                         net (fo=320, routed)         1.519    -1.501    MicroblazeWithALS_i/PmodOLEDrgb_0/inst/axi_quad_spi_0/U0/NO_DUAL_QUAD_MODE.QSPI_NORMAL/QSPI_LEGACY_MD_GEN.QSPI_CORE_INTERFACE_I/FIFO_EXISTS.RX_FIFO_II/gnuram_async_fifo.xpm_fifo_base_inst/gen_cdc_pntr.wr_pntr_cdc_inst/src_clk
    SLICE_X29Y90         FDRE                                         r  MicroblazeWithALS_i/PmodOLEDrgb_0/inst/axi_quad_spi_0/U0/NO_DUAL_QUAD_MODE.QSPI_NORMAL/QSPI_LEGACY_MD_GEN.QSPI_CORE_INTERFACE_I/FIFO_EXISTS.RX_FIFO_II/gnuram_async_fifo.xpm_fifo_base_inst/gen_cdc_pntr.wr_pntr_cdc_inst/src_gray_ff_reg[0]/C
  -------------------------------------------------------------------    -------------------
    SLICE_X29Y90         FDRE (Prop_fdre_C_Q)         0.367    -1.134 r  MicroblazeWithALS_i/PmodOLEDrgb_0/inst/axi_quad_spi_0/U0/NO_DUAL_QUAD_MODE.QSPI_NORMAL/QSPI_LEGACY_MD_GEN.QSPI_CORE_INTERFACE_I/FIFO_EXISTS.RX_FIFO_II/gnuram_async_fifo.xpm_fifo_base_inst/gen_cdc_pntr.wr_pntr_cdc_inst/src_gray_ff_reg[0]/Q
                         net (fo=1, routed)           0.472    -0.662    MicroblazeWithALS_i/PmodOLEDrgb_0/inst/axi_quad_spi_0/U0/NO_DUAL_QUAD_MODE.QSPI_NORMAL/QSPI_LEGACY_MD_GEN.QSPI_CORE_INTERFACE_I/FIFO_EXISTS.RX_FIFO_II/gnuram_async_fifo.xpm_fifo_base_inst/gen_cdc_pntr.wr_pntr_cdc_inst/async_path[0]
    SLICE_X29Y89         FDRE                                         r  MicroblazeWithALS_i/PmodOLEDrgb_0/inst/axi_quad_spi_0/U0/NO_DUAL_QUAD_MODE.QSPI_NORMAL/QSPI_LEGACY_MD_GEN.QSPI_CORE_INTERFACE_I/FIFO_EXISTS.RX_FIFO_II/gnuram_async_fifo.xpm_fifo_base_inst/gen_cdc_pntr.wr_pntr_cdc_inst/dest_graysync_ff_reg[0][0]/D
  -------------------------------------------------------------------    -------------------

                         (clock clk_out1_MicroblazeWithALS_clk_wiz_1_0_1 rise edge)
                                                      0.000     0.000 r  
    E3                                                0.000     0.000 r  sys_clock (IN)
                         net (fo=0)                   0.000     0.000    MicroblazeWithALS_i/clk_wiz_1/inst/clk_in1
    E3                   IBUF (Prop_ibuf_I_O)         1.482     1.482 r  MicroblazeWithALS_i/clk_wiz_1/inst/clkin1_ibufg/O
                         net (fo=1, routed)           1.233     2.715    MicroblazeWithALS_i/clk_wiz_1/inst/clk_in1_MicroblazeWithALS_clk_wiz_1_0
    MMCME2_ADV_X1Y2      MMCME2_ADV (Prop_mmcme2_adv_CLKIN1_CLKOUT0)
                                                     -7.070    -4.355 r  MicroblazeWithALS_i/clk_wiz_1/inst/mmcm_adv_inst/CLKOUT0
                         net (fo=1, routed)           1.719    -2.636    MicroblazeWithALS_i/clk_wiz_1/inst/clk_out1_MicroblazeWithALS_clk_wiz_1_0
    BUFGCTRL_X0Y17       BUFG (Prop_bufg_I_O)         0.096    -2.540 r  MicroblazeWithALS_i/clk_wiz_1/inst/clkout1_buf/O
                         net (fo=2128, routed)        1.640    -0.900    MicroblazeWithALS_i/PmodOLEDrgb_0/inst/axi_quad_spi_0/U0/NO_DUAL_QUAD_MODE.QSPI_NORMAL/QSPI_LEGACY_MD_GEN.QSPI_CORE_INTERFACE_I/FIFO_EXISTS.RX_FIFO_II/gnuram_async_fifo.xpm_fifo_base_inst/gen_cdc_pntr.wr_pntr_cdc_inst/dest_clk
    SLICE_X29Y89         FDRE                                         r  MicroblazeWithALS_i/PmodOLEDrgb_0/inst/axi_quad_spi_0/U0/NO_DUAL_QUAD_MODE.QSPI_NORMAL/QSPI_LEGACY_MD_GEN.QSPI_CORE_INTERFACE_I/FIFO_EXISTS.RX_FIFO_II/gnuram_async_fifo.xpm_fifo_base_inst/gen_cdc_pntr.wr_pntr_cdc_inst/dest_graysync_ff_reg[0][0]/C
                         clock pessimism             -0.395    -1.295    
    SLICE_X29Y89         FDRE (Hold_fdre_C_D)         0.169    -1.126    MicroblazeWithALS_i/PmodOLEDrgb_0/inst/axi_quad_spi_0/U0/NO_DUAL_QUAD_MODE.QSPI_NORMAL/QSPI_LEGACY_MD_GEN.QSPI_CORE_INTERFACE_I/FIFO_EXISTS.RX_FIFO_II/gnuram_async_fifo.xpm_fifo_base_inst/gen_cdc_pntr.wr_pntr_cdc_inst/dest_graysync_ff_reg[0][0]
  -------------------------------------------------------------------
                         data arrival                          -0.662    
                         clock arrival                         -1.126    
  -------------------------------------------------------------------
                         relative delay                         0.464    



Id: 3
set_bus_skew -from [get_cells [list {MicroblazeWithALS_i/PmodOLEDrgb_0/inst/axi_quad_spi_0/U0/NO_DUAL_QUAD_MODE.QSPI_NORMAL/QSPI_LEGACY_MD_GEN.QSPI_CORE_INTERFACE_I/FIFO_EXISTS.RX_FIFO_II/gnuram_async_fifo.xpm_fifo_base_inst/gen_cdc_pntr.rd_pntr_cdc_inst/src_gray_ff_reg[0]} {MicroblazeWithALS_i/PmodOLEDrgb_0/inst/axi_quad_spi_0/U0/NO_DUAL_QUAD_MODE.QSPI_NORMAL/QSPI_LEGACY_MD_GEN.QSPI_CORE_INTERFACE_I/FIFO_EXISTS.RX_FIFO_II/gnuram_async_fifo.xpm_fifo_base_inst/gen_cdc_pntr.rd_pntr_cdc_inst/src_gray_ff_reg[1]} {MicroblazeWithALS_i/PmodOLEDrgb_0/inst/axi_quad_spi_0/U0/NO_DUAL_QUAD_MODE.QSPI_NORMAL/QSPI_LEGACY_MD_GEN.QSPI_CORE_INTERFACE_I/FIFO_EXISTS.RX_FIFO_II/gnuram_async_fifo.xpm_fifo_base_inst/gen_cdc_pntr.rd_pntr_cdc_inst/src_gray_ff_reg[2]} {MicroblazeWithALS_i/PmodOLEDrgb_0/inst/axi_quad_spi_0/U0/NO_DUAL_QUAD_MODE.QSPI_NORMAL/QSPI_LEGACY_MD_GEN.QSPI_CORE_INTERFACE_I/FIFO_EXISTS.RX_FIFO_II/gnuram_async_fifo.xpm_fifo_base_inst/gen_cdc_pntr.rd_pntr_cdc_inst/src_gray_ff_reg[3]}]] -to [get_cells [list {MicroblazeWithALS_i/PmodOLEDrgb_0/inst/axi_quad_spi_0/U0/NO_DUAL_QUAD_MODE.QSPI_NORMAL/QSPI_LEGACY_MD_GEN.QSPI_CORE_INTERFACE_I/FIFO_EXISTS.RX_FIFO_II/gnuram_async_fifo.xpm_fifo_base_inst/gen_cdc_pntr.rd_pntr_cdc_inst/dest_graysync_ff_reg[0][0]} {MicroblazeWithALS_i/PmodOLEDrgb_0/inst/axi_quad_spi_0/U0/NO_DUAL_QUAD_MODE.QSPI_NORMAL/QSPI_LEGACY_MD_GEN.QSPI_CORE_INTERFACE_I/FIFO_EXISTS.RX_FIFO_II/gnuram_async_fifo.xpm_fifo_base_inst/gen_cdc_pntr.rd_pntr_cdc_inst/dest_graysync_ff_reg[0][1]} {MicroblazeWithALS_i/PmodOLEDrgb_0/inst/axi_quad_spi_0/U0/NO_DUAL_QUAD_MODE.QSPI_NORMAL/QSPI_LEGACY_MD_GEN.QSPI_CORE_INTERFACE_I/FIFO_EXISTS.RX_FIFO_II/gnuram_async_fifo.xpm_fifo_base_inst/gen_cdc_pntr.rd_pntr_cdc_inst/dest_graysync_ff_reg[0][2]} {MicroblazeWithALS_i/PmodOLEDrgb_0/inst/axi_quad_spi_0/U0/NO_DUAL_QUAD_MODE.QSPI_NORMAL/QSPI_LEGACY_MD_GEN.QSPI_CORE_INTERFACE_I/FIFO_EXISTS.RX_FIFO_II/gnuram_async_fifo.xpm_fifo_base_inst/gen_cdc_pntr.rd_pntr_cdc_inst/dest_graysync_ff_reg[0][3]}]] 10.000
Requirement: 10.000ns
Endpoints: 4

From Clock            To Clock              Endpoint Pin                    Reference Pin                   Corner  Actual(ns)  Slack(ns)
--------------------  --------------------  ------------------------------  ------------------------------  ------  ----------  ---------
clk_out1_MicroblazeWithALS_clk_wiz_1_0
                      clk_out2_MicroblazeWithALS_clk_wiz_1_0_1
                                            MicroblazeWithALS_i/PmodOLEDrgb_0/inst/axi_quad_spi_0/U0/NO_DUAL_QUAD_MODE.QSPI_NORMAL/QSPI_LEGACY_MD_GEN.QSPI_CORE_INTERFACE_I/FIFO_EXISTS.RX_FIFO_II/gnuram_async_fifo.xpm_fifo_base_inst/gen_cdc_pntr.rd_pntr_cdc_inst/dest_graysync_ff_reg[0][0]/D
                                                                            MicroblazeWithALS_i/PmodOLEDrgb_0/inst/axi_quad_spi_0/U0/NO_DUAL_QUAD_MODE.QSPI_NORMAL/QSPI_LEGACY_MD_GEN.QSPI_CORE_INTERFACE_I/FIFO_EXISTS.RX_FIFO_II/gnuram_async_fifo.xpm_fifo_base_inst/gen_cdc_pntr.rd_pntr_cdc_inst/dest_graysync_ff_reg[0][3]/D
                                                                                                            Slow         0.537      9.463


Slack (MET) :             9.463ns  (requirement - actual skew)
  Endpoint Source:        MicroblazeWithALS_i/PmodOLEDrgb_0/inst/axi_quad_spi_0/U0/NO_DUAL_QUAD_MODE.QSPI_NORMAL/QSPI_LEGACY_MD_GEN.QSPI_CORE_INTERFACE_I/FIFO_EXISTS.RX_FIFO_II/gnuram_async_fifo.xpm_fifo_base_inst/gen_cdc_pntr.rd_pntr_cdc_inst/src_gray_ff_reg[0]/C
                            (rising edge-triggered cell FDRE clocked by clk_out1_MicroblazeWithALS_clk_wiz_1_0)
  Endpoint Destination:   MicroblazeWithALS_i/PmodOLEDrgb_0/inst/axi_quad_spi_0/U0/NO_DUAL_QUAD_MODE.QSPI_NORMAL/QSPI_LEGACY_MD_GEN.QSPI_CORE_INTERFACE_I/FIFO_EXISTS.RX_FIFO_II/gnuram_async_fifo.xpm_fifo_base_inst/gen_cdc_pntr.rd_pntr_cdc_inst/dest_graysync_ff_reg[0][0]/D
                            (rising edge-triggered cell FDRE clocked by clk_out2_MicroblazeWithALS_clk_wiz_1_0_1)
  Reference Source:       MicroblazeWithALS_i/PmodOLEDrgb_0/inst/axi_quad_spi_0/U0/NO_DUAL_QUAD_MODE.QSPI_NORMAL/QSPI_LEGACY_MD_GEN.QSPI_CORE_INTERFACE_I/FIFO_EXISTS.RX_FIFO_II/gnuram_async_fifo.xpm_fifo_base_inst/gen_cdc_pntr.rd_pntr_cdc_inst/src_gray_ff_reg[3]/C
                            (rising edge-triggered cell FDRE clocked by clk_out1_MicroblazeWithALS_clk_wiz_1_0)
  Reference Destination:  MicroblazeWithALS_i/PmodOLEDrgb_0/inst/axi_quad_spi_0/U0/NO_DUAL_QUAD_MODE.QSPI_NORMAL/QSPI_LEGACY_MD_GEN.QSPI_CORE_INTERFACE_I/FIFO_EXISTS.RX_FIFO_II/gnuram_async_fifo.xpm_fifo_base_inst/gen_cdc_pntr.rd_pntr_cdc_inst/dest_graysync_ff_reg[0][3]/D
                            (rising edge-triggered cell FDRE clocked by clk_out2_MicroblazeWithALS_clk_wiz_1_0_1)
  Path Type:              Bus Skew (Max at Slow Process Corner)
  Requirement:            10.000ns
  Endpoint Relative Delay:    1.401ns
  Reference Relative Delay:   0.477ns
  Relative CRPR:              0.388ns
  Actual Bus Skew:            0.537ns  (Endpoint Relative Delay - Reference Relative Delay - Relative CRPR)

Endpoint path:
    Location             Delay type                Incr(ns)  Path(ns)    Netlist Resource(s)
  -------------------------------------------------------------------    -------------------
                         (clock clk_out1_MicroblazeWithALS_clk_wiz_1_0 rise edge)
                                                      0.000     0.000 r  
    E3                                                0.000     0.000 r  sys_clock (IN)
                         net (fo=0)                   0.000     0.000    MicroblazeWithALS_i/clk_wiz_1/inst/clk_in1
    E3                   IBUF (Prop_ibuf_I_O)         1.482     1.482 r  MicroblazeWithALS_i/clk_wiz_1/inst/clkin1_ibufg/O
                         net (fo=1, routed)           1.233     2.715    MicroblazeWithALS_i/clk_wiz_1/inst/clk_in1_MicroblazeWithALS_clk_wiz_1_0
    MMCME2_ADV_X1Y2      MMCME2_ADV (Prop_mmcme2_adv_CLKIN1_CLKOUT0)
                                                     -7.070    -4.355 r  MicroblazeWithALS_i/clk_wiz_1/inst/mmcm_adv_inst/CLKOUT0
                         net (fo=1, routed)           1.719    -2.636    MicroblazeWithALS_i/clk_wiz_1/inst/clk_out1_MicroblazeWithALS_clk_wiz_1_0
    BUFGCTRL_X0Y17       BUFG (Prop_bufg_I_O)         0.096    -2.540 r  MicroblazeWithALS_i/clk_wiz_1/inst/clkout1_buf/O
                         net (fo=2128, routed)        1.641    -0.899    MicroblazeWithALS_i/PmodOLEDrgb_0/inst/axi_quad_spi_0/U0/NO_DUAL_QUAD_MODE.QSPI_NORMAL/QSPI_LEGACY_MD_GEN.QSPI_CORE_INTERFACE_I/FIFO_EXISTS.RX_FIFO_II/gnuram_async_fifo.xpm_fifo_base_inst/gen_cdc_pntr.rd_pntr_cdc_inst/src_clk
    SLICE_X28Y92         FDRE                                         r  MicroblazeWithALS_i/PmodOLEDrgb_0/inst/axi_quad_spi_0/U0/NO_DUAL_QUAD_MODE.QSPI_NORMAL/QSPI_LEGACY_MD_GEN.QSPI_CORE_INTERFACE_I/FIFO_EXISTS.RX_FIFO_II/gnuram_async_fifo.xpm_fifo_base_inst/gen_cdc_pntr.rd_pntr_cdc_inst/src_gray_ff_reg[0]/C
  -------------------------------------------------------------------    -------------------
    SLICE_X28Y92         FDRE (Prop_fdre_C_Q)         0.456    -0.443 r  MicroblazeWithALS_i/PmodOLEDrgb_0/inst/axi_quad_spi_0/U0/NO_DUAL_QUAD_MODE.QSPI_NORMAL/QSPI_LEGACY_MD_GEN.QSPI_CORE_INTERFACE_I/FIFO_EXISTS.RX_FIFO_II/gnuram_async_fifo.xpm_fifo_base_inst/gen_cdc_pntr.rd_pntr_cdc_inst/src_gray_ff_reg[0]/Q
                         net (fo=1, routed)           0.645     0.202    MicroblazeWithALS_i/PmodOLEDrgb_0/inst/axi_quad_spi_0/U0/NO_DUAL_QUAD_MODE.QSPI_NORMAL/QSPI_LEGACY_MD_GEN.QSPI_CORE_INTERFACE_I/FIFO_EXISTS.RX_FIFO_II/gnuram_async_fifo.xpm_fifo_base_inst/gen_cdc_pntr.rd_pntr_cdc_inst/async_path[0]
    SLICE_X28Y96         FDRE                                         r  MicroblazeWithALS_i/PmodOLEDrgb_0/inst/axi_quad_spi_0/U0/NO_DUAL_QUAD_MODE.QSPI_NORMAL/QSPI_LEGACY_MD_GEN.QSPI_CORE_INTERFACE_I/FIFO_EXISTS.RX_FIFO_II/gnuram_async_fifo.xpm_fifo_base_inst/gen_cdc_pntr.rd_pntr_cdc_inst/dest_graysync_ff_reg[0][0]/D
  -------------------------------------------------------------------    -------------------

                         (clock clk_out2_MicroblazeWithALS_clk_wiz_1_0_1 rise edge)
                                                      0.000     0.000 r  
    E3                                                0.000     0.000 r  sys_clock (IN)
                         net (fo=0)                   0.000     0.000    MicroblazeWithALS_i/clk_wiz_1/inst/clk_in1
    E3                   IBUF (Prop_ibuf_I_O)         1.411     1.411 r  MicroblazeWithALS_i/clk_wiz_1/inst/clkin1_ibufg/O
                         net (fo=1, routed)           1.162     2.573    MicroblazeWithALS_i/clk_wiz_1/inst/clk_in1_MicroblazeWithALS_clk_wiz_1_0
    MMCME2_ADV_X1Y2      MMCME2_ADV (Prop_mmcme2_adv_CLKIN1_CLKOUT1)
                                                     -7.324    -4.751 r  MicroblazeWithALS_i/clk_wiz_1/inst/mmcm_adv_inst/CLKOUT1
                         net (fo=1, routed)           1.639    -3.112    MicroblazeWithALS_i/clk_wiz_1/inst/clk_out2_MicroblazeWithALS_clk_wiz_1_0
    BUFGCTRL_X0Y16       BUFG (Prop_bufg_I_O)         0.091    -3.021 r  MicroblazeWithALS_i/clk_wiz_1/inst/clkout2_buf/O
                         net (fo=320, routed)         1.521    -1.499    MicroblazeWithALS_i/PmodOLEDrgb_0/inst/axi_quad_spi_0/U0/NO_DUAL_QUAD_MODE.QSPI_NORMAL/QSPI_LEGACY_MD_GEN.QSPI_CORE_INTERFACE_I/FIFO_EXISTS.RX_FIFO_II/gnuram_async_fifo.xpm_fifo_base_inst/gen_cdc_pntr.rd_pntr_cdc_inst/dest_clk
    SLICE_X28Y96         FDRE                                         r  MicroblazeWithALS_i/PmodOLEDrgb_0/inst/axi_quad_spi_0/U0/NO_DUAL_QUAD_MODE.QSPI_NORMAL/QSPI_LEGACY_MD_GEN.QSPI_CORE_INTERFACE_I/FIFO_EXISTS.RX_FIFO_II/gnuram_async_fifo.xpm_fifo_base_inst/gen_cdc_pntr.rd_pntr_cdc_inst/dest_graysync_ff_reg[0][0]/C
                         clock pessimism              0.395    -1.104    
    SLICE_X28Y96         FDRE (Setup_fdre_C_D)       -0.095    -1.199    MicroblazeWithALS_i/PmodOLEDrgb_0/inst/axi_quad_spi_0/U0/NO_DUAL_QUAD_MODE.QSPI_NORMAL/QSPI_LEGACY_MD_GEN.QSPI_CORE_INTERFACE_I/FIFO_EXISTS.RX_FIFO_II/gnuram_async_fifo.xpm_fifo_base_inst/gen_cdc_pntr.rd_pntr_cdc_inst/dest_graysync_ff_reg[0][0]
  -------------------------------------------------------------------
                         data arrival                           0.202    
                         clock arrival                         -1.199    
  -------------------------------------------------------------------
                         relative delay                         1.401    

Reference path:
    Location             Delay type                Incr(ns)  Path(ns)    Netlist Resource(s)
  -------------------------------------------------------------------    -------------------
                         (clock clk_out1_MicroblazeWithALS_clk_wiz_1_0 rise edge)
                                                      0.000     0.000 r  
    E3                                                0.000     0.000 r  sys_clock (IN)
                         net (fo=0)                   0.000     0.000    MicroblazeWithALS_i/clk_wiz_1/inst/clk_in1
    E3                   IBUF (Prop_ibuf_I_O)         1.411     1.411 r  MicroblazeWithALS_i/clk_wiz_1/inst/clkin1_ibufg/O
                         net (fo=1, routed)           1.162     2.573    MicroblazeWithALS_i/clk_wiz_1/inst/clk_in1_MicroblazeWithALS_clk_wiz_1_0
    MMCME2_ADV_X1Y2      MMCME2_ADV (Prop_mmcme2_adv_CLKIN1_CLKOUT0)
                                                     -7.324    -4.751 r  MicroblazeWithALS_i/clk_wiz_1/inst/mmcm_adv_inst/CLKOUT0
                         net (fo=1, routed)           1.639    -3.112    MicroblazeWithALS_i/clk_wiz_1/inst/clk_out1_MicroblazeWithALS_clk_wiz_1_0
    BUFGCTRL_X0Y17       BUFG (Prop_bufg_I_O)         0.091    -3.021 r  MicroblazeWithALS_i/clk_wiz_1/inst/clkout1_buf/O
                         net (fo=2128, routed)        1.521    -1.499    MicroblazeWithALS_i/PmodOLEDrgb_0/inst/axi_quad_spi_0/U0/NO_DUAL_QUAD_MODE.QSPI_NORMAL/QSPI_LEGACY_MD_GEN.QSPI_CORE_INTERFACE_I/FIFO_EXISTS.RX_FIFO_II/gnuram_async_fifo.xpm_fifo_base_inst/gen_cdc_pntr.rd_pntr_cdc_inst/src_clk
    SLICE_X29Y94         FDRE                                         r  MicroblazeWithALS_i/PmodOLEDrgb_0/inst/axi_quad_spi_0/U0/NO_DUAL_QUAD_MODE.QSPI_NORMAL/QSPI_LEGACY_MD_GEN.QSPI_CORE_INTERFACE_I/FIFO_EXISTS.RX_FIFO_II/gnuram_async_fifo.xpm_fifo_base_inst/gen_cdc_pntr.rd_pntr_cdc_inst/src_gray_ff_reg[3]/C
  -------------------------------------------------------------------    -------------------
    SLICE_X29Y94         FDRE (Prop_fdre_C_Q)         0.337    -1.162 r  MicroblazeWithALS_i/PmodOLEDrgb_0/inst/axi_quad_spi_0/U0/NO_DUAL_QUAD_MODE.QSPI_NORMAL/QSPI_LEGACY_MD_GEN.QSPI_CORE_INTERFACE_I/FIFO_EXISTS.RX_FIFO_II/gnuram_async_fifo.xpm_fifo_base_inst/gen_cdc_pntr.rd_pntr_cdc_inst/src_gray_ff_reg[3]/Q
                         net (fo=1, routed)           0.376    -0.786    MicroblazeWithALS_i/PmodOLEDrgb_0/inst/axi_quad_spi_0/U0/NO_DUAL_QUAD_MODE.QSPI_NORMAL/QSPI_LEGACY_MD_GEN.QSPI_CORE_INTERFACE_I/FIFO_EXISTS.RX_FIFO_II/gnuram_async_fifo.xpm_fifo_base_inst/gen_cdc_pntr.rd_pntr_cdc_inst/async_path[3]
    SLICE_X28Y96         FDRE                                         r  MicroblazeWithALS_i/PmodOLEDrgb_0/inst/axi_quad_spi_0/U0/NO_DUAL_QUAD_MODE.QSPI_NORMAL/QSPI_LEGACY_MD_GEN.QSPI_CORE_INTERFACE_I/FIFO_EXISTS.RX_FIFO_II/gnuram_async_fifo.xpm_fifo_base_inst/gen_cdc_pntr.rd_pntr_cdc_inst/dest_graysync_ff_reg[0][3]/D
  -------------------------------------------------------------------    -------------------

                         (clock clk_out2_MicroblazeWithALS_clk_wiz_1_0_1 rise edge)
                                                      0.000     0.000 r  
    E3                                                0.000     0.000 r  sys_clock (IN)
                         net (fo=0)                   0.000     0.000    MicroblazeWithALS_i/clk_wiz_1/inst/clk_in1
    E3                   IBUF (Prop_ibuf_I_O)         1.482     1.482 r  MicroblazeWithALS_i/clk_wiz_1/inst/clkin1_ibufg/O
                         net (fo=1, routed)           1.233     2.715    MicroblazeWithALS_i/clk_wiz_1/inst/clk_in1_MicroblazeWithALS_clk_wiz_1_0
    MMCME2_ADV_X1Y2      MMCME2_ADV (Prop_mmcme2_adv_CLKIN1_CLKOUT1)
                                                     -7.070    -4.355 r  MicroblazeWithALS_i/clk_wiz_1/inst/mmcm_adv_inst/CLKOUT1
                         net (fo=1, routed)           1.719    -2.636    MicroblazeWithALS_i/clk_wiz_1/inst/clk_out2_MicroblazeWithALS_clk_wiz_1_0
    BUFGCTRL_X0Y16       BUFG (Prop_bufg_I_O)         0.096    -2.540 r  MicroblazeWithALS_i/clk_wiz_1/inst/clkout2_buf/O
                         net (fo=320, routed)         1.642    -0.898    MicroblazeWithALS_i/PmodOLEDrgb_0/inst/axi_quad_spi_0/U0/NO_DUAL_QUAD_MODE.QSPI_NORMAL/QSPI_LEGACY_MD_GEN.QSPI_CORE_INTERFACE_I/FIFO_EXISTS.RX_FIFO_II/gnuram_async_fifo.xpm_fifo_base_inst/gen_cdc_pntr.rd_pntr_cdc_inst/dest_clk
    SLICE_X28Y96         FDRE                                         r  MicroblazeWithALS_i/PmodOLEDrgb_0/inst/axi_quad_spi_0/U0/NO_DUAL_QUAD_MODE.QSPI_NORMAL/QSPI_LEGACY_MD_GEN.QSPI_CORE_INTERFACE_I/FIFO_EXISTS.RX_FIFO_II/gnuram_async_fifo.xpm_fifo_base_inst/gen_cdc_pntr.rd_pntr_cdc_inst/dest_graysync_ff_reg[0][3]/C
                         clock pessimism             -0.395    -1.293    
    SLICE_X28Y96         FDRE (Hold_fdre_C_D)         0.030    -1.263    MicroblazeWithALS_i/PmodOLEDrgb_0/inst/axi_quad_spi_0/U0/NO_DUAL_QUAD_MODE.QSPI_NORMAL/QSPI_LEGACY_MD_GEN.QSPI_CORE_INTERFACE_I/FIFO_EXISTS.RX_FIFO_II/gnuram_async_fifo.xpm_fifo_base_inst/gen_cdc_pntr.rd_pntr_cdc_inst/dest_graysync_ff_reg[0][3]
  -------------------------------------------------------------------
                         data arrival                          -0.786    
                         clock arrival                         -1.263    
  -------------------------------------------------------------------
                         relative delay                         0.477    



Id: 4
set_bus_skew -from [get_cells [list {MicroblazeWithALS_i/PmodOLEDrgb_0/inst/axi_quad_spi_0/U0/NO_DUAL_QUAD_MODE.QSPI_NORMAL/QSPI_LEGACY_MD_GEN.QSPI_CORE_INTERFACE_I/FIFO_EXISTS.TX_FIFO_II/gnuram_async_fifo.xpm_fifo_base_inst/gen_cdc_pntr.wr_pntr_cdc_inst/src_gray_ff_reg[0]} {MicroblazeWithALS_i/PmodOLEDrgb_0/inst/axi_quad_spi_0/U0/NO_DUAL_QUAD_MODE.QSPI_NORMAL/QSPI_LEGACY_MD_GEN.QSPI_CORE_INTERFACE_I/FIFO_EXISTS.TX_FIFO_II/gnuram_async_fifo.xpm_fifo_base_inst/gen_cdc_pntr.wr_pntr_cdc_inst/src_gray_ff_reg[1]} {MicroblazeWithALS_i/PmodOLEDrgb_0/inst/axi_quad_spi_0/U0/NO_DUAL_QUAD_MODE.QSPI_NORMAL/QSPI_LEGACY_MD_GEN.QSPI_CORE_INTERFACE_I/FIFO_EXISTS.TX_FIFO_II/gnuram_async_fifo.xpm_fifo_base_inst/gen_cdc_pntr.wr_pntr_cdc_inst/src_gray_ff_reg[2]} {MicroblazeWithALS_i/PmodOLEDrgb_0/inst/axi_quad_spi_0/U0/NO_DUAL_QUAD_MODE.QSPI_NORMAL/QSPI_LEGACY_MD_GEN.QSPI_CORE_INTERFACE_I/FIFO_EXISTS.TX_FIFO_II/gnuram_async_fifo.xpm_fifo_base_inst/gen_cdc_pntr.wr_pntr_cdc_inst/src_gray_ff_reg[3]}]] -to [get_cells [list {MicroblazeWithALS_i/PmodOLEDrgb_0/inst/axi_quad_spi_0/U0/NO_DUAL_QUAD_MODE.QSPI_NORMAL/QSPI_LEGACY_MD_GEN.QSPI_CORE_INTERFACE_I/FIFO_EXISTS.TX_FIFO_II/gnuram_async_fifo.xpm_fifo_base_inst/gen_cdc_pntr.wr_pntr_cdc_inst/dest_graysync_ff_reg[0][0]} {MicroblazeWithALS_i/PmodOLEDrgb_0/inst/axi_quad_spi_0/U0/NO_DUAL_QUAD_MODE.QSPI_NORMAL/QSPI_LEGACY_MD_GEN.QSPI_CORE_INTERFACE_I/FIFO_EXISTS.TX_FIFO_II/gnuram_async_fifo.xpm_fifo_base_inst/gen_cdc_pntr.wr_pntr_cdc_inst/dest_graysync_ff_reg[0][1]} {MicroblazeWithALS_i/PmodOLEDrgb_0/inst/axi_quad_spi_0/U0/NO_DUAL_QUAD_MODE.QSPI_NORMAL/QSPI_LEGACY_MD_GEN.QSPI_CORE_INTERFACE_I/FIFO_EXISTS.TX_FIFO_II/gnuram_async_fifo.xpm_fifo_base_inst/gen_cdc_pntr.wr_pntr_cdc_inst/dest_graysync_ff_reg[0][2]} {MicroblazeWithALS_i/PmodOLEDrgb_0/inst/axi_quad_spi_0/U0/NO_DUAL_QUAD_MODE.QSPI_NORMAL/QSPI_LEGACY_MD_GEN.QSPI_CORE_INTERFACE_I/FIFO_EXISTS.TX_FIFO_II/gnuram_async_fifo.xpm_fifo_base_inst/gen_cdc_pntr.wr_pntr_cdc_inst/dest_graysync_ff_reg[0][3]}]] 10.000
Requirement: 10.000ns
Endpoints: 4

From Clock            To Clock              Endpoint Pin                    Reference Pin                   Corner  Actual(ns)  Slack(ns)
--------------------  --------------------  ------------------------------  ------------------------------  ------  ----------  ---------
clk_out1_MicroblazeWithALS_clk_wiz_1_0
                      clk_out2_MicroblazeWithALS_clk_wiz_1_0_1
                                            MicroblazeWithALS_i/PmodOLEDrgb_0/inst/axi_quad_spi_0/U0/NO_DUAL_QUAD_MODE.QSPI_NORMAL/QSPI_LEGACY_MD_GEN.QSPI_CORE_INTERFACE_I/FIFO_EXISTS.TX_FIFO_II/gnuram_async_fifo.xpm_fifo_base_inst/gen_cdc_pntr.wr_pntr_cdc_inst/dest_graysync_ff_reg[0][3]/D
                                                                            MicroblazeWithALS_i/PmodOLEDrgb_0/inst/axi_quad_spi_0/U0/NO_DUAL_QUAD_MODE.QSPI_NORMAL/QSPI_LEGACY_MD_GEN.QSPI_CORE_INTERFACE_I/FIFO_EXISTS.TX_FIFO_II/gnuram_async_fifo.xpm_fifo_base_inst/gen_cdc_pntr.wr_pntr_cdc_inst/dest_graysync_ff_reg[0][0]/D
                                                                                                            Slow         0.614      9.386


Slack (MET) :             9.386ns  (requirement - actual skew)
  Endpoint Source:        MicroblazeWithALS_i/PmodOLEDrgb_0/inst/axi_quad_spi_0/U0/NO_DUAL_QUAD_MODE.QSPI_NORMAL/QSPI_LEGACY_MD_GEN.QSPI_CORE_INTERFACE_I/FIFO_EXISTS.TX_FIFO_II/gnuram_async_fifo.xpm_fifo_base_inst/gen_cdc_pntr.wr_pntr_cdc_inst/src_gray_ff_reg[3]/C
                            (rising edge-triggered cell FDRE clocked by clk_out1_MicroblazeWithALS_clk_wiz_1_0)
  Endpoint Destination:   MicroblazeWithALS_i/PmodOLEDrgb_0/inst/axi_quad_spi_0/U0/NO_DUAL_QUAD_MODE.QSPI_NORMAL/QSPI_LEGACY_MD_GEN.QSPI_CORE_INTERFACE_I/FIFO_EXISTS.TX_FIFO_II/gnuram_async_fifo.xpm_fifo_base_inst/gen_cdc_pntr.wr_pntr_cdc_inst/dest_graysync_ff_reg[0][3]/D
                            (rising edge-triggered cell FDRE clocked by clk_out2_MicroblazeWithALS_clk_wiz_1_0_1)
  Reference Source:       MicroblazeWithALS_i/PmodOLEDrgb_0/inst/axi_quad_spi_0/U0/NO_DUAL_QUAD_MODE.QSPI_NORMAL/QSPI_LEGACY_MD_GEN.QSPI_CORE_INTERFACE_I/FIFO_EXISTS.TX_FIFO_II/gnuram_async_fifo.xpm_fifo_base_inst/gen_cdc_pntr.wr_pntr_cdc_inst/src_gray_ff_reg[0]/C
                            (rising edge-triggered cell FDRE clocked by clk_out1_MicroblazeWithALS_clk_wiz_1_0)
  Reference Destination:  MicroblazeWithALS_i/PmodOLEDrgb_0/inst/axi_quad_spi_0/U0/NO_DUAL_QUAD_MODE.QSPI_NORMAL/QSPI_LEGACY_MD_GEN.QSPI_CORE_INTERFACE_I/FIFO_EXISTS.TX_FIFO_II/gnuram_async_fifo.xpm_fifo_base_inst/gen_cdc_pntr.wr_pntr_cdc_inst/dest_graysync_ff_reg[0][0]/D
                            (rising edge-triggered cell FDRE clocked by clk_out2_MicroblazeWithALS_clk_wiz_1_0_1)
  Path Type:              Bus Skew (Max at Slow Process Corner)
  Requirement:            10.000ns
  Endpoint Relative Delay:    1.343ns
  Reference Relative Delay:   0.401ns
  Relative CRPR:              0.329ns
  Actual Bus Skew:            0.614ns  (Endpoint Relative Delay - Reference Relative Delay - Relative CRPR)

Endpoint path:
    Location             Delay type                Incr(ns)  Path(ns)    Netlist Resource(s)
  -------------------------------------------------------------------    -------------------
                         (clock clk_out1_MicroblazeWithALS_clk_wiz_1_0 rise edge)
                                                      0.000     0.000 r  
    E3                                                0.000     0.000 r  sys_clock (IN)
                         net (fo=0)                   0.000     0.000    MicroblazeWithALS_i/clk_wiz_1/inst/clk_in1
    E3                   IBUF (Prop_ibuf_I_O)         1.482     1.482 r  MicroblazeWithALS_i/clk_wiz_1/inst/clkin1_ibufg/O
                         net (fo=1, routed)           1.233     2.715    MicroblazeWithALS_i/clk_wiz_1/inst/clk_in1_MicroblazeWithALS_clk_wiz_1_0
    MMCME2_ADV_X1Y2      MMCME2_ADV (Prop_mmcme2_adv_CLKIN1_CLKOUT0)
                                                     -7.070    -4.355 r  MicroblazeWithALS_i/clk_wiz_1/inst/mmcm_adv_inst/CLKOUT0
                         net (fo=1, routed)           1.719    -2.636    MicroblazeWithALS_i/clk_wiz_1/inst/clk_out1_MicroblazeWithALS_clk_wiz_1_0
    BUFGCTRL_X0Y17       BUFG (Prop_bufg_I_O)         0.096    -2.540 r  MicroblazeWithALS_i/clk_wiz_1/inst/clkout1_buf/O
                         net (fo=2128, routed)        1.639    -0.901    MicroblazeWithALS_i/PmodOLEDrgb_0/inst/axi_quad_spi_0/U0/NO_DUAL_QUAD_MODE.QSPI_NORMAL/QSPI_LEGACY_MD_GEN.QSPI_CORE_INTERFACE_I/FIFO_EXISTS.TX_FIFO_II/gnuram_async_fifo.xpm_fifo_base_inst/gen_cdc_pntr.wr_pntr_cdc_inst/src_clk
    SLICE_X41Y95         FDRE                                         r  MicroblazeWithALS_i/PmodOLEDrgb_0/inst/axi_quad_spi_0/U0/NO_DUAL_QUAD_MODE.QSPI_NORMAL/QSPI_LEGACY_MD_GEN.QSPI_CORE_INTERFACE_I/FIFO_EXISTS.TX_FIFO_II/gnuram_async_fifo.xpm_fifo_base_inst/gen_cdc_pntr.wr_pntr_cdc_inst/src_gray_ff_reg[3]/C
  -------------------------------------------------------------------    -------------------
    SLICE_X41Y95         FDRE (Prop_fdre_C_Q)         0.456    -0.445 r  MicroblazeWithALS_i/PmodOLEDrgb_0/inst/axi_quad_spi_0/U0/NO_DUAL_QUAD_MODE.QSPI_NORMAL/QSPI_LEGACY_MD_GEN.QSPI_CORE_INTERFACE_I/FIFO_EXISTS.TX_FIFO_II/gnuram_async_fifo.xpm_fifo_base_inst/gen_cdc_pntr.wr_pntr_cdc_inst/src_gray_ff_reg[3]/Q
                         net (fo=1, routed)           0.583     0.138    MicroblazeWithALS_i/PmodOLEDrgb_0/inst/axi_quad_spi_0/U0/NO_DUAL_QUAD_MODE.QSPI_NORMAL/QSPI_LEGACY_MD_GEN.QSPI_CORE_INTERFACE_I/FIFO_EXISTS.TX_FIFO_II/gnuram_async_fifo.xpm_fifo_base_inst/gen_cdc_pntr.wr_pntr_cdc_inst/async_path[3]
    SLICE_X43Y96         FDRE                                         r  MicroblazeWithALS_i/PmodOLEDrgb_0/inst/axi_quad_spi_0/U0/NO_DUAL_QUAD_MODE.QSPI_NORMAL/QSPI_LEGACY_MD_GEN.QSPI_CORE_INTERFACE_I/FIFO_EXISTS.TX_FIFO_II/gnuram_async_fifo.xpm_fifo_base_inst/gen_cdc_pntr.wr_pntr_cdc_inst/dest_graysync_ff_reg[0][3]/D
  -------------------------------------------------------------------    -------------------

                         (clock clk_out2_MicroblazeWithALS_clk_wiz_1_0_1 rise edge)
                                                      0.000     0.000 r  
    E3                                                0.000     0.000 r  sys_clock (IN)
                         net (fo=0)                   0.000     0.000    MicroblazeWithALS_i/clk_wiz_1/inst/clk_in1
    E3                   IBUF (Prop_ibuf_I_O)         1.411     1.411 r  MicroblazeWithALS_i/clk_wiz_1/inst/clkin1_ibufg/O
                         net (fo=1, routed)           1.162     2.573    MicroblazeWithALS_i/clk_wiz_1/inst/clk_in1_MicroblazeWithALS_clk_wiz_1_0
    MMCME2_ADV_X1Y2      MMCME2_ADV (Prop_mmcme2_adv_CLKIN1_CLKOUT1)
                                                     -7.324    -4.751 r  MicroblazeWithALS_i/clk_wiz_1/inst/mmcm_adv_inst/CLKOUT1
                         net (fo=1, routed)           1.639    -3.112    MicroblazeWithALS_i/clk_wiz_1/inst/clk_out2_MicroblazeWithALS_clk_wiz_1_0
    BUFGCTRL_X0Y16       BUFG (Prop_bufg_I_O)         0.091    -3.021 r  MicroblazeWithALS_i/clk_wiz_1/inst/clkout2_buf/O
                         net (fo=320, routed)         1.515    -1.505    MicroblazeWithALS_i/PmodOLEDrgb_0/inst/axi_quad_spi_0/U0/NO_DUAL_QUAD_MODE.QSPI_NORMAL/QSPI_LEGACY_MD_GEN.QSPI_CORE_INTERFACE_I/FIFO_EXISTS.TX_FIFO_II/gnuram_async_fifo.xpm_fifo_base_inst/gen_cdc_pntr.wr_pntr_cdc_inst/dest_clk
    SLICE_X43Y96         FDRE                                         r  MicroblazeWithALS_i/PmodOLEDrgb_0/inst/axi_quad_spi_0/U0/NO_DUAL_QUAD_MODE.QSPI_NORMAL/QSPI_LEGACY_MD_GEN.QSPI_CORE_INTERFACE_I/FIFO_EXISTS.TX_FIFO_II/gnuram_async_fifo.xpm_fifo_base_inst/gen_cdc_pntr.wr_pntr_cdc_inst/dest_graysync_ff_reg[0][3]/C
                         clock pessimism              0.395    -1.110    
    SLICE_X43Y96         FDRE (Setup_fdre_C_D)       -0.095    -1.205    MicroblazeWithALS_i/PmodOLEDrgb_0/inst/axi_quad_spi_0/U0/NO_DUAL_QUAD_MODE.QSPI_NORMAL/QSPI_LEGACY_MD_GEN.QSPI_CORE_INTERFACE_I/FIFO_EXISTS.TX_FIFO_II/gnuram_async_fifo.xpm_fifo_base_inst/gen_cdc_pntr.wr_pntr_cdc_inst/dest_graysync_ff_reg[0][3]
  -------------------------------------------------------------------
                         data arrival                           0.138    
                         clock arrival                         -1.205    
  -------------------------------------------------------------------
                         relative delay                         1.343    

Reference path:
    Location             Delay type                Incr(ns)  Path(ns)    Netlist Resource(s)
  -------------------------------------------------------------------    -------------------
                         (clock clk_out1_MicroblazeWithALS_clk_wiz_1_0 rise edge)
                                                      0.000     0.000 r  
    E3                                                0.000     0.000 r  sys_clock (IN)
                         net (fo=0)                   0.000     0.000    MicroblazeWithALS_i/clk_wiz_1/inst/clk_in1
    E3                   IBUF (Prop_ibuf_I_O)         1.411     1.411 r  MicroblazeWithALS_i/clk_wiz_1/inst/clkin1_ibufg/O
                         net (fo=1, routed)           1.162     2.573    MicroblazeWithALS_i/clk_wiz_1/inst/clk_in1_MicroblazeWithALS_clk_wiz_1_0
    MMCME2_ADV_X1Y2      MMCME2_ADV (Prop_mmcme2_adv_CLKIN1_CLKOUT0)
                                                     -7.324    -4.751 r  MicroblazeWithALS_i/clk_wiz_1/inst/mmcm_adv_inst/CLKOUT0
                         net (fo=1, routed)           1.639    -3.112    MicroblazeWithALS_i/clk_wiz_1/inst/clk_out1_MicroblazeWithALS_clk_wiz_1_0
    BUFGCTRL_X0Y17       BUFG (Prop_bufg_I_O)         0.091    -3.021 r  MicroblazeWithALS_i/clk_wiz_1/inst/clkout1_buf/O
                         net (fo=2128, routed)        1.519    -1.501    MicroblazeWithALS_i/PmodOLEDrgb_0/inst/axi_quad_spi_0/U0/NO_DUAL_QUAD_MODE.QSPI_NORMAL/QSPI_LEGACY_MD_GEN.QSPI_CORE_INTERFACE_I/FIFO_EXISTS.TX_FIFO_II/gnuram_async_fifo.xpm_fifo_base_inst/gen_cdc_pntr.wr_pntr_cdc_inst/src_clk
    SLICE_X37Y95         FDRE                                         r  MicroblazeWithALS_i/PmodOLEDrgb_0/inst/axi_quad_spi_0/U0/NO_DUAL_QUAD_MODE.QSPI_NORMAL/QSPI_LEGACY_MD_GEN.QSPI_CORE_INTERFACE_I/FIFO_EXISTS.TX_FIFO_II/gnuram_async_fifo.xpm_fifo_base_inst/gen_cdc_pntr.wr_pntr_cdc_inst/src_gray_ff_reg[0]/C
  -------------------------------------------------------------------    -------------------
    SLICE_X37Y95         FDRE (Prop_fdre_C_Q)         0.367    -1.134 r  MicroblazeWithALS_i/PmodOLEDrgb_0/inst/axi_quad_spi_0/U0/NO_DUAL_QUAD_MODE.QSPI_NORMAL/QSPI_LEGACY_MD_GEN.QSPI_CORE_INTERFACE_I/FIFO_EXISTS.TX_FIFO_II/gnuram_async_fifo.xpm_fifo_base_inst/gen_cdc_pntr.wr_pntr_cdc_inst/src_gray_ff_reg[0]/Q
                         net (fo=1, routed)           0.409    -0.725    MicroblazeWithALS_i/PmodOLEDrgb_0/inst/axi_quad_spi_0/U0/NO_DUAL_QUAD_MODE.QSPI_NORMAL/QSPI_LEGACY_MD_GEN.QSPI_CORE_INTERFACE_I/FIFO_EXISTS.TX_FIFO_II/gnuram_async_fifo.xpm_fifo_base_inst/gen_cdc_pntr.wr_pntr_cdc_inst/async_path[0]
    SLICE_X36Y96         FDRE                                         r  MicroblazeWithALS_i/PmodOLEDrgb_0/inst/axi_quad_spi_0/U0/NO_DUAL_QUAD_MODE.QSPI_NORMAL/QSPI_LEGACY_MD_GEN.QSPI_CORE_INTERFACE_I/FIFO_EXISTS.TX_FIFO_II/gnuram_async_fifo.xpm_fifo_base_inst/gen_cdc_pntr.wr_pntr_cdc_inst/dest_graysync_ff_reg[0][0]/D
  -------------------------------------------------------------------    -------------------

                         (clock clk_out2_MicroblazeWithALS_clk_wiz_1_0_1 rise edge)
                                                      0.000     0.000 r  
    E3                                                0.000     0.000 r  sys_clock (IN)
                         net (fo=0)                   0.000     0.000    MicroblazeWithALS_i/clk_wiz_1/inst/clk_in1
    E3                   IBUF (Prop_ibuf_I_O)         1.482     1.482 r  MicroblazeWithALS_i/clk_wiz_1/inst/clkin1_ibufg/O
                         net (fo=1, routed)           1.233     2.715    MicroblazeWithALS_i/clk_wiz_1/inst/clk_in1_MicroblazeWithALS_clk_wiz_1_0
    MMCME2_ADV_X1Y2      MMCME2_ADV (Prop_mmcme2_adv_CLKIN1_CLKOUT1)
                                                     -7.070    -4.355 r  MicroblazeWithALS_i/clk_wiz_1/inst/mmcm_adv_inst/CLKOUT1
                         net (fo=1, routed)           1.719    -2.636    MicroblazeWithALS_i/clk_wiz_1/inst/clk_out2_MicroblazeWithALS_clk_wiz_1_0
    BUFGCTRL_X0Y16       BUFG (Prop_bufg_I_O)         0.096    -2.540 r  MicroblazeWithALS_i/clk_wiz_1/inst/clkout2_buf/O
                         net (fo=320, routed)         1.640    -0.900    MicroblazeWithALS_i/PmodOLEDrgb_0/inst/axi_quad_spi_0/U0/NO_DUAL_QUAD_MODE.QSPI_NORMAL/QSPI_LEGACY_MD_GEN.QSPI_CORE_INTERFACE_I/FIFO_EXISTS.TX_FIFO_II/gnuram_async_fifo.xpm_fifo_base_inst/gen_cdc_pntr.wr_pntr_cdc_inst/dest_clk
    SLICE_X36Y96         FDRE                                         r  MicroblazeWithALS_i/PmodOLEDrgb_0/inst/axi_quad_spi_0/U0/NO_DUAL_QUAD_MODE.QSPI_NORMAL/QSPI_LEGACY_MD_GEN.QSPI_CORE_INTERFACE_I/FIFO_EXISTS.TX_FIFO_II/gnuram_async_fifo.xpm_fifo_base_inst/gen_cdc_pntr.wr_pntr_cdc_inst/dest_graysync_ff_reg[0][0]/C
                         clock pessimism             -0.395    -1.295    
    SLICE_X36Y96         FDRE (Hold_fdre_C_D)         0.169    -1.126    MicroblazeWithALS_i/PmodOLEDrgb_0/inst/axi_quad_spi_0/U0/NO_DUAL_QUAD_MODE.QSPI_NORMAL/QSPI_LEGACY_MD_GEN.QSPI_CORE_INTERFACE_I/FIFO_EXISTS.TX_FIFO_II/gnuram_async_fifo.xpm_fifo_base_inst/gen_cdc_pntr.wr_pntr_cdc_inst/dest_graysync_ff_reg[0][0]
  -------------------------------------------------------------------
                         data arrival                          -0.725    
                         clock arrival                         -1.126    
  -------------------------------------------------------------------
                         relative delay                         0.401    



Id: 5
set_bus_skew -from [get_cells [list {MicroblazeWithALS_i/PmodOLEDrgb_0/inst/axi_quad_spi_0/U0/NO_DUAL_QUAD_MODE.QSPI_NORMAL/QSPI_LEGACY_MD_GEN.QSPI_CORE_INTERFACE_I/FIFO_EXISTS.TX_FIFO_II/gnuram_async_fifo.xpm_fifo_base_inst/gen_cdc_pntr.wr_pntr_cdc_dc_inst/src_gray_ff_reg[0]} {MicroblazeWithALS_i/PmodOLEDrgb_0/inst/axi_quad_spi_0/U0/NO_DUAL_QUAD_MODE.QSPI_NORMAL/QSPI_LEGACY_MD_GEN.QSPI_CORE_INTERFACE_I/FIFO_EXISTS.TX_FIFO_II/gnuram_async_fifo.xpm_fifo_base_inst/gen_cdc_pntr.wr_pntr_cdc_dc_inst/src_gray_ff_reg[1]} {MicroblazeWithALS_i/PmodOLEDrgb_0/inst/axi_quad_spi_0/U0/NO_DUAL_QUAD_MODE.QSPI_NORMAL/QSPI_LEGACY_MD_GEN.QSPI_CORE_INTERFACE_I/FIFO_EXISTS.TX_FIFO_II/gnuram_async_fifo.xpm_fifo_base_inst/gen_cdc_pntr.wr_pntr_cdc_dc_inst/src_gray_ff_reg[2]} {MicroblazeWithALS_i/PmodOLEDrgb_0/inst/axi_quad_spi_0/U0/NO_DUAL_QUAD_MODE.QSPI_NORMAL/QSPI_LEGACY_MD_GEN.QSPI_CORE_INTERFACE_I/FIFO_EXISTS.TX_FIFO_II/gnuram_async_fifo.xpm_fifo_base_inst/gen_cdc_pntr.wr_pntr_cdc_dc_inst/src_gray_ff_reg[3]} {MicroblazeWithALS_i/PmodOLEDrgb_0/inst/axi_quad_spi_0/U0/NO_DUAL_QUAD_MODE.QSPI_NORMAL/QSPI_LEGACY_MD_GEN.QSPI_CORE_INTERFACE_I/FIFO_EXISTS.TX_FIFO_II/gnuram_async_fifo.xpm_fifo_base_inst/gen_cdc_pntr.wr_pntr_cdc_dc_inst/src_gray_ff_reg[4]}]] -to [get_cells [list {MicroblazeWithALS_i/PmodOLEDrgb_0/inst/axi_quad_spi_0/U0/NO_DUAL_QUAD_MODE.QSPI_NORMAL/QSPI_LEGACY_MD_GEN.QSPI_CORE_INTERFACE_I/FIFO_EXISTS.TX_FIFO_II/gnuram_async_fifo.xpm_fifo_base_inst/gen_cdc_pntr.wr_pntr_cdc_dc_inst/dest_graysync_ff_reg[0][0]} {MicroblazeWithALS_i/PmodOLEDrgb_0/inst/axi_quad_spi_0/U0/NO_DUAL_QUAD_MODE.QSPI_NORMAL/QSPI_LEGACY_MD_GEN.QSPI_CORE_INTERFACE_I/FIFO_EXISTS.TX_FIFO_II/gnuram_async_fifo.xpm_fifo_base_inst/gen_cdc_pntr.wr_pntr_cdc_dc_inst/dest_graysync_ff_reg[0][1]} {MicroblazeWithALS_i/PmodOLEDrgb_0/inst/axi_quad_spi_0/U0/NO_DUAL_QUAD_MODE.QSPI_NORMAL/QSPI_LEGACY_MD_GEN.QSPI_CORE_INTERFACE_I/FIFO_EXISTS.TX_FIFO_II/gnuram_async_fifo.xpm_fifo_base_inst/gen_cdc_pntr.wr_pntr_cdc_dc_inst/dest_graysync_ff_reg[0][2]} {MicroblazeWithALS_i/PmodOLEDrgb_0/inst/axi_quad_spi_0/U0/NO_DUAL_QUAD_MODE.QSPI_NORMAL/QSPI_LEGACY_MD_GEN.QSPI_CORE_INTERFACE_I/FIFO_EXISTS.TX_FIFO_II/gnuram_async_fifo.xpm_fifo_base_inst/gen_cdc_pntr.wr_pntr_cdc_dc_inst/dest_graysync_ff_reg[0][3]} {MicroblazeWithALS_i/PmodOLEDrgb_0/inst/axi_quad_spi_0/U0/NO_DUAL_QUAD_MODE.QSPI_NORMAL/QSPI_LEGACY_MD_GEN.QSPI_CORE_INTERFACE_I/FIFO_EXISTS.TX_FIFO_II/gnuram_async_fifo.xpm_fifo_base_inst/gen_cdc_pntr.wr_pntr_cdc_dc_inst/dest_graysync_ff_reg[0][4]}]] 10.000
Requirement: 10.000ns
Endpoints: 5

From Clock            To Clock              Endpoint Pin                    Reference Pin                   Corner  Actual(ns)  Slack(ns)
--------------------  --------------------  ------------------------------  ------------------------------  ------  ----------  ---------
clk_out1_MicroblazeWithALS_clk_wiz_1_0
                      clk_out2_MicroblazeWithALS_clk_wiz_1_0_1
                                            MicroblazeWithALS_i/PmodOLEDrgb_0/inst/axi_quad_spi_0/U0/NO_DUAL_QUAD_MODE.QSPI_NORMAL/QSPI_LEGACY_MD_GEN.QSPI_CORE_INTERFACE_I/FIFO_EXISTS.TX_FIFO_II/gnuram_async_fifo.xpm_fifo_base_inst/gen_cdc_pntr.wr_pntr_cdc_dc_inst/dest_graysync_ff_reg[0][4]/D
                                                                            MicroblazeWithALS_i/PmodOLEDrgb_0/inst/axi_quad_spi_0/U0/NO_DUAL_QUAD_MODE.QSPI_NORMAL/QSPI_LEGACY_MD_GEN.QSPI_CORE_INTERFACE_I/FIFO_EXISTS.TX_FIFO_II/gnuram_async_fifo.xpm_fifo_base_inst/gen_cdc_pntr.wr_pntr_cdc_dc_inst/dest_graysync_ff_reg[0][2]/D
                                                                                                            Slow         0.748      9.252


Slack (MET) :             9.252ns  (requirement - actual skew)
  Endpoint Source:        MicroblazeWithALS_i/PmodOLEDrgb_0/inst/axi_quad_spi_0/U0/NO_DUAL_QUAD_MODE.QSPI_NORMAL/QSPI_LEGACY_MD_GEN.QSPI_CORE_INTERFACE_I/FIFO_EXISTS.TX_FIFO_II/gnuram_async_fifo.xpm_fifo_base_inst/gen_cdc_pntr.wr_pntr_cdc_dc_inst/src_gray_ff_reg[4]/C
                            (rising edge-triggered cell FDRE clocked by clk_out1_MicroblazeWithALS_clk_wiz_1_0)
  Endpoint Destination:   MicroblazeWithALS_i/PmodOLEDrgb_0/inst/axi_quad_spi_0/U0/NO_DUAL_QUAD_MODE.QSPI_NORMAL/QSPI_LEGACY_MD_GEN.QSPI_CORE_INTERFACE_I/FIFO_EXISTS.TX_FIFO_II/gnuram_async_fifo.xpm_fifo_base_inst/gen_cdc_pntr.wr_pntr_cdc_dc_inst/dest_graysync_ff_reg[0][4]/D
                            (rising edge-triggered cell FDRE clocked by clk_out2_MicroblazeWithALS_clk_wiz_1_0_1)
  Reference Source:       MicroblazeWithALS_i/PmodOLEDrgb_0/inst/axi_quad_spi_0/U0/NO_DUAL_QUAD_MODE.QSPI_NORMAL/QSPI_LEGACY_MD_GEN.QSPI_CORE_INTERFACE_I/FIFO_EXISTS.TX_FIFO_II/gnuram_async_fifo.xpm_fifo_base_inst/gen_cdc_pntr.wr_pntr_cdc_dc_inst/src_gray_ff_reg[2]/C
                            (rising edge-triggered cell FDRE clocked by clk_out1_MicroblazeWithALS_clk_wiz_1_0)
  Reference Destination:  MicroblazeWithALS_i/PmodOLEDrgb_0/inst/axi_quad_spi_0/U0/NO_DUAL_QUAD_MODE.QSPI_NORMAL/QSPI_LEGACY_MD_GEN.QSPI_CORE_INTERFACE_I/FIFO_EXISTS.TX_FIFO_II/gnuram_async_fifo.xpm_fifo_base_inst/gen_cdc_pntr.wr_pntr_cdc_dc_inst/dest_graysync_ff_reg[0][2]/D
                            (rising edge-triggered cell FDRE clocked by clk_out2_MicroblazeWithALS_clk_wiz_1_0_1)
  Path Type:              Bus Skew (Max at Slow Process Corner)
  Requirement:            10.000ns
  Endpoint Relative Delay:    1.604ns
  Reference Relative Delay:   0.485ns
  Relative CRPR:              0.371ns
  Actual Bus Skew:            0.748ns  (Endpoint Relative Delay - Reference Relative Delay - Relative CRPR)

Endpoint path:
    Location             Delay type                Incr(ns)  Path(ns)    Netlist Resource(s)
  -------------------------------------------------------------------    -------------------
                         (clock clk_out1_MicroblazeWithALS_clk_wiz_1_0 rise edge)
                                                      0.000     0.000 r  
    E3                                                0.000     0.000 r  sys_clock (IN)
                         net (fo=0)                   0.000     0.000    MicroblazeWithALS_i/clk_wiz_1/inst/clk_in1
    E3                   IBUF (Prop_ibuf_I_O)         1.482     1.482 r  MicroblazeWithALS_i/clk_wiz_1/inst/clkin1_ibufg/O
                         net (fo=1, routed)           1.233     2.715    MicroblazeWithALS_i/clk_wiz_1/inst/clk_in1_MicroblazeWithALS_clk_wiz_1_0
    MMCME2_ADV_X1Y2      MMCME2_ADV (Prop_mmcme2_adv_CLKIN1_CLKOUT0)
                                                     -7.070    -4.355 r  MicroblazeWithALS_i/clk_wiz_1/inst/mmcm_adv_inst/CLKOUT0
                         net (fo=1, routed)           1.719    -2.636    MicroblazeWithALS_i/clk_wiz_1/inst/clk_out1_MicroblazeWithALS_clk_wiz_1_0
    BUFGCTRL_X0Y17       BUFG (Prop_bufg_I_O)         0.096    -2.540 r  MicroblazeWithALS_i/clk_wiz_1/inst/clkout1_buf/O
                         net (fo=2128, routed)        1.640    -0.900    MicroblazeWithALS_i/PmodOLEDrgb_0/inst/axi_quad_spi_0/U0/NO_DUAL_QUAD_MODE.QSPI_NORMAL/QSPI_LEGACY_MD_GEN.QSPI_CORE_INTERFACE_I/FIFO_EXISTS.TX_FIFO_II/gnuram_async_fifo.xpm_fifo_base_inst/gen_cdc_pntr.wr_pntr_cdc_dc_inst/src_clk
    SLICE_X37Y95         FDRE                                         r  MicroblazeWithALS_i/PmodOLEDrgb_0/inst/axi_quad_spi_0/U0/NO_DUAL_QUAD_MODE.QSPI_NORMAL/QSPI_LEGACY_MD_GEN.QSPI_CORE_INTERFACE_I/FIFO_EXISTS.TX_FIFO_II/gnuram_async_fifo.xpm_fifo_base_inst/gen_cdc_pntr.wr_pntr_cdc_dc_inst/src_gray_ff_reg[4]/C
  -------------------------------------------------------------------    -------------------
    SLICE_X37Y95         FDRE (Prop_fdre_C_Q)         0.419    -0.481 r  MicroblazeWithALS_i/PmodOLEDrgb_0/inst/axi_quad_spi_0/U0/NO_DUAL_QUAD_MODE.QSPI_NORMAL/QSPI_LEGACY_MD_GEN.QSPI_CORE_INTERFACE_I/FIFO_EXISTS.TX_FIFO_II/gnuram_async_fifo.xpm_fifo_base_inst/gen_cdc_pntr.wr_pntr_cdc_dc_inst/src_gray_ff_reg[4]/Q
                         net (fo=1, routed)           0.712     0.232    MicroblazeWithALS_i/PmodOLEDrgb_0/inst/axi_quad_spi_0/U0/NO_DUAL_QUAD_MODE.QSPI_NORMAL/QSPI_LEGACY_MD_GEN.QSPI_CORE_INTERFACE_I/FIFO_EXISTS.TX_FIFO_II/gnuram_async_fifo.xpm_fifo_base_inst/gen_cdc_pntr.wr_pntr_cdc_dc_inst/async_path[4]
    SLICE_X36Y95         FDRE                                         r  MicroblazeWithALS_i/PmodOLEDrgb_0/inst/axi_quad_spi_0/U0/NO_DUAL_QUAD_MODE.QSPI_NORMAL/QSPI_LEGACY_MD_GEN.QSPI_CORE_INTERFACE_I/FIFO_EXISTS.TX_FIFO_II/gnuram_async_fifo.xpm_fifo_base_inst/gen_cdc_pntr.wr_pntr_cdc_dc_inst/dest_graysync_ff_reg[0][4]/D
  -------------------------------------------------------------------    -------------------

                         (clock clk_out2_MicroblazeWithALS_clk_wiz_1_0_1 rise edge)
                                                      0.000     0.000 r  
    E3                                                0.000     0.000 r  sys_clock (IN)
                         net (fo=0)                   0.000     0.000    MicroblazeWithALS_i/clk_wiz_1/inst/clk_in1
    E3                   IBUF (Prop_ibuf_I_O)         1.411     1.411 r  MicroblazeWithALS_i/clk_wiz_1/inst/clkin1_ibufg/O
                         net (fo=1, routed)           1.162     2.573    MicroblazeWithALS_i/clk_wiz_1/inst/clk_in1_MicroblazeWithALS_clk_wiz_1_0
    MMCME2_ADV_X1Y2      MMCME2_ADV (Prop_mmcme2_adv_CLKIN1_CLKOUT1)
                                                     -7.324    -4.751 r  MicroblazeWithALS_i/clk_wiz_1/inst/mmcm_adv_inst/CLKOUT1
                         net (fo=1, routed)           1.639    -3.112    MicroblazeWithALS_i/clk_wiz_1/inst/clk_out2_MicroblazeWithALS_clk_wiz_1_0
    BUFGCTRL_X0Y16       BUFG (Prop_bufg_I_O)         0.091    -3.021 r  MicroblazeWithALS_i/clk_wiz_1/inst/clkout2_buf/O
                         net (fo=320, routed)         1.519    -1.501    MicroblazeWithALS_i/PmodOLEDrgb_0/inst/axi_quad_spi_0/U0/NO_DUAL_QUAD_MODE.QSPI_NORMAL/QSPI_LEGACY_MD_GEN.QSPI_CORE_INTERFACE_I/FIFO_EXISTS.TX_FIFO_II/gnuram_async_fifo.xpm_fifo_base_inst/gen_cdc_pntr.wr_pntr_cdc_dc_inst/dest_clk
    SLICE_X36Y95         FDRE                                         r  MicroblazeWithALS_i/PmodOLEDrgb_0/inst/axi_quad_spi_0/U0/NO_DUAL_QUAD_MODE.QSPI_NORMAL/QSPI_LEGACY_MD_GEN.QSPI_CORE_INTERFACE_I/FIFO_EXISTS.TX_FIFO_II/gnuram_async_fifo.xpm_fifo_base_inst/gen_cdc_pntr.wr_pntr_cdc_dc_inst/dest_graysync_ff_reg[0][4]/C
                         clock pessimism              0.395    -1.106    
    SLICE_X36Y95         FDRE (Setup_fdre_C_D)       -0.266    -1.372    MicroblazeWithALS_i/PmodOLEDrgb_0/inst/axi_quad_spi_0/U0/NO_DUAL_QUAD_MODE.QSPI_NORMAL/QSPI_LEGACY_MD_GEN.QSPI_CORE_INTERFACE_I/FIFO_EXISTS.TX_FIFO_II/gnuram_async_fifo.xpm_fifo_base_inst/gen_cdc_pntr.wr_pntr_cdc_dc_inst/dest_graysync_ff_reg[0][4]
  -------------------------------------------------------------------
                         data arrival                           0.232    
                         clock arrival                         -1.372    
  -------------------------------------------------------------------
                         relative delay                         1.604    

Reference path:
    Location             Delay type                Incr(ns)  Path(ns)    Netlist Resource(s)
  -------------------------------------------------------------------    -------------------
                         (clock clk_out1_MicroblazeWithALS_clk_wiz_1_0 rise edge)
                                                      0.000     0.000 r  
    E3                                                0.000     0.000 r  sys_clock (IN)
                         net (fo=0)                   0.000     0.000    MicroblazeWithALS_i/clk_wiz_1/inst/clk_in1
    E3                   IBUF (Prop_ibuf_I_O)         1.411     1.411 r  MicroblazeWithALS_i/clk_wiz_1/inst/clkin1_ibufg/O
                         net (fo=1, routed)           1.162     2.573    MicroblazeWithALS_i/clk_wiz_1/inst/clk_in1_MicroblazeWithALS_clk_wiz_1_0
    MMCME2_ADV_X1Y2      MMCME2_ADV (Prop_mmcme2_adv_CLKIN1_CLKOUT0)
                                                     -7.324    -4.751 r  MicroblazeWithALS_i/clk_wiz_1/inst/mmcm_adv_inst/CLKOUT0
                         net (fo=1, routed)           1.639    -3.112    MicroblazeWithALS_i/clk_wiz_1/inst/clk_out1_MicroblazeWithALS_clk_wiz_1_0
    BUFGCTRL_X0Y17       BUFG (Prop_bufg_I_O)         0.091    -3.021 r  MicroblazeWithALS_i/clk_wiz_1/inst/clkout1_buf/O
                         net (fo=2128, routed)        1.519    -1.501    MicroblazeWithALS_i/PmodOLEDrgb_0/inst/axi_quad_spi_0/U0/NO_DUAL_QUAD_MODE.QSPI_NORMAL/QSPI_LEGACY_MD_GEN.QSPI_CORE_INTERFACE_I/FIFO_EXISTS.TX_FIFO_II/gnuram_async_fifo.xpm_fifo_base_inst/gen_cdc_pntr.wr_pntr_cdc_dc_inst/src_clk
    SLICE_X37Y95         FDRE                                         r  MicroblazeWithALS_i/PmodOLEDrgb_0/inst/axi_quad_spi_0/U0/NO_DUAL_QUAD_MODE.QSPI_NORMAL/QSPI_LEGACY_MD_GEN.QSPI_CORE_INTERFACE_I/FIFO_EXISTS.TX_FIFO_II/gnuram_async_fifo.xpm_fifo_base_inst/gen_cdc_pntr.wr_pntr_cdc_dc_inst/src_gray_ff_reg[2]/C
  -------------------------------------------------------------------    -------------------
    SLICE_X37Y95         FDRE (Prop_fdre_C_Q)         0.367    -1.134 r  MicroblazeWithALS_i/PmodOLEDrgb_0/inst/axi_quad_spi_0/U0/NO_DUAL_QUAD_MODE.QSPI_NORMAL/QSPI_LEGACY_MD_GEN.QSPI_CORE_INTERFACE_I/FIFO_EXISTS.TX_FIFO_II/gnuram_async_fifo.xpm_fifo_base_inst/gen_cdc_pntr.wr_pntr_cdc_dc_inst/src_gray_ff_reg[2]/Q
                         net (fo=1, routed)           0.492    -0.642    MicroblazeWithALS_i/PmodOLEDrgb_0/inst/axi_quad_spi_0/U0/NO_DUAL_QUAD_MODE.QSPI_NORMAL/QSPI_LEGACY_MD_GEN.QSPI_CORE_INTERFACE_I/FIFO_EXISTS.TX_FIFO_II/gnuram_async_fifo.xpm_fifo_base_inst/gen_cdc_pntr.wr_pntr_cdc_dc_inst/async_path[2]
    SLICE_X39Y96         FDRE                                         r  MicroblazeWithALS_i/PmodOLEDrgb_0/inst/axi_quad_spi_0/U0/NO_DUAL_QUAD_MODE.QSPI_NORMAL/QSPI_LEGACY_MD_GEN.QSPI_CORE_INTERFACE_I/FIFO_EXISTS.TX_FIFO_II/gnuram_async_fifo.xpm_fifo_base_inst/gen_cdc_pntr.wr_pntr_cdc_dc_inst/dest_graysync_ff_reg[0][2]/D
  -------------------------------------------------------------------    -------------------

                         (clock clk_out2_MicroblazeWithALS_clk_wiz_1_0_1 rise edge)
                                                      0.000     0.000 r  
    E3                                                0.000     0.000 r  sys_clock (IN)
                         net (fo=0)                   0.000     0.000    MicroblazeWithALS_i/clk_wiz_1/inst/clk_in1
    E3                   IBUF (Prop_ibuf_I_O)         1.482     1.482 r  MicroblazeWithALS_i/clk_wiz_1/inst/clkin1_ibufg/O
                         net (fo=1, routed)           1.233     2.715    MicroblazeWithALS_i/clk_wiz_1/inst/clk_in1_MicroblazeWithALS_clk_wiz_1_0
    MMCME2_ADV_X1Y2      MMCME2_ADV (Prop_mmcme2_adv_CLKIN1_CLKOUT1)
                                                     -7.070    -4.355 r  MicroblazeWithALS_i/clk_wiz_1/inst/mmcm_adv_inst/CLKOUT1
                         net (fo=1, routed)           1.719    -2.636    MicroblazeWithALS_i/clk_wiz_1/inst/clk_out2_MicroblazeWithALS_clk_wiz_1_0
    BUFGCTRL_X0Y16       BUFG (Prop_bufg_I_O)         0.096    -2.540 r  MicroblazeWithALS_i/clk_wiz_1/inst/clkout2_buf/O
                         net (fo=320, routed)         1.639    -0.901    MicroblazeWithALS_i/PmodOLEDrgb_0/inst/axi_quad_spi_0/U0/NO_DUAL_QUAD_MODE.QSPI_NORMAL/QSPI_LEGACY_MD_GEN.QSPI_CORE_INTERFACE_I/FIFO_EXISTS.TX_FIFO_II/gnuram_async_fifo.xpm_fifo_base_inst/gen_cdc_pntr.wr_pntr_cdc_dc_inst/dest_clk
    SLICE_X39Y96         FDRE                                         r  MicroblazeWithALS_i/PmodOLEDrgb_0/inst/axi_quad_spi_0/U0/NO_DUAL_QUAD_MODE.QSPI_NORMAL/QSPI_LEGACY_MD_GEN.QSPI_CORE_INTERFACE_I/FIFO_EXISTS.TX_FIFO_II/gnuram_async_fifo.xpm_fifo_base_inst/gen_cdc_pntr.wr_pntr_cdc_dc_inst/dest_graysync_ff_reg[0][2]/C
                         clock pessimism             -0.395    -1.296    
    SLICE_X39Y96         FDRE (Hold_fdre_C_D)         0.169    -1.127    MicroblazeWithALS_i/PmodOLEDrgb_0/inst/axi_quad_spi_0/U0/NO_DUAL_QUAD_MODE.QSPI_NORMAL/QSPI_LEGACY_MD_GEN.QSPI_CORE_INTERFACE_I/FIFO_EXISTS.TX_FIFO_II/gnuram_async_fifo.xpm_fifo_base_inst/gen_cdc_pntr.wr_pntr_cdc_dc_inst/dest_graysync_ff_reg[0][2]
  -------------------------------------------------------------------
                         data arrival                          -0.642    
                         clock arrival                         -1.127    
  -------------------------------------------------------------------
                         relative delay                         0.485    



Id: 6
set_bus_skew -from [get_cells [list {MicroblazeWithALS_i/PmodOLEDrgb_0/inst/axi_quad_spi_0/U0/NO_DUAL_QUAD_MODE.QSPI_NORMAL/QSPI_LEGACY_MD_GEN.QSPI_CORE_INTERFACE_I/FIFO_EXISTS.RX_FIFO_II/gnuram_async_fifo.xpm_fifo_base_inst/gen_cdc_pntr.wr_pntr_cdc_dc_inst/src_gray_ff_reg[0]} {MicroblazeWithALS_i/PmodOLEDrgb_0/inst/axi_quad_spi_0/U0/NO_DUAL_QUAD_MODE.QSPI_NORMAL/QSPI_LEGACY_MD_GEN.QSPI_CORE_INTERFACE_I/FIFO_EXISTS.RX_FIFO_II/gnuram_async_fifo.xpm_fifo_base_inst/gen_cdc_pntr.wr_pntr_cdc_dc_inst/src_gray_ff_reg[1]} {MicroblazeWithALS_i/PmodOLEDrgb_0/inst/axi_quad_spi_0/U0/NO_DUAL_QUAD_MODE.QSPI_NORMAL/QSPI_LEGACY_MD_GEN.QSPI_CORE_INTERFACE_I/FIFO_EXISTS.RX_FIFO_II/gnuram_async_fifo.xpm_fifo_base_inst/gen_cdc_pntr.wr_pntr_cdc_dc_inst/src_gray_ff_reg[2]} {MicroblazeWithALS_i/PmodOLEDrgb_0/inst/axi_quad_spi_0/U0/NO_DUAL_QUAD_MODE.QSPI_NORMAL/QSPI_LEGACY_MD_GEN.QSPI_CORE_INTERFACE_I/FIFO_EXISTS.RX_FIFO_II/gnuram_async_fifo.xpm_fifo_base_inst/gen_cdc_pntr.wr_pntr_cdc_dc_inst/src_gray_ff_reg[3]} {MicroblazeWithALS_i/PmodOLEDrgb_0/inst/axi_quad_spi_0/U0/NO_DUAL_QUAD_MODE.QSPI_NORMAL/QSPI_LEGACY_MD_GEN.QSPI_CORE_INTERFACE_I/FIFO_EXISTS.RX_FIFO_II/gnuram_async_fifo.xpm_fifo_base_inst/gen_cdc_pntr.wr_pntr_cdc_dc_inst/src_gray_ff_reg[4]}]] -to [get_cells [list {MicroblazeWithALS_i/PmodOLEDrgb_0/inst/axi_quad_spi_0/U0/NO_DUAL_QUAD_MODE.QSPI_NORMAL/QSPI_LEGACY_MD_GEN.QSPI_CORE_INTERFACE_I/FIFO_EXISTS.RX_FIFO_II/gnuram_async_fifo.xpm_fifo_base_inst/gen_cdc_pntr.wr_pntr_cdc_dc_inst/dest_graysync_ff_reg[0][0]} {MicroblazeWithALS_i/PmodOLEDrgb_0/inst/axi_quad_spi_0/U0/NO_DUAL_QUAD_MODE.QSPI_NORMAL/QSPI_LEGACY_MD_GEN.QSPI_CORE_INTERFACE_I/FIFO_EXISTS.RX_FIFO_II/gnuram_async_fifo.xpm_fifo_base_inst/gen_cdc_pntr.wr_pntr_cdc_dc_inst/dest_graysync_ff_reg[0][1]} {MicroblazeWithALS_i/PmodOLEDrgb_0/inst/axi_quad_spi_0/U0/NO_DUAL_QUAD_MODE.QSPI_NORMAL/QSPI_LEGACY_MD_GEN.QSPI_CORE_INTERFACE_I/FIFO_EXISTS.RX_FIFO_II/gnuram_async_fifo.xpm_fifo_base_inst/gen_cdc_pntr.wr_pntr_cdc_dc_inst/dest_graysync_ff_reg[0][2]} {MicroblazeWithALS_i/PmodOLEDrgb_0/inst/axi_quad_spi_0/U0/NO_DUAL_QUAD_MODE.QSPI_NORMAL/QSPI_LEGACY_MD_GEN.QSPI_CORE_INTERFACE_I/FIFO_EXISTS.RX_FIFO_II/gnuram_async_fifo.xpm_fifo_base_inst/gen_cdc_pntr.wr_pntr_cdc_dc_inst/dest_graysync_ff_reg[0][3]} {MicroblazeWithALS_i/PmodOLEDrgb_0/inst/axi_quad_spi_0/U0/NO_DUAL_QUAD_MODE.QSPI_NORMAL/QSPI_LEGACY_MD_GEN.QSPI_CORE_INTERFACE_I/FIFO_EXISTS.RX_FIFO_II/gnuram_async_fifo.xpm_fifo_base_inst/gen_cdc_pntr.wr_pntr_cdc_dc_inst/dest_graysync_ff_reg[0][4]}]] 10.000
Requirement: 10.000ns
Endpoints: 5

From Clock            To Clock              Endpoint Pin                    Reference Pin                   Corner  Actual(ns)  Slack(ns)
--------------------  --------------------  ------------------------------  ------------------------------  ------  ----------  ---------
clk_out2_MicroblazeWithALS_clk_wiz_1_0
                      clk_out1_MicroblazeWithALS_clk_wiz_1_0_1
                                            MicroblazeWithALS_i/PmodOLEDrgb_0/inst/axi_quad_spi_0/U0/NO_DUAL_QUAD_MODE.QSPI_NORMAL/QSPI_LEGACY_MD_GEN.QSPI_CORE_INTERFACE_I/FIFO_EXISTS.RX_FIFO_II/gnuram_async_fifo.xpm_fifo_base_inst/gen_cdc_pntr.wr_pntr_cdc_dc_inst/dest_graysync_ff_reg[0][4]/D
                                                                            MicroblazeWithALS_i/PmodOLEDrgb_0/inst/axi_quad_spi_0/U0/NO_DUAL_QUAD_MODE.QSPI_NORMAL/QSPI_LEGACY_MD_GEN.QSPI_CORE_INTERFACE_I/FIFO_EXISTS.RX_FIFO_II/gnuram_async_fifo.xpm_fifo_base_inst/gen_cdc_pntr.wr_pntr_cdc_dc_inst/dest_graysync_ff_reg[0][0]/D
                                                                                                            Slow         0.922      9.078


Slack (MET) :             9.078ns  (requirement - actual skew)
  Endpoint Source:        MicroblazeWithALS_i/PmodOLEDrgb_0/inst/axi_quad_spi_0/U0/NO_DUAL_QUAD_MODE.QSPI_NORMAL/QSPI_LEGACY_MD_GEN.QSPI_CORE_INTERFACE_I/FIFO_EXISTS.RX_FIFO_II/gnuram_async_fifo.xpm_fifo_base_inst/gen_cdc_pntr.wr_pntr_cdc_dc_inst/src_gray_ff_reg[4]/C
                            (rising edge-triggered cell FDRE clocked by clk_out2_MicroblazeWithALS_clk_wiz_1_0)
  Endpoint Destination:   MicroblazeWithALS_i/PmodOLEDrgb_0/inst/axi_quad_spi_0/U0/NO_DUAL_QUAD_MODE.QSPI_NORMAL/QSPI_LEGACY_MD_GEN.QSPI_CORE_INTERFACE_I/FIFO_EXISTS.RX_FIFO_II/gnuram_async_fifo.xpm_fifo_base_inst/gen_cdc_pntr.wr_pntr_cdc_dc_inst/dest_graysync_ff_reg[0][4]/D
                            (rising edge-triggered cell FDRE clocked by clk_out1_MicroblazeWithALS_clk_wiz_1_0_1)
  Reference Source:       MicroblazeWithALS_i/PmodOLEDrgb_0/inst/axi_quad_spi_0/U0/NO_DUAL_QUAD_MODE.QSPI_NORMAL/QSPI_LEGACY_MD_GEN.QSPI_CORE_INTERFACE_I/FIFO_EXISTS.RX_FIFO_II/gnuram_async_fifo.xpm_fifo_base_inst/gen_cdc_pntr.wr_pntr_cdc_dc_inst/src_gray_ff_reg[0]/C
                            (rising edge-triggered cell FDRE clocked by clk_out2_MicroblazeWithALS_clk_wiz_1_0)
  Reference Destination:  MicroblazeWithALS_i/PmodOLEDrgb_0/inst/axi_quad_spi_0/U0/NO_DUAL_QUAD_MODE.QSPI_NORMAL/QSPI_LEGACY_MD_GEN.QSPI_CORE_INTERFACE_I/FIFO_EXISTS.RX_FIFO_II/gnuram_async_fifo.xpm_fifo_base_inst/gen_cdc_pntr.wr_pntr_cdc_dc_inst/dest_graysync_ff_reg[0][0]/D
                            (rising edge-triggered cell FDRE clocked by clk_out1_MicroblazeWithALS_clk_wiz_1_0_1)
  Path Type:              Bus Skew (Max at Slow Process Corner)
  Requirement:            10.000ns
  Endpoint Relative Delay:    1.660ns
  Reference Relative Delay:   0.409ns
  Relative CRPR:              0.329ns
  Actual Bus Skew:            0.922ns  (Endpoint Relative Delay - Reference Relative Delay - Relative CRPR)

Endpoint path:
    Location             Delay type                Incr(ns)  Path(ns)    Netlist Resource(s)
  -------------------------------------------------------------------    -------------------
                         (clock clk_out2_MicroblazeWithALS_clk_wiz_1_0 rise edge)
                                                      0.000     0.000 r  
    E3                                                0.000     0.000 r  sys_clock (IN)
                         net (fo=0)                   0.000     0.000    MicroblazeWithALS_i/clk_wiz_1/inst/clk_in1
    E3                   IBUF (Prop_ibuf_I_O)         1.482     1.482 r  MicroblazeWithALS_i/clk_wiz_1/inst/clkin1_ibufg/O
                         net (fo=1, routed)           1.233     2.715    MicroblazeWithALS_i/clk_wiz_1/inst/clk_in1_MicroblazeWithALS_clk_wiz_1_0
    MMCME2_ADV_X1Y2      MMCME2_ADV (Prop_mmcme2_adv_CLKIN1_CLKOUT1)
                                                     -7.070    -4.355 r  MicroblazeWithALS_i/clk_wiz_1/inst/mmcm_adv_inst/CLKOUT1
                         net (fo=1, routed)           1.719    -2.636    MicroblazeWithALS_i/clk_wiz_1/inst/clk_out2_MicroblazeWithALS_clk_wiz_1_0
    BUFGCTRL_X0Y16       BUFG (Prop_bufg_I_O)         0.096    -2.540 r  MicroblazeWithALS_i/clk_wiz_1/inst/clkout2_buf/O
                         net (fo=320, routed)         1.640    -0.900    MicroblazeWithALS_i/PmodOLEDrgb_0/inst/axi_quad_spi_0/U0/NO_DUAL_QUAD_MODE.QSPI_NORMAL/QSPI_LEGACY_MD_GEN.QSPI_CORE_INTERFACE_I/FIFO_EXISTS.RX_FIFO_II/gnuram_async_fifo.xpm_fifo_base_inst/gen_cdc_pntr.wr_pntr_cdc_dc_inst/src_clk
    SLICE_X29Y90         FDRE                                         r  MicroblazeWithALS_i/PmodOLEDrgb_0/inst/axi_quad_spi_0/U0/NO_DUAL_QUAD_MODE.QSPI_NORMAL/QSPI_LEGACY_MD_GEN.QSPI_CORE_INTERFACE_I/FIFO_EXISTS.RX_FIFO_II/gnuram_async_fifo.xpm_fifo_base_inst/gen_cdc_pntr.wr_pntr_cdc_dc_inst/src_gray_ff_reg[4]/C
  -------------------------------------------------------------------    -------------------
    SLICE_X29Y90         FDRE (Prop_fdre_C_Q)         0.419    -0.481 r  MicroblazeWithALS_i/PmodOLEDrgb_0/inst/axi_quad_spi_0/U0/NO_DUAL_QUAD_MODE.QSPI_NORMAL/QSPI_LEGACY_MD_GEN.QSPI_CORE_INTERFACE_I/FIFO_EXISTS.RX_FIFO_II/gnuram_async_fifo.xpm_fifo_base_inst/gen_cdc_pntr.wr_pntr_cdc_dc_inst/src_gray_ff_reg[4]/Q
                         net (fo=1, routed)           0.769     0.288    MicroblazeWithALS_i/PmodOLEDrgb_0/inst/axi_quad_spi_0/U0/NO_DUAL_QUAD_MODE.QSPI_NORMAL/QSPI_LEGACY_MD_GEN.QSPI_CORE_INTERFACE_I/FIFO_EXISTS.RX_FIFO_II/gnuram_async_fifo.xpm_fifo_base_inst/gen_cdc_pntr.wr_pntr_cdc_dc_inst/async_path[4]
    SLICE_X29Y91         FDRE                                         r  MicroblazeWithALS_i/PmodOLEDrgb_0/inst/axi_quad_spi_0/U0/NO_DUAL_QUAD_MODE.QSPI_NORMAL/QSPI_LEGACY_MD_GEN.QSPI_CORE_INTERFACE_I/FIFO_EXISTS.RX_FIFO_II/gnuram_async_fifo.xpm_fifo_base_inst/gen_cdc_pntr.wr_pntr_cdc_dc_inst/dest_graysync_ff_reg[0][4]/D
  -------------------------------------------------------------------    -------------------

                         (clock clk_out1_MicroblazeWithALS_clk_wiz_1_0_1 rise edge)
                                                      0.000     0.000 r  
    E3                                                0.000     0.000 r  sys_clock (IN)
                         net (fo=0)                   0.000     0.000    MicroblazeWithALS_i/clk_wiz_1/inst/clk_in1
    E3                   IBUF (Prop_ibuf_I_O)         1.411     1.411 r  MicroblazeWithALS_i/clk_wiz_1/inst/clkin1_ibufg/O
                         net (fo=1, routed)           1.162     2.573    MicroblazeWithALS_i/clk_wiz_1/inst/clk_in1_MicroblazeWithALS_clk_wiz_1_0
    MMCME2_ADV_X1Y2      MMCME2_ADV (Prop_mmcme2_adv_CLKIN1_CLKOUT0)
                                                     -7.324    -4.751 r  MicroblazeWithALS_i/clk_wiz_1/inst/mmcm_adv_inst/CLKOUT0
                         net (fo=1, routed)           1.639    -3.112    MicroblazeWithALS_i/clk_wiz_1/inst/clk_out1_MicroblazeWithALS_clk_wiz_1_0
    BUFGCTRL_X0Y17       BUFG (Prop_bufg_I_O)         0.091    -3.021 r  MicroblazeWithALS_i/clk_wiz_1/inst/clkout1_buf/O
                         net (fo=2128, routed)        1.520    -1.500    MicroblazeWithALS_i/PmodOLEDrgb_0/inst/axi_quad_spi_0/U0/NO_DUAL_QUAD_MODE.QSPI_NORMAL/QSPI_LEGACY_MD_GEN.QSPI_CORE_INTERFACE_I/FIFO_EXISTS.RX_FIFO_II/gnuram_async_fifo.xpm_fifo_base_inst/gen_cdc_pntr.wr_pntr_cdc_dc_inst/dest_clk
    SLICE_X29Y91         FDRE                                         r  MicroblazeWithALS_i/PmodOLEDrgb_0/inst/axi_quad_spi_0/U0/NO_DUAL_QUAD_MODE.QSPI_NORMAL/QSPI_LEGACY_MD_GEN.QSPI_CORE_INTERFACE_I/FIFO_EXISTS.RX_FIFO_II/gnuram_async_fifo.xpm_fifo_base_inst/gen_cdc_pntr.wr_pntr_cdc_dc_inst/dest_graysync_ff_reg[0][4]/C
                         clock pessimism              0.395    -1.105    
    SLICE_X29Y91         FDRE (Setup_fdre_C_D)       -0.267    -1.372    MicroblazeWithALS_i/PmodOLEDrgb_0/inst/axi_quad_spi_0/U0/NO_DUAL_QUAD_MODE.QSPI_NORMAL/QSPI_LEGACY_MD_GEN.QSPI_CORE_INTERFACE_I/FIFO_EXISTS.RX_FIFO_II/gnuram_async_fifo.xpm_fifo_base_inst/gen_cdc_pntr.wr_pntr_cdc_dc_inst/dest_graysync_ff_reg[0][4]
  -------------------------------------------------------------------
                         data arrival                           0.288    
                         clock arrival                         -1.372    
  -------------------------------------------------------------------
                         relative delay                         1.660    

Reference path:
    Location             Delay type                Incr(ns)  Path(ns)    Netlist Resource(s)
  -------------------------------------------------------------------    -------------------
                         (clock clk_out2_MicroblazeWithALS_clk_wiz_1_0 rise edge)
                                                      0.000     0.000 r  
    E3                                                0.000     0.000 r  sys_clock (IN)
                         net (fo=0)                   0.000     0.000    MicroblazeWithALS_i/clk_wiz_1/inst/clk_in1
    E3                   IBUF (Prop_ibuf_I_O)         1.411     1.411 r  MicroblazeWithALS_i/clk_wiz_1/inst/clkin1_ibufg/O
                         net (fo=1, routed)           1.162     2.573    MicroblazeWithALS_i/clk_wiz_1/inst/clk_in1_MicroblazeWithALS_clk_wiz_1_0
    MMCME2_ADV_X1Y2      MMCME2_ADV (Prop_mmcme2_adv_CLKIN1_CLKOUT1)
                                                     -7.324    -4.751 r  MicroblazeWithALS_i/clk_wiz_1/inst/mmcm_adv_inst/CLKOUT1
                         net (fo=1, routed)           1.639    -3.112    MicroblazeWithALS_i/clk_wiz_1/inst/clk_out2_MicroblazeWithALS_clk_wiz_1_0
    BUFGCTRL_X0Y16       BUFG (Prop_bufg_I_O)         0.091    -3.021 r  MicroblazeWithALS_i/clk_wiz_1/inst/clkout2_buf/O
                         net (fo=320, routed)         1.518    -1.502    MicroblazeWithALS_i/PmodOLEDrgb_0/inst/axi_quad_spi_0/U0/NO_DUAL_QUAD_MODE.QSPI_NORMAL/QSPI_LEGACY_MD_GEN.QSPI_CORE_INTERFACE_I/FIFO_EXISTS.RX_FIFO_II/gnuram_async_fifo.xpm_fifo_base_inst/gen_cdc_pntr.wr_pntr_cdc_dc_inst/src_clk
    SLICE_X30Y90         FDRE                                         r  MicroblazeWithALS_i/PmodOLEDrgb_0/inst/axi_quad_spi_0/U0/NO_DUAL_QUAD_MODE.QSPI_NORMAL/QSPI_LEGACY_MD_GEN.QSPI_CORE_INTERFACE_I/FIFO_EXISTS.RX_FIFO_II/gnuram_async_fifo.xpm_fifo_base_inst/gen_cdc_pntr.wr_pntr_cdc_dc_inst/src_gray_ff_reg[0]/C
  -------------------------------------------------------------------    -------------------
    SLICE_X30Y90         FDRE (Prop_fdre_C_Q)         0.418    -1.084 r  MicroblazeWithALS_i/PmodOLEDrgb_0/inst/axi_quad_spi_0/U0/NO_DUAL_QUAD_MODE.QSPI_NORMAL/QSPI_LEGACY_MD_GEN.QSPI_CORE_INTERFACE_I/FIFO_EXISTS.RX_FIFO_II/gnuram_async_fifo.xpm_fifo_base_inst/gen_cdc_pntr.wr_pntr_cdc_dc_inst/src_gray_ff_reg[0]/Q
                         net (fo=1, routed)           0.366    -0.718    MicroblazeWithALS_i/PmodOLEDrgb_0/inst/axi_quad_spi_0/U0/NO_DUAL_QUAD_MODE.QSPI_NORMAL/QSPI_LEGACY_MD_GEN.QSPI_CORE_INTERFACE_I/FIFO_EXISTS.RX_FIFO_II/gnuram_async_fifo.xpm_fifo_base_inst/gen_cdc_pntr.wr_pntr_cdc_dc_inst/async_path[0]
    SLICE_X32Y90         FDRE                                         r  MicroblazeWithALS_i/PmodOLEDrgb_0/inst/axi_quad_spi_0/U0/NO_DUAL_QUAD_MODE.QSPI_NORMAL/QSPI_LEGACY_MD_GEN.QSPI_CORE_INTERFACE_I/FIFO_EXISTS.RX_FIFO_II/gnuram_async_fifo.xpm_fifo_base_inst/gen_cdc_pntr.wr_pntr_cdc_dc_inst/dest_graysync_ff_reg[0][0]/D
  -------------------------------------------------------------------    -------------------

                         (clock clk_out1_MicroblazeWithALS_clk_wiz_1_0_1 rise edge)
                                                      0.000     0.000 r  
    E3                                                0.000     0.000 r  sys_clock (IN)
                         net (fo=0)                   0.000     0.000    MicroblazeWithALS_i/clk_wiz_1/inst/clk_in1
    E3                   IBUF (Prop_ibuf_I_O)         1.482     1.482 r  MicroblazeWithALS_i/clk_wiz_1/inst/clkin1_ibufg/O
                         net (fo=1, routed)           1.233     2.715    MicroblazeWithALS_i/clk_wiz_1/inst/clk_in1_MicroblazeWithALS_clk_wiz_1_0
    MMCME2_ADV_X1Y2      MMCME2_ADV (Prop_mmcme2_adv_CLKIN1_CLKOUT0)
                                                     -7.070    -4.355 r  MicroblazeWithALS_i/clk_wiz_1/inst/mmcm_adv_inst/CLKOUT0
                         net (fo=1, routed)           1.719    -2.636    MicroblazeWithALS_i/clk_wiz_1/inst/clk_out1_MicroblazeWithALS_clk_wiz_1_0
    BUFGCTRL_X0Y17       BUFG (Prop_bufg_I_O)         0.096    -2.540 r  MicroblazeWithALS_i/clk_wiz_1/inst/clkout1_buf/O
                         net (fo=2128, routed)        1.639    -0.901    MicroblazeWithALS_i/PmodOLEDrgb_0/inst/axi_quad_spi_0/U0/NO_DUAL_QUAD_MODE.QSPI_NORMAL/QSPI_LEGACY_MD_GEN.QSPI_CORE_INTERFACE_I/FIFO_EXISTS.RX_FIFO_II/gnuram_async_fifo.xpm_fifo_base_inst/gen_cdc_pntr.wr_pntr_cdc_dc_inst/dest_clk
    SLICE_X32Y90         FDRE                                         r  MicroblazeWithALS_i/PmodOLEDrgb_0/inst/axi_quad_spi_0/U0/NO_DUAL_QUAD_MODE.QSPI_NORMAL/QSPI_LEGACY_MD_GEN.QSPI_CORE_INTERFACE_I/FIFO_EXISTS.RX_FIFO_II/gnuram_async_fifo.xpm_fifo_base_inst/gen_cdc_pntr.wr_pntr_cdc_dc_inst/dest_graysync_ff_reg[0][0]/C
                         clock pessimism             -0.395    -1.296    
    SLICE_X32Y90         FDRE (Hold_fdre_C_D)         0.169    -1.127    MicroblazeWithALS_i/PmodOLEDrgb_0/inst/axi_quad_spi_0/U0/NO_DUAL_QUAD_MODE.QSPI_NORMAL/QSPI_LEGACY_MD_GEN.QSPI_CORE_INTERFACE_I/FIFO_EXISTS.RX_FIFO_II/gnuram_async_fifo.xpm_fifo_base_inst/gen_cdc_pntr.wr_pntr_cdc_dc_inst/dest_graysync_ff_reg[0][0]
  -------------------------------------------------------------------
                         data arrival                          -0.718    
                         clock arrival                         -1.127    
  -------------------------------------------------------------------
                         relative delay                         0.409    



Id: 7
set_bus_skew -from [get_cells [list {MicroblazeWithALS_i/PmodOLEDrgb_0/inst/axi_quad_spi_0/U0/NO_DUAL_QUAD_MODE.QSPI_NORMAL/QSPI_LEGACY_MD_GEN.QSPI_CORE_INTERFACE_I/FIFO_EXISTS.TX_FIFO_II/gnuram_async_fifo.xpm_fifo_base_inst/gen_cdc_pntr.rd_pntr_cdc_dc_inst/src_gray_ff_reg[0]} {MicroblazeWithALS_i/PmodOLEDrgb_0/inst/axi_quad_spi_0/U0/NO_DUAL_QUAD_MODE.QSPI_NORMAL/QSPI_LEGACY_MD_GEN.QSPI_CORE_INTERFACE_I/FIFO_EXISTS.TX_FIFO_II/gnuram_async_fifo.xpm_fifo_base_inst/gen_cdc_pntr.rd_pntr_cdc_dc_inst/src_gray_ff_reg[1]} {MicroblazeWithALS_i/PmodOLEDrgb_0/inst/axi_quad_spi_0/U0/NO_DUAL_QUAD_MODE.QSPI_NORMAL/QSPI_LEGACY_MD_GEN.QSPI_CORE_INTERFACE_I/FIFO_EXISTS.TX_FIFO_II/gnuram_async_fifo.xpm_fifo_base_inst/gen_cdc_pntr.rd_pntr_cdc_dc_inst/src_gray_ff_reg[2]} {MicroblazeWithALS_i/PmodOLEDrgb_0/inst/axi_quad_spi_0/U0/NO_DUAL_QUAD_MODE.QSPI_NORMAL/QSPI_LEGACY_MD_GEN.QSPI_CORE_INTERFACE_I/FIFO_EXISTS.TX_FIFO_II/gnuram_async_fifo.xpm_fifo_base_inst/gen_cdc_pntr.rd_pntr_cdc_dc_inst/src_gray_ff_reg[3]} {MicroblazeWithALS_i/PmodOLEDrgb_0/inst/axi_quad_spi_0/U0/NO_DUAL_QUAD_MODE.QSPI_NORMAL/QSPI_LEGACY_MD_GEN.QSPI_CORE_INTERFACE_I/FIFO_EXISTS.TX_FIFO_II/gnuram_async_fifo.xpm_fifo_base_inst/gen_cdc_pntr.rd_pntr_cdc_dc_inst/src_gray_ff_reg[4]}]] -to [get_cells [list {MicroblazeWithALS_i/PmodOLEDrgb_0/inst/axi_quad_spi_0/U0/NO_DUAL_QUAD_MODE.QSPI_NORMAL/QSPI_LEGACY_MD_GEN.QSPI_CORE_INTERFACE_I/FIFO_EXISTS.TX_FIFO_II/gnuram_async_fifo.xpm_fifo_base_inst/gen_cdc_pntr.rd_pntr_cdc_dc_inst/dest_graysync_ff_reg[0][0]} {MicroblazeWithALS_i/PmodOLEDrgb_0/inst/axi_quad_spi_0/U0/NO_DUAL_QUAD_MODE.QSPI_NORMAL/QSPI_LEGACY_MD_GEN.QSPI_CORE_INTERFACE_I/FIFO_EXISTS.TX_FIFO_II/gnuram_async_fifo.xpm_fifo_base_inst/gen_cdc_pntr.rd_pntr_cdc_dc_inst/dest_graysync_ff_reg[0][1]} {MicroblazeWithALS_i/PmodOLEDrgb_0/inst/axi_quad_spi_0/U0/NO_DUAL_QUAD_MODE.QSPI_NORMAL/QSPI_LEGACY_MD_GEN.QSPI_CORE_INTERFACE_I/FIFO_EXISTS.TX_FIFO_II/gnuram_async_fifo.xpm_fifo_base_inst/gen_cdc_pntr.rd_pntr_cdc_dc_inst/dest_graysync_ff_reg[0][2]} {MicroblazeWithALS_i/PmodOLEDrgb_0/inst/axi_quad_spi_0/U0/NO_DUAL_QUAD_MODE.QSPI_NORMAL/QSPI_LEGACY_MD_GEN.QSPI_CORE_INTERFACE_I/FIFO_EXISTS.TX_FIFO_II/gnuram_async_fifo.xpm_fifo_base_inst/gen_cdc_pntr.rd_pntr_cdc_dc_inst/dest_graysync_ff_reg[0][3]} {MicroblazeWithALS_i/PmodOLEDrgb_0/inst/axi_quad_spi_0/U0/NO_DUAL_QUAD_MODE.QSPI_NORMAL/QSPI_LEGACY_MD_GEN.QSPI_CORE_INTERFACE_I/FIFO_EXISTS.TX_FIFO_II/gnuram_async_fifo.xpm_fifo_base_inst/gen_cdc_pntr.rd_pntr_cdc_dc_inst/dest_graysync_ff_reg[0][4]}]] 10.000
Requirement: 10.000ns
Endpoints: 5

From Clock            To Clock              Endpoint Pin                    Reference Pin                   Corner  Actual(ns)  Slack(ns)
--------------------  --------------------  ------------------------------  ------------------------------  ------  ----------  ---------
clk_out2_MicroblazeWithALS_clk_wiz_1_0
                      clk_out1_MicroblazeWithALS_clk_wiz_1_0_1
                                            MicroblazeWithALS_i/PmodOLEDrgb_0/inst/axi_quad_spi_0/U0/NO_DUAL_QUAD_MODE.QSPI_NORMAL/QSPI_LEGACY_MD_GEN.QSPI_CORE_INTERFACE_I/FIFO_EXISTS.TX_FIFO_II/gnuram_async_fifo.xpm_fifo_base_inst/gen_cdc_pntr.rd_pntr_cdc_dc_inst/dest_graysync_ff_reg[0][1]/D
                                                                            MicroblazeWithALS_i/PmodOLEDrgb_0/inst/axi_quad_spi_0/U0/NO_DUAL_QUAD_MODE.QSPI_NORMAL/QSPI_LEGACY_MD_GEN.QSPI_CORE_INTERFACE_I/FIFO_EXISTS.TX_FIFO_II/gnuram_async_fifo.xpm_fifo_base_inst/gen_cdc_pntr.rd_pntr_cdc_dc_inst/dest_graysync_ff_reg[0][4]/D
                                                                                                            Slow         0.683      9.317


Slack (MET) :             9.317ns  (requirement - actual skew)
  Endpoint Source:        MicroblazeWithALS_i/PmodOLEDrgb_0/inst/axi_quad_spi_0/U0/NO_DUAL_QUAD_MODE.QSPI_NORMAL/QSPI_LEGACY_MD_GEN.QSPI_CORE_INTERFACE_I/FIFO_EXISTS.TX_FIFO_II/gnuram_async_fifo.xpm_fifo_base_inst/gen_cdc_pntr.rd_pntr_cdc_dc_inst/src_gray_ff_reg[1]/C
                            (rising edge-triggered cell FDRE clocked by clk_out2_MicroblazeWithALS_clk_wiz_1_0)
  Endpoint Destination:   MicroblazeWithALS_i/PmodOLEDrgb_0/inst/axi_quad_spi_0/U0/NO_DUAL_QUAD_MODE.QSPI_NORMAL/QSPI_LEGACY_MD_GEN.QSPI_CORE_INTERFACE_I/FIFO_EXISTS.TX_FIFO_II/gnuram_async_fifo.xpm_fifo_base_inst/gen_cdc_pntr.rd_pntr_cdc_dc_inst/dest_graysync_ff_reg[0][1]/D
                            (rising edge-triggered cell FDRE clocked by clk_out1_MicroblazeWithALS_clk_wiz_1_0_1)
  Reference Source:       MicroblazeWithALS_i/PmodOLEDrgb_0/inst/axi_quad_spi_0/U0/NO_DUAL_QUAD_MODE.QSPI_NORMAL/QSPI_LEGACY_MD_GEN.QSPI_CORE_INTERFACE_I/FIFO_EXISTS.TX_FIFO_II/gnuram_async_fifo.xpm_fifo_base_inst/gen_cdc_pntr.rd_pntr_cdc_dc_inst/src_gray_ff_reg[4]/C
                            (rising edge-triggered cell FDRE clocked by clk_out2_MicroblazeWithALS_clk_wiz_1_0)
  Reference Destination:  MicroblazeWithALS_i/PmodOLEDrgb_0/inst/axi_quad_spi_0/U0/NO_DUAL_QUAD_MODE.QSPI_NORMAL/QSPI_LEGACY_MD_GEN.QSPI_CORE_INTERFACE_I/FIFO_EXISTS.TX_FIFO_II/gnuram_async_fifo.xpm_fifo_base_inst/gen_cdc_pntr.rd_pntr_cdc_dc_inst/dest_graysync_ff_reg[0][4]/D
                            (rising edge-triggered cell FDRE clocked by clk_out1_MicroblazeWithALS_clk_wiz_1_0_1)
  Path Type:              Bus Skew (Max at Slow Process Corner)
  Requirement:            10.000ns
  Endpoint Relative Delay:    1.488ns
  Reference Relative Delay:   0.477ns
  Relative CRPR:              0.329ns
  Actual Bus Skew:            0.683ns  (Endpoint Relative Delay - Reference Relative Delay - Relative CRPR)

Endpoint path:
    Location             Delay type                Incr(ns)  Path(ns)    Netlist Resource(s)
  -------------------------------------------------------------------    -------------------
                         (clock clk_out2_MicroblazeWithALS_clk_wiz_1_0 rise edge)
                                                      0.000     0.000 r  
    E3                                                0.000     0.000 r  sys_clock (IN)
                         net (fo=0)                   0.000     0.000    MicroblazeWithALS_i/clk_wiz_1/inst/clk_in1
    E3                   IBUF (Prop_ibuf_I_O)         1.482     1.482 r  MicroblazeWithALS_i/clk_wiz_1/inst/clkin1_ibufg/O
                         net (fo=1, routed)           1.233     2.715    MicroblazeWithALS_i/clk_wiz_1/inst/clk_in1_MicroblazeWithALS_clk_wiz_1_0
    MMCME2_ADV_X1Y2      MMCME2_ADV (Prop_mmcme2_adv_CLKIN1_CLKOUT1)
                                                     -7.070    -4.355 r  MicroblazeWithALS_i/clk_wiz_1/inst/mmcm_adv_inst/CLKOUT1
                         net (fo=1, routed)           1.719    -2.636    MicroblazeWithALS_i/clk_wiz_1/inst/clk_out2_MicroblazeWithALS_clk_wiz_1_0
    BUFGCTRL_X0Y16       BUFG (Prop_bufg_I_O)         0.096    -2.540 r  MicroblazeWithALS_i/clk_wiz_1/inst/clkout2_buf/O
                         net (fo=320, routed)         1.639    -0.901    MicroblazeWithALS_i/PmodOLEDrgb_0/inst/axi_quad_spi_0/U0/NO_DUAL_QUAD_MODE.QSPI_NORMAL/QSPI_LEGACY_MD_GEN.QSPI_CORE_INTERFACE_I/FIFO_EXISTS.TX_FIFO_II/gnuram_async_fifo.xpm_fifo_base_inst/gen_cdc_pntr.rd_pntr_cdc_dc_inst/src_clk
    SLICE_X39Y96         FDRE                                         r  MicroblazeWithALS_i/PmodOLEDrgb_0/inst/axi_quad_spi_0/U0/NO_DUAL_QUAD_MODE.QSPI_NORMAL/QSPI_LEGACY_MD_GEN.QSPI_CORE_INTERFACE_I/FIFO_EXISTS.TX_FIFO_II/gnuram_async_fifo.xpm_fifo_base_inst/gen_cdc_pntr.rd_pntr_cdc_dc_inst/src_gray_ff_reg[1]/C
  -------------------------------------------------------------------    -------------------
    SLICE_X39Y96         FDRE (Prop_fdre_C_Q)         0.419    -0.482 r  MicroblazeWithALS_i/PmodOLEDrgb_0/inst/axi_quad_spi_0/U0/NO_DUAL_QUAD_MODE.QSPI_NORMAL/QSPI_LEGACY_MD_GEN.QSPI_CORE_INTERFACE_I/FIFO_EXISTS.TX_FIFO_II/gnuram_async_fifo.xpm_fifo_base_inst/gen_cdc_pntr.rd_pntr_cdc_dc_inst/src_gray_ff_reg[1]/Q
                         net (fo=1, routed)           0.597     0.115    MicroblazeWithALS_i/PmodOLEDrgb_0/inst/axi_quad_spi_0/U0/NO_DUAL_QUAD_MODE.QSPI_NORMAL/QSPI_LEGACY_MD_GEN.QSPI_CORE_INTERFACE_I/FIFO_EXISTS.TX_FIFO_II/gnuram_async_fifo.xpm_fifo_base_inst/gen_cdc_pntr.rd_pntr_cdc_dc_inst/async_path[1]
    SLICE_X39Y95         FDRE                                         r  MicroblazeWithALS_i/PmodOLEDrgb_0/inst/axi_quad_spi_0/U0/NO_DUAL_QUAD_MODE.QSPI_NORMAL/QSPI_LEGACY_MD_GEN.QSPI_CORE_INTERFACE_I/FIFO_EXISTS.TX_FIFO_II/gnuram_async_fifo.xpm_fifo_base_inst/gen_cdc_pntr.rd_pntr_cdc_dc_inst/dest_graysync_ff_reg[0][1]/D
  -------------------------------------------------------------------    -------------------

                         (clock clk_out1_MicroblazeWithALS_clk_wiz_1_0_1 rise edge)
                                                      0.000     0.000 r  
    E3                                                0.000     0.000 r  sys_clock (IN)
                         net (fo=0)                   0.000     0.000    MicroblazeWithALS_i/clk_wiz_1/inst/clk_in1
    E3                   IBUF (Prop_ibuf_I_O)         1.411     1.411 r  MicroblazeWithALS_i/clk_wiz_1/inst/clkin1_ibufg/O
                         net (fo=1, routed)           1.162     2.573    MicroblazeWithALS_i/clk_wiz_1/inst/clk_in1_MicroblazeWithALS_clk_wiz_1_0
    MMCME2_ADV_X1Y2      MMCME2_ADV (Prop_mmcme2_adv_CLKIN1_CLKOUT0)
                                                     -7.324    -4.751 r  MicroblazeWithALS_i/clk_wiz_1/inst/mmcm_adv_inst/CLKOUT0
                         net (fo=1, routed)           1.639    -3.112    MicroblazeWithALS_i/clk_wiz_1/inst/clk_out1_MicroblazeWithALS_clk_wiz_1_0
    BUFGCTRL_X0Y17       BUFG (Prop_bufg_I_O)         0.091    -3.021 r  MicroblazeWithALS_i/clk_wiz_1/inst/clkout1_buf/O
                         net (fo=2128, routed)        1.518    -1.502    MicroblazeWithALS_i/PmodOLEDrgb_0/inst/axi_quad_spi_0/U0/NO_DUAL_QUAD_MODE.QSPI_NORMAL/QSPI_LEGACY_MD_GEN.QSPI_CORE_INTERFACE_I/FIFO_EXISTS.TX_FIFO_II/gnuram_async_fifo.xpm_fifo_base_inst/gen_cdc_pntr.rd_pntr_cdc_dc_inst/dest_clk
    SLICE_X39Y95         FDRE                                         r  MicroblazeWithALS_i/PmodOLEDrgb_0/inst/axi_quad_spi_0/U0/NO_DUAL_QUAD_MODE.QSPI_NORMAL/QSPI_LEGACY_MD_GEN.QSPI_CORE_INTERFACE_I/FIFO_EXISTS.TX_FIFO_II/gnuram_async_fifo.xpm_fifo_base_inst/gen_cdc_pntr.rd_pntr_cdc_dc_inst/dest_graysync_ff_reg[0][1]/C
                         clock pessimism              0.395    -1.107    
    SLICE_X39Y95         FDRE (Setup_fdre_C_D)       -0.266    -1.373    MicroblazeWithALS_i/PmodOLEDrgb_0/inst/axi_quad_spi_0/U0/NO_DUAL_QUAD_MODE.QSPI_NORMAL/QSPI_LEGACY_MD_GEN.QSPI_CORE_INTERFACE_I/FIFO_EXISTS.TX_FIFO_II/gnuram_async_fifo.xpm_fifo_base_inst/gen_cdc_pntr.rd_pntr_cdc_dc_inst/dest_graysync_ff_reg[0][1]
  -------------------------------------------------------------------
                         data arrival                           0.115    
                         clock arrival                         -1.373    
  -------------------------------------------------------------------
                         relative delay                         1.488    

Reference path:
    Location             Delay type                Incr(ns)  Path(ns)    Netlist Resource(s)
  -------------------------------------------------------------------    -------------------
                         (clock clk_out2_MicroblazeWithALS_clk_wiz_1_0 rise edge)
                                                      0.000     0.000 r  
    E3                                                0.000     0.000 r  sys_clock (IN)
                         net (fo=0)                   0.000     0.000    MicroblazeWithALS_i/clk_wiz_1/inst/clk_in1
    E3                   IBUF (Prop_ibuf_I_O)         1.411     1.411 r  MicroblazeWithALS_i/clk_wiz_1/inst/clkin1_ibufg/O
                         net (fo=1, routed)           1.162     2.573    MicroblazeWithALS_i/clk_wiz_1/inst/clk_in1_MicroblazeWithALS_clk_wiz_1_0
    MMCME2_ADV_X1Y2      MMCME2_ADV (Prop_mmcme2_adv_CLKIN1_CLKOUT1)
                                                     -7.324    -4.751 r  MicroblazeWithALS_i/clk_wiz_1/inst/mmcm_adv_inst/CLKOUT1
                         net (fo=1, routed)           1.639    -3.112    MicroblazeWithALS_i/clk_wiz_1/inst/clk_out2_MicroblazeWithALS_clk_wiz_1_0
    BUFGCTRL_X0Y16       BUFG (Prop_bufg_I_O)         0.091    -3.021 r  MicroblazeWithALS_i/clk_wiz_1/inst/clkout2_buf/O
                         net (fo=320, routed)         1.519    -1.501    MicroblazeWithALS_i/PmodOLEDrgb_0/inst/axi_quad_spi_0/U0/NO_DUAL_QUAD_MODE.QSPI_NORMAL/QSPI_LEGACY_MD_GEN.QSPI_CORE_INTERFACE_I/FIFO_EXISTS.TX_FIFO_II/gnuram_async_fifo.xpm_fifo_base_inst/gen_cdc_pntr.rd_pntr_cdc_dc_inst/src_clk
    SLICE_X36Y94         FDRE                                         r  MicroblazeWithALS_i/PmodOLEDrgb_0/inst/axi_quad_spi_0/U0/NO_DUAL_QUAD_MODE.QSPI_NORMAL/QSPI_LEGACY_MD_GEN.QSPI_CORE_INTERFACE_I/FIFO_EXISTS.TX_FIFO_II/gnuram_async_fifo.xpm_fifo_base_inst/gen_cdc_pntr.rd_pntr_cdc_dc_inst/src_gray_ff_reg[4]/C
  -------------------------------------------------------------------    -------------------
    SLICE_X36Y94         FDRE (Prop_fdre_C_Q)         0.367    -1.134 r  MicroblazeWithALS_i/PmodOLEDrgb_0/inst/axi_quad_spi_0/U0/NO_DUAL_QUAD_MODE.QSPI_NORMAL/QSPI_LEGACY_MD_GEN.QSPI_CORE_INTERFACE_I/FIFO_EXISTS.TX_FIFO_II/gnuram_async_fifo.xpm_fifo_base_inst/gen_cdc_pntr.rd_pntr_cdc_dc_inst/src_gray_ff_reg[4]/Q
                         net (fo=1, routed)           0.486    -0.648    MicroblazeWithALS_i/PmodOLEDrgb_0/inst/axi_quad_spi_0/U0/NO_DUAL_QUAD_MODE.QSPI_NORMAL/QSPI_LEGACY_MD_GEN.QSPI_CORE_INTERFACE_I/FIFO_EXISTS.TX_FIFO_II/gnuram_async_fifo.xpm_fifo_base_inst/gen_cdc_pntr.rd_pntr_cdc_dc_inst/async_path[4]
    SLICE_X37Y94         FDRE                                         r  MicroblazeWithALS_i/PmodOLEDrgb_0/inst/axi_quad_spi_0/U0/NO_DUAL_QUAD_MODE.QSPI_NORMAL/QSPI_LEGACY_MD_GEN.QSPI_CORE_INTERFACE_I/FIFO_EXISTS.TX_FIFO_II/gnuram_async_fifo.xpm_fifo_base_inst/gen_cdc_pntr.rd_pntr_cdc_dc_inst/dest_graysync_ff_reg[0][4]/D
  -------------------------------------------------------------------    -------------------

                         (clock clk_out1_MicroblazeWithALS_clk_wiz_1_0_1 rise edge)
                                                      0.000     0.000 r  
    E3                                                0.000     0.000 r  sys_clock (IN)
                         net (fo=0)                   0.000     0.000    MicroblazeWithALS_i/clk_wiz_1/inst/clk_in1
    E3                   IBUF (Prop_ibuf_I_O)         1.482     1.482 r  MicroblazeWithALS_i/clk_wiz_1/inst/clkin1_ibufg/O
                         net (fo=1, routed)           1.233     2.715    MicroblazeWithALS_i/clk_wiz_1/inst/clk_in1_MicroblazeWithALS_clk_wiz_1_0
    MMCME2_ADV_X1Y2      MMCME2_ADV (Prop_mmcme2_adv_CLKIN1_CLKOUT0)
                                                     -7.070    -4.355 r  MicroblazeWithALS_i/clk_wiz_1/inst/mmcm_adv_inst/CLKOUT0
                         net (fo=1, routed)           1.719    -2.636    MicroblazeWithALS_i/clk_wiz_1/inst/clk_out1_MicroblazeWithALS_clk_wiz_1_0
    BUFGCTRL_X0Y17       BUFG (Prop_bufg_I_O)         0.096    -2.540 r  MicroblazeWithALS_i/clk_wiz_1/inst/clkout1_buf/O
                         net (fo=2128, routed)        1.640    -0.900    MicroblazeWithALS_i/PmodOLEDrgb_0/inst/axi_quad_spi_0/U0/NO_DUAL_QUAD_MODE.QSPI_NORMAL/QSPI_LEGACY_MD_GEN.QSPI_CORE_INTERFACE_I/FIFO_EXISTS.TX_FIFO_II/gnuram_async_fifo.xpm_fifo_base_inst/gen_cdc_pntr.rd_pntr_cdc_dc_inst/dest_clk
    SLICE_X37Y94         FDRE                                         r  MicroblazeWithALS_i/PmodOLEDrgb_0/inst/axi_quad_spi_0/U0/NO_DUAL_QUAD_MODE.QSPI_NORMAL/QSPI_LEGACY_MD_GEN.QSPI_CORE_INTERFACE_I/FIFO_EXISTS.TX_FIFO_II/gnuram_async_fifo.xpm_fifo_base_inst/gen_cdc_pntr.rd_pntr_cdc_dc_inst/dest_graysync_ff_reg[0][4]/C
                         clock pessimism             -0.395    -1.295    
    SLICE_X37Y94         FDRE (Hold_fdre_C_D)         0.170    -1.125    MicroblazeWithALS_i/PmodOLEDrgb_0/inst/axi_quad_spi_0/U0/NO_DUAL_QUAD_MODE.QSPI_NORMAL/QSPI_LEGACY_MD_GEN.QSPI_CORE_INTERFACE_I/FIFO_EXISTS.TX_FIFO_II/gnuram_async_fifo.xpm_fifo_base_inst/gen_cdc_pntr.rd_pntr_cdc_dc_inst/dest_graysync_ff_reg[0][4]
  -------------------------------------------------------------------
                         data arrival                          -0.648    
                         clock arrival                         -1.125    
  -------------------------------------------------------------------
                         relative delay                         0.477    



Id: 8
set_bus_skew -from [get_cells [list {MicroblazeWithALS_i/PmodOLEDrgb_0/inst/axi_quad_spi_0/U0/NO_DUAL_QUAD_MODE.QSPI_NORMAL/QSPI_LEGACY_MD_GEN.QSPI_CORE_INTERFACE_I/FIFO_EXISTS.RX_FIFO_II/gnuram_async_fifo.xpm_fifo_base_inst/gen_cdc_pntr.rd_pntr_cdc_dc_inst/src_gray_ff_reg[0]} {MicroblazeWithALS_i/PmodOLEDrgb_0/inst/axi_quad_spi_0/U0/NO_DUAL_QUAD_MODE.QSPI_NORMAL/QSPI_LEGACY_MD_GEN.QSPI_CORE_INTERFACE_I/FIFO_EXISTS.RX_FIFO_II/gnuram_async_fifo.xpm_fifo_base_inst/gen_cdc_pntr.rd_pntr_cdc_dc_inst/src_gray_ff_reg[1]} {MicroblazeWithALS_i/PmodOLEDrgb_0/inst/axi_quad_spi_0/U0/NO_DUAL_QUAD_MODE.QSPI_NORMAL/QSPI_LEGACY_MD_GEN.QSPI_CORE_INTERFACE_I/FIFO_EXISTS.RX_FIFO_II/gnuram_async_fifo.xpm_fifo_base_inst/gen_cdc_pntr.rd_pntr_cdc_dc_inst/src_gray_ff_reg[2]} {MicroblazeWithALS_i/PmodOLEDrgb_0/inst/axi_quad_spi_0/U0/NO_DUAL_QUAD_MODE.QSPI_NORMAL/QSPI_LEGACY_MD_GEN.QSPI_CORE_INTERFACE_I/FIFO_EXISTS.RX_FIFO_II/gnuram_async_fifo.xpm_fifo_base_inst/gen_cdc_pntr.rd_pntr_cdc_dc_inst/src_gray_ff_reg[3]} {MicroblazeWithALS_i/PmodOLEDrgb_0/inst/axi_quad_spi_0/U0/NO_DUAL_QUAD_MODE.QSPI_NORMAL/QSPI_LEGACY_MD_GEN.QSPI_CORE_INTERFACE_I/FIFO_EXISTS.RX_FIFO_II/gnuram_async_fifo.xpm_fifo_base_inst/gen_cdc_pntr.rd_pntr_cdc_dc_inst/src_gray_ff_reg[4]}]] -to [get_cells [list {MicroblazeWithALS_i/PmodOLEDrgb_0/inst/axi_quad_spi_0/U0/NO_DUAL_QUAD_MODE.QSPI_NORMAL/QSPI_LEGACY_MD_GEN.QSPI_CORE_INTERFACE_I/FIFO_EXISTS.RX_FIFO_II/gnuram_async_fifo.xpm_fifo_base_inst/gen_cdc_pntr.rd_pntr_cdc_dc_inst/dest_graysync_ff_reg[0][0]} {MicroblazeWithALS_i/PmodOLEDrgb_0/inst/axi_quad_spi_0/U0/NO_DUAL_QUAD_MODE.QSPI_NORMAL/QSPI_LEGACY_MD_GEN.QSPI_CORE_INTERFACE_I/FIFO_EXISTS.RX_FIFO_II/gnuram_async_fifo.xpm_fifo_base_inst/gen_cdc_pntr.rd_pntr_cdc_dc_inst/dest_graysync_ff_reg[0][1]} {MicroblazeWithALS_i/PmodOLEDrgb_0/inst/axi_quad_spi_0/U0/NO_DUAL_QUAD_MODE.QSPI_NORMAL/QSPI_LEGACY_MD_GEN.QSPI_CORE_INTERFACE_I/FIFO_EXISTS.RX_FIFO_II/gnuram_async_fifo.xpm_fifo_base_inst/gen_cdc_pntr.rd_pntr_cdc_dc_inst/dest_graysync_ff_reg[0][2]} {MicroblazeWithALS_i/PmodOLEDrgb_0/inst/axi_quad_spi_0/U0/NO_DUAL_QUAD_MODE.QSPI_NORMAL/QSPI_LEGACY_MD_GEN.QSPI_CORE_INTERFACE_I/FIFO_EXISTS.RX_FIFO_II/gnuram_async_fifo.xpm_fifo_base_inst/gen_cdc_pntr.rd_pntr_cdc_dc_inst/dest_graysync_ff_reg[0][3]} {MicroblazeWithALS_i/PmodOLEDrgb_0/inst/axi_quad_spi_0/U0/NO_DUAL_QUAD_MODE.QSPI_NORMAL/QSPI_LEGACY_MD_GEN.QSPI_CORE_INTERFACE_I/FIFO_EXISTS.RX_FIFO_II/gnuram_async_fifo.xpm_fifo_base_inst/gen_cdc_pntr.rd_pntr_cdc_dc_inst/dest_graysync_ff_reg[0][4]}]] 10.000
Requirement: 10.000ns
Endpoints: 5

From Clock            To Clock              Endpoint Pin                    Reference Pin                   Corner  Actual(ns)  Slack(ns)
--------------------  --------------------  ------------------------------  ------------------------------  ------  ----------  ---------
clk_out1_MicroblazeWithALS_clk_wiz_1_0
                      clk_out2_MicroblazeWithALS_clk_wiz_1_0_1
                                            MicroblazeWithALS_i/PmodOLEDrgb_0/inst/axi_quad_spi_0/U0/NO_DUAL_QUAD_MODE.QSPI_NORMAL/QSPI_LEGACY_MD_GEN.QSPI_CORE_INTERFACE_I/FIFO_EXISTS.RX_FIFO_II/gnuram_async_fifo.xpm_fifo_base_inst/gen_cdc_pntr.rd_pntr_cdc_dc_inst/dest_graysync_ff_reg[0][2]/D
                                                                            MicroblazeWithALS_i/PmodOLEDrgb_0/inst/axi_quad_spi_0/U0/NO_DUAL_QUAD_MODE.QSPI_NORMAL/QSPI_LEGACY_MD_GEN.QSPI_CORE_INTERFACE_I/FIFO_EXISTS.RX_FIFO_II/gnuram_async_fifo.xpm_fifo_base_inst/gen_cdc_pntr.rd_pntr_cdc_dc_inst/dest_graysync_ff_reg[0][4]/D
                                                                                                            Slow         0.770      9.230


Slack (MET) :             9.230ns  (requirement - actual skew)
  Endpoint Source:        MicroblazeWithALS_i/PmodOLEDrgb_0/inst/axi_quad_spi_0/U0/NO_DUAL_QUAD_MODE.QSPI_NORMAL/QSPI_LEGACY_MD_GEN.QSPI_CORE_INTERFACE_I/FIFO_EXISTS.RX_FIFO_II/gnuram_async_fifo.xpm_fifo_base_inst/gen_cdc_pntr.rd_pntr_cdc_dc_inst/src_gray_ff_reg[2]/C
                            (rising edge-triggered cell FDRE clocked by clk_out1_MicroblazeWithALS_clk_wiz_1_0)
  Endpoint Destination:   MicroblazeWithALS_i/PmodOLEDrgb_0/inst/axi_quad_spi_0/U0/NO_DUAL_QUAD_MODE.QSPI_NORMAL/QSPI_LEGACY_MD_GEN.QSPI_CORE_INTERFACE_I/FIFO_EXISTS.RX_FIFO_II/gnuram_async_fifo.xpm_fifo_base_inst/gen_cdc_pntr.rd_pntr_cdc_dc_inst/dest_graysync_ff_reg[0][2]/D
                            (rising edge-triggered cell FDRE clocked by clk_out2_MicroblazeWithALS_clk_wiz_1_0_1)
  Reference Source:       MicroblazeWithALS_i/PmodOLEDrgb_0/inst/axi_quad_spi_0/U0/NO_DUAL_QUAD_MODE.QSPI_NORMAL/QSPI_LEGACY_MD_GEN.QSPI_CORE_INTERFACE_I/FIFO_EXISTS.RX_FIFO_II/gnuram_async_fifo.xpm_fifo_base_inst/gen_cdc_pntr.rd_pntr_cdc_dc_inst/src_gray_ff_reg[4]/C
                            (rising edge-triggered cell FDRE clocked by clk_out1_MicroblazeWithALS_clk_wiz_1_0)
  Reference Destination:  MicroblazeWithALS_i/PmodOLEDrgb_0/inst/axi_quad_spi_0/U0/NO_DUAL_QUAD_MODE.QSPI_NORMAL/QSPI_LEGACY_MD_GEN.QSPI_CORE_INTERFACE_I/FIFO_EXISTS.RX_FIFO_II/gnuram_async_fifo.xpm_fifo_base_inst/gen_cdc_pntr.rd_pntr_cdc_dc_inst/dest_graysync_ff_reg[0][4]/D
                            (rising edge-triggered cell FDRE clocked by clk_out2_MicroblazeWithALS_clk_wiz_1_0)
  Path Type:              Bus Skew (Max at Slow Process Corner)
  Requirement:            10.000ns
  Endpoint Relative Delay:    1.655ns
  Reference Relative Delay:   0.522ns
  Relative CRPR:              0.363ns
  Actual Bus Skew:            0.770ns  (Endpoint Relative Delay - Reference Relative Delay - Relative CRPR)

Endpoint path:
    Location             Delay type                Incr(ns)  Path(ns)    Netlist Resource(s)
  -------------------------------------------------------------------    -------------------
                         (clock clk_out1_MicroblazeWithALS_clk_wiz_1_0 rise edge)
                                                      0.000     0.000 r  
    E3                                                0.000     0.000 r  sys_clock (IN)
                         net (fo=0)                   0.000     0.000    MicroblazeWithALS_i/clk_wiz_1/inst/clk_in1
    E3                   IBUF (Prop_ibuf_I_O)         1.482     1.482 r  MicroblazeWithALS_i/clk_wiz_1/inst/clkin1_ibufg/O
                         net (fo=1, routed)           1.233     2.715    MicroblazeWithALS_i/clk_wiz_1/inst/clk_in1_MicroblazeWithALS_clk_wiz_1_0
    MMCME2_ADV_X1Y2      MMCME2_ADV (Prop_mmcme2_adv_CLKIN1_CLKOUT0)
                                                     -7.070    -4.355 r  MicroblazeWithALS_i/clk_wiz_1/inst/mmcm_adv_inst/CLKOUT0
                         net (fo=1, routed)           1.719    -2.636    MicroblazeWithALS_i/clk_wiz_1/inst/clk_out1_MicroblazeWithALS_clk_wiz_1_0
    BUFGCTRL_X0Y17       BUFG (Prop_bufg_I_O)         0.096    -2.540 r  MicroblazeWithALS_i/clk_wiz_1/inst/clkout1_buf/O
                         net (fo=2128, routed)        1.641    -0.899    MicroblazeWithALS_i/PmodOLEDrgb_0/inst/axi_quad_spi_0/U0/NO_DUAL_QUAD_MODE.QSPI_NORMAL/QSPI_LEGACY_MD_GEN.QSPI_CORE_INTERFACE_I/FIFO_EXISTS.RX_FIFO_II/gnuram_async_fifo.xpm_fifo_base_inst/gen_cdc_pntr.rd_pntr_cdc_dc_inst/src_clk
    SLICE_X29Y91         FDRE                                         r  MicroblazeWithALS_i/PmodOLEDrgb_0/inst/axi_quad_spi_0/U0/NO_DUAL_QUAD_MODE.QSPI_NORMAL/QSPI_LEGACY_MD_GEN.QSPI_CORE_INTERFACE_I/FIFO_EXISTS.RX_FIFO_II/gnuram_async_fifo.xpm_fifo_base_inst/gen_cdc_pntr.rd_pntr_cdc_dc_inst/src_gray_ff_reg[2]/C
  -------------------------------------------------------------------    -------------------
    SLICE_X29Y91         FDRE (Prop_fdre_C_Q)         0.456    -0.443 r  MicroblazeWithALS_i/PmodOLEDrgb_0/inst/axi_quad_spi_0/U0/NO_DUAL_QUAD_MODE.QSPI_NORMAL/QSPI_LEGACY_MD_GEN.QSPI_CORE_INTERFACE_I/FIFO_EXISTS.RX_FIFO_II/gnuram_async_fifo.xpm_fifo_base_inst/gen_cdc_pntr.rd_pntr_cdc_dc_inst/src_gray_ff_reg[2]/Q
                         net (fo=1, routed)           0.900     0.457    MicroblazeWithALS_i/PmodOLEDrgb_0/inst/axi_quad_spi_0/U0/NO_DUAL_QUAD_MODE.QSPI_NORMAL/QSPI_LEGACY_MD_GEN.QSPI_CORE_INTERFACE_I/FIFO_EXISTS.RX_FIFO_II/gnuram_async_fifo.xpm_fifo_base_inst/gen_cdc_pntr.rd_pntr_cdc_dc_inst/async_path[2]
    SLICE_X28Y91         FDRE                                         r  MicroblazeWithALS_i/PmodOLEDrgb_0/inst/axi_quad_spi_0/U0/NO_DUAL_QUAD_MODE.QSPI_NORMAL/QSPI_LEGACY_MD_GEN.QSPI_CORE_INTERFACE_I/FIFO_EXISTS.RX_FIFO_II/gnuram_async_fifo.xpm_fifo_base_inst/gen_cdc_pntr.rd_pntr_cdc_dc_inst/dest_graysync_ff_reg[0][2]/D
  -------------------------------------------------------------------    -------------------

                         (clock clk_out2_MicroblazeWithALS_clk_wiz_1_0_1 rise edge)
                                                      0.000     0.000 r  
    E3                                                0.000     0.000 r  sys_clock (IN)
                         net (fo=0)                   0.000     0.000    MicroblazeWithALS_i/clk_wiz_1/inst/clk_in1
    E3                   IBUF (Prop_ibuf_I_O)         1.411     1.411 r  MicroblazeWithALS_i/clk_wiz_1/inst/clkin1_ibufg/O
                         net (fo=1, routed)           1.162     2.573    MicroblazeWithALS_i/clk_wiz_1/inst/clk_in1_MicroblazeWithALS_clk_wiz_1_0
    MMCME2_ADV_X1Y2      MMCME2_ADV (Prop_mmcme2_adv_CLKIN1_CLKOUT1)
                                                     -7.324    -4.751 r  MicroblazeWithALS_i/clk_wiz_1/inst/mmcm_adv_inst/CLKOUT1
                         net (fo=1, routed)           1.639    -3.112    MicroblazeWithALS_i/clk_wiz_1/inst/clk_out2_MicroblazeWithALS_clk_wiz_1_0
    BUFGCTRL_X0Y16       BUFG (Prop_bufg_I_O)         0.091    -3.021 r  MicroblazeWithALS_i/clk_wiz_1/inst/clkout2_buf/O
                         net (fo=320, routed)         1.520    -1.500    MicroblazeWithALS_i/PmodOLEDrgb_0/inst/axi_quad_spi_0/U0/NO_DUAL_QUAD_MODE.QSPI_NORMAL/QSPI_LEGACY_MD_GEN.QSPI_CORE_INTERFACE_I/FIFO_EXISTS.RX_FIFO_II/gnuram_async_fifo.xpm_fifo_base_inst/gen_cdc_pntr.rd_pntr_cdc_dc_inst/dest_clk
    SLICE_X28Y91         FDRE                                         r  MicroblazeWithALS_i/PmodOLEDrgb_0/inst/axi_quad_spi_0/U0/NO_DUAL_QUAD_MODE.QSPI_NORMAL/QSPI_LEGACY_MD_GEN.QSPI_CORE_INTERFACE_I/FIFO_EXISTS.RX_FIFO_II/gnuram_async_fifo.xpm_fifo_base_inst/gen_cdc_pntr.rd_pntr_cdc_dc_inst/dest_graysync_ff_reg[0][2]/C
                         clock pessimism              0.395    -1.105    
    SLICE_X28Y91         FDRE (Setup_fdre_C_D)       -0.093    -1.198    MicroblazeWithALS_i/PmodOLEDrgb_0/inst/axi_quad_spi_0/U0/NO_DUAL_QUAD_MODE.QSPI_NORMAL/QSPI_LEGACY_MD_GEN.QSPI_CORE_INTERFACE_I/FIFO_EXISTS.RX_FIFO_II/gnuram_async_fifo.xpm_fifo_base_inst/gen_cdc_pntr.rd_pntr_cdc_dc_inst/dest_graysync_ff_reg[0][2]
  -------------------------------------------------------------------
                         data arrival                           0.457    
                         clock arrival                         -1.198    
  -------------------------------------------------------------------
                         relative delay                         1.655    

Reference path:
    Location             Delay type                Incr(ns)  Path(ns)    Netlist Resource(s)
  -------------------------------------------------------------------    -------------------
                         (clock clk_out1_MicroblazeWithALS_clk_wiz_1_0 rise edge)
                                                      0.000     0.000 r  
    E3                                                0.000     0.000 r  sys_clock (IN)
                         net (fo=0)                   0.000     0.000    MicroblazeWithALS_i/clk_wiz_1/inst/clk_in1
    E3                   IBUF (Prop_ibuf_I_O)         1.411     1.411 r  MicroblazeWithALS_i/clk_wiz_1/inst/clkin1_ibufg/O
                         net (fo=1, routed)           1.162     2.573    MicroblazeWithALS_i/clk_wiz_1/inst/clk_in1_MicroblazeWithALS_clk_wiz_1_0
    MMCME2_ADV_X1Y2      MMCME2_ADV (Prop_mmcme2_adv_CLKIN1_CLKOUT0)
                                                     -7.324    -4.751 r  MicroblazeWithALS_i/clk_wiz_1/inst/mmcm_adv_inst/CLKOUT0
                         net (fo=1, routed)           1.639    -3.112    MicroblazeWithALS_i/clk_wiz_1/inst/clk_out1_MicroblazeWithALS_clk_wiz_1_0
    BUFGCTRL_X0Y17       BUFG (Prop_bufg_I_O)         0.091    -3.021 r  MicroblazeWithALS_i/clk_wiz_1/inst/clkout1_buf/O
                         net (fo=2128, routed)        1.520    -1.500    MicroblazeWithALS_i/PmodOLEDrgb_0/inst/axi_quad_spi_0/U0/NO_DUAL_QUAD_MODE.QSPI_NORMAL/QSPI_LEGACY_MD_GEN.QSPI_CORE_INTERFACE_I/FIFO_EXISTS.RX_FIFO_II/gnuram_async_fifo.xpm_fifo_base_inst/gen_cdc_pntr.rd_pntr_cdc_dc_inst/src_clk
    SLICE_X28Y92         FDRE                                         r  MicroblazeWithALS_i/PmodOLEDrgb_0/inst/axi_quad_spi_0/U0/NO_DUAL_QUAD_MODE.QSPI_NORMAL/QSPI_LEGACY_MD_GEN.QSPI_CORE_INTERFACE_I/FIFO_EXISTS.RX_FIFO_II/gnuram_async_fifo.xpm_fifo_base_inst/gen_cdc_pntr.rd_pntr_cdc_dc_inst/src_gray_ff_reg[4]/C
  -------------------------------------------------------------------    -------------------
    SLICE_X28Y92         FDRE (Prop_fdre_C_Q)         0.367    -1.133 r  MicroblazeWithALS_i/PmodOLEDrgb_0/inst/axi_quad_spi_0/U0/NO_DUAL_QUAD_MODE.QSPI_NORMAL/QSPI_LEGACY_MD_GEN.QSPI_CORE_INTERFACE_I/FIFO_EXISTS.RX_FIFO_II/gnuram_async_fifo.xpm_fifo_base_inst/gen_cdc_pntr.rd_pntr_cdc_dc_inst/src_gray_ff_reg[4]/Q
                         net (fo=1, routed)           0.532    -0.602    MicroblazeWithALS_i/PmodOLEDrgb_0/inst/axi_quad_spi_0/U0/NO_DUAL_QUAD_MODE.QSPI_NORMAL/QSPI_LEGACY_MD_GEN.QSPI_CORE_INTERFACE_I/FIFO_EXISTS.RX_FIFO_II/gnuram_async_fifo.xpm_fifo_base_inst/gen_cdc_pntr.rd_pntr_cdc_dc_inst/async_path[4]
    SLICE_X28Y93         FDRE                                         r  MicroblazeWithALS_i/PmodOLEDrgb_0/inst/axi_quad_spi_0/U0/NO_DUAL_QUAD_MODE.QSPI_NORMAL/QSPI_LEGACY_MD_GEN.QSPI_CORE_INTERFACE_I/FIFO_EXISTS.RX_FIFO_II/gnuram_async_fifo.xpm_fifo_base_inst/gen_cdc_pntr.rd_pntr_cdc_dc_inst/dest_graysync_ff_reg[0][4]/D
  -------------------------------------------------------------------    -------------------

                         (clock clk_out2_MicroblazeWithALS_clk_wiz_1_0 rise edge)
                                                      0.000     0.000 r  
    E3                                                0.000     0.000 r  sys_clock (IN)
                         net (fo=0)                   0.000     0.000    MicroblazeWithALS_i/clk_wiz_1/inst/clk_in1
    E3                   IBUF (Prop_ibuf_I_O)         1.482     1.482 r  MicroblazeWithALS_i/clk_wiz_1/inst/clkin1_ibufg/O
                         net (fo=1, routed)           1.233     2.715    MicroblazeWithALS_i/clk_wiz_1/inst/clk_in1_MicroblazeWithALS_clk_wiz_1_0
    MMCME2_ADV_X1Y2      MMCME2_ADV (Prop_mmcme2_adv_CLKIN1_CLKOUT1)
                                                     -7.070    -4.355 r  MicroblazeWithALS_i/clk_wiz_1/inst/mmcm_adv_inst/CLKOUT1
                         net (fo=1, routed)           1.719    -2.636    MicroblazeWithALS_i/clk_wiz_1/inst/clk_out2_MicroblazeWithALS_clk_wiz_1_0
    BUFGCTRL_X0Y16       BUFG (Prop_bufg_I_O)         0.096    -2.540 r  MicroblazeWithALS_i/clk_wiz_1/inst/clkout2_buf/O
                         net (fo=320, routed)         1.642    -0.898    MicroblazeWithALS_i/PmodOLEDrgb_0/inst/axi_quad_spi_0/U0/NO_DUAL_QUAD_MODE.QSPI_NORMAL/QSPI_LEGACY_MD_GEN.QSPI_CORE_INTERFACE_I/FIFO_EXISTS.RX_FIFO_II/gnuram_async_fifo.xpm_fifo_base_inst/gen_cdc_pntr.rd_pntr_cdc_dc_inst/dest_clk
    SLICE_X28Y93         FDRE                                         r  MicroblazeWithALS_i/PmodOLEDrgb_0/inst/axi_quad_spi_0/U0/NO_DUAL_QUAD_MODE.QSPI_NORMAL/QSPI_LEGACY_MD_GEN.QSPI_CORE_INTERFACE_I/FIFO_EXISTS.RX_FIFO_II/gnuram_async_fifo.xpm_fifo_base_inst/gen_cdc_pntr.rd_pntr_cdc_dc_inst/dest_graysync_ff_reg[0][4]/C
                         clock pessimism             -0.395    -1.293    
    SLICE_X28Y93         FDRE (Hold_fdre_C_D)         0.169    -1.124    MicroblazeWithALS_i/PmodOLEDrgb_0/inst/axi_quad_spi_0/U0/NO_DUAL_QUAD_MODE.QSPI_NORMAL/QSPI_LEGACY_MD_GEN.QSPI_CORE_INTERFACE_I/FIFO_EXISTS.RX_FIFO_II/gnuram_async_fifo.xpm_fifo_base_inst/gen_cdc_pntr.rd_pntr_cdc_dc_inst/dest_graysync_ff_reg[0][4]
  -------------------------------------------------------------------
                         data arrival                          -0.602    
                         clock arrival                         -1.124    
  -------------------------------------------------------------------
                         relative delay                         0.522    



