TRACE::2026-01-02.22:28:05::SCWPlatform::Trying to open the hw design at F:/Advanced_Hardware_Engineering/Vivado_2021/Workspace/MAXSONAR/MAXSONAR_Platform_J/hw/TEST_J_2021MAXSONAR_wrapper.xsa
TRACE::2026-01-02.22:28:05::SCWPlatform::DSA given F:/Advanced_Hardware_Engineering/Vivado_2021/Workspace/MAXSONAR/MAXSONAR_Platform_J/hw/TEST_J_2021MAXSONAR_wrapper.xsa
TRACE::2026-01-02.22:28:05::SCWPlatform::DSA absoulate path F:/Advanced_Hardware_Engineering/Vivado_2021/Workspace/MAXSONAR/MAXSONAR_Platform_J/hw/TEST_J_2021MAXSONAR_wrapper.xsa
TRACE::2026-01-02.22:28:05::SCWPlatform::DSA directory F:/Advanced_Hardware_Engineering/Vivado_2021/Workspace/MAXSONAR/MAXSONAR_Platform_J/hw
TRACE::2026-01-02.22:28:05::SCWPlatform:: Platform Path F:/Advanced_Hardware_Engineering/Vivado_2021/Workspace/MAXSONAR/MAXSONAR_Platform_J/hw/TEST_J_2021MAXSONAR_wrapper.xsa
TRACE::2026-01-02.22:28:05::SCWPlatform:: Unique name xilinx:nexys-a7-100t::0.0
TRACE::2026-01-02.22:28:05::SCWPlatform::Do not have an existing db opened. 
TRACE::2026-01-02.22:28:05::SCWPlatform::Opened new HwDB with name TEST_J_2021MAXSONAR_wrapper_0
TRACE::2026-01-02.22:28:05::SCWWriter::formatted JSON is {
	"platformName":	"MAXSONAR_Platform_J",
	"sprVersion":	"2.0",
	"mode":	"gui",
	"dsaType":	"Fixed",
	"platformDesc":	"MAXSONAR_Platform_J",
	"platHandOff":	"F:/Advanced_Hardware_Engineering/Vivado_2021/TEST_J_2021MAXSONAR/TEST_J_2021MAXSONAR/TEST_J_2021MAXSONAR_wrapper.xsa",
	"platIntHandOff":	"<platformDir>/hw/TEST_J_2021MAXSONAR_wrapper.xsa",
	"deviceType":	"FPGA",
	"platIsPrebuiltAutogen":	"false",
	"platIsNoBootBsp":	"false",
	"hasFsblMakeHasChanges":	"false",
	"hasPmufwMakeHasChanges":	"false",
	"platPreBuiltFlag":	false,
	"platformSamplesDir":	""
}
TRACE::2026-01-02.22:28:05::SCWWriter::formatted JSON is {
	"platformName":	"MAXSONAR_Platform_J",
	"sprVersion":	"2.0",
	"mode":	"gui",
	"dsaType":	"Fixed",
	"platformDesc":	"MAXSONAR_Platform_J",
	"platHandOff":	"F:/Advanced_Hardware_Engineering/Vivado_2021/TEST_J_2021MAXSONAR/TEST_J_2021MAXSONAR/TEST_J_2021MAXSONAR_wrapper.xsa",
	"platIntHandOff":	"<platformDir>/hw/TEST_J_2021MAXSONAR_wrapper.xsa",
	"deviceType":	"FPGA",
	"platIsPrebuiltAutogen":	"false",
	"platIsNoBootBsp":	"false",
	"hasFsblMakeHasChanges":	"false",
	"hasPmufwMakeHasChanges":	"false",
	"platPreBuiltFlag":	false,
	"platformSamplesDir":	"",
	"platActiveSys":	"MAXSONAR_Platform_J",
	"systems":	[{
			"systemName":	"MAXSONAR_Platform_J",
			"systemDesc":	"MAXSONAR_Platform_J",
			"sysIsBootAutoGen":	"true",
			"systemDispName":	"MAXSONAR_Platform_J"
		}]
}
TRACE::2026-01-02.22:28:05::SCWPlatform::Boot application domains not present, creating them
TRACE::2026-01-02.22:28:05::SCWPlatform::Pure FPGA device, no boot application will be created.
TRACE::2026-01-02.22:28:05::SCWWriter::formatted JSON is {
	"platformName":	"MAXSONAR_Platform_J",
	"sprVersion":	"2.0",
	"mode":	"gui",
	"dsaType":	"Fixed",
	"platformDesc":	"MAXSONAR_Platform_J",
	"platHandOff":	"F:/Advanced_Hardware_Engineering/Vivado_2021/TEST_J_2021MAXSONAR/TEST_J_2021MAXSONAR/TEST_J_2021MAXSONAR_wrapper.xsa",
	"platIntHandOff":	"<platformDir>/hw/TEST_J_2021MAXSONAR_wrapper.xsa",
	"deviceType":	"FPGA",
	"platIsPrebuiltAutogen":	"false",
	"platIsNoBootBsp":	"false",
	"hasFsblMakeHasChanges":	"false",
	"hasPmufwMakeHasChanges":	"false",
	"platPreBuiltFlag":	false,
	"platformSamplesDir":	"",
	"platActiveSys":	"MAXSONAR_Platform_J",
	"systems":	[{
			"systemName":	"MAXSONAR_Platform_J",
			"systemDesc":	"MAXSONAR_Platform_J",
			"sysIsBootAutoGen":	"true",
			"systemDispName":	"MAXSONAR_Platform_J"
		}]
}
TRACE::2026-01-02.22:28:05::SCWPlatform::Trying to open the hw design at F:/Advanced_Hardware_Engineering/Vivado_2021/Workspace/MAXSONAR/MAXSONAR_Platform_J/hw/TEST_J_2021MAXSONAR_wrapper.xsa
TRACE::2026-01-02.22:28:05::SCWPlatform::DSA given F:/Advanced_Hardware_Engineering/Vivado_2021/Workspace/MAXSONAR/MAXSONAR_Platform_J/hw/TEST_J_2021MAXSONAR_wrapper.xsa
TRACE::2026-01-02.22:28:05::SCWPlatform::DSA absoulate path F:/Advanced_Hardware_Engineering/Vivado_2021/Workspace/MAXSONAR/MAXSONAR_Platform_J/hw/TEST_J_2021MAXSONAR_wrapper.xsa
TRACE::2026-01-02.22:28:05::SCWPlatform::DSA directory F:/Advanced_Hardware_Engineering/Vivado_2021/Workspace/MAXSONAR/MAXSONAR_Platform_J/hw
TRACE::2026-01-02.22:28:05::SCWPlatform:: Platform Path F:/Advanced_Hardware_Engineering/Vivado_2021/Workspace/MAXSONAR/MAXSONAR_Platform_J/hw/TEST_J_2021MAXSONAR_wrapper.xsa
TRACE::2026-01-02.22:28:05::SCWPlatform:: Unique name xilinx:nexys-a7-100t::0.0
TRACE::2026-01-02.22:28:05::SCWPlatform::Trying to set the existing hwdb with name TEST_J_2021MAXSONAR_wrapper_0
TRACE::2026-01-02.22:28:05::SCWPlatform::Opened existing hwdb TEST_J_2021MAXSONAR_wrapper_0
TRACE::2026-01-02.22:28:05::SCWPlatform::Found the Hw Db part of the input DSA
TRACE::2026-01-02.22:28:05::SCWPlatform::Trying to open the hw design at F:/Advanced_Hardware_Engineering/Vivado_2021/Workspace/MAXSONAR/MAXSONAR_Platform_J/hw/TEST_J_2021MAXSONAR_wrapper.xsa
TRACE::2026-01-02.22:28:05::SCWPlatform::DSA given F:/Advanced_Hardware_Engineering/Vivado_2021/Workspace/MAXSONAR/MAXSONAR_Platform_J/hw/TEST_J_2021MAXSONAR_wrapper.xsa
TRACE::2026-01-02.22:28:05::SCWPlatform::DSA absoulate path F:/Advanced_Hardware_Engineering/Vivado_2021/Workspace/MAXSONAR/MAXSONAR_Platform_J/hw/TEST_J_2021MAXSONAR_wrapper.xsa
TRACE::2026-01-02.22:28:05::SCWPlatform::DSA directory F:/Advanced_Hardware_Engineering/Vivado_2021/Workspace/MAXSONAR/MAXSONAR_Platform_J/hw
TRACE::2026-01-02.22:28:05::SCWPlatform:: Platform Path F:/Advanced_Hardware_Engineering/Vivado_2021/Workspace/MAXSONAR/MAXSONAR_Platform_J/hw/TEST_J_2021MAXSONAR_wrapper.xsa
TRACE::2026-01-02.22:28:05::SCWPlatform:: Unique name xilinx:nexys-a7-100t::0.0
TRACE::2026-01-02.22:28:05::SCWPlatform::Trying to set the existing hwdb with name TEST_J_2021MAXSONAR_wrapper_0
TRACE::2026-01-02.22:28:05::SCWPlatform::Opened existing hwdb TEST_J_2021MAXSONAR_wrapper_0
TRACE::2026-01-02.22:28:05::SCWPlatform::Found the Hw Db part of the input DSA
TRACE::2026-01-02.22:28:05::SCWPlatform::Trying to open the hw design at F:/Advanced_Hardware_Engineering/Vivado_2021/Workspace/MAXSONAR/MAXSONAR_Platform_J/hw/TEST_J_2021MAXSONAR_wrapper.xsa
TRACE::2026-01-02.22:28:05::SCWPlatform::DSA given F:/Advanced_Hardware_Engineering/Vivado_2021/Workspace/MAXSONAR/MAXSONAR_Platform_J/hw/TEST_J_2021MAXSONAR_wrapper.xsa
TRACE::2026-01-02.22:28:05::SCWPlatform::DSA absoulate path F:/Advanced_Hardware_Engineering/Vivado_2021/Workspace/MAXSONAR/MAXSONAR_Platform_J/hw/TEST_J_2021MAXSONAR_wrapper.xsa
TRACE::2026-01-02.22:28:05::SCWPlatform::DSA directory F:/Advanced_Hardware_Engineering/Vivado_2021/Workspace/MAXSONAR/MAXSONAR_Platform_J/hw
TRACE::2026-01-02.22:28:05::SCWPlatform:: Platform Path F:/Advanced_Hardware_Engineering/Vivado_2021/Workspace/MAXSONAR/MAXSONAR_Platform_J/hw/TEST_J_2021MAXSONAR_wrapper.xsa
TRACE::2026-01-02.22:28:05::SCWPlatform:: Unique name xilinx:nexys-a7-100t::0.0
TRACE::2026-01-02.22:28:05::SCWPlatform::Trying to set the existing hwdb with name TEST_J_2021MAXSONAR_wrapper_0
TRACE::2026-01-02.22:28:05::SCWPlatform::Opened existing hwdb TEST_J_2021MAXSONAR_wrapper_0
TRACE::2026-01-02.22:28:05::SCWPlatform::Found the Hw Db part of the input DSA
TRACE::2026-01-02.22:28:05::SCWDomain::checking for install qemu data   : 
TRACE::2026-01-02.22:28:05::SCWPlatform::Trying to open the hw design at F:/Advanced_Hardware_Engineering/Vivado_2021/Workspace/MAXSONAR/MAXSONAR_Platform_J/hw/TEST_J_2021MAXSONAR_wrapper.xsa
TRACE::2026-01-02.22:28:05::SCWPlatform::DSA given F:/Advanced_Hardware_Engineering/Vivado_2021/Workspace/MAXSONAR/MAXSONAR_Platform_J/hw/TEST_J_2021MAXSONAR_wrapper.xsa
TRACE::2026-01-02.22:28:05::SCWPlatform::DSA absoulate path F:/Advanced_Hardware_Engineering/Vivado_2021/Workspace/MAXSONAR/MAXSONAR_Platform_J/hw/TEST_J_2021MAXSONAR_wrapper.xsa
TRACE::2026-01-02.22:28:05::SCWPlatform::DSA directory F:/Advanced_Hardware_Engineering/Vivado_2021/Workspace/MAXSONAR/MAXSONAR_Platform_J/hw
TRACE::2026-01-02.22:28:05::SCWPlatform:: Platform Path F:/Advanced_Hardware_Engineering/Vivado_2021/Workspace/MAXSONAR/MAXSONAR_Platform_J/hw/TEST_J_2021MAXSONAR_wrapper.xsa
TRACE::2026-01-02.22:28:05::SCWPlatform:: Unique name xilinx:nexys-a7-100t::0.0
TRACE::2026-01-02.22:28:05::SCWPlatform::Trying to set the existing hwdb with name TEST_J_2021MAXSONAR_wrapper_0
TRACE::2026-01-02.22:28:05::SCWPlatform::Opened existing hwdb TEST_J_2021MAXSONAR_wrapper_0
TRACE::2026-01-02.22:28:05::SCWPlatform::Found the Hw Db part of the input DSA
TRACE::2026-01-02.22:28:05::SCWPlatform::Trying to open the hw design at F:/Advanced_Hardware_Engineering/Vivado_2021/Workspace/MAXSONAR/MAXSONAR_Platform_J/hw/TEST_J_2021MAXSONAR_wrapper.xsa
TRACE::2026-01-02.22:28:05::SCWPlatform::DSA given F:/Advanced_Hardware_Engineering/Vivado_2021/Workspace/MAXSONAR/MAXSONAR_Platform_J/hw/TEST_J_2021MAXSONAR_wrapper.xsa
TRACE::2026-01-02.22:28:05::SCWPlatform::DSA absoulate path F:/Advanced_Hardware_Engineering/Vivado_2021/Workspace/MAXSONAR/MAXSONAR_Platform_J/hw/TEST_J_2021MAXSONAR_wrapper.xsa
TRACE::2026-01-02.22:28:05::SCWPlatform::DSA directory F:/Advanced_Hardware_Engineering/Vivado_2021/Workspace/MAXSONAR/MAXSONAR_Platform_J/hw
TRACE::2026-01-02.22:28:05::SCWPlatform:: Platform Path F:/Advanced_Hardware_Engineering/Vivado_2021/Workspace/MAXSONAR/MAXSONAR_Platform_J/hw/TEST_J_2021MAXSONAR_wrapper.xsa
TRACE::2026-01-02.22:28:05::SCWPlatform:: Unique name xilinx:nexys-a7-100t::0.0
TRACE::2026-01-02.22:28:05::SCWPlatform::Trying to set the existing hwdb with name TEST_J_2021MAXSONAR_wrapper_0
TRACE::2026-01-02.22:28:05::SCWPlatform::Opened existing hwdb TEST_J_2021MAXSONAR_wrapper_0
TRACE::2026-01-02.22:28:05::SCWPlatform::Found the Hw Db part of the input DSA
TRACE::2026-01-02.22:28:05::SCWPlatform::Trying to open the hw design at F:/Advanced_Hardware_Engineering/Vivado_2021/Workspace/MAXSONAR/MAXSONAR_Platform_J/hw/TEST_J_2021MAXSONAR_wrapper.xsa
TRACE::2026-01-02.22:28:05::SCWPlatform::DSA given F:/Advanced_Hardware_Engineering/Vivado_2021/Workspace/MAXSONAR/MAXSONAR_Platform_J/hw/TEST_J_2021MAXSONAR_wrapper.xsa
TRACE::2026-01-02.22:28:05::SCWPlatform::DSA absoulate path F:/Advanced_Hardware_Engineering/Vivado_2021/Workspace/MAXSONAR/MAXSONAR_Platform_J/hw/TEST_J_2021MAXSONAR_wrapper.xsa
TRACE::2026-01-02.22:28:05::SCWPlatform::DSA directory F:/Advanced_Hardware_Engineering/Vivado_2021/Workspace/MAXSONAR/MAXSONAR_Platform_J/hw
TRACE::2026-01-02.22:28:05::SCWPlatform:: Platform Path F:/Advanced_Hardware_Engineering/Vivado_2021/Workspace/MAXSONAR/MAXSONAR_Platform_J/hw/TEST_J_2021MAXSONAR_wrapper.xsa
TRACE::2026-01-02.22:28:05::SCWPlatform:: Unique name xilinx:nexys-a7-100t::0.0
TRACE::2026-01-02.22:28:05::SCWPlatform::Trying to set the existing hwdb with name TEST_J_2021MAXSONAR_wrapper_0
TRACE::2026-01-02.22:28:05::SCWPlatform::Opened existing hwdb TEST_J_2021MAXSONAR_wrapper_0
TRACE::2026-01-02.22:28:05::SCWPlatform::Found the Hw Db part of the input DSA
TRACE::2026-01-02.22:28:05::SCWMssOS::Checking the sw design at  F:/Advanced_Hardware_Engineering/Vivado_2021/Workspace/MAXSONAR/MAXSONAR_Platform_J/microblaze_0/standalone_domain/bsp/system.mss
TRACE::2026-01-02.22:28:05::SCWMssOS::DEBUG:  swdes dump  
TRACE::2026-01-02.22:28:05::SCWMssOS::No sw design opened at  F:/Advanced_Hardware_Engineering/Vivado_2021/Workspace/MAXSONAR/MAXSONAR_Platform_J/microblaze_0/standalone_domain/bsp/system.mss
TRACE::2026-01-02.22:28:05::SCWMssOS::mss does not exists at F:/Advanced_Hardware_Engineering/Vivado_2021/Workspace/MAXSONAR/MAXSONAR_Platform_J/microblaze_0/standalone_domain/bsp/system.mss
TRACE::2026-01-02.22:28:05::SCWMssOS::Creating sw design at  F:/Advanced_Hardware_Engineering/Vivado_2021/Workspace/MAXSONAR/MAXSONAR_Platform_J/microblaze_0/standalone_domain/bsp/system.mss
TRACE::2026-01-02.22:28:05::SCWMssOS::Adding the swdes entry, created swdb F:/Advanced_Hardware_Engineering/Vivado_2021/Workspace/MAXSONAR/MAXSONAR_Platform_J/microblaze_0/standalone_domain/bsp/system.mss with des name F:/Advanced_Hardware_Engineering/Vivado_2021/Workspace/MAXSONAR/MAXSONAR_Platform_J/microblaze_0/standalone_domain/bsp/system.mss
TRACE::2026-01-02.22:28:05::SCWMssOS::updating the scw layer changes to swdes at   F:/Advanced_Hardware_Engineering/Vivado_2021/Workspace/MAXSONAR/MAXSONAR_Platform_J/microblaze_0/standalone_domain/bsp/system.mss
TRACE::2026-01-02.22:28:05::SCWMssOS::Writing mss at F:/Advanced_Hardware_Engineering/Vivado_2021/Workspace/MAXSONAR/MAXSONAR_Platform_J/microblaze_0/standalone_domain/bsp/system.mss
TRACE::2026-01-02.22:28:05::SCWMssOS::Completed writing the mss file at F:/Advanced_Hardware_Engineering/Vivado_2021/Workspace/MAXSONAR/MAXSONAR_Platform_J/microblaze_0/standalone_domain/bsp
TRACE::2026-01-02.22:28:05::SCWMssOS::Picking up changes from newly written mss file into SCW Layer. 
TRACE::2026-01-02.22:28:05::SCWMssOS::Updated the changes from newly written mss file into SCW Layer. 
TRACE::2026-01-02.22:28:05::SCWMssOS::Completed writing the mss file at F:/Advanced_Hardware_Engineering/Vivado_2021/Workspace/MAXSONAR/MAXSONAR_Platform_J/microblaze_0/standalone_domain/bsp
TRACE::2026-01-02.22:28:05::SCWMssOS::Forcing BSP Sources regeneration.
TRACE::2026-01-02.22:28:06::SCWMssOS::Saving the mss changes F:/Advanced_Hardware_Engineering/Vivado_2021/Workspace/MAXSONAR/MAXSONAR_Platform_J/microblaze_0/standalone_domain/bsp/system.mss
TRACE::2026-01-02.22:28:06::SCWMssOS::Adding the swdes entry, mss present, able to open swdb F:/Advanced_Hardware_Engineering/Vivado_2021/Workspace/MAXSONAR/MAXSONAR_Platform_J/microblaze_0/standalone_domain/bsp/system.mss with des name system
TRACE::2026-01-02.22:28:06::SCWMssOS::Writing the mss file completed F:/Advanced_Hardware_Engineering/Vivado_2021/Workspace/MAXSONAR/MAXSONAR_Platform_J/microblaze_0/standalone_domain/bsp/system.mss
TRACE::2026-01-02.22:28:06::SCWMssOS::Commit changes completed.
TRACE::2026-01-02.22:28:06::SCWPlatform::Trying to open the hw design at F:/Advanced_Hardware_Engineering/Vivado_2021/Workspace/MAXSONAR/MAXSONAR_Platform_J/hw/TEST_J_2021MAXSONAR_wrapper.xsa
TRACE::2026-01-02.22:28:06::SCWPlatform::DSA given F:/Advanced_Hardware_Engineering/Vivado_2021/Workspace/MAXSONAR/MAXSONAR_Platform_J/hw/TEST_J_2021MAXSONAR_wrapper.xsa
TRACE::2026-01-02.22:28:06::SCWPlatform::DSA absoulate path F:/Advanced_Hardware_Engineering/Vivado_2021/Workspace/MAXSONAR/MAXSONAR_Platform_J/hw/TEST_J_2021MAXSONAR_wrapper.xsa
TRACE::2026-01-02.22:28:06::SCWPlatform::DSA directory F:/Advanced_Hardware_Engineering/Vivado_2021/Workspace/MAXSONAR/MAXSONAR_Platform_J/hw
TRACE::2026-01-02.22:28:06::SCWPlatform:: Platform Path F:/Advanced_Hardware_Engineering/Vivado_2021/Workspace/MAXSONAR/MAXSONAR_Platform_J/hw/TEST_J_2021MAXSONAR_wrapper.xsa
TRACE::2026-01-02.22:28:06::SCWPlatform:: Unique name xilinx:nexys-a7-100t::0.0
TRACE::2026-01-02.22:28:06::SCWPlatform::Trying to set the existing hwdb with name TEST_J_2021MAXSONAR_wrapper_0
TRACE::2026-01-02.22:28:06::SCWPlatform::Opened existing hwdb TEST_J_2021MAXSONAR_wrapper_0
TRACE::2026-01-02.22:28:06::SCWPlatform::Found the Hw Db part of the input DSA
TRACE::2026-01-02.22:28:06::SCWMssOS::Checking the sw design at  F:/Advanced_Hardware_Engineering/Vivado_2021/Workspace/MAXSONAR/MAXSONAR_Platform_J/microblaze_0/standalone_domain/bsp/system.mss
TRACE::2026-01-02.22:28:06::SCWMssOS::DEBUG:  swdes dump  F:/Advanced_Hardware_Engineering/Vivado_2021/Workspace/MAXSONAR/MAXSONAR_Platform_J/microblaze_0/standalone_domain/bsp/system.mss|system||

TRACE::2026-01-02.22:28:06::SCWMssOS::Sw design exists and opened at  F:/Advanced_Hardware_Engineering/Vivado_2021/Workspace/MAXSONAR/MAXSONAR_Platform_J/microblaze_0/standalone_domain/bsp/system.mss
TRACE::2026-01-02.22:28:06::SCWPlatform::Trying to open the hw design at F:/Advanced_Hardware_Engineering/Vivado_2021/Workspace/MAXSONAR/MAXSONAR_Platform_J/hw/TEST_J_2021MAXSONAR_wrapper.xsa
TRACE::2026-01-02.22:28:06::SCWPlatform::DSA given F:/Advanced_Hardware_Engineering/Vivado_2021/Workspace/MAXSONAR/MAXSONAR_Platform_J/hw/TEST_J_2021MAXSONAR_wrapper.xsa
TRACE::2026-01-02.22:28:06::SCWPlatform::DSA absoulate path F:/Advanced_Hardware_Engineering/Vivado_2021/Workspace/MAXSONAR/MAXSONAR_Platform_J/hw/TEST_J_2021MAXSONAR_wrapper.xsa
TRACE::2026-01-02.22:28:06::SCWPlatform::DSA directory F:/Advanced_Hardware_Engineering/Vivado_2021/Workspace/MAXSONAR/MAXSONAR_Platform_J/hw
TRACE::2026-01-02.22:28:06::SCWPlatform:: Platform Path F:/Advanced_Hardware_Engineering/Vivado_2021/Workspace/MAXSONAR/MAXSONAR_Platform_J/hw/TEST_J_2021MAXSONAR_wrapper.xsa
TRACE::2026-01-02.22:28:06::SCWPlatform:: Unique name xilinx:nexys-a7-100t::0.0
TRACE::2026-01-02.22:28:06::SCWPlatform::Trying to set the existing hwdb with name TEST_J_2021MAXSONAR_wrapper_0
TRACE::2026-01-02.22:28:06::SCWPlatform::Opened existing hwdb TEST_J_2021MAXSONAR_wrapper_0
TRACE::2026-01-02.22:28:06::SCWPlatform::Found the Hw Db part of the input DSA
TRACE::2026-01-02.22:28:06::SCWMssOS::Checking the sw design at  F:/Advanced_Hardware_Engineering/Vivado_2021/Workspace/MAXSONAR/MAXSONAR_Platform_J/microblaze_0/standalone_domain/bsp/system.mss
TRACE::2026-01-02.22:28:06::SCWMssOS::DEBUG:  swdes dump  F:/Advanced_Hardware_Engineering/Vivado_2021/Workspace/MAXSONAR/MAXSONAR_Platform_J/microblaze_0/standalone_domain/bsp/system.mss|system||

TRACE::2026-01-02.22:28:06::SCWMssOS::Sw design exists and opened at  F:/Advanced_Hardware_Engineering/Vivado_2021/Workspace/MAXSONAR/MAXSONAR_Platform_J/microblaze_0/standalone_domain/bsp/system.mss
TRACE::2026-01-02.22:28:06::SCWPlatform::Trying to open the hw design at F:/Advanced_Hardware_Engineering/Vivado_2021/Workspace/MAXSONAR/MAXSONAR_Platform_J/hw/TEST_J_2021MAXSONAR_wrapper.xsa
TRACE::2026-01-02.22:28:06::SCWPlatform::DSA given F:/Advanced_Hardware_Engineering/Vivado_2021/Workspace/MAXSONAR/MAXSONAR_Platform_J/hw/TEST_J_2021MAXSONAR_wrapper.xsa
TRACE::2026-01-02.22:28:06::SCWPlatform::DSA absoulate path F:/Advanced_Hardware_Engineering/Vivado_2021/Workspace/MAXSONAR/MAXSONAR_Platform_J/hw/TEST_J_2021MAXSONAR_wrapper.xsa
TRACE::2026-01-02.22:28:06::SCWPlatform::DSA directory F:/Advanced_Hardware_Engineering/Vivado_2021/Workspace/MAXSONAR/MAXSONAR_Platform_J/hw
TRACE::2026-01-02.22:28:06::SCWPlatform:: Platform Path F:/Advanced_Hardware_Engineering/Vivado_2021/Workspace/MAXSONAR/MAXSONAR_Platform_J/hw/TEST_J_2021MAXSONAR_wrapper.xsa
TRACE::2026-01-02.22:28:06::SCWPlatform:: Unique name xilinx:nexys-a7-100t::0.0
TRACE::2026-01-02.22:28:06::SCWPlatform::Trying to set the existing hwdb with name TEST_J_2021MAXSONAR_wrapper_0
TRACE::2026-01-02.22:28:06::SCWPlatform::Opened existing hwdb TEST_J_2021MAXSONAR_wrapper_0
TRACE::2026-01-02.22:28:06::SCWPlatform::Found the Hw Db part of the input DSA
TRACE::2026-01-02.22:28:06::SCWMssOS::Checking the sw design at  F:/Advanced_Hardware_Engineering/Vivado_2021/Workspace/MAXSONAR/MAXSONAR_Platform_J/microblaze_0/standalone_domain/bsp/system.mss
TRACE::2026-01-02.22:28:06::SCWMssOS::DEBUG:  swdes dump  F:/Advanced_Hardware_Engineering/Vivado_2021/Workspace/MAXSONAR/MAXSONAR_Platform_J/microblaze_0/standalone_domain/bsp/system.mss|system||

TRACE::2026-01-02.22:28:06::SCWMssOS::Sw design exists and opened at  F:/Advanced_Hardware_Engineering/Vivado_2021/Workspace/MAXSONAR/MAXSONAR_Platform_J/microblaze_0/standalone_domain/bsp/system.mss
TRACE::2026-01-02.22:28:06::SCWWriter::formatted JSON is {
	"platformName":	"MAXSONAR_Platform_J",
	"sprVersion":	"2.0",
	"mode":	"gui",
	"dsaType":	"Fixed",
	"platformDesc":	"MAXSONAR_Platform_J",
	"platHandOff":	"F:/Advanced_Hardware_Engineering/Vivado_2021/TEST_J_2021MAXSONAR/TEST_J_2021MAXSONAR/TEST_J_2021MAXSONAR_wrapper.xsa",
	"platIntHandOff":	"<platformDir>/hw/TEST_J_2021MAXSONAR_wrapper.xsa",
	"deviceType":	"FPGA",
	"platIsPrebuiltAutogen":	"false",
	"platIsNoBootBsp":	"false",
	"hasFsblMakeHasChanges":	"false",
	"hasPmufwMakeHasChanges":	"false",
	"platPreBuiltFlag":	false,
	"platformSamplesDir":	"",
	"platActiveSys":	"MAXSONAR_Platform_J",
	"systems":	[{
			"systemName":	"MAXSONAR_Platform_J",
			"systemDesc":	"MAXSONAR_Platform_J",
			"sysIsBootAutoGen":	"true",
			"systemDispName":	"MAXSONAR_Platform_J",
			"sysActiveDom":	"standalone_domain",
			"sysDefaultDom":	"standalone_domain",
			"domains":	[{
					"domainName":	"standalone_domain",
					"domainDispName":	"standalone_domain",
					"domainDesc":	"standalone_domain",
					"processors":	"microblaze_0",
					"os":	"standalone",
					"sdxOs":	"standalone",
					"debugEnable":	"False",
					"domRuntimes":	["cpp"],
					"swRepo":	"",
					"mssOsVer":	"7.6",
					"mssFile":	"",
					"md5Digest":	"c575672989ae816e9fbc643432b1f7bb",
					"compatibleApp":	"",
					"domType":	"mssDomain",
					"arch":	"32-bit",
					"appSettings":	{
						"appCompilerFlags":	"",
						"appLinkerFlags":	""
					},
					"addedLibs":	[],
					"libOptions":	{
						"libsContainingOptions":	[]
					},
					"prebuiltLibs":	{
						"prebuiltIncPath":	[],
						"prebuiltLibPath":	[]
					},
					"isolation":	{
					}
				}]
		}]
}
LOG::2026-01-02.22:28:06::SCWPlatform::Started generating the artifacts platform MAXSONAR_Platform_J
TRACE::2026-01-02.22:28:06::SCWPlatform::Sanity checking of platform is completed
LOG::2026-01-02.22:28:06::SCWPlatform::Started generating the artifacts for system configuration MAXSONAR_Platform_J
LOG::2026-01-02.22:28:06::SCWSystem::Checking the domain standalone_domain
LOG::2026-01-02.22:28:06::SCWSystem::Not a boot domain 
LOG::2026-01-02.22:28:06::SCWSystem::Started Processing the domain standalone_domain
TRACE::2026-01-02.22:28:06::SCWDomain::Generating domain artifcats
TRACE::2026-01-02.22:28:06::SCWMssOS::Generating standalone artifcats
TRACE::2026-01-02.22:28:06::SCWMssOS:: Copying the user libraries. 
TRACE::2026-01-02.22:28:06::SCWPlatform::Trying to open the hw design at F:/Advanced_Hardware_Engineering/Vivado_2021/Workspace/MAXSONAR/MAXSONAR_Platform_J/hw/TEST_J_2021MAXSONAR_wrapper.xsa
TRACE::2026-01-02.22:28:06::SCWPlatform::DSA given F:/Advanced_Hardware_Engineering/Vivado_2021/Workspace/MAXSONAR/MAXSONAR_Platform_J/hw/TEST_J_2021MAXSONAR_wrapper.xsa
TRACE::2026-01-02.22:28:06::SCWPlatform::DSA absoulate path F:/Advanced_Hardware_Engineering/Vivado_2021/Workspace/MAXSONAR/MAXSONAR_Platform_J/hw/TEST_J_2021MAXSONAR_wrapper.xsa
TRACE::2026-01-02.22:28:06::SCWPlatform::DSA directory F:/Advanced_Hardware_Engineering/Vivado_2021/Workspace/MAXSONAR/MAXSONAR_Platform_J/hw
TRACE::2026-01-02.22:28:06::SCWPlatform:: Platform Path F:/Advanced_Hardware_Engineering/Vivado_2021/Workspace/MAXSONAR/MAXSONAR_Platform_J/hw/TEST_J_2021MAXSONAR_wrapper.xsa
TRACE::2026-01-02.22:28:06::SCWPlatform:: Unique name xilinx:nexys-a7-100t::0.0
TRACE::2026-01-02.22:28:06::SCWPlatform::Trying to set the existing hwdb with name TEST_J_2021MAXSONAR_wrapper_0
TRACE::2026-01-02.22:28:06::SCWPlatform::Opened existing hwdb TEST_J_2021MAXSONAR_wrapper_0
TRACE::2026-01-02.22:28:06::SCWPlatform::Found the Hw Db part of the input DSA
TRACE::2026-01-02.22:28:06::SCWMssOS::Checking the sw design at  F:/Advanced_Hardware_Engineering/Vivado_2021/Workspace/MAXSONAR/MAXSONAR_Platform_J/microblaze_0/standalone_domain/bsp/system.mss
TRACE::2026-01-02.22:28:06::SCWMssOS::DEBUG:  swdes dump  F:/Advanced_Hardware_Engineering/Vivado_2021/Workspace/MAXSONAR/MAXSONAR_Platform_J/microblaze_0/standalone_domain/bsp/system.mss|system||

TRACE::2026-01-02.22:28:06::SCWMssOS::Sw design exists and opened at  F:/Advanced_Hardware_Engineering/Vivado_2021/Workspace/MAXSONAR/MAXSONAR_Platform_J/microblaze_0/standalone_domain/bsp/system.mss
TRACE::2026-01-02.22:28:06::SCWMssOS::Completed writing the mss file at F:/Advanced_Hardware_Engineering/Vivado_2021/Workspace/MAXSONAR/MAXSONAR_Platform_J/microblaze_0/standalone_domain/bsp
TRACE::2026-01-02.22:28:06::SCWMssOS::Mss edits present, copying mssfile into export location F:/Advanced_Hardware_Engineering/Vivado_2021/Workspace/MAXSONAR/MAXSONAR_Platform_J/microblaze_0/standalone_domain/bsp/system.mss
TRACE::2026-01-02.22:28:06::SCWMssOS::bsp generated is upto date with the mss file. Skipping bsp generation.
TRACE::2026-01-02.22:28:06::SCWMssOS::BSP is already built. skipping the bsp build ... 
TRACE::2026-01-02.22:28:06::SCWDomain::Skipping the build for domain :  standalone_domain
TRACE::2026-01-02.22:28:06::SCWMssOS::skipping the bsp build ... 
TRACE::2026-01-02.22:28:06::SCWMssOS::Copying to export directory.
TRACE::2026-01-02.22:28:06::SCWMssOS:: Checking if to create the Supporting Applications
TRACE::2026-01-02.22:28:06::SCWMssOS:: No Linux domain exists, trying to generate FSBL 
LOG::2026-01-02.22:28:06::SCWSystem::Completed Processing the domain standalone_domain
LOG::2026-01-02.22:28:06::SCWSystem::Completed Processing the sysconfig MAXSONAR_Platform_J
LOG::2026-01-02.22:28:06::SCWPlatform::Completed generating the artifacts for system configuration MAXSONAR_Platform_J
TRACE::2026-01-02.22:28:06::SCWPlatform::Started preparing the platform 
TRACE::2026-01-02.22:28:06::SCWSystem::Writing the bif file for system config MAXSONAR_Platform_J
TRACE::2026-01-02.22:28:06::SCWSystem::dir created 
TRACE::2026-01-02.22:28:06::SCWSystem::Writing the bif 
TRACE::2026-01-02.22:28:06::SCWPlatform::Started writing the spfm file 
TRACE::2026-01-02.22:28:06::SCWPlatform::Started writing the xpfm file 
TRACE::2026-01-02.22:28:06::SCWPlatform::Completed generating the platform
TRACE::2026-01-02.22:28:06::SCWMssOS::Saving the mss changes F:/Advanced_Hardware_Engineering/Vivado_2021/Workspace/MAXSONAR/MAXSONAR_Platform_J/microblaze_0/standalone_domain/bsp/system.mss
TRACE::2026-01-02.22:28:06::SCWMssOS::Found a swdesign opened with the mssfile.
TRACE::2026-01-02.22:28:06::SCWMssOS::Completed writemss as part of save.
TRACE::2026-01-02.22:28:06::SCWMssOS::Commit changes completed.
TRACE::2026-01-02.22:28:06::SCWPlatform::Trying to open the hw design at F:/Advanced_Hardware_Engineering/Vivado_2021/Workspace/MAXSONAR/MAXSONAR_Platform_J/hw/TEST_J_2021MAXSONAR_wrapper.xsa
TRACE::2026-01-02.22:28:06::SCWPlatform::DSA given F:/Advanced_Hardware_Engineering/Vivado_2021/Workspace/MAXSONAR/MAXSONAR_Platform_J/hw/TEST_J_2021MAXSONAR_wrapper.xsa
TRACE::2026-01-02.22:28:06::SCWPlatform::DSA absoulate path F:/Advanced_Hardware_Engineering/Vivado_2021/Workspace/MAXSONAR/MAXSONAR_Platform_J/hw/TEST_J_2021MAXSONAR_wrapper.xsa
TRACE::2026-01-02.22:28:06::SCWPlatform::DSA directory F:/Advanced_Hardware_Engineering/Vivado_2021/Workspace/MAXSONAR/MAXSONAR_Platform_J/hw
TRACE::2026-01-02.22:28:06::SCWPlatform:: Platform Path F:/Advanced_Hardware_Engineering/Vivado_2021/Workspace/MAXSONAR/MAXSONAR_Platform_J/hw/TEST_J_2021MAXSONAR_wrapper.xsa
TRACE::2026-01-02.22:28:06::SCWPlatform:: Unique name xilinx:nexys-a7-100t::0.0
TRACE::2026-01-02.22:28:06::SCWPlatform::Trying to set the existing hwdb with name TEST_J_2021MAXSONAR_wrapper_0
TRACE::2026-01-02.22:28:06::SCWPlatform::Opened existing hwdb TEST_J_2021MAXSONAR_wrapper_0
TRACE::2026-01-02.22:28:06::SCWPlatform::Found the Hw Db part of the input DSA
TRACE::2026-01-02.22:28:06::SCWMssOS::Checking the sw design at  F:/Advanced_Hardware_Engineering/Vivado_2021/Workspace/MAXSONAR/MAXSONAR_Platform_J/microblaze_0/standalone_domain/bsp/system.mss
TRACE::2026-01-02.22:28:06::SCWMssOS::DEBUG:  swdes dump  F:/Advanced_Hardware_Engineering/Vivado_2021/Workspace/MAXSONAR/MAXSONAR_Platform_J/microblaze_0/standalone_domain/bsp/system.mss|system||

TRACE::2026-01-02.22:28:06::SCWMssOS::Sw design exists and opened at  F:/Advanced_Hardware_Engineering/Vivado_2021/Workspace/MAXSONAR/MAXSONAR_Platform_J/microblaze_0/standalone_domain/bsp/system.mss
TRACE::2026-01-02.22:28:06::SCWPlatform::Trying to open the hw design at F:/Advanced_Hardware_Engineering/Vivado_2021/Workspace/MAXSONAR/MAXSONAR_Platform_J/hw/TEST_J_2021MAXSONAR_wrapper.xsa
TRACE::2026-01-02.22:28:06::SCWPlatform::DSA given F:/Advanced_Hardware_Engineering/Vivado_2021/Workspace/MAXSONAR/MAXSONAR_Platform_J/hw/TEST_J_2021MAXSONAR_wrapper.xsa
TRACE::2026-01-02.22:28:06::SCWPlatform::DSA absoulate path F:/Advanced_Hardware_Engineering/Vivado_2021/Workspace/MAXSONAR/MAXSONAR_Platform_J/hw/TEST_J_2021MAXSONAR_wrapper.xsa
TRACE::2026-01-02.22:28:06::SCWPlatform::DSA directory F:/Advanced_Hardware_Engineering/Vivado_2021/Workspace/MAXSONAR/MAXSONAR_Platform_J/hw
TRACE::2026-01-02.22:28:06::SCWPlatform:: Platform Path F:/Advanced_Hardware_Engineering/Vivado_2021/Workspace/MAXSONAR/MAXSONAR_Platform_J/hw/TEST_J_2021MAXSONAR_wrapper.xsa
TRACE::2026-01-02.22:28:06::SCWPlatform:: Unique name xilinx:nexys-a7-100t::0.0
TRACE::2026-01-02.22:28:06::SCWPlatform::Trying to set the existing hwdb with name TEST_J_2021MAXSONAR_wrapper_0
TRACE::2026-01-02.22:28:06::SCWPlatform::Opened existing hwdb TEST_J_2021MAXSONAR_wrapper_0
TRACE::2026-01-02.22:28:06::SCWPlatform::Found the Hw Db part of the input DSA
TRACE::2026-01-02.22:28:06::SCWMssOS::Checking the sw design at  F:/Advanced_Hardware_Engineering/Vivado_2021/Workspace/MAXSONAR/MAXSONAR_Platform_J/microblaze_0/standalone_domain/bsp/system.mss
TRACE::2026-01-02.22:28:06::SCWMssOS::DEBUG:  swdes dump  F:/Advanced_Hardware_Engineering/Vivado_2021/Workspace/MAXSONAR/MAXSONAR_Platform_J/microblaze_0/standalone_domain/bsp/system.mss|system||

TRACE::2026-01-02.22:28:06::SCWMssOS::Sw design exists and opened at  F:/Advanced_Hardware_Engineering/Vivado_2021/Workspace/MAXSONAR/MAXSONAR_Platform_J/microblaze_0/standalone_domain/bsp/system.mss
TRACE::2026-01-02.22:28:06::SCWPlatform::Trying to open the hw design at F:/Advanced_Hardware_Engineering/Vivado_2021/Workspace/MAXSONAR/MAXSONAR_Platform_J/hw/TEST_J_2021MAXSONAR_wrapper.xsa
TRACE::2026-01-02.22:28:06::SCWPlatform::DSA given F:/Advanced_Hardware_Engineering/Vivado_2021/Workspace/MAXSONAR/MAXSONAR_Platform_J/hw/TEST_J_2021MAXSONAR_wrapper.xsa
TRACE::2026-01-02.22:28:06::SCWPlatform::DSA absoulate path F:/Advanced_Hardware_Engineering/Vivado_2021/Workspace/MAXSONAR/MAXSONAR_Platform_J/hw/TEST_J_2021MAXSONAR_wrapper.xsa
TRACE::2026-01-02.22:28:06::SCWPlatform::DSA directory F:/Advanced_Hardware_Engineering/Vivado_2021/Workspace/MAXSONAR/MAXSONAR_Platform_J/hw
TRACE::2026-01-02.22:28:06::SCWPlatform:: Platform Path F:/Advanced_Hardware_Engineering/Vivado_2021/Workspace/MAXSONAR/MAXSONAR_Platform_J/hw/TEST_J_2021MAXSONAR_wrapper.xsa
TRACE::2026-01-02.22:28:06::SCWPlatform:: Unique name xilinx:nexys-a7-100t::0.0
TRACE::2026-01-02.22:28:06::SCWPlatform::Trying to set the existing hwdb with name TEST_J_2021MAXSONAR_wrapper_0
TRACE::2026-01-02.22:28:06::SCWPlatform::Opened existing hwdb TEST_J_2021MAXSONAR_wrapper_0
TRACE::2026-01-02.22:28:06::SCWPlatform::Found the Hw Db part of the input DSA
TRACE::2026-01-02.22:28:06::SCWMssOS::Checking the sw design at  F:/Advanced_Hardware_Engineering/Vivado_2021/Workspace/MAXSONAR/MAXSONAR_Platform_J/microblaze_0/standalone_domain/bsp/system.mss
TRACE::2026-01-02.22:28:06::SCWMssOS::DEBUG:  swdes dump  F:/Advanced_Hardware_Engineering/Vivado_2021/Workspace/MAXSONAR/MAXSONAR_Platform_J/microblaze_0/standalone_domain/bsp/system.mss|system||

TRACE::2026-01-02.22:28:06::SCWMssOS::Sw design exists and opened at  F:/Advanced_Hardware_Engineering/Vivado_2021/Workspace/MAXSONAR/MAXSONAR_Platform_J/microblaze_0/standalone_domain/bsp/system.mss
TRACE::2026-01-02.22:28:06::SCWWriter::formatted JSON is {
	"platformName":	"MAXSONAR_Platform_J",
	"sprVersion":	"2.0",
	"mode":	"gui",
	"dsaType":	"Fixed",
	"platformDesc":	"MAXSONAR_Platform_J",
	"platHandOff":	"F:/Advanced_Hardware_Engineering/Vivado_2021/TEST_J_2021MAXSONAR/TEST_J_2021MAXSONAR/TEST_J_2021MAXSONAR_wrapper.xsa",
	"platIntHandOff":	"<platformDir>/hw/TEST_J_2021MAXSONAR_wrapper.xsa",
	"deviceType":	"FPGA",
	"platIsPrebuiltAutogen":	"false",
	"platIsNoBootBsp":	"false",
	"hasFsblMakeHasChanges":	"false",
	"hasPmufwMakeHasChanges":	"false",
	"platPreBuiltFlag":	false,
	"platformSamplesDir":	"",
	"platActiveSys":	"MAXSONAR_Platform_J",
	"systems":	[{
			"systemName":	"MAXSONAR_Platform_J",
			"systemDesc":	"MAXSONAR_Platform_J",
			"sysIsBootAutoGen":	"true",
			"systemDispName":	"MAXSONAR_Platform_J",
			"sysActiveDom":	"standalone_domain",
			"sysDefaultDom":	"standalone_domain",
			"domains":	[{
					"domainName":	"standalone_domain",
					"domainDispName":	"standalone_domain",
					"domainDesc":	"standalone_domain",
					"processors":	"microblaze_0",
					"os":	"standalone",
					"sdxOs":	"standalone",
					"debugEnable":	"False",
					"domRuntimes":	["cpp"],
					"swRepo":	"",
					"mssOsVer":	"7.6",
					"mssFile":	"",
					"md5Digest":	"c575672989ae816e9fbc643432b1f7bb",
					"compatibleApp":	"",
					"domType":	"mssDomain",
					"arch":	"32-bit",
					"appSettings":	{
						"appCompilerFlags":	"",
						"appLinkerFlags":	""
					},
					"addedLibs":	[],
					"libOptions":	{
						"libsContainingOptions":	[]
					},
					"prebuiltLibs":	{
						"prebuiltIncPath":	[],
						"prebuiltLibPath":	[]
					},
					"isolation":	{
					}
				}]
		}]
}
KEYINFO::2026-01-02.22:28:06::SCWPlatform::updated the xpfm file.
TRACE::2026-01-02.22:28:06::SCWPlatform::Trying to open the hw design at F:/Advanced_Hardware_Engineering/Vivado_2021/Workspace/MAXSONAR/MAXSONAR_Platform_J/hw/TEST_J_2021MAXSONAR_wrapper.xsa
TRACE::2026-01-02.22:28:06::SCWPlatform::DSA given F:/Advanced_Hardware_Engineering/Vivado_2021/Workspace/MAXSONAR/MAXSONAR_Platform_J/hw/TEST_J_2021MAXSONAR_wrapper.xsa
TRACE::2026-01-02.22:28:06::SCWPlatform::DSA absoulate path F:/Advanced_Hardware_Engineering/Vivado_2021/Workspace/MAXSONAR/MAXSONAR_Platform_J/hw/TEST_J_2021MAXSONAR_wrapper.xsa
TRACE::2026-01-02.22:28:06::SCWPlatform::DSA directory F:/Advanced_Hardware_Engineering/Vivado_2021/Workspace/MAXSONAR/MAXSONAR_Platform_J/hw
TRACE::2026-01-02.22:28:06::SCWPlatform:: Platform Path F:/Advanced_Hardware_Engineering/Vivado_2021/Workspace/MAXSONAR/MAXSONAR_Platform_J/hw/TEST_J_2021MAXSONAR_wrapper.xsa
TRACE::2026-01-02.22:28:06::SCWPlatform:: Unique name xilinx:nexys-a7-100t::0.0
TRACE::2026-01-02.22:28:06::SCWPlatform::Trying to set the existing hwdb with name TEST_J_2021MAXSONAR_wrapper_0
TRACE::2026-01-02.22:28:06::SCWPlatform::Opened existing hwdb TEST_J_2021MAXSONAR_wrapper_0
TRACE::2026-01-02.22:28:06::SCWPlatform::Found the Hw Db part of the input DSA
TRACE::2026-01-02.22:28:06::SCWMssOS::Checking the sw design at  F:/Advanced_Hardware_Engineering/Vivado_2021/Workspace/MAXSONAR/MAXSONAR_Platform_J/microblaze_0/standalone_domain/bsp/system.mss
TRACE::2026-01-02.22:28:06::SCWMssOS::DEBUG:  swdes dump  F:/Advanced_Hardware_Engineering/Vivado_2021/Workspace/MAXSONAR/MAXSONAR_Platform_J/microblaze_0/standalone_domain/bsp/system.mss|system||

TRACE::2026-01-02.22:28:06::SCWMssOS::Sw design exists and opened at  F:/Advanced_Hardware_Engineering/Vivado_2021/Workspace/MAXSONAR/MAXSONAR_Platform_J/microblaze_0/standalone_domain/bsp/system.mss
TRACE::2026-01-02.22:28:06::SCWMssOS::Saving the mss changes F:/Advanced_Hardware_Engineering/Vivado_2021/Workspace/MAXSONAR/MAXSONAR_Platform_J/microblaze_0/standalone_domain/bsp/system.mss
TRACE::2026-01-02.22:28:06::SCWMssOS::Found a swdesign opened with the mssfile.
TRACE::2026-01-02.22:28:06::SCWMssOS::Completed writemss as part of save.
TRACE::2026-01-02.22:28:06::SCWMssOS::Commit changes completed.
TRACE::2026-01-02.22:28:06::SCWPlatform::Trying to open the hw design at F:/Advanced_Hardware_Engineering/Vivado_2021/Workspace/MAXSONAR/MAXSONAR_Platform_J/hw/TEST_J_2021MAXSONAR_wrapper.xsa
TRACE::2026-01-02.22:28:06::SCWPlatform::DSA given F:/Advanced_Hardware_Engineering/Vivado_2021/Workspace/MAXSONAR/MAXSONAR_Platform_J/hw/TEST_J_2021MAXSONAR_wrapper.xsa
TRACE::2026-01-02.22:28:06::SCWPlatform::DSA absoulate path F:/Advanced_Hardware_Engineering/Vivado_2021/Workspace/MAXSONAR/MAXSONAR_Platform_J/hw/TEST_J_2021MAXSONAR_wrapper.xsa
TRACE::2026-01-02.22:28:06::SCWPlatform::DSA directory F:/Advanced_Hardware_Engineering/Vivado_2021/Workspace/MAXSONAR/MAXSONAR_Platform_J/hw
TRACE::2026-01-02.22:28:06::SCWPlatform:: Platform Path F:/Advanced_Hardware_Engineering/Vivado_2021/Workspace/MAXSONAR/MAXSONAR_Platform_J/hw/TEST_J_2021MAXSONAR_wrapper.xsa
TRACE::2026-01-02.22:28:06::SCWPlatform:: Unique name xilinx:nexys-a7-100t::0.0
TRACE::2026-01-02.22:28:06::SCWPlatform::Trying to set the existing hwdb with name TEST_J_2021MAXSONAR_wrapper_0
TRACE::2026-01-02.22:28:06::SCWPlatform::Opened existing hwdb TEST_J_2021MAXSONAR_wrapper_0
TRACE::2026-01-02.22:28:06::SCWPlatform::Found the Hw Db part of the input DSA
TRACE::2026-01-02.22:28:06::SCWMssOS::Checking the sw design at  F:/Advanced_Hardware_Engineering/Vivado_2021/Workspace/MAXSONAR/MAXSONAR_Platform_J/microblaze_0/standalone_domain/bsp/system.mss
TRACE::2026-01-02.22:28:06::SCWMssOS::DEBUG:  swdes dump  F:/Advanced_Hardware_Engineering/Vivado_2021/Workspace/MAXSONAR/MAXSONAR_Platform_J/microblaze_0/standalone_domain/bsp/system.mss|system||

TRACE::2026-01-02.22:28:06::SCWMssOS::Sw design exists and opened at  F:/Advanced_Hardware_Engineering/Vivado_2021/Workspace/MAXSONAR/MAXSONAR_Platform_J/microblaze_0/standalone_domain/bsp/system.mss
TRACE::2026-01-02.22:28:06::SCWPlatform::Trying to open the hw design at F:/Advanced_Hardware_Engineering/Vivado_2021/Workspace/MAXSONAR/MAXSONAR_Platform_J/hw/TEST_J_2021MAXSONAR_wrapper.xsa
TRACE::2026-01-02.22:28:06::SCWPlatform::DSA given F:/Advanced_Hardware_Engineering/Vivado_2021/Workspace/MAXSONAR/MAXSONAR_Platform_J/hw/TEST_J_2021MAXSONAR_wrapper.xsa
TRACE::2026-01-02.22:28:06::SCWPlatform::DSA absoulate path F:/Advanced_Hardware_Engineering/Vivado_2021/Workspace/MAXSONAR/MAXSONAR_Platform_J/hw/TEST_J_2021MAXSONAR_wrapper.xsa
TRACE::2026-01-02.22:28:06::SCWPlatform::DSA directory F:/Advanced_Hardware_Engineering/Vivado_2021/Workspace/MAXSONAR/MAXSONAR_Platform_J/hw
TRACE::2026-01-02.22:28:06::SCWPlatform:: Platform Path F:/Advanced_Hardware_Engineering/Vivado_2021/Workspace/MAXSONAR/MAXSONAR_Platform_J/hw/TEST_J_2021MAXSONAR_wrapper.xsa
TRACE::2026-01-02.22:28:06::SCWPlatform:: Unique name xilinx:nexys-a7-100t::0.0
TRACE::2026-01-02.22:28:06::SCWPlatform::Trying to set the existing hwdb with name TEST_J_2021MAXSONAR_wrapper_0
TRACE::2026-01-02.22:28:06::SCWPlatform::Opened existing hwdb TEST_J_2021MAXSONAR_wrapper_0
TRACE::2026-01-02.22:28:06::SCWPlatform::Found the Hw Db part of the input DSA
TRACE::2026-01-02.22:28:06::SCWMssOS::Checking the sw design at  F:/Advanced_Hardware_Engineering/Vivado_2021/Workspace/MAXSONAR/MAXSONAR_Platform_J/microblaze_0/standalone_domain/bsp/system.mss
TRACE::2026-01-02.22:28:06::SCWMssOS::DEBUG:  swdes dump  F:/Advanced_Hardware_Engineering/Vivado_2021/Workspace/MAXSONAR/MAXSONAR_Platform_J/microblaze_0/standalone_domain/bsp/system.mss|system||

TRACE::2026-01-02.22:28:06::SCWMssOS::Sw design exists and opened at  F:/Advanced_Hardware_Engineering/Vivado_2021/Workspace/MAXSONAR/MAXSONAR_Platform_J/microblaze_0/standalone_domain/bsp/system.mss
TRACE::2026-01-02.22:28:06::SCWPlatform::Trying to open the hw design at F:/Advanced_Hardware_Engineering/Vivado_2021/Workspace/MAXSONAR/MAXSONAR_Platform_J/hw/TEST_J_2021MAXSONAR_wrapper.xsa
TRACE::2026-01-02.22:28:06::SCWPlatform::DSA given F:/Advanced_Hardware_Engineering/Vivado_2021/Workspace/MAXSONAR/MAXSONAR_Platform_J/hw/TEST_J_2021MAXSONAR_wrapper.xsa
TRACE::2026-01-02.22:28:06::SCWPlatform::DSA absoulate path F:/Advanced_Hardware_Engineering/Vivado_2021/Workspace/MAXSONAR/MAXSONAR_Platform_J/hw/TEST_J_2021MAXSONAR_wrapper.xsa
TRACE::2026-01-02.22:28:06::SCWPlatform::DSA directory F:/Advanced_Hardware_Engineering/Vivado_2021/Workspace/MAXSONAR/MAXSONAR_Platform_J/hw
TRACE::2026-01-02.22:28:06::SCWPlatform:: Platform Path F:/Advanced_Hardware_Engineering/Vivado_2021/Workspace/MAXSONAR/MAXSONAR_Platform_J/hw/TEST_J_2021MAXSONAR_wrapper.xsa
TRACE::2026-01-02.22:28:06::SCWPlatform:: Unique name xilinx:nexys-a7-100t::0.0
TRACE::2026-01-02.22:28:06::SCWPlatform::Trying to set the existing hwdb with name TEST_J_2021MAXSONAR_wrapper_0
TRACE::2026-01-02.22:28:06::SCWPlatform::Opened existing hwdb TEST_J_2021MAXSONAR_wrapper_0
TRACE::2026-01-02.22:28:06::SCWPlatform::Found the Hw Db part of the input DSA
TRACE::2026-01-02.22:28:06::SCWMssOS::Checking the sw design at  F:/Advanced_Hardware_Engineering/Vivado_2021/Workspace/MAXSONAR/MAXSONAR_Platform_J/microblaze_0/standalone_domain/bsp/system.mss
TRACE::2026-01-02.22:28:06::SCWMssOS::DEBUG:  swdes dump  F:/Advanced_Hardware_Engineering/Vivado_2021/Workspace/MAXSONAR/MAXSONAR_Platform_J/microblaze_0/standalone_domain/bsp/system.mss|system||

TRACE::2026-01-02.22:28:06::SCWMssOS::Sw design exists and opened at  F:/Advanced_Hardware_Engineering/Vivado_2021/Workspace/MAXSONAR/MAXSONAR_Platform_J/microblaze_0/standalone_domain/bsp/system.mss
TRACE::2026-01-02.22:28:06::SCWWriter::formatted JSON is {
	"platformName":	"MAXSONAR_Platform_J",
	"sprVersion":	"2.0",
	"mode":	"gui",
	"dsaType":	"Fixed",
	"platformDesc":	"MAXSONAR_Platform_J",
	"platHandOff":	"F:/Advanced_Hardware_Engineering/Vivado_2021/TEST_J_2021MAXSONAR/TEST_J_2021MAXSONAR/TEST_J_2021MAXSONAR_wrapper.xsa",
	"platIntHandOff":	"<platformDir>/hw/TEST_J_2021MAXSONAR_wrapper.xsa",
	"deviceType":	"FPGA",
	"platIsPrebuiltAutogen":	"false",
	"platIsNoBootBsp":	"false",
	"hasFsblMakeHasChanges":	"false",
	"hasPmufwMakeHasChanges":	"false",
	"platPreBuiltFlag":	false,
	"platformSamplesDir":	"",
	"platActiveSys":	"MAXSONAR_Platform_J",
	"systems":	[{
			"systemName":	"MAXSONAR_Platform_J",
			"systemDesc":	"MAXSONAR_Platform_J",
			"sysIsBootAutoGen":	"true",
			"systemDispName":	"MAXSONAR_Platform_J",
			"sysActiveDom":	"standalone_domain",
			"sysDefaultDom":	"standalone_domain",
			"domains":	[{
					"domainName":	"standalone_domain",
					"domainDispName":	"standalone_domain",
					"domainDesc":	"standalone_domain",
					"processors":	"microblaze_0",
					"os":	"standalone",
					"sdxOs":	"standalone",
					"debugEnable":	"False",
					"domRuntimes":	["cpp"],
					"swRepo":	"",
					"mssOsVer":	"7.6",
					"mssFile":	"",
					"md5Digest":	"c575672989ae816e9fbc643432b1f7bb",
					"compatibleApp":	"",
					"domType":	"mssDomain",
					"arch":	"32-bit",
					"appSettings":	{
						"appCompilerFlags":	"",
						"appLinkerFlags":	""
					},
					"addedLibs":	[],
					"libOptions":	{
						"libsContainingOptions":	[]
					},
					"prebuiltLibs":	{
						"prebuiltIncPath":	[],
						"prebuiltLibPath":	[]
					},
					"isolation":	{
					}
				}]
		}]
}
TRACE::2026-01-02.22:28:06::SCWPlatform::Trying to open the hw design at F:/Advanced_Hardware_Engineering/Vivado_2021/Workspace/MAXSONAR/MAXSONAR_Platform_J/hw/TEST_J_2021MAXSONAR_wrapper.xsa
TRACE::2026-01-02.22:28:06::SCWPlatform::DSA given F:/Advanced_Hardware_Engineering/Vivado_2021/Workspace/MAXSONAR/MAXSONAR_Platform_J/hw/TEST_J_2021MAXSONAR_wrapper.xsa
TRACE::2026-01-02.22:28:06::SCWPlatform::DSA absoulate path F:/Advanced_Hardware_Engineering/Vivado_2021/Workspace/MAXSONAR/MAXSONAR_Platform_J/hw/TEST_J_2021MAXSONAR_wrapper.xsa
TRACE::2026-01-02.22:28:07::SCWPlatform::DSA directory F:/Advanced_Hardware_Engineering/Vivado_2021/Workspace/MAXSONAR/MAXSONAR_Platform_J/hw
TRACE::2026-01-02.22:28:07::SCWPlatform:: Platform Path F:/Advanced_Hardware_Engineering/Vivado_2021/Workspace/MAXSONAR/MAXSONAR_Platform_J/hw/TEST_J_2021MAXSONAR_wrapper.xsa
TRACE::2026-01-02.22:28:07::SCWPlatform:: Unique name xilinx:nexys-a7-100t::0.0
TRACE::2026-01-02.22:28:07::SCWPlatform::Trying to set the existing hwdb with name TEST_J_2021MAXSONAR_wrapper_0
TRACE::2026-01-02.22:28:07::SCWPlatform::Opened existing hwdb TEST_J_2021MAXSONAR_wrapper_0
TRACE::2026-01-02.22:28:07::SCWPlatform::Found the Hw Db part of the input DSA
TRACE::2026-01-02.22:28:07::SCWMssOS::Checking the sw design at  F:/Advanced_Hardware_Engineering/Vivado_2021/Workspace/MAXSONAR/MAXSONAR_Platform_J/microblaze_0/standalone_domain/bsp/system.mss
TRACE::2026-01-02.22:28:07::SCWMssOS::DEBUG:  swdes dump  F:/Advanced_Hardware_Engineering/Vivado_2021/Workspace/MAXSONAR/MAXSONAR_Platform_J/microblaze_0/standalone_domain/bsp/system.mss|system||

TRACE::2026-01-02.22:28:07::SCWMssOS::Sw design exists and opened at  F:/Advanced_Hardware_Engineering/Vivado_2021/Workspace/MAXSONAR/MAXSONAR_Platform_J/microblaze_0/standalone_domain/bsp/system.mss
TRACE::2026-01-02.22:28:07::SCWPlatform::Trying to open the hw design at F:/Advanced_Hardware_Engineering/Vivado_2021/Workspace/MAXSONAR/MAXSONAR_Platform_J/hw/TEST_J_2021MAXSONAR_wrapper.xsa
TRACE::2026-01-02.22:28:07::SCWPlatform::DSA given F:/Advanced_Hardware_Engineering/Vivado_2021/Workspace/MAXSONAR/MAXSONAR_Platform_J/hw/TEST_J_2021MAXSONAR_wrapper.xsa
TRACE::2026-01-02.22:28:07::SCWPlatform::DSA absoulate path F:/Advanced_Hardware_Engineering/Vivado_2021/Workspace/MAXSONAR/MAXSONAR_Platform_J/hw/TEST_J_2021MAXSONAR_wrapper.xsa
TRACE::2026-01-02.22:28:07::SCWPlatform::DSA directory F:/Advanced_Hardware_Engineering/Vivado_2021/Workspace/MAXSONAR/MAXSONAR_Platform_J/hw
TRACE::2026-01-02.22:28:07::SCWPlatform:: Platform Path F:/Advanced_Hardware_Engineering/Vivado_2021/Workspace/MAXSONAR/MAXSONAR_Platform_J/hw/TEST_J_2021MAXSONAR_wrapper.xsa
TRACE::2026-01-02.22:28:07::SCWPlatform:: Unique name xilinx:nexys-a7-100t::0.0
TRACE::2026-01-02.22:28:07::SCWPlatform::Trying to set the existing hwdb with name TEST_J_2021MAXSONAR_wrapper_0
TRACE::2026-01-02.22:28:07::SCWPlatform::Opened existing hwdb TEST_J_2021MAXSONAR_wrapper_0
TRACE::2026-01-02.22:28:07::SCWPlatform::Found the Hw Db part of the input DSA
TRACE::2026-01-02.22:28:07::SCWMssOS::Checking the sw design at  F:/Advanced_Hardware_Engineering/Vivado_2021/Workspace/MAXSONAR/MAXSONAR_Platform_J/microblaze_0/standalone_domain/bsp/system.mss
TRACE::2026-01-02.22:28:07::SCWMssOS::DEBUG:  swdes dump  F:/Advanced_Hardware_Engineering/Vivado_2021/Workspace/MAXSONAR/MAXSONAR_Platform_J/microblaze_0/standalone_domain/bsp/system.mss|system||

TRACE::2026-01-02.22:28:07::SCWMssOS::Sw design exists and opened at  F:/Advanced_Hardware_Engineering/Vivado_2021/Workspace/MAXSONAR/MAXSONAR_Platform_J/microblaze_0/standalone_domain/bsp/system.mss
TRACE::2026-01-02.22:28:07::SCWPlatform::Trying to open the hw design at F:/Advanced_Hardware_Engineering/Vivado_2021/Workspace/MAXSONAR/MAXSONAR_Platform_J/hw/TEST_J_2021MAXSONAR_wrapper.xsa
TRACE::2026-01-02.22:28:07::SCWPlatform::DSA given F:/Advanced_Hardware_Engineering/Vivado_2021/Workspace/MAXSONAR/MAXSONAR_Platform_J/hw/TEST_J_2021MAXSONAR_wrapper.xsa
TRACE::2026-01-02.22:28:07::SCWPlatform::DSA absoulate path F:/Advanced_Hardware_Engineering/Vivado_2021/Workspace/MAXSONAR/MAXSONAR_Platform_J/hw/TEST_J_2021MAXSONAR_wrapper.xsa
TRACE::2026-01-02.22:28:07::SCWPlatform::DSA directory F:/Advanced_Hardware_Engineering/Vivado_2021/Workspace/MAXSONAR/MAXSONAR_Platform_J/hw
TRACE::2026-01-02.22:28:07::SCWPlatform:: Platform Path F:/Advanced_Hardware_Engineering/Vivado_2021/Workspace/MAXSONAR/MAXSONAR_Platform_J/hw/TEST_J_2021MAXSONAR_wrapper.xsa
TRACE::2026-01-02.22:28:07::SCWPlatform:: Unique name xilinx:nexys-a7-100t::0.0
TRACE::2026-01-02.22:28:07::SCWPlatform::Trying to set the existing hwdb with name TEST_J_2021MAXSONAR_wrapper_0
TRACE::2026-01-02.22:28:07::SCWPlatform::Opened existing hwdb TEST_J_2021MAXSONAR_wrapper_0
TRACE::2026-01-02.22:28:07::SCWPlatform::Found the Hw Db part of the input DSA
TRACE::2026-01-02.22:28:07::SCWMssOS::Checking the sw design at  F:/Advanced_Hardware_Engineering/Vivado_2021/Workspace/MAXSONAR/MAXSONAR_Platform_J/microblaze_0/standalone_domain/bsp/system.mss
TRACE::2026-01-02.22:28:07::SCWMssOS::DEBUG:  swdes dump  F:/Advanced_Hardware_Engineering/Vivado_2021/Workspace/MAXSONAR/MAXSONAR_Platform_J/microblaze_0/standalone_domain/bsp/system.mss|system||

TRACE::2026-01-02.22:28:07::SCWMssOS::Sw design exists and opened at  F:/Advanced_Hardware_Engineering/Vivado_2021/Workspace/MAXSONAR/MAXSONAR_Platform_J/microblaze_0/standalone_domain/bsp/system.mss
TRACE::2026-01-02.22:28:07::SCWMssOS::Saving the mss changes F:/Advanced_Hardware_Engineering/Vivado_2021/Workspace/MAXSONAR/MAXSONAR_Platform_J/microblaze_0/standalone_domain/bsp/system.mss
TRACE::2026-01-02.22:28:07::SCWMssOS::Found a swdesign opened with the mssfile.
TRACE::2026-01-02.22:28:07::SCWMssOS::Completed writemss as part of save.
TRACE::2026-01-02.22:28:07::SCWMssOS::Commit changes completed.
TRACE::2026-01-02.22:28:07::SCWPlatform::Trying to open the hw design at F:/Advanced_Hardware_Engineering/Vivado_2021/Workspace/MAXSONAR/MAXSONAR_Platform_J/hw/TEST_J_2021MAXSONAR_wrapper.xsa
TRACE::2026-01-02.22:28:07::SCWPlatform::DSA given F:/Advanced_Hardware_Engineering/Vivado_2021/Workspace/MAXSONAR/MAXSONAR_Platform_J/hw/TEST_J_2021MAXSONAR_wrapper.xsa
TRACE::2026-01-02.22:28:07::SCWPlatform::DSA absoulate path F:/Advanced_Hardware_Engineering/Vivado_2021/Workspace/MAXSONAR/MAXSONAR_Platform_J/hw/TEST_J_2021MAXSONAR_wrapper.xsa
TRACE::2026-01-02.22:28:07::SCWPlatform::DSA directory F:/Advanced_Hardware_Engineering/Vivado_2021/Workspace/MAXSONAR/MAXSONAR_Platform_J/hw
TRACE::2026-01-02.22:28:07::SCWPlatform:: Platform Path F:/Advanced_Hardware_Engineering/Vivado_2021/Workspace/MAXSONAR/MAXSONAR_Platform_J/hw/TEST_J_2021MAXSONAR_wrapper.xsa
TRACE::2026-01-02.22:28:07::SCWPlatform:: Unique name xilinx:nexys-a7-100t::0.0
TRACE::2026-01-02.22:28:07::SCWPlatform::Trying to set the existing hwdb with name TEST_J_2021MAXSONAR_wrapper_0
TRACE::2026-01-02.22:28:07::SCWPlatform::Opened existing hwdb TEST_J_2021MAXSONAR_wrapper_0
TRACE::2026-01-02.22:28:07::SCWPlatform::Found the Hw Db part of the input DSA
TRACE::2026-01-02.22:28:07::SCWMssOS::Checking the sw design at  F:/Advanced_Hardware_Engineering/Vivado_2021/Workspace/MAXSONAR/MAXSONAR_Platform_J/microblaze_0/standalone_domain/bsp/system.mss
TRACE::2026-01-02.22:28:07::SCWMssOS::DEBUG:  swdes dump  F:/Advanced_Hardware_Engineering/Vivado_2021/Workspace/MAXSONAR/MAXSONAR_Platform_J/microblaze_0/standalone_domain/bsp/system.mss|system||

TRACE::2026-01-02.22:28:07::SCWMssOS::Sw design exists and opened at  F:/Advanced_Hardware_Engineering/Vivado_2021/Workspace/MAXSONAR/MAXSONAR_Platform_J/microblaze_0/standalone_domain/bsp/system.mss
TRACE::2026-01-02.22:28:07::SCWPlatform::Trying to open the hw design at F:/Advanced_Hardware_Engineering/Vivado_2021/Workspace/MAXSONAR/MAXSONAR_Platform_J/hw/TEST_J_2021MAXSONAR_wrapper.xsa
TRACE::2026-01-02.22:28:07::SCWPlatform::DSA given F:/Advanced_Hardware_Engineering/Vivado_2021/Workspace/MAXSONAR/MAXSONAR_Platform_J/hw/TEST_J_2021MAXSONAR_wrapper.xsa
TRACE::2026-01-02.22:28:07::SCWPlatform::DSA absoulate path F:/Advanced_Hardware_Engineering/Vivado_2021/Workspace/MAXSONAR/MAXSONAR_Platform_J/hw/TEST_J_2021MAXSONAR_wrapper.xsa
TRACE::2026-01-02.22:28:07::SCWPlatform::DSA directory F:/Advanced_Hardware_Engineering/Vivado_2021/Workspace/MAXSONAR/MAXSONAR_Platform_J/hw
TRACE::2026-01-02.22:28:07::SCWPlatform:: Platform Path F:/Advanced_Hardware_Engineering/Vivado_2021/Workspace/MAXSONAR/MAXSONAR_Platform_J/hw/TEST_J_2021MAXSONAR_wrapper.xsa
TRACE::2026-01-02.22:28:07::SCWPlatform:: Unique name xilinx:nexys-a7-100t::0.0
TRACE::2026-01-02.22:28:07::SCWPlatform::Trying to set the existing hwdb with name TEST_J_2021MAXSONAR_wrapper_0
TRACE::2026-01-02.22:28:07::SCWPlatform::Opened existing hwdb TEST_J_2021MAXSONAR_wrapper_0
TRACE::2026-01-02.22:28:07::SCWPlatform::Found the Hw Db part of the input DSA
TRACE::2026-01-02.22:28:07::SCWMssOS::Checking the sw design at  F:/Advanced_Hardware_Engineering/Vivado_2021/Workspace/MAXSONAR/MAXSONAR_Platform_J/microblaze_0/standalone_domain/bsp/system.mss
TRACE::2026-01-02.22:28:07::SCWMssOS::DEBUG:  swdes dump  F:/Advanced_Hardware_Engineering/Vivado_2021/Workspace/MAXSONAR/MAXSONAR_Platform_J/microblaze_0/standalone_domain/bsp/system.mss|system||

TRACE::2026-01-02.22:28:07::SCWMssOS::Sw design exists and opened at  F:/Advanced_Hardware_Engineering/Vivado_2021/Workspace/MAXSONAR/MAXSONAR_Platform_J/microblaze_0/standalone_domain/bsp/system.mss
TRACE::2026-01-02.22:28:07::SCWPlatform::Trying to open the hw design at F:/Advanced_Hardware_Engineering/Vivado_2021/Workspace/MAXSONAR/MAXSONAR_Platform_J/hw/TEST_J_2021MAXSONAR_wrapper.xsa
TRACE::2026-01-02.22:28:07::SCWPlatform::DSA given F:/Advanced_Hardware_Engineering/Vivado_2021/Workspace/MAXSONAR/MAXSONAR_Platform_J/hw/TEST_J_2021MAXSONAR_wrapper.xsa
TRACE::2026-01-02.22:28:07::SCWPlatform::DSA absoulate path F:/Advanced_Hardware_Engineering/Vivado_2021/Workspace/MAXSONAR/MAXSONAR_Platform_J/hw/TEST_J_2021MAXSONAR_wrapper.xsa
TRACE::2026-01-02.22:28:07::SCWPlatform::DSA directory F:/Advanced_Hardware_Engineering/Vivado_2021/Workspace/MAXSONAR/MAXSONAR_Platform_J/hw
TRACE::2026-01-02.22:28:07::SCWPlatform:: Platform Path F:/Advanced_Hardware_Engineering/Vivado_2021/Workspace/MAXSONAR/MAXSONAR_Platform_J/hw/TEST_J_2021MAXSONAR_wrapper.xsa
TRACE::2026-01-02.22:28:07::SCWPlatform:: Unique name xilinx:nexys-a7-100t::0.0
TRACE::2026-01-02.22:28:07::SCWPlatform::Trying to set the existing hwdb with name TEST_J_2021MAXSONAR_wrapper_0
TRACE::2026-01-02.22:28:07::SCWPlatform::Opened existing hwdb TEST_J_2021MAXSONAR_wrapper_0
TRACE::2026-01-02.22:28:07::SCWPlatform::Found the Hw Db part of the input DSA
TRACE::2026-01-02.22:28:07::SCWMssOS::Checking the sw design at  F:/Advanced_Hardware_Engineering/Vivado_2021/Workspace/MAXSONAR/MAXSONAR_Platform_J/microblaze_0/standalone_domain/bsp/system.mss
TRACE::2026-01-02.22:28:07::SCWMssOS::DEBUG:  swdes dump  F:/Advanced_Hardware_Engineering/Vivado_2021/Workspace/MAXSONAR/MAXSONAR_Platform_J/microblaze_0/standalone_domain/bsp/system.mss|system||

TRACE::2026-01-02.22:28:07::SCWMssOS::Sw design exists and opened at  F:/Advanced_Hardware_Engineering/Vivado_2021/Workspace/MAXSONAR/MAXSONAR_Platform_J/microblaze_0/standalone_domain/bsp/system.mss
TRACE::2026-01-02.22:28:07::SCWWriter::formatted JSON is {
	"platformName":	"MAXSONAR_Platform_J",
	"sprVersion":	"2.0",
	"mode":	"gui",
	"dsaType":	"Fixed",
	"platformDesc":	"MAXSONAR_Platform_J",
	"platHandOff":	"F:/Advanced_Hardware_Engineering/Vivado_2021/TEST_J_2021MAXSONAR/TEST_J_2021MAXSONAR/TEST_J_2021MAXSONAR_wrapper.xsa",
	"platIntHandOff":	"<platformDir>/hw/TEST_J_2021MAXSONAR_wrapper.xsa",
	"deviceType":	"FPGA",
	"platIsPrebuiltAutogen":	"false",
	"platIsNoBootBsp":	"false",
	"hasFsblMakeHasChanges":	"false",
	"hasPmufwMakeHasChanges":	"false",
	"platPreBuiltFlag":	false,
	"platformSamplesDir":	"",
	"platActiveSys":	"MAXSONAR_Platform_J",
	"systems":	[{
			"systemName":	"MAXSONAR_Platform_J",
			"systemDesc":	"MAXSONAR_Platform_J",
			"sysIsBootAutoGen":	"true",
			"systemDispName":	"MAXSONAR_Platform_J",
			"sysActiveDom":	"standalone_domain",
			"sysDefaultDom":	"standalone_domain",
			"domains":	[{
					"domainName":	"standalone_domain",
					"domainDispName":	"standalone on microblaze_0",
					"domainDesc":	"standalone_domain",
					"processors":	"microblaze_0",
					"os":	"standalone",
					"sdxOs":	"standalone",
					"debugEnable":	"False",
					"domRuntimes":	["cpp"],
					"swRepo":	"",
					"mssOsVer":	"7.6",
					"mssFile":	"",
					"md5Digest":	"c575672989ae816e9fbc643432b1f7bb",
					"compatibleApp":	"",
					"domType":	"mssDomain",
					"arch":	"32-bit",
					"appSettings":	{
						"appCompilerFlags":	"",
						"appLinkerFlags":	""
					},
					"addedLibs":	[],
					"libOptions":	{
						"libsContainingOptions":	[]
					},
					"prebuiltLibs":	{
						"prebuiltIncPath":	[],
						"prebuiltLibPath":	[]
					},
					"isolation":	{
					}
				}]
		}]
}
TRACE::2026-01-02.22:28:07::SCWMssOS::Saving the mss changes F:/Advanced_Hardware_Engineering/Vivado_2021/Workspace/MAXSONAR/MAXSONAR_Platform_J/microblaze_0/standalone_domain/bsp/system.mss
TRACE::2026-01-02.22:28:07::SCWMssOS::Found a swdesign opened with the mssfile.
TRACE::2026-01-02.22:28:07::SCWMssOS::Completed writemss as part of save.
TRACE::2026-01-02.22:28:07::SCWMssOS::Commit changes completed.
TRACE::2026-01-02.22:28:07::SCWPlatform::Trying to open the hw design at F:/Advanced_Hardware_Engineering/Vivado_2021/Workspace/MAXSONAR/MAXSONAR_Platform_J/hw/TEST_J_2021MAXSONAR_wrapper.xsa
TRACE::2026-01-02.22:28:07::SCWPlatform::DSA given F:/Advanced_Hardware_Engineering/Vivado_2021/Workspace/MAXSONAR/MAXSONAR_Platform_J/hw/TEST_J_2021MAXSONAR_wrapper.xsa
TRACE::2026-01-02.22:28:07::SCWPlatform::DSA absoulate path F:/Advanced_Hardware_Engineering/Vivado_2021/Workspace/MAXSONAR/MAXSONAR_Platform_J/hw/TEST_J_2021MAXSONAR_wrapper.xsa
TRACE::2026-01-02.22:28:07::SCWPlatform::DSA directory F:/Advanced_Hardware_Engineering/Vivado_2021/Workspace/MAXSONAR/MAXSONAR_Platform_J/hw
TRACE::2026-01-02.22:28:07::SCWPlatform:: Platform Path F:/Advanced_Hardware_Engineering/Vivado_2021/Workspace/MAXSONAR/MAXSONAR_Platform_J/hw/TEST_J_2021MAXSONAR_wrapper.xsa
TRACE::2026-01-02.22:28:07::SCWPlatform:: Unique name xilinx:nexys-a7-100t::0.0
TRACE::2026-01-02.22:28:07::SCWPlatform::Trying to set the existing hwdb with name TEST_J_2021MAXSONAR_wrapper_0
TRACE::2026-01-02.22:28:07::SCWPlatform::Opened existing hwdb TEST_J_2021MAXSONAR_wrapper_0
TRACE::2026-01-02.22:28:07::SCWPlatform::Found the Hw Db part of the input DSA
TRACE::2026-01-02.22:28:07::SCWMssOS::Checking the sw design at  F:/Advanced_Hardware_Engineering/Vivado_2021/Workspace/MAXSONAR/MAXSONAR_Platform_J/microblaze_0/standalone_domain/bsp/system.mss
TRACE::2026-01-02.22:28:07::SCWMssOS::DEBUG:  swdes dump  F:/Advanced_Hardware_Engineering/Vivado_2021/Workspace/MAXSONAR/MAXSONAR_Platform_J/microblaze_0/standalone_domain/bsp/system.mss|system||

TRACE::2026-01-02.22:28:07::SCWMssOS::Sw design exists and opened at  F:/Advanced_Hardware_Engineering/Vivado_2021/Workspace/MAXSONAR/MAXSONAR_Platform_J/microblaze_0/standalone_domain/bsp/system.mss
TRACE::2026-01-02.22:28:07::SCWPlatform::Trying to open the hw design at F:/Advanced_Hardware_Engineering/Vivado_2021/Workspace/MAXSONAR/MAXSONAR_Platform_J/hw/TEST_J_2021MAXSONAR_wrapper.xsa
TRACE::2026-01-02.22:28:07::SCWPlatform::DSA given F:/Advanced_Hardware_Engineering/Vivado_2021/Workspace/MAXSONAR/MAXSONAR_Platform_J/hw/TEST_J_2021MAXSONAR_wrapper.xsa
TRACE::2026-01-02.22:28:07::SCWPlatform::DSA absoulate path F:/Advanced_Hardware_Engineering/Vivado_2021/Workspace/MAXSONAR/MAXSONAR_Platform_J/hw/TEST_J_2021MAXSONAR_wrapper.xsa
TRACE::2026-01-02.22:28:07::SCWPlatform::DSA directory F:/Advanced_Hardware_Engineering/Vivado_2021/Workspace/MAXSONAR/MAXSONAR_Platform_J/hw
TRACE::2026-01-02.22:28:07::SCWPlatform:: Platform Path F:/Advanced_Hardware_Engineering/Vivado_2021/Workspace/MAXSONAR/MAXSONAR_Platform_J/hw/TEST_J_2021MAXSONAR_wrapper.xsa
TRACE::2026-01-02.22:28:07::SCWPlatform:: Unique name xilinx:nexys-a7-100t::0.0
TRACE::2026-01-02.22:28:07::SCWPlatform::Trying to set the existing hwdb with name TEST_J_2021MAXSONAR_wrapper_0
TRACE::2026-01-02.22:28:07::SCWPlatform::Opened existing hwdb TEST_J_2021MAXSONAR_wrapper_0
TRACE::2026-01-02.22:28:07::SCWPlatform::Found the Hw Db part of the input DSA
TRACE::2026-01-02.22:28:07::SCWMssOS::Checking the sw design at  F:/Advanced_Hardware_Engineering/Vivado_2021/Workspace/MAXSONAR/MAXSONAR_Platform_J/microblaze_0/standalone_domain/bsp/system.mss
TRACE::2026-01-02.22:28:07::SCWMssOS::DEBUG:  swdes dump  F:/Advanced_Hardware_Engineering/Vivado_2021/Workspace/MAXSONAR/MAXSONAR_Platform_J/microblaze_0/standalone_domain/bsp/system.mss|system||

TRACE::2026-01-02.22:28:07::SCWMssOS::Sw design exists and opened at  F:/Advanced_Hardware_Engineering/Vivado_2021/Workspace/MAXSONAR/MAXSONAR_Platform_J/microblaze_0/standalone_domain/bsp/system.mss
TRACE::2026-01-02.22:28:07::SCWPlatform::Trying to open the hw design at F:/Advanced_Hardware_Engineering/Vivado_2021/Workspace/MAXSONAR/MAXSONAR_Platform_J/hw/TEST_J_2021MAXSONAR_wrapper.xsa
TRACE::2026-01-02.22:28:07::SCWPlatform::DSA given F:/Advanced_Hardware_Engineering/Vivado_2021/Workspace/MAXSONAR/MAXSONAR_Platform_J/hw/TEST_J_2021MAXSONAR_wrapper.xsa
TRACE::2026-01-02.22:28:07::SCWPlatform::DSA absoulate path F:/Advanced_Hardware_Engineering/Vivado_2021/Workspace/MAXSONAR/MAXSONAR_Platform_J/hw/TEST_J_2021MAXSONAR_wrapper.xsa
TRACE::2026-01-02.22:28:07::SCWPlatform::DSA directory F:/Advanced_Hardware_Engineering/Vivado_2021/Workspace/MAXSONAR/MAXSONAR_Platform_J/hw
TRACE::2026-01-02.22:28:07::SCWPlatform:: Platform Path F:/Advanced_Hardware_Engineering/Vivado_2021/Workspace/MAXSONAR/MAXSONAR_Platform_J/hw/TEST_J_2021MAXSONAR_wrapper.xsa
TRACE::2026-01-02.22:28:07::SCWPlatform:: Unique name xilinx:nexys-a7-100t::0.0
TRACE::2026-01-02.22:28:07::SCWPlatform::Trying to set the existing hwdb with name TEST_J_2021MAXSONAR_wrapper_0
TRACE::2026-01-02.22:28:07::SCWPlatform::Opened existing hwdb TEST_J_2021MAXSONAR_wrapper_0
TRACE::2026-01-02.22:28:07::SCWPlatform::Found the Hw Db part of the input DSA
TRACE::2026-01-02.22:28:07::SCWMssOS::Checking the sw design at  F:/Advanced_Hardware_Engineering/Vivado_2021/Workspace/MAXSONAR/MAXSONAR_Platform_J/microblaze_0/standalone_domain/bsp/system.mss
TRACE::2026-01-02.22:28:07::SCWMssOS::DEBUG:  swdes dump  F:/Advanced_Hardware_Engineering/Vivado_2021/Workspace/MAXSONAR/MAXSONAR_Platform_J/microblaze_0/standalone_domain/bsp/system.mss|system||

TRACE::2026-01-02.22:28:07::SCWMssOS::Sw design exists and opened at  F:/Advanced_Hardware_Engineering/Vivado_2021/Workspace/MAXSONAR/MAXSONAR_Platform_J/microblaze_0/standalone_domain/bsp/system.mss
TRACE::2026-01-02.22:28:07::SCWWriter::formatted JSON is {
	"platformName":	"MAXSONAR_Platform_J",
	"sprVersion":	"2.0",
	"mode":	"gui",
	"dsaType":	"Fixed",
	"platformDesc":	"MAXSONAR_Platform_J",
	"platHandOff":	"F:/Advanced_Hardware_Engineering/Vivado_2021/TEST_J_2021MAXSONAR/TEST_J_2021MAXSONAR/TEST_J_2021MAXSONAR_wrapper.xsa",
	"platIntHandOff":	"<platformDir>/hw/TEST_J_2021MAXSONAR_wrapper.xsa",
	"deviceType":	"FPGA",
	"platIsPrebuiltAutogen":	"false",
	"platIsNoBootBsp":	"false",
	"hasFsblMakeHasChanges":	"false",
	"hasPmufwMakeHasChanges":	"false",
	"platPreBuiltFlag":	false,
	"platformSamplesDir":	"",
	"platActiveSys":	"MAXSONAR_Platform_J",
	"systems":	[{
			"systemName":	"MAXSONAR_Platform_J",
			"systemDesc":	"MAXSONAR_Platform_J",
			"sysIsBootAutoGen":	"true",
			"systemDispName":	"MAXSONAR_Platform_J",
			"sysActiveDom":	"standalone_domain",
			"sysDefaultDom":	"standalone_domain",
			"domains":	[{
					"domainName":	"standalone_domain",
					"domainDispName":	"standalone on microblaze_0",
					"domainDesc":	"standalone_domain",
					"processors":	"microblaze_0",
					"os":	"standalone",
					"sdxOs":	"standalone",
					"debugEnable":	"False",
					"domRuntimes":	["cpp"],
					"swRepo":	"",
					"mssOsVer":	"7.6",
					"mssFile":	"",
					"md5Digest":	"c575672989ae816e9fbc643432b1f7bb",
					"compatibleApp":	"",
					"domType":	"mssDomain",
					"arch":	"32-bit",
					"appSettings":	{
						"appCompilerFlags":	"",
						"appLinkerFlags":	""
					},
					"addedLibs":	[],
					"libOptions":	{
						"libsContainingOptions":	[]
					},
					"prebuiltLibs":	{
						"prebuiltIncPath":	[],
						"prebuiltLibPath":	[]
					},
					"isolation":	{
					}
				}]
		}]
}
TRACE::2026-01-02.22:28:07::SCWPlatform::Clearing the existing platform
TRACE::2026-01-02.22:28:07::SCWSystem::Clearing the existing sysconfig
TRACE::2026-01-02.22:28:07::SCWMssOS::Removing the swdes entry for  F:/Advanced_Hardware_Engineering/Vivado_2021/Workspace/MAXSONAR/MAXSONAR_Platform_J/microblaze_0/standalone_domain/bsp/system.mss
TRACE::2026-01-02.22:28:07::SCWSystem::Clearing the domains completed.
TRACE::2026-01-02.22:28:07::SCWPlatform::Clearing the opened hw db.
TRACE::2026-01-02.22:28:07::SCWPlatform::DSA given F:/Advanced_Hardware_Engineering/Vivado_2021/Workspace/MAXSONAR/MAXSONAR_Platform_J/hw/TEST_J_2021MAXSONAR_wrapper.xsa
TRACE::2026-01-02.22:28:07::SCWPlatform::DSA absoulate path F:/Advanced_Hardware_Engineering/Vivado_2021/Workspace/MAXSONAR/MAXSONAR_Platform_J/hw/TEST_J_2021MAXSONAR_wrapper.xsa
TRACE::2026-01-02.22:28:07::SCWPlatform:: Platform location is F:/Advanced_Hardware_Engineering/Vivado_2021/Workspace/MAXSONAR/MAXSONAR_Platform_J/hw
TRACE::2026-01-02.22:28:07::SCWPlatform:: Platform Path F:/Advanced_Hardware_Engineering/Vivado_2021/Workspace/MAXSONAR/MAXSONAR_Platform_J/hw/TEST_J_2021MAXSONAR_wrapper.xsa
TRACE::2026-01-02.22:28:07::SCWPlatform:: Unique name xilinx:nexys-a7-100t::0.0
TRACE::2026-01-02.22:28:07::SCWPlatform::Removing the HwDB with name F:/Advanced_Hardware_Engineering/Vivado_2021/Workspace/MAXSONAR/MAXSONAR_Platform_J/hw/TEST_J_2021MAXSONAR_wrapper.xsa
TRACE::2026-01-02.22:28:07::SCWPlatform::Trying to open the hw design at F:/Advanced_Hardware_Engineering/Vivado_2021/Workspace/MAXSONAR/MAXSONAR_Platform_J/hw/TEST_J_2021MAXSONAR_wrapper.xsa
TRACE::2026-01-02.22:28:07::SCWPlatform::DSA given F:/Advanced_Hardware_Engineering/Vivado_2021/Workspace/MAXSONAR/MAXSONAR_Platform_J/hw/TEST_J_2021MAXSONAR_wrapper.xsa
TRACE::2026-01-02.22:28:07::SCWPlatform::DSA absoulate path F:/Advanced_Hardware_Engineering/Vivado_2021/Workspace/MAXSONAR/MAXSONAR_Platform_J/hw/TEST_J_2021MAXSONAR_wrapper.xsa
TRACE::2026-01-02.22:28:07::SCWPlatform::DSA directory F:/Advanced_Hardware_Engineering/Vivado_2021/Workspace/MAXSONAR/MAXSONAR_Platform_J/hw
TRACE::2026-01-02.22:28:07::SCWPlatform:: Platform Path F:/Advanced_Hardware_Engineering/Vivado_2021/Workspace/MAXSONAR/MAXSONAR_Platform_J/hw/TEST_J_2021MAXSONAR_wrapper.xsa
TRACE::2026-01-02.22:28:07::SCWPlatform:: Unique name xilinx:nexys-a7-100t::0.0
TRACE::2026-01-02.22:28:07::SCWPlatform::Do not have an existing db opened. 
TRACE::2026-01-02.22:28:07::SCWPlatform::Opened new HwDB with name TEST_J_2021MAXSONAR_wrapper_1
TRACE::2026-01-02.22:28:07::SCWReader::Active system found as  MAXSONAR_Platform_J
TRACE::2026-01-02.22:28:07::SCWReader::Handling sysconfig MAXSONAR_Platform_J
TRACE::2026-01-02.22:28:07::SCWDomain::checking for install qemu data   : 
TRACE::2026-01-02.22:28:07::SCWPlatform::Trying to open the hw design at F:/Advanced_Hardware_Engineering/Vivado_2021/Workspace/MAXSONAR/MAXSONAR_Platform_J/hw/TEST_J_2021MAXSONAR_wrapper.xsa
TRACE::2026-01-02.22:28:07::SCWPlatform::DSA given F:/Advanced_Hardware_Engineering/Vivado_2021/Workspace/MAXSONAR/MAXSONAR_Platform_J/hw/TEST_J_2021MAXSONAR_wrapper.xsa
TRACE::2026-01-02.22:28:07::SCWPlatform::DSA absoulate path F:/Advanced_Hardware_Engineering/Vivado_2021/Workspace/MAXSONAR/MAXSONAR_Platform_J/hw/TEST_J_2021MAXSONAR_wrapper.xsa
TRACE::2026-01-02.22:28:07::SCWPlatform::DSA directory F:/Advanced_Hardware_Engineering/Vivado_2021/Workspace/MAXSONAR/MAXSONAR_Platform_J/hw
TRACE::2026-01-02.22:28:07::SCWPlatform:: Platform Path F:/Advanced_Hardware_Engineering/Vivado_2021/Workspace/MAXSONAR/MAXSONAR_Platform_J/hw/TEST_J_2021MAXSONAR_wrapper.xsa
TRACE::2026-01-02.22:28:07::SCWPlatform:: Unique name xilinx:nexys-a7-100t::0.0
TRACE::2026-01-02.22:28:07::SCWPlatform::Trying to set the existing hwdb with name TEST_J_2021MAXSONAR_wrapper_1
TRACE::2026-01-02.22:28:07::SCWPlatform::Opened existing hwdb TEST_J_2021MAXSONAR_wrapper_1
TRACE::2026-01-02.22:28:07::SCWPlatform::Found the Hw Db part of the input DSA
TRACE::2026-01-02.22:28:07::SCWPlatform::Trying to open the hw design at F:/Advanced_Hardware_Engineering/Vivado_2021/Workspace/MAXSONAR/MAXSONAR_Platform_J/hw/TEST_J_2021MAXSONAR_wrapper.xsa
TRACE::2026-01-02.22:28:07::SCWPlatform::DSA given F:/Advanced_Hardware_Engineering/Vivado_2021/Workspace/MAXSONAR/MAXSONAR_Platform_J/hw/TEST_J_2021MAXSONAR_wrapper.xsa
TRACE::2026-01-02.22:28:07::SCWPlatform::DSA absoulate path F:/Advanced_Hardware_Engineering/Vivado_2021/Workspace/MAXSONAR/MAXSONAR_Platform_J/hw/TEST_J_2021MAXSONAR_wrapper.xsa
TRACE::2026-01-02.22:28:07::SCWPlatform::DSA directory F:/Advanced_Hardware_Engineering/Vivado_2021/Workspace/MAXSONAR/MAXSONAR_Platform_J/hw
TRACE::2026-01-02.22:28:07::SCWPlatform:: Platform Path F:/Advanced_Hardware_Engineering/Vivado_2021/Workspace/MAXSONAR/MAXSONAR_Platform_J/hw/TEST_J_2021MAXSONAR_wrapper.xsa
TRACE::2026-01-02.22:28:07::SCWPlatform:: Unique name xilinx:nexys-a7-100t::0.0
TRACE::2026-01-02.22:28:07::SCWPlatform::Trying to set the existing hwdb with name TEST_J_2021MAXSONAR_wrapper_1
TRACE::2026-01-02.22:28:07::SCWPlatform::Opened existing hwdb TEST_J_2021MAXSONAR_wrapper_1
TRACE::2026-01-02.22:28:07::SCWPlatform::Found the Hw Db part of the input DSA
TRACE::2026-01-02.22:28:07::SCWPlatform::Trying to open the hw design at F:/Advanced_Hardware_Engineering/Vivado_2021/Workspace/MAXSONAR/MAXSONAR_Platform_J/hw/TEST_J_2021MAXSONAR_wrapper.xsa
TRACE::2026-01-02.22:28:07::SCWPlatform::DSA given F:/Advanced_Hardware_Engineering/Vivado_2021/Workspace/MAXSONAR/MAXSONAR_Platform_J/hw/TEST_J_2021MAXSONAR_wrapper.xsa
TRACE::2026-01-02.22:28:07::SCWPlatform::DSA absoulate path F:/Advanced_Hardware_Engineering/Vivado_2021/Workspace/MAXSONAR/MAXSONAR_Platform_J/hw/TEST_J_2021MAXSONAR_wrapper.xsa
TRACE::2026-01-02.22:28:07::SCWPlatform::DSA directory F:/Advanced_Hardware_Engineering/Vivado_2021/Workspace/MAXSONAR/MAXSONAR_Platform_J/hw
TRACE::2026-01-02.22:28:07::SCWPlatform:: Platform Path F:/Advanced_Hardware_Engineering/Vivado_2021/Workspace/MAXSONAR/MAXSONAR_Platform_J/hw/TEST_J_2021MAXSONAR_wrapper.xsa
TRACE::2026-01-02.22:28:07::SCWPlatform:: Unique name xilinx:nexys-a7-100t::0.0
TRACE::2026-01-02.22:28:07::SCWPlatform::Trying to set the existing hwdb with name TEST_J_2021MAXSONAR_wrapper_1
TRACE::2026-01-02.22:28:07::SCWPlatform::Opened existing hwdb TEST_J_2021MAXSONAR_wrapper_1
TRACE::2026-01-02.22:28:07::SCWPlatform::Found the Hw Db part of the input DSA
TRACE::2026-01-02.22:28:07::SCWPlatform::Trying to open the hw design at F:/Advanced_Hardware_Engineering/Vivado_2021/Workspace/MAXSONAR/MAXSONAR_Platform_J/hw/TEST_J_2021MAXSONAR_wrapper.xsa
TRACE::2026-01-02.22:28:07::SCWPlatform::DSA given F:/Advanced_Hardware_Engineering/Vivado_2021/Workspace/MAXSONAR/MAXSONAR_Platform_J/hw/TEST_J_2021MAXSONAR_wrapper.xsa
TRACE::2026-01-02.22:28:07::SCWPlatform::DSA absoulate path F:/Advanced_Hardware_Engineering/Vivado_2021/Workspace/MAXSONAR/MAXSONAR_Platform_J/hw/TEST_J_2021MAXSONAR_wrapper.xsa
TRACE::2026-01-02.22:28:07::SCWPlatform::DSA directory F:/Advanced_Hardware_Engineering/Vivado_2021/Workspace/MAXSONAR/MAXSONAR_Platform_J/hw
TRACE::2026-01-02.22:28:07::SCWPlatform:: Platform Path F:/Advanced_Hardware_Engineering/Vivado_2021/Workspace/MAXSONAR/MAXSONAR_Platform_J/hw/TEST_J_2021MAXSONAR_wrapper.xsa
TRACE::2026-01-02.22:28:07::SCWPlatform:: Unique name xilinx:nexys-a7-100t::0.0
TRACE::2026-01-02.22:28:07::SCWPlatform::Trying to set the existing hwdb with name TEST_J_2021MAXSONAR_wrapper_1
TRACE::2026-01-02.22:28:07::SCWPlatform::Opened existing hwdb TEST_J_2021MAXSONAR_wrapper_1
TRACE::2026-01-02.22:28:07::SCWPlatform::Found the Hw Db part of the input DSA
TRACE::2026-01-02.22:28:07::SCWMssOS::Checking the sw design at  F:/Advanced_Hardware_Engineering/Vivado_2021/Workspace/MAXSONAR/MAXSONAR_Platform_J/microblaze_0/standalone_domain/bsp/system.mss
TRACE::2026-01-02.22:28:07::SCWMssOS::DEBUG:  swdes dump  
TRACE::2026-01-02.22:28:07::SCWMssOS::No sw design opened at  F:/Advanced_Hardware_Engineering/Vivado_2021/Workspace/MAXSONAR/MAXSONAR_Platform_J/microblaze_0/standalone_domain/bsp/system.mss
TRACE::2026-01-02.22:28:07::SCWMssOS::mss exists loading the mss file  F:/Advanced_Hardware_Engineering/Vivado_2021/Workspace/MAXSONAR/MAXSONAR_Platform_J/microblaze_0/standalone_domain/bsp/system.mss
TRACE::2026-01-02.22:28:07::SCWMssOS::Opened the sw design from mss  F:/Advanced_Hardware_Engineering/Vivado_2021/Workspace/MAXSONAR/MAXSONAR_Platform_J/microblaze_0/standalone_domain/bsp/system.mss
TRACE::2026-01-02.22:28:07::SCWMssOS::Adding the swdes entry F:/Advanced_Hardware_Engineering/Vivado_2021/Workspace/MAXSONAR/MAXSONAR_Platform_J/microblaze_0/standalone_domain/bsp/system.mss with des name system
TRACE::2026-01-02.22:28:07::SCWMssOS::updating the scw layer about changes
TRACE::2026-01-02.22:28:07::SCWMssOS::Opened the sw design.  F:/Advanced_Hardware_Engineering/Vivado_2021/Workspace/MAXSONAR/MAXSONAR_Platform_J/microblaze_0/standalone_domain/bsp/system.mss
TRACE::2026-01-02.22:28:07::SCWMssOS::Saving the mss changes F:/Advanced_Hardware_Engineering/Vivado_2021/Workspace/MAXSONAR/MAXSONAR_Platform_J/microblaze_0/standalone_domain/bsp/system.mss
TRACE::2026-01-02.22:28:07::SCWMssOS::Found a swdesign opened with the mssfile.
TRACE::2026-01-02.22:28:07::SCWMssOS::Completed writemss as part of save.
TRACE::2026-01-02.22:28:07::SCWMssOS::Commit changes completed.
TRACE::2026-01-02.22:28:07::SCWReader::Adding prebuilt librarypaths as   
TRACE::2026-01-02.22:28:07::SCWReader::Adding prebuilt incpaths  as   
TRACE::2026-01-02.22:28:07::SCWPlatform::Trying to open the hw design at F:/Advanced_Hardware_Engineering/Vivado_2021/Workspace/MAXSONAR/MAXSONAR_Platform_J/hw/TEST_J_2021MAXSONAR_wrapper.xsa
TRACE::2026-01-02.22:28:07::SCWPlatform::DSA given F:/Advanced_Hardware_Engineering/Vivado_2021/Workspace/MAXSONAR/MAXSONAR_Platform_J/hw/TEST_J_2021MAXSONAR_wrapper.xsa
TRACE::2026-01-02.22:28:07::SCWPlatform::DSA absoulate path F:/Advanced_Hardware_Engineering/Vivado_2021/Workspace/MAXSONAR/MAXSONAR_Platform_J/hw/TEST_J_2021MAXSONAR_wrapper.xsa
TRACE::2026-01-02.22:28:07::SCWPlatform::DSA directory F:/Advanced_Hardware_Engineering/Vivado_2021/Workspace/MAXSONAR/MAXSONAR_Platform_J/hw
TRACE::2026-01-02.22:28:07::SCWPlatform:: Platform Path F:/Advanced_Hardware_Engineering/Vivado_2021/Workspace/MAXSONAR/MAXSONAR_Platform_J/hw/TEST_J_2021MAXSONAR_wrapper.xsa
TRACE::2026-01-02.22:28:07::SCWPlatform:: Unique name xilinx:nexys-a7-100t::0.0
TRACE::2026-01-02.22:28:07::SCWPlatform::Trying to set the existing hwdb with name TEST_J_2021MAXSONAR_wrapper_1
TRACE::2026-01-02.22:28:07::SCWPlatform::Opened existing hwdb TEST_J_2021MAXSONAR_wrapper_1
TRACE::2026-01-02.22:28:07::SCWPlatform::Found the Hw Db part of the input DSA
TRACE::2026-01-02.22:28:07::SCWMssOS::Checking the sw design at  F:/Advanced_Hardware_Engineering/Vivado_2021/Workspace/MAXSONAR/MAXSONAR_Platform_J/microblaze_0/standalone_domain/bsp/system.mss
TRACE::2026-01-02.22:28:07::SCWMssOS::DEBUG:  swdes dump  F:/Advanced_Hardware_Engineering/Vivado_2021/Workspace/MAXSONAR/MAXSONAR_Platform_J/microblaze_0/standalone_domain/bsp/system.mss|system||

TRACE::2026-01-02.22:28:07::SCWMssOS::Sw design exists and opened at  F:/Advanced_Hardware_Engineering/Vivado_2021/Workspace/MAXSONAR/MAXSONAR_Platform_J/microblaze_0/standalone_domain/bsp/system.mss
TRACE::2026-01-02.22:28:07::SCWReader::No isolation master present  
LOG::2026-01-02.22:28:12::SCWPlatform::Started generating the artifacts platform MAXSONAR_Platform_J
TRACE::2026-01-02.22:28:12::SCWPlatform::Sanity checking of platform is completed
LOG::2026-01-02.22:28:12::SCWPlatform::Started generating the artifacts for system configuration MAXSONAR_Platform_J
LOG::2026-01-02.22:28:12::SCWSystem::Checking the domain standalone_domain
LOG::2026-01-02.22:28:12::SCWSystem::Not a boot domain 
LOG::2026-01-02.22:28:12::SCWSystem::Started Processing the domain standalone_domain
TRACE::2026-01-02.22:28:12::SCWDomain::Generating domain artifcats
TRACE::2026-01-02.22:28:12::SCWMssOS::Generating standalone artifcats
TRACE::2026-01-02.22:28:12::SCWMssOS:: Copying the user libraries. 
TRACE::2026-01-02.22:28:12::SCWPlatform::Trying to open the hw design at F:/Advanced_Hardware_Engineering/Vivado_2021/Workspace/MAXSONAR/MAXSONAR_Platform_J/hw/TEST_J_2021MAXSONAR_wrapper.xsa
TRACE::2026-01-02.22:28:12::SCWPlatform::DSA given F:/Advanced_Hardware_Engineering/Vivado_2021/Workspace/MAXSONAR/MAXSONAR_Platform_J/hw/TEST_J_2021MAXSONAR_wrapper.xsa
TRACE::2026-01-02.22:28:12::SCWPlatform::DSA absoulate path F:/Advanced_Hardware_Engineering/Vivado_2021/Workspace/MAXSONAR/MAXSONAR_Platform_J/hw/TEST_J_2021MAXSONAR_wrapper.xsa
TRACE::2026-01-02.22:28:12::SCWPlatform::DSA directory F:/Advanced_Hardware_Engineering/Vivado_2021/Workspace/MAXSONAR/MAXSONAR_Platform_J/hw
TRACE::2026-01-02.22:28:12::SCWPlatform:: Platform Path F:/Advanced_Hardware_Engineering/Vivado_2021/Workspace/MAXSONAR/MAXSONAR_Platform_J/hw/TEST_J_2021MAXSONAR_wrapper.xsa
TRACE::2026-01-02.22:28:12::SCWPlatform:: Unique name xilinx:nexys-a7-100t::0.0
TRACE::2026-01-02.22:28:12::SCWPlatform::Trying to set the existing hwdb with name TEST_J_2021MAXSONAR_wrapper_1
TRACE::2026-01-02.22:28:12::SCWPlatform::Opened existing hwdb TEST_J_2021MAXSONAR_wrapper_1
TRACE::2026-01-02.22:28:12::SCWPlatform::Found the Hw Db part of the input DSA
TRACE::2026-01-02.22:28:12::SCWMssOS::Checking the sw design at  F:/Advanced_Hardware_Engineering/Vivado_2021/Workspace/MAXSONAR/MAXSONAR_Platform_J/microblaze_0/standalone_domain/bsp/system.mss
TRACE::2026-01-02.22:28:12::SCWMssOS::DEBUG:  swdes dump  F:/Advanced_Hardware_Engineering/Vivado_2021/Workspace/MAXSONAR/MAXSONAR_Platform_J/microblaze_0/standalone_domain/bsp/system.mss|system||

TRACE::2026-01-02.22:28:12::SCWMssOS::Sw design exists and opened at  F:/Advanced_Hardware_Engineering/Vivado_2021/Workspace/MAXSONAR/MAXSONAR_Platform_J/microblaze_0/standalone_domain/bsp/system.mss
TRACE::2026-01-02.22:28:12::SCWMssOS::Completed writing the mss file at F:/Advanced_Hardware_Engineering/Vivado_2021/Workspace/MAXSONAR/MAXSONAR_Platform_J/microblaze_0/standalone_domain/bsp
TRACE::2026-01-02.22:28:12::SCWMssOS::Mss edits present, copying mssfile into export location F:/Advanced_Hardware_Engineering/Vivado_2021/Workspace/MAXSONAR/MAXSONAR_Platform_J/microblaze_0/standalone_domain/bsp/system.mss
TRACE::2026-01-02.22:28:12::SCWMssOS::bsp generated is upto date with the mss file. Skipping bsp generation.
TRACE::2026-01-02.22:28:12::SCWMssOS::BSP is already built. skipping the bsp build ... 
TRACE::2026-01-02.22:28:12::SCWDomain::Building the domain as part of full build :  standalone_domain
TRACE::2026-01-02.22:28:12::SCWMssOS::doing bsp build ... 
TRACE::2026-01-02.22:28:12::SCWMssOS::System Command Ran  F: & cd  F:/Advanced_Hardware_Engineering/Vivado_2021/Workspace/MAXSONAR/MAXSONAR_Platform_J/microblaze_0/standalone_domain/bsp & make 
TRACE::2026-01-02.22:28:12::SCWMssOS::make --no-print-directory seq_libs

TRACE::2026-01-02.22:28:12::SCWMssOS::"Running Make include in microblaze_0/libsrc/bram_v4_7/src"

TRACE::2026-01-02.22:28:12::SCWMssOS::make -C microblaze_0/libsrc/bram_v4_7/src -s include  "SHELL=CMD" "COMPILER=mb-gcc" "ASSEMBLER=mb-as" "ARCHIVER=mb-ar" "COMPILE
TRACE::2026-01-02.22:28:12::SCWMssOS::R_FLAGS=  -O2 -c -mcpu=v11.0 -mlittle-endian -mxl-soft-mul" "EXTRA_COMPILER_FLAGS=-g -ffunction-sections -fdata-sections -Wall 
TRACE::2026-01-02.22:28:12::SCWMssOS::-Wextra -fno-tree-loop-distribute-patterns"

TRACE::2026-01-02.22:28:12::SCWMssOS::"Running Make include in microblaze_0/libsrc/cpu_v2_14/src"

TRACE::2026-01-02.22:28:12::SCWMssOS::make -C microblaze_0/libsrc/cpu_v2_14/src -s include  "SHELL=CMD" "COMPILER=mb-gcc" "ASSEMBLER=mb-as" "ARCHIVER=mb-ar" "COMPILE
TRACE::2026-01-02.22:28:12::SCWMssOS::R_FLAGS=  -O2 -c -mcpu=v11.0 -mlittle-endian -mxl-soft-mul" "EXTRA_COMPILER_FLAGS=-g -ffunction-sections -fdata-sections -Wall 
TRACE::2026-01-02.22:28:12::SCWMssOS::-Wextra -fno-tree-loop-distribute-patterns"

TRACE::2026-01-02.22:28:12::SCWMssOS::"Running Make include in microblaze_0/libsrc/intc_v3_13/src"

TRACE::2026-01-02.22:28:12::SCWMssOS::make -C microblaze_0/libsrc/intc_v3_13/src -s include  "SHELL=CMD" "COMPILER=mb-gcc" "ASSEMBLER=mb-as" "ARCHIVER=mb-ar" "COMPIL
TRACE::2026-01-02.22:28:12::SCWMssOS::ER_FLAGS=  -O2 -c -mcpu=v11.0 -mlittle-endian -mxl-soft-mul" "EXTRA_COMPILER_FLAGS=-g -ffunction-sections -fdata-sections -Wall
TRACE::2026-01-02.22:28:12::SCWMssOS:: -Wextra -fno-tree-loop-distribute-patterns"

TRACE::2026-01-02.22:28:12::SCWMssOS::"Running Make include in microblaze_0/libsrc/PmodMAXSONAR_v1_0/src"

TRACE::2026-01-02.22:28:12::SCWMssOS::make -C microblaze_0/libsrc/PmodMAXSONAR_v1_0/src -s include  "SHELL=CMD" "COMPILER=mb-gcc" "ASSEMBLER=mb-as" "ARCHIVER=mb-ar" 
TRACE::2026-01-02.22:28:12::SCWMssOS::"COMPILER_FLAGS=  -O2 -c -mcpu=v11.0 -mlittle-endian -mxl-soft-mul" "EXTRA_COMPILER_FLAGS=-g -ffunction-sections -fdata-section
TRACE::2026-01-02.22:28:12::SCWMssOS::s -Wall -Wextra -fno-tree-loop-distribute-patterns"

TRACE::2026-01-02.22:28:12::SCWMssOS::"Running Make include in microblaze_0/libsrc/standalone_v7_6/src"

TRACE::2026-01-02.22:28:12::SCWMssOS::make -C microblaze_0/libsrc/standalone_v7_6/src -s include  "SHELL=CMD" "COMPILER=mb-gcc" "ASSEMBLER=mb-as" "ARCHIVER=mb-ar" "C
TRACE::2026-01-02.22:28:12::SCWMssOS::OMPILER_FLAGS=  -O2 -c -mcpu=v11.0 -mlittle-endian -mxl-soft-mul" "EXTRA_COMPILER_FLAGS=-g -ffunction-sections -fdata-sections 
TRACE::2026-01-02.22:28:12::SCWMssOS::-Wall -Wextra -fno-tree-loop-distribute-patterns"

TRACE::2026-01-02.22:28:13::SCWMssOS::"Running Make include in microblaze_0/libsrc/uartlite_v3_6/src"

TRACE::2026-01-02.22:28:13::SCWMssOS::make -C microblaze_0/libsrc/uartlite_v3_6/src -s include  "SHELL=CMD" "COMPILER=mb-gcc" "ASSEMBLER=mb-as" "ARCHIVER=mb-ar" "COM
TRACE::2026-01-02.22:28:13::SCWMssOS::PILER_FLAGS=  -O2 -c -mcpu=v11.0 -mlittle-endian -mxl-soft-mul" "EXTRA_COMPILER_FLAGS=-g -ffunction-sections -fdata-sections -W
TRACE::2026-01-02.22:28:13::SCWMssOS::all -Wextra -fno-tree-loop-distribute-patterns"

TRACE::2026-01-02.22:28:13::SCWMssOS::"Running Make libs in microblaze_0/libsrc/PmodMAXSONAR_v1_0/src"

TRACE::2026-01-02.22:28:13::SCWMssOS::make -C microblaze_0/libsrc/PmodMAXSONAR_v1_0/src -s libs  "SHELL=CMD" "COMPILER=mb-gcc" "ASSEMBLER=mb-as" "ARCHIVER=mb-ar" "CO
TRACE::2026-01-02.22:28:13::SCWMssOS::MPILER_FLAGS=  -O2 -c -mcpu=v11.0 -mlittle-endian -mxl-soft-mul" "EXTRA_COMPILER_FLAGS=-g -ffunction-sections -fdata-sections -
TRACE::2026-01-02.22:28:13::SCWMssOS::Wall -Wextra -fno-tree-loop-distribute-patterns"

TRACE::2026-01-02.22:28:13::SCWMssOS::"Compiling PmodMAXSONAR"

TRACE::2026-01-02.22:28:13::SCWMssOS::'Finished building libraries sequentially.'

TRACE::2026-01-02.22:28:13::SCWMssOS::make -j 14 --no-print-directory par_libs

TRACE::2026-01-02.22:28:13::SCWMssOS::"Running Make include in microblaze_0/libsrc/bram_v4_7/src"

TRACE::2026-01-02.22:28:13::SCWMssOS::make -C microblaze_0/libsrc/bram_v4_7/src -s include  "SHELL=CMD" "COMPILER=mb-gcc" "ASSEMBLER=mb-as" "ARCHIVER=mb-ar" "COMPILE
TRACE::2026-01-02.22:28:13::SCWMssOS::R_FLAGS=  -O2 -c -mcpu=v11.0 -mlittle-endian -mxl-soft-mul" "EXTRA_COMPILER_FLAGS=-g -ffunction-sections -fdata-sections -Wall 
TRACE::2026-01-02.22:28:13::SCWMssOS::-Wextra -fno-tree-loop-distribute-patterns"

TRACE::2026-01-02.22:28:13::SCWMssOS::"Running Make include in microblaze_0/libsrc/cpu_v2_14/src"

TRACE::2026-01-02.22:28:13::SCWMssOS::make -C microblaze_0/libsrc/cpu_v2_14/src -s include  "SHELL=CMD" "COMPILER=mb-gcc" "ASSEMBLER=mb-as" "ARCHIVER=mb-ar" "COMPILE
TRACE::2026-01-02.22:28:13::SCWMssOS::R_FLAGS=  -O2 -c -mcpu=v11.0 -mlittle-endian -mxl-soft-mul" "EXTRA_COMPILER_FLAGS=-g -ffunction-sections -fdata-sections -Wall 
TRACE::2026-01-02.22:28:13::SCWMssOS::-Wextra -fno-tree-loop-distribute-patterns"

TRACE::2026-01-02.22:28:13::SCWMssOS::"Running Make include in microblaze_0/libsrc/intc_v3_13/src"

TRACE::2026-01-02.22:28:13::SCWMssOS::make -C microblaze_0/libsrc/intc_v3_13/src -s include  "SHELL=CMD" "COMPILER=mb-gcc" "ASSEMBLER=mb-as" "ARCHIVER=mb-ar" "COMPIL
TRACE::2026-01-02.22:28:13::SCWMssOS::ER_FLAGS=  -O2 -c -mcpu=v11.0 -mlittle-endian -mxl-soft-mul" "EXTRA_COMPILER_FLAGS=-g -ffunction-sections -fdata-sections -Wall
TRACE::2026-01-02.22:28:13::SCWMssOS:: -Wextra -fno-tree-loop-distribute-patterns"

TRACE::2026-01-02.22:28:13::SCWMssOS::"Running Make include in microblaze_0/libsrc/PmodMAXSONAR_v1_0/src"

TRACE::2026-01-02.22:28:13::SCWMssOS::make -C microblaze_0/libsrc/PmodMAXSONAR_v1_0/src -s include  "SHELL=CMD" "COMPILER=mb-gcc" "ASSEMBLER=mb-as" "ARCHIVER=mb-ar" 
TRACE::2026-01-02.22:28:13::SCWMssOS::"COMPILER_FLAGS=  -O2 -c -mcpu=v11.0 -mlittle-endian -mxl-soft-mul" "EXTRA_COMPILER_FLAGS=-g -ffunction-sections -fdata-section
TRACE::2026-01-02.22:28:13::SCWMssOS::s -Wall -Wextra -fno-tree-loop-distribute-patterns"

TRACE::2026-01-02.22:28:13::SCWMssOS::"Running Make include in microblaze_0/libsrc/standalone_v7_6/src"

TRACE::2026-01-02.22:28:13::SCWMssOS::make -C microblaze_0/libsrc/standalone_v7_6/src -s include  "SHELL=CMD" "COMPILER=mb-gcc" "ASSEMBLER=mb-as" "ARCHIVER=mb-ar" "C
TRACE::2026-01-02.22:28:13::SCWMssOS::OMPILER_FLAGS=  -O2 -c -mcpu=v11.0 -mlittle-endian -mxl-soft-mul" "EXTRA_COMPILER_FLAGS=-g -ffunction-sections -fdata-sections 
TRACE::2026-01-02.22:28:13::SCWMssOS::-Wall -Wextra -fno-tree-loop-distribute-patterns"

TRACE::2026-01-02.22:28:13::SCWMssOS::"Running Make include in microblaze_0/libsrc/uartlite_v3_6/src"

TRACE::2026-01-02.22:28:13::SCWMssOS::make -C microblaze_0/libsrc/uartlite_v3_6/src -s include  "SHELL=CMD" "COMPILER=mb-gcc" "ASSEMBLER=mb-as" "ARCHIVER=mb-ar" "COM
TRACE::2026-01-02.22:28:13::SCWMssOS::PILER_FLAGS=  -O2 -c -mcpu=v11.0 -mlittle-endian -mxl-soft-mul" "EXTRA_COMPILER_FLAGS=-g -ffunction-sections -fdata-sections -W
TRACE::2026-01-02.22:28:13::SCWMssOS::all -Wextra -fno-tree-loop-distribute-patterns"

TRACE::2026-01-02.22:28:13::SCWMssOS::"Running Make libs in microblaze_0/libsrc/bram_v4_7/src"

TRACE::2026-01-02.22:28:13::SCWMssOS::"Running Make libs in microblaze_0/libsrc/cpu_v2_14/src"

TRACE::2026-01-02.22:28:13::SCWMssOS::make -C microblaze_0/libsrc/bram_v4_7/src -s libs  "SHELL=CMD" "COMPILER=mb-gcc" "ASSEMBLER=mb-as" "ARCHIVER=mb-ar" "COMPILER_F
TRACE::2026-01-02.22:28:13::SCWMssOS::LAGS=  -O2 -c -mcpu=v11.0 -mlittle-endian -mxl-soft-mul" "EXTRA_COMPILER_FLAGS=-g -ffunction-sections -fdata-sections -Wall -We
TRACE::2026-01-02.22:28:13::SCWMssOS::xtra -fno-tree-loop-distribute-patterns"

TRACE::2026-01-02.22:28:13::SCWMssOS::make -C microblaze_0/libsrc/cpu_v2_14/src -s libs  "SHELL=CMD" "COMPILER=mb-gcc" "ASSEMBLER=mb-as" "ARCHIVER=mb-ar" "COMPILER_F
TRACE::2026-01-02.22:28:13::SCWMssOS::LAGS=  -O2 -c -mcpu=v11.0 -mlittle-endian -mxl-soft-mul" "EXTRA_COMPILER_FLAGS=-g -ffunction-sections -fdata-sections -Wall -We
TRACE::2026-01-02.22:28:13::SCWMssOS::xtra -fno-tree-loop-distribute-patterns"

TRACE::2026-01-02.22:28:13::SCWMssOS::"Running Make libs in microblaze_0/libsrc/intc_v3_13/src"

TRACE::2026-01-02.22:28:13::SCWMssOS::make -C microblaze_0/libsrc/intc_v3_13/src -s libs  "SHELL=CMD" "COMPILER=mb-gcc" "ASSEMBLER=mb-as" "ARCHIVER=mb-ar" "COMPILER_
TRACE::2026-01-02.22:28:13::SCWMssOS::FLAGS=  -O2 -c -mcpu=v11.0 -mlittle-endian -mxl-soft-mul" "EXTRA_COMPILER_FLAGS=-g -ffunction-sections -fdata-sections -Wall -W
TRACE::2026-01-02.22:28:13::SCWMssOS::extra -fno-tree-loop-distribute-patterns"

TRACE::2026-01-02.22:28:13::SCWMssOS::"Running Make libs in microblaze_0/libsrc/standalone_v7_6/src"

TRACE::2026-01-02.22:28:13::SCWMssOS::make -C microblaze_0/libsrc/standalone_v7_6/src -s libs  "SHELL=CMD" "COMPILER=mb-gcc" "ASSEMBLER=mb-as" "ARCHIVER=mb-ar" "COMP
TRACE::2026-01-02.22:28:13::SCWMssOS::ILER_FLAGS=  -O2 -c -mcpu=v11.0 -mlittle-endian -mxl-soft-mul" "EXTRA_COMPILER_FLAGS=-g -ffunction-sections -fdata-sections -Wa
TRACE::2026-01-02.22:28:13::SCWMssOS::ll -Wextra -fno-tree-loop-distribute-patterns"

TRACE::2026-01-02.22:28:13::SCWMssOS::"Running Make libs in microblaze_0/libsrc/uartlite_v3_6/src"

TRACE::2026-01-02.22:28:13::SCWMssOS::make -C microblaze_0/libsrc/uartlite_v3_6/src -s libs  "SHELL=CMD" "COMPILER=mb-gcc" "ASSEMBLER=mb-as" "ARCHIVER=mb-ar" "COMPIL
TRACE::2026-01-02.22:28:13::SCWMssOS::ER_FLAGS=  -O2 -c -mcpu=v11.0 -mlittle-endian -mxl-soft-mul" "EXTRA_COMPILER_FLAGS=-g -ffunction-sections -fdata-sections -Wall
TRACE::2026-01-02.22:28:13::SCWMssOS:: -Wextra -fno-tree-loop-distribute-patterns"

TRACE::2026-01-02.22:28:13::SCWMssOS::"DEBUG NON_LTO_OBJECTS is ../../../lib/microblaze_interrupt_handler.o"

TRACE::2026-01-02.22:28:14::SCWMssOS::'Finished building libraries parallelly.'

TRACE::2026-01-02.22:28:14::SCWMssOS::make --no-print-directory archive

TRACE::2026-01-02.22:28:14::SCWMssOS::mb-ar -r  microblaze_0/lib/libxil.a microblaze_0/lib/xplatform_info.o microblaze_0/lib/xuartlite.o microblaze_0/lib/microblaze_
TRACE::2026-01-02.22:28:14::SCWMssOS::disable_exceptions.o microblaze_0/lib/print.o microblaze_0/lib/_exit.o microblaze_0/lib/xil_testio.o microblaze_0/lib/microblaz
TRACE::2026-01-02.22:28:14::SCWMssOS::e_disable_dcache.o microblaze_0/lib/microblaze_flush_dcache_range.o microblaze_0/lib/microblaze_flush_cache_ext.o microblaze_0/
TRACE::2026-01-02.22:28:14::SCWMssOS::lib/xbram_sinit.o microblaze_0/lib/xil_misc_psreset_api.o microblaze_0/lib/xil_cache.o microblaze_0/lib/xil_util.o microblaze_0
TRACE::2026-01-02.22:28:14::SCWMssOS::/lib/inbyte.o microblaze_0/lib/xbram_g.o microblaze_0/lib/xuartlite_stats.o microblaze_0/lib/microblaze_exception_handler.o mic
TRACE::2026-01-02.22:28:14::SCWMssOS::roblaze_0/lib/microblaze_scrub.o microblaze_0/lib/microblaze_invalidate_dcache.o microblaze_0/lib/microblaze_disable_interrupts
TRACE::2026-01-02.22:28:14::SCWMssOS::.o microblaze_0/lib/xbram_selftest.o microblaze_0/lib/microblaze_interrupt_handler.o microblaze_0/lib/microblaze_disable_icache
TRACE::2026-01-02.22:28:14::SCWMssOS::.o microblaze_0/lib/xil_mem.o microblaze_0/lib/xuartlite_intr.o microblaze_0/lib/microblaze_flush_cache_ext_range.o microblaze_
TRACE::2026-01-02.22:28:14::SCWMssOS::0/lib/xbram_intr.o microblaze_0/lib/xil_sleepcommon.o microblaze_0/lib/xil_printf.o microblaze_0/lib/xintc_g.o microblaze_0/lib
TRACE::2026-01-02.22:28:14::SCWMssOS::/xuartlite_g.o microblaze_0/lib/xintc_selftest.o microblaze_0/lib/xintc_l.o microblaze_0/lib/outbyte.o microblaze_0/lib/microbl
TRACE::2026-01-02.22:28:14::SCWMssOS::aze_invalidate_dcache_range.o microblaze_0/lib/microblaze_invalidate_cache_ext.o microblaze_0/lib/microblaze_sleep.o microblaze
TRACE::2026-01-02.22:28:14::SCWMssOS::_0/lib/hw_exception_handler.o microblaze_0/lib/xuartlite_selftest.o microblaze_0/lib/xintc_intr.o microblaze_0/lib/microblaze_u
TRACE::2026-01-02.22:28:14::SCWMssOS::pdate_dcache.o microblaze_0/lib/xil_testcache.o microblaze_0/lib/microblaze_selftest.o microblaze_0/lib/microblaze_interrupts_g
TRACE::2026-01-02.22:28:14::SCWMssOS::.o microblaze_0/lib/microblaze_enable_exceptions.o microblaze_0/lib/xio.o microblaze_0/lib/microblaze_enable_dcache.o microblaz
TRACE::2026-01-02.22:28:14::SCWMssOS::e_0/lib/xbram.o microblaze_0/lib/microblaze_invalidate_icache_range.o microblaze_0/lib/microblaze_init_dcache_range.o microblaz
TRACE::2026-01-02.22:28:14::SCWMssOS::e_0/lib/microblaze_invalidate_icache.o microblaze_0/lib/errno.o microblaze_0/lib/xuartlite_l.o microblaze_0/lib/xintc_options.o
TRACE::2026-01-02.22:28:14::SCWMssOS:: microblaze_0/lib/microblaze_invalidate_cache_ext_range.o microblaze_0/lib/xil_exception.o microblaze_0/lib/pvr.o microblaze_0/
TRACE::2026-01-02.22:28:14::SCWMssOS::lib/xil_testmem.o microblaze_0/lib/microblaze_update_icache.o microblaze_0/lib/microblaze_flush_dcache.o microblaze_0/lib/xil_c
TRACE::2026-01-02.22:28:14::SCWMssOS::locking.o microblaze_0/lib/xil_assert.o microblaze_0/lib/microblaze_enable_interrupts.o microblaze_0/lib/microblaze_enable_icac
TRACE::2026-01-02.22:28:14::SCWMssOS::he.o microblaze_0/lib/xintc.o microblaze_0/lib/xuartlite_sinit.o microblaze_0/lib/fcntl.o microblaze_0/lib/microblaze_init_icac
TRACE::2026-01-02.22:28:14::SCWMssOS::he_range.o

TRACE::2026-01-02.22:28:14::SCWMssOS::'Finished building libraries'

TRACE::2026-01-02.22:28:14::SCWMssOS::Copying to export directory.
TRACE::2026-01-02.22:28:14::SCWMssOS:: Checking if to create the Supporting Applications
TRACE::2026-01-02.22:28:14::SCWMssOS:: No Linux domain exists, trying to generate FSBL 
LOG::2026-01-02.22:28:14::SCWSystem::Completed Processing the domain standalone_domain
LOG::2026-01-02.22:28:14::SCWSystem::Completed Processing the sysconfig MAXSONAR_Platform_J
LOG::2026-01-02.22:28:14::SCWPlatform::Completed generating the artifacts for system configuration MAXSONAR_Platform_J
TRACE::2026-01-02.22:28:14::SCWPlatform::Started preparing the platform 
TRACE::2026-01-02.22:28:14::SCWSystem::Writing the bif file for system config MAXSONAR_Platform_J
TRACE::2026-01-02.22:28:14::SCWSystem::dir created 
TRACE::2026-01-02.22:28:14::SCWSystem::Writing the bif 
TRACE::2026-01-02.22:28:14::SCWPlatform::Started writing the spfm file 
TRACE::2026-01-02.22:28:14::SCWPlatform::Started writing the xpfm file 
TRACE::2026-01-02.22:28:14::SCWPlatform::Completed generating the platform
TRACE::2026-01-02.22:28:14::SCWMssOS::Saving the mss changes F:/Advanced_Hardware_Engineering/Vivado_2021/Workspace/MAXSONAR/MAXSONAR_Platform_J/microblaze_0/standalone_domain/bsp/system.mss
TRACE::2026-01-02.22:28:14::SCWMssOS::Found a swdesign opened with the mssfile.
TRACE::2026-01-02.22:28:14::SCWMssOS::Completed writemss as part of save.
TRACE::2026-01-02.22:28:14::SCWMssOS::Commit changes completed.
TRACE::2026-01-02.22:28:14::SCWPlatform::Trying to open the hw design at F:/Advanced_Hardware_Engineering/Vivado_2021/Workspace/MAXSONAR/MAXSONAR_Platform_J/hw/TEST_J_2021MAXSONAR_wrapper.xsa
TRACE::2026-01-02.22:28:14::SCWPlatform::DSA given F:/Advanced_Hardware_Engineering/Vivado_2021/Workspace/MAXSONAR/MAXSONAR_Platform_J/hw/TEST_J_2021MAXSONAR_wrapper.xsa
TRACE::2026-01-02.22:28:14::SCWPlatform::DSA absoulate path F:/Advanced_Hardware_Engineering/Vivado_2021/Workspace/MAXSONAR/MAXSONAR_Platform_J/hw/TEST_J_2021MAXSONAR_wrapper.xsa
TRACE::2026-01-02.22:28:14::SCWPlatform::DSA directory F:/Advanced_Hardware_Engineering/Vivado_2021/Workspace/MAXSONAR/MAXSONAR_Platform_J/hw
TRACE::2026-01-02.22:28:14::SCWPlatform:: Platform Path F:/Advanced_Hardware_Engineering/Vivado_2021/Workspace/MAXSONAR/MAXSONAR_Platform_J/hw/TEST_J_2021MAXSONAR_wrapper.xsa
TRACE::2026-01-02.22:28:14::SCWPlatform:: Unique name xilinx:nexys-a7-100t::0.0
TRACE::2026-01-02.22:28:14::SCWPlatform::Trying to set the existing hwdb with name TEST_J_2021MAXSONAR_wrapper_1
TRACE::2026-01-02.22:28:14::SCWPlatform::Opened existing hwdb TEST_J_2021MAXSONAR_wrapper_1
TRACE::2026-01-02.22:28:14::SCWPlatform::Found the Hw Db part of the input DSA
TRACE::2026-01-02.22:28:14::SCWMssOS::Checking the sw design at  F:/Advanced_Hardware_Engineering/Vivado_2021/Workspace/MAXSONAR/MAXSONAR_Platform_J/microblaze_0/standalone_domain/bsp/system.mss
TRACE::2026-01-02.22:28:14::SCWMssOS::DEBUG:  swdes dump  F:/Advanced_Hardware_Engineering/Vivado_2021/Workspace/MAXSONAR/MAXSONAR_Platform_J/microblaze_0/standalone_domain/bsp/system.mss|system||

TRACE::2026-01-02.22:28:14::SCWMssOS::Sw design exists and opened at  F:/Advanced_Hardware_Engineering/Vivado_2021/Workspace/MAXSONAR/MAXSONAR_Platform_J/microblaze_0/standalone_domain/bsp/system.mss
TRACE::2026-01-02.22:28:14::SCWWriter::formatted JSON is {
	"platformName":	"MAXSONAR_Platform_J",
	"sprVersion":	"2.0",
	"mode":	"gui",
	"dsaType":	"Fixed",
	"platformDesc":	"MAXSONAR_Platform_J",
	"platHandOff":	"F:/Advanced_Hardware_Engineering/Vivado_2021/TEST_J_2021MAXSONAR/TEST_J_2021MAXSONAR/TEST_J_2021MAXSONAR_wrapper.xsa",
	"platIntHandOff":	"<platformDir>/hw/TEST_J_2021MAXSONAR_wrapper.xsa",
	"deviceType":	"FPGA",
	"platIsPrebuiltAutogen":	"false",
	"platIsNoBootBsp":	"false",
	"hasFsblMakeHasChanges":	"false",
	"hasPmufwMakeHasChanges":	"false",
	"platPreBuiltFlag":	false,
	"platformSamplesDir":	"",
	"platActiveSys":	"MAXSONAR_Platform_J",
	"systems":	[{
			"systemName":	"MAXSONAR_Platform_J",
			"systemDesc":	"MAXSONAR_Platform_J",
			"sysIsBootAutoGen":	"true",
			"systemDispName":	"MAXSONAR_Platform_J",
			"sysActiveDom":	"standalone_domain",
			"sysDefaultDom":	"standalone_domain",
			"domains":	[{
					"domainName":	"standalone_domain",
					"domainDispName":	"standalone on microblaze_0",
					"domainDesc":	"standalone_domain",
					"processors":	"microblaze_0",
					"os":	"standalone",
					"sdxOs":	"standalone",
					"debugEnable":	"False",
					"domRuntimes":	["cpp"],
					"swRepo":	"",
					"mssOsVer":	"7.6",
					"mssFile":	"",
					"md5Digest":	"c575672989ae816e9fbc643432b1f7bb",
					"compatibleApp":	"",
					"domType":	"mssDomain",
					"arch":	"32-bit",
					"appSettings":	{
						"appCompilerFlags":	"",
						"appLinkerFlags":	""
					},
					"addedLibs":	[],
					"libOptions":	{
						"libsContainingOptions":	[]
					},
					"prebuiltLibs":	{
						"prebuiltIncPath":	[],
						"prebuiltLibPath":	[]
					},
					"isolation":	{
					}
				}]
		}]
}
KEYINFO::2026-01-02.22:28:14::SCWPlatform::updated the xpfm file.
TRACE::2026-01-02.22:28:14::SCWPlatform::Trying to open the hw design at F:/Advanced_Hardware_Engineering/Vivado_2021/Workspace/MAXSONAR/MAXSONAR_Platform_J/hw/TEST_J_2021MAXSONAR_wrapper.xsa
TRACE::2026-01-02.22:28:14::SCWPlatform::DSA given F:/Advanced_Hardware_Engineering/Vivado_2021/Workspace/MAXSONAR/MAXSONAR_Platform_J/hw/TEST_J_2021MAXSONAR_wrapper.xsa
TRACE::2026-01-02.22:28:14::SCWPlatform::DSA absoulate path F:/Advanced_Hardware_Engineering/Vivado_2021/Workspace/MAXSONAR/MAXSONAR_Platform_J/hw/TEST_J_2021MAXSONAR_wrapper.xsa
TRACE::2026-01-02.22:28:14::SCWPlatform::DSA directory F:/Advanced_Hardware_Engineering/Vivado_2021/Workspace/MAXSONAR/MAXSONAR_Platform_J/hw
TRACE::2026-01-02.22:28:14::SCWPlatform:: Platform Path F:/Advanced_Hardware_Engineering/Vivado_2021/Workspace/MAXSONAR/MAXSONAR_Platform_J/hw/TEST_J_2021MAXSONAR_wrapper.xsa
TRACE::2026-01-02.22:28:14::SCWPlatform:: Unique name xilinx:nexys-a7-100t::0.0
TRACE::2026-01-02.22:28:14::SCWPlatform::Trying to set the existing hwdb with name TEST_J_2021MAXSONAR_wrapper_1
TRACE::2026-01-02.22:28:14::SCWPlatform::Opened existing hwdb TEST_J_2021MAXSONAR_wrapper_1
TRACE::2026-01-02.22:28:14::SCWPlatform::Found the Hw Db part of the input DSA
TRACE::2026-01-02.22:28:14::SCWMssOS::Checking the sw design at  F:/Advanced_Hardware_Engineering/Vivado_2021/Workspace/MAXSONAR/MAXSONAR_Platform_J/microblaze_0/standalone_domain/bsp/system.mss
TRACE::2026-01-02.22:28:14::SCWMssOS::DEBUG:  swdes dump  F:/Advanced_Hardware_Engineering/Vivado_2021/Workspace/MAXSONAR/MAXSONAR_Platform_J/microblaze_0/standalone_domain/bsp/system.mss|system||

TRACE::2026-01-02.22:28:14::SCWMssOS::Sw design exists and opened at  F:/Advanced_Hardware_Engineering/Vivado_2021/Workspace/MAXSONAR/MAXSONAR_Platform_J/microblaze_0/standalone_domain/bsp/system.mss
TRACE::2026-01-02.22:29:47::SCWMssOS::cleaning the bsp 
TRACE::2026-01-02.22:29:47::SCWMssOS::System Command Ran  F: & cd  F:/Advanced_Hardware_Engineering/Vivado_2021/Workspace/MAXSONAR/MAXSONAR_Platform_J/microblaze_0/standalone_domain/bsp & make clean 
TRACE::2026-01-02.22:29:47::SCWMssOS::make -C microblaze_0/libsrc/bram_v4_7/src -s clean 

TRACE::2026-01-02.22:29:47::SCWMssOS::make -C microblaze_0/libsrc/cpu_v2_14/src -s clean 

TRACE::2026-01-02.22:29:47::SCWMssOS::make -C microblaze_0/libsrc/intc_v3_13/src -s clean 

TRACE::2026-01-02.22:29:47::SCWMssOS::make -C microblaze_0/libsrc/PmodMAXSONAR_v1_0/src -s clean 

TRACE::2026-01-02.22:29:47::SCWMssOS::make -C microblaze_0/libsrc/standalone_v7_6/src -s clean 

TRACE::2026-01-02.22:29:47::SCWMssOS::make -C microblaze_0/libsrc/uartlite_v3_6/src -s clean 

TRACE::2026-01-02.22:29:47::SCWMssOS::rm -f microblaze_0/lib/libxil.a

LOG::2026-01-02.22:29:50::SCWPlatform::Started generating the artifacts platform MAXSONAR_Platform_J
TRACE::2026-01-02.22:29:50::SCWPlatform::Sanity checking of platform is completed
LOG::2026-01-02.22:29:50::SCWPlatform::Started generating the artifacts for system configuration MAXSONAR_Platform_J
LOG::2026-01-02.22:29:50::SCWSystem::Checking the domain standalone_domain
LOG::2026-01-02.22:29:50::SCWSystem::Not a boot domain 
LOG::2026-01-02.22:29:50::SCWSystem::Started Processing the domain standalone_domain
TRACE::2026-01-02.22:29:50::SCWDomain::Generating domain artifcats
TRACE::2026-01-02.22:29:50::SCWMssOS::Generating standalone artifcats
TRACE::2026-01-02.22:29:50::SCWMssOS:: Copying the user libraries. 
TRACE::2026-01-02.22:29:50::SCWPlatform::Trying to open the hw design at F:/Advanced_Hardware_Engineering/Vivado_2021/Workspace/MAXSONAR/MAXSONAR_Platform_J/hw/TEST_J_2021MAXSONAR_wrapper.xsa
TRACE::2026-01-02.22:29:50::SCWPlatform::DSA given F:/Advanced_Hardware_Engineering/Vivado_2021/Workspace/MAXSONAR/MAXSONAR_Platform_J/hw/TEST_J_2021MAXSONAR_wrapper.xsa
TRACE::2026-01-02.22:29:50::SCWPlatform::DSA absoulate path F:/Advanced_Hardware_Engineering/Vivado_2021/Workspace/MAXSONAR/MAXSONAR_Platform_J/hw/TEST_J_2021MAXSONAR_wrapper.xsa
TRACE::2026-01-02.22:29:50::SCWPlatform::DSA directory F:/Advanced_Hardware_Engineering/Vivado_2021/Workspace/MAXSONAR/MAXSONAR_Platform_J/hw
TRACE::2026-01-02.22:29:50::SCWPlatform:: Platform Path F:/Advanced_Hardware_Engineering/Vivado_2021/Workspace/MAXSONAR/MAXSONAR_Platform_J/hw/TEST_J_2021MAXSONAR_wrapper.xsa
TRACE::2026-01-02.22:29:50::SCWPlatform:: Unique name xilinx:nexys-a7-100t::0.0
TRACE::2026-01-02.22:29:50::SCWPlatform::Trying to set the existing hwdb with name TEST_J_2021MAXSONAR_wrapper_1
TRACE::2026-01-02.22:29:50::SCWPlatform::Opened existing hwdb TEST_J_2021MAXSONAR_wrapper_1
TRACE::2026-01-02.22:29:50::SCWPlatform::Found the Hw Db part of the input DSA
TRACE::2026-01-02.22:29:50::SCWMssOS::Checking the sw design at  F:/Advanced_Hardware_Engineering/Vivado_2021/Workspace/MAXSONAR/MAXSONAR_Platform_J/microblaze_0/standalone_domain/bsp/system.mss
TRACE::2026-01-02.22:29:50::SCWMssOS::DEBUG:  swdes dump  F:/Advanced_Hardware_Engineering/Vivado_2021/Workspace/MAXSONAR/MAXSONAR_Platform_J/microblaze_0/standalone_domain/bsp/system.mss|system||

TRACE::2026-01-02.22:29:50::SCWMssOS::Sw design exists and opened at  F:/Advanced_Hardware_Engineering/Vivado_2021/Workspace/MAXSONAR/MAXSONAR_Platform_J/microblaze_0/standalone_domain/bsp/system.mss
TRACE::2026-01-02.22:29:50::SCWMssOS::Completed writing the mss file at F:/Advanced_Hardware_Engineering/Vivado_2021/Workspace/MAXSONAR/MAXSONAR_Platform_J/microblaze_0/standalone_domain/bsp
TRACE::2026-01-02.22:29:50::SCWMssOS::Mss edits present, copying mssfile into export location F:/Advanced_Hardware_Engineering/Vivado_2021/Workspace/MAXSONAR/MAXSONAR_Platform_J/microblaze_0/standalone_domain/bsp/system.mss
TRACE::2026-01-02.22:29:50::SCWMssOS::bsp generated is upto date with the mss file. Skipping bsp generation.
TRACE::2026-01-02.22:29:50::SCWMssOS::BSP is already built. skipping the bsp build ... 
TRACE::2026-01-02.22:29:50::SCWDomain::Building the domain as part of full build :  standalone_domain
TRACE::2026-01-02.22:29:50::SCWMssOS::doing bsp build ... 
TRACE::2026-01-02.22:29:50::SCWMssOS::System Command Ran  F: & cd  F:/Advanced_Hardware_Engineering/Vivado_2021/Workspace/MAXSONAR/MAXSONAR_Platform_J/microblaze_0/standalone_domain/bsp & make 
TRACE::2026-01-02.22:29:50::SCWMssOS::make --no-print-directory seq_libs

TRACE::2026-01-02.22:29:50::SCWMssOS::"Running Make include in microblaze_0/libsrc/bram_v4_7/src"

TRACE::2026-01-02.22:29:50::SCWMssOS::make -C microblaze_0/libsrc/bram_v4_7/src -s include  "SHELL=CMD" "COMPILER=mb-gcc" "ASSEMBLER=mb-as" "ARCHIVER=mb-ar" "COMPILE
TRACE::2026-01-02.22:29:50::SCWMssOS::R_FLAGS=  -O2 -c -mcpu=v11.0 -mlittle-endian -mxl-soft-mul" "EXTRA_COMPILER_FLAGS=-g -ffunction-sections -fdata-sections -Wall 
TRACE::2026-01-02.22:29:50::SCWMssOS::-Wextra -fno-tree-loop-distribute-patterns"

TRACE::2026-01-02.22:29:50::SCWMssOS::"Running Make include in microblaze_0/libsrc/cpu_v2_14/src"

TRACE::2026-01-02.22:29:50::SCWMssOS::make -C microblaze_0/libsrc/cpu_v2_14/src -s include  "SHELL=CMD" "COMPILER=mb-gcc" "ASSEMBLER=mb-as" "ARCHIVER=mb-ar" "COMPILE
TRACE::2026-01-02.22:29:50::SCWMssOS::R_FLAGS=  -O2 -c -mcpu=v11.0 -mlittle-endian -mxl-soft-mul" "EXTRA_COMPILER_FLAGS=-g -ffunction-sections -fdata-sections -Wall 
TRACE::2026-01-02.22:29:50::SCWMssOS::-Wextra -fno-tree-loop-distribute-patterns"

TRACE::2026-01-02.22:29:50::SCWMssOS::"Running Make include in microblaze_0/libsrc/intc_v3_13/src"

TRACE::2026-01-02.22:29:50::SCWMssOS::make -C microblaze_0/libsrc/intc_v3_13/src -s include  "SHELL=CMD" "COMPILER=mb-gcc" "ASSEMBLER=mb-as" "ARCHIVER=mb-ar" "COMPIL
TRACE::2026-01-02.22:29:50::SCWMssOS::ER_FLAGS=  -O2 -c -mcpu=v11.0 -mlittle-endian -mxl-soft-mul" "EXTRA_COMPILER_FLAGS=-g -ffunction-sections -fdata-sections -Wall
TRACE::2026-01-02.22:29:50::SCWMssOS:: -Wextra -fno-tree-loop-distribute-patterns"

TRACE::2026-01-02.22:29:50::SCWMssOS::"Running Make include in microblaze_0/libsrc/PmodMAXSONAR_v1_0/src"

TRACE::2026-01-02.22:29:50::SCWMssOS::make -C microblaze_0/libsrc/PmodMAXSONAR_v1_0/src -s include  "SHELL=CMD" "COMPILER=mb-gcc" "ASSEMBLER=mb-as" "ARCHIVER=mb-ar" 
TRACE::2026-01-02.22:29:50::SCWMssOS::"COMPILER_FLAGS=  -O2 -c -mcpu=v11.0 -mlittle-endian -mxl-soft-mul" "EXTRA_COMPILER_FLAGS=-g -ffunction-sections -fdata-section
TRACE::2026-01-02.22:29:50::SCWMssOS::s -Wall -Wextra -fno-tree-loop-distribute-patterns"

TRACE::2026-01-02.22:29:50::SCWMssOS::"Running Make include in microblaze_0/libsrc/standalone_v7_6/src"

TRACE::2026-01-02.22:29:50::SCWMssOS::make -C microblaze_0/libsrc/standalone_v7_6/src -s include  "SHELL=CMD" "COMPILER=mb-gcc" "ASSEMBLER=mb-as" "ARCHIVER=mb-ar" "C
TRACE::2026-01-02.22:29:50::SCWMssOS::OMPILER_FLAGS=  -O2 -c -mcpu=v11.0 -mlittle-endian -mxl-soft-mul" "EXTRA_COMPILER_FLAGS=-g -ffunction-sections -fdata-sections 
TRACE::2026-01-02.22:29:50::SCWMssOS::-Wall -Wextra -fno-tree-loop-distribute-patterns"

TRACE::2026-01-02.22:29:50::SCWMssOS::"Running Make include in microblaze_0/libsrc/uartlite_v3_6/src"

TRACE::2026-01-02.22:29:50::SCWMssOS::make -C microblaze_0/libsrc/uartlite_v3_6/src -s include  "SHELL=CMD" "COMPILER=mb-gcc" "ASSEMBLER=mb-as" "ARCHIVER=mb-ar" "COM
TRACE::2026-01-02.22:29:50::SCWMssOS::PILER_FLAGS=  -O2 -c -mcpu=v11.0 -mlittle-endian -mxl-soft-mul" "EXTRA_COMPILER_FLAGS=-g -ffunction-sections -fdata-sections -W
TRACE::2026-01-02.22:29:50::SCWMssOS::all -Wextra -fno-tree-loop-distribute-patterns"

TRACE::2026-01-02.22:29:50::SCWMssOS::"Running Make libs in microblaze_0/libsrc/PmodMAXSONAR_v1_0/src"

TRACE::2026-01-02.22:29:50::SCWMssOS::make -C microblaze_0/libsrc/PmodMAXSONAR_v1_0/src -s libs  "SHELL=CMD" "COMPILER=mb-gcc" "ASSEMBLER=mb-as" "ARCHIVER=mb-ar" "CO
TRACE::2026-01-02.22:29:50::SCWMssOS::MPILER_FLAGS=  -O2 -c -mcpu=v11.0 -mlittle-endian -mxl-soft-mul" "EXTRA_COMPILER_FLAGS=-g -ffunction-sections -fdata-sections -
TRACE::2026-01-02.22:29:50::SCWMssOS::Wall -Wextra -fno-tree-loop-distribute-patterns"

TRACE::2026-01-02.22:29:50::SCWMssOS::"Compiling PmodMAXSONAR"

TRACE::2026-01-02.22:29:50::SCWMssOS::'Finished building libraries sequentially.'

TRACE::2026-01-02.22:29:50::SCWMssOS::make -j 14 --no-print-directory par_libs

TRACE::2026-01-02.22:29:50::SCWMssOS::"Running Make include in microblaze_0/libsrc/bram_v4_7/src"

TRACE::2026-01-02.22:29:50::SCWMssOS::"Running Make include in microblaze_0/libsrc/cpu_v2_14/src"

TRACE::2026-01-02.22:29:50::SCWMssOS::make -C microblaze_0/libsrc/bram_v4_7/src -s include  "SHELL=CMD" "COMPILER=mb-gcc" "ASSEMBLER=mb-as" "ARCHIVER=mb-ar" "COMPILE
TRACE::2026-01-02.22:29:50::SCWMssOS::R_FLAGS=  -O2 -c -mcpu=v11.0 -mlittle-endian -mxl-soft-mul" "EXTRA_COMPILER_FLAGS=-g -ffunction-sections -fdata-sections -Wall 
TRACE::2026-01-02.22:29:50::SCWMssOS::-Wextra -fno-tree-loop-distribute-patterns"

TRACE::2026-01-02.22:29:50::SCWMssOS::"Running Make include in microblaze_0/libsrc/intc_v3_13/src"

TRACE::2026-01-02.22:29:50::SCWMssOS::make -C microblaze_0/libsrc/cpu_v2_14/src -s include  "SHELL=CMD" "COMPILER=mb-gcc" "ASSEMBLER=mb-as" "ARCHIVER=mb-ar" "COMPILE
TRACE::2026-01-02.22:29:50::SCWMssOS::R_FLAGS=  -O2 -c -mcpu=v11.0 -mlittle-endian -mxl-soft-mul" "EXTRA_COMPILER_FLAGS=-g -ffunction-sections -fdata-sections -Wall 
TRACE::2026-01-02.22:29:50::SCWMssOS::-Wextra -fno-tree-loop-distribute-patterns"

TRACE::2026-01-02.22:29:50::SCWMssOS::make -C microblaze_0/libsrc/intc_v3_13/src -s include  "SHELL=CMD" "COMPILER=mb-gcc" "ASSEMBLER=mb-as" "ARCHIVER=mb-ar" "COMPIL
TRACE::2026-01-02.22:29:50::SCWMssOS::ER_FLAGS=  -O2 -c -mcpu=v11.0 -mlittle-endian -mxl-soft-mul" "EXTRA_COMPILER_FLAGS=-g -ffunction-sections -fdata-sections -Wall
TRACE::2026-01-02.22:29:50::SCWMssOS:: -Wextra -fno-tree-loop-distribute-patterns"

TRACE::2026-01-02.22:29:50::SCWMssOS::"Running Make include in microblaze_0/libsrc/PmodMAXSONAR_v1_0/src"

TRACE::2026-01-02.22:29:50::SCWMssOS::make -C microblaze_0/libsrc/PmodMAXSONAR_v1_0/src -s include  "SHELL=CMD" "COMPILER=mb-gcc" "ASSEMBLER=mb-as" "ARCHIVER=mb-ar" 
TRACE::2026-01-02.22:29:50::SCWMssOS::"COMPILER_FLAGS=  -O2 -c -mcpu=v11.0 -mlittle-endian -mxl-soft-mul" "EXTRA_COMPILER_FLAGS=-g -ffunction-sections -fdata-section
TRACE::2026-01-02.22:29:50::SCWMssOS::s -Wall -Wextra -fno-tree-loop-distribute-patterns"

TRACE::2026-01-02.22:29:50::SCWMssOS::"Running Make include in microblaze_0/libsrc/standalone_v7_6/src"

TRACE::2026-01-02.22:29:50::SCWMssOS::make -C microblaze_0/libsrc/standalone_v7_6/src -s include  "SHELL=CMD" "COMPILER=mb-gcc" "ASSEMBLER=mb-as" "ARCHIVER=mb-ar" "C
TRACE::2026-01-02.22:29:50::SCWMssOS::OMPILER_FLAGS=  -O2 -c -mcpu=v11.0 -mlittle-endian -mxl-soft-mul" "EXTRA_COMPILER_FLAGS=-g -ffunction-sections -fdata-sections 
TRACE::2026-01-02.22:29:50::SCWMssOS::-Wall -Wextra -fno-tree-loop-distribute-patterns"

TRACE::2026-01-02.22:29:50::SCWMssOS::"Running Make include in microblaze_0/libsrc/uartlite_v3_6/src"

TRACE::2026-01-02.22:29:50::SCWMssOS::make -C microblaze_0/libsrc/uartlite_v3_6/src -s include  "SHELL=CMD" "COMPILER=mb-gcc" "ASSEMBLER=mb-as" "ARCHIVER=mb-ar" "COM
TRACE::2026-01-02.22:29:50::SCWMssOS::PILER_FLAGS=  -O2 -c -mcpu=v11.0 -mlittle-endian -mxl-soft-mul" "EXTRA_COMPILER_FLAGS=-g -ffunction-sections -fdata-sections -W
TRACE::2026-01-02.22:29:50::SCWMssOS::all -Wextra -fno-tree-loop-distribute-patterns"

TRACE::2026-01-02.22:29:50::SCWMssOS::"Running Make libs in microblaze_0/libsrc/bram_v4_7/src"

TRACE::2026-01-02.22:29:50::SCWMssOS::"Running Make libs in microblaze_0/libsrc/cpu_v2_14/src"

TRACE::2026-01-02.22:29:50::SCWMssOS::make -C microblaze_0/libsrc/bram_v4_7/src -s libs  "SHELL=CMD" "COMPILER=mb-gcc" "ASSEMBLER=mb-as" "ARCHIVER=mb-ar" "COMPILER_F
TRACE::2026-01-02.22:29:50::SCWMssOS::LAGS=  -O2 -c -mcpu=v11.0 -mlittle-endian -mxl-soft-mul" "EXTRA_COMPILER_FLAGS=-g -ffunction-sections -fdata-sections -Wall -We
TRACE::2026-01-02.22:29:50::SCWMssOS::xtra -fno-tree-loop-distribute-patterns"

TRACE::2026-01-02.22:29:50::SCWMssOS::make -C microblaze_0/libsrc/cpu_v2_14/src -s libs  "SHELL=CMD" "COMPILER=mb-gcc" "ASSEMBLER=mb-as" "ARCHIVER=mb-ar" "COMPILER_F
TRACE::2026-01-02.22:29:50::SCWMssOS::LAGS=  -O2 -c -mcpu=v11.0 -mlittle-endian -mxl-soft-mul" "EXTRA_COMPILER_FLAGS=-g -ffunction-sections -fdata-sections -Wall -We
TRACE::2026-01-02.22:29:50::SCWMssOS::xtra -fno-tree-loop-distribute-patterns"

TRACE::2026-01-02.22:29:50::SCWMssOS::"Running Make libs in microblaze_0/libsrc/intc_v3_13/src"

TRACE::2026-01-02.22:29:50::SCWMssOS::make -C microblaze_0/libsrc/intc_v3_13/src -s libs  "SHELL=CMD" "COMPILER=mb-gcc" "ASSEMBLER=mb-as" "ARCHIVER=mb-ar" "COMPILER_
TRACE::2026-01-02.22:29:50::SCWMssOS::FLAGS=  -O2 -c -mcpu=v11.0 -mlittle-endian -mxl-soft-mul" "EXTRA_COMPILER_FLAGS=-g -ffunction-sections -fdata-sections -Wall -W
TRACE::2026-01-02.22:29:50::SCWMssOS::extra -fno-tree-loop-distribute-patterns"

TRACE::2026-01-02.22:29:50::SCWMssOS::"Running Make libs in microblaze_0/libsrc/standalone_v7_6/src"

TRACE::2026-01-02.22:29:50::SCWMssOS::make -C microblaze_0/libsrc/standalone_v7_6/src -s libs  "SHELL=CMD" "COMPILER=mb-gcc" "ASSEMBLER=mb-as" "ARCHIVER=mb-ar" "COMP
TRACE::2026-01-02.22:29:50::SCWMssOS::ILER_FLAGS=  -O2 -c -mcpu=v11.0 -mlittle-endian -mxl-soft-mul" "EXTRA_COMPILER_FLAGS=-g -ffunction-sections -fdata-sections -Wa
TRACE::2026-01-02.22:29:50::SCWMssOS::ll -Wextra -fno-tree-loop-distribute-patterns"

TRACE::2026-01-02.22:29:50::SCWMssOS::"Running Make libs in microblaze_0/libsrc/uartlite_v3_6/src"

TRACE::2026-01-02.22:29:50::SCWMssOS::make -C microblaze_0/libsrc/uartlite_v3_6/src -s libs  "SHELL=CMD" "COMPILER=mb-gcc" "ASSEMBLER=mb-as" "ARCHIVER=mb-ar" "COMPIL
TRACE::2026-01-02.22:29:50::SCWMssOS::ER_FLAGS=  -O2 -c -mcpu=v11.0 -mlittle-endian -mxl-soft-mul" "EXTRA_COMPILER_FLAGS=-g -ffunction-sections -fdata-sections -Wall
TRACE::2026-01-02.22:29:50::SCWMssOS:: -Wextra -fno-tree-loop-distribute-patterns"

TRACE::2026-01-02.22:29:51::SCWMssOS::"DEBUG NON_LTO_OBJECTS is ../../../lib/microblaze_interrupt_handler.o"

TRACE::2026-01-02.22:29:51::SCWMssOS::'Finished building libraries parallelly.'

TRACE::2026-01-02.22:29:51::SCWMssOS::make --no-print-directory archive

TRACE::2026-01-02.22:29:51::SCWMssOS::mb-ar -r  microblaze_0/lib/libxil.a microblaze_0/lib/xplatform_info.o microblaze_0/lib/xuartlite.o microblaze_0/lib/microblaze_
TRACE::2026-01-02.22:29:51::SCWMssOS::disable_exceptions.o microblaze_0/lib/print.o microblaze_0/lib/_exit.o microblaze_0/lib/xil_testio.o microblaze_0/lib/microblaz
TRACE::2026-01-02.22:29:51::SCWMssOS::e_disable_dcache.o microblaze_0/lib/microblaze_flush_dcache_range.o microblaze_0/lib/microblaze_flush_cache_ext.o microblaze_0/
TRACE::2026-01-02.22:29:51::SCWMssOS::lib/xbram_sinit.o microblaze_0/lib/xil_misc_psreset_api.o microblaze_0/lib/xil_cache.o microblaze_0/lib/xil_util.o microblaze_0
TRACE::2026-01-02.22:29:51::SCWMssOS::/lib/inbyte.o microblaze_0/lib/xbram_g.o microblaze_0/lib/xuartlite_stats.o microblaze_0/lib/microblaze_exception_handler.o mic
TRACE::2026-01-02.22:29:51::SCWMssOS::roblaze_0/lib/microblaze_scrub.o microblaze_0/lib/microblaze_invalidate_dcache.o microblaze_0/lib/microblaze_disable_interrupts
TRACE::2026-01-02.22:29:51::SCWMssOS::.o microblaze_0/lib/xbram_selftest.o microblaze_0/lib/microblaze_interrupt_handler.o microblaze_0/lib/microblaze_disable_icache
TRACE::2026-01-02.22:29:51::SCWMssOS::.o microblaze_0/lib/xil_mem.o microblaze_0/lib/xuartlite_intr.o microblaze_0/lib/microblaze_flush_cache_ext_range.o microblaze_
TRACE::2026-01-02.22:29:51::SCWMssOS::0/lib/xbram_intr.o microblaze_0/lib/xil_sleepcommon.o microblaze_0/lib/xil_printf.o microblaze_0/lib/xintc_g.o microblaze_0/lib
TRACE::2026-01-02.22:29:51::SCWMssOS::/xuartlite_g.o microblaze_0/lib/xintc_selftest.o microblaze_0/lib/xintc_l.o microblaze_0/lib/outbyte.o microblaze_0/lib/microbl
TRACE::2026-01-02.22:29:51::SCWMssOS::aze_invalidate_dcache_range.o microblaze_0/lib/microblaze_invalidate_cache_ext.o microblaze_0/lib/microblaze_sleep.o microblaze
TRACE::2026-01-02.22:29:51::SCWMssOS::_0/lib/hw_exception_handler.o microblaze_0/lib/xuartlite_selftest.o microblaze_0/lib/xintc_intr.o microblaze_0/lib/microblaze_u
TRACE::2026-01-02.22:29:51::SCWMssOS::pdate_dcache.o microblaze_0/lib/xil_testcache.o microblaze_0/lib/microblaze_selftest.o microblaze_0/lib/microblaze_interrupts_g
TRACE::2026-01-02.22:29:51::SCWMssOS::.o microblaze_0/lib/microblaze_enable_exceptions.o microblaze_0/lib/xio.o microblaze_0/lib/microblaze_enable_dcache.o microblaz
TRACE::2026-01-02.22:29:51::SCWMssOS::e_0/lib/xbram.o microblaze_0/lib/microblaze_invalidate_icache_range.o microblaze_0/lib/microblaze_init_dcache_range.o microblaz
TRACE::2026-01-02.22:29:51::SCWMssOS::e_0/lib/microblaze_invalidate_icache.o microblaze_0/lib/errno.o microblaze_0/lib/xuartlite_l.o microblaze_0/lib/xintc_options.o
TRACE::2026-01-02.22:29:51::SCWMssOS:: microblaze_0/lib/microblaze_invalidate_cache_ext_range.o microblaze_0/lib/xil_exception.o microblaze_0/lib/pvr.o microblaze_0/
TRACE::2026-01-02.22:29:51::SCWMssOS::lib/xil_testmem.o microblaze_0/lib/microblaze_update_icache.o microblaze_0/lib/microblaze_flush_dcache.o microblaze_0/lib/xil_c
TRACE::2026-01-02.22:29:51::SCWMssOS::locking.o microblaze_0/lib/xil_assert.o microblaze_0/lib/microblaze_enable_interrupts.o microblaze_0/lib/microblaze_enable_icac
TRACE::2026-01-02.22:29:51::SCWMssOS::he.o microblaze_0/lib/xintc.o microblaze_0/lib/xuartlite_sinit.o microblaze_0/lib/fcntl.o microblaze_0/lib/microblaze_init_icac
TRACE::2026-01-02.22:29:51::SCWMssOS::he_range.o

TRACE::2026-01-02.22:29:51::SCWMssOS::'Finished building libraries'

TRACE::2026-01-02.22:29:51::SCWMssOS::Copying to export directory.
TRACE::2026-01-02.22:29:51::SCWMssOS:: Checking if to create the Supporting Applications
TRACE::2026-01-02.22:29:51::SCWMssOS:: No Linux domain exists, trying to generate FSBL 
LOG::2026-01-02.22:29:51::SCWSystem::Completed Processing the domain standalone_domain
LOG::2026-01-02.22:29:51::SCWSystem::Completed Processing the sysconfig MAXSONAR_Platform_J
LOG::2026-01-02.22:29:51::SCWPlatform::Completed generating the artifacts for system configuration MAXSONAR_Platform_J
TRACE::2026-01-02.22:29:51::SCWPlatform::Started preparing the platform 
TRACE::2026-01-02.22:29:51::SCWSystem::Writing the bif file for system config MAXSONAR_Platform_J
TRACE::2026-01-02.22:29:51::SCWSystem::dir created 
TRACE::2026-01-02.22:29:51::SCWSystem::Writing the bif 
TRACE::2026-01-02.22:29:51::SCWPlatform::Started writing the spfm file 
TRACE::2026-01-02.22:29:51::SCWPlatform::Started writing the xpfm file 
TRACE::2026-01-02.22:29:51::SCWPlatform::Completed generating the platform
TRACE::2026-01-02.22:29:51::SCWMssOS::Saving the mss changes F:/Advanced_Hardware_Engineering/Vivado_2021/Workspace/MAXSONAR/MAXSONAR_Platform_J/microblaze_0/standalone_domain/bsp/system.mss
TRACE::2026-01-02.22:29:51::SCWMssOS::Found a swdesign opened with the mssfile.
TRACE::2026-01-02.22:29:51::SCWMssOS::Completed writemss as part of save.
TRACE::2026-01-02.22:29:51::SCWMssOS::Commit changes completed.
TRACE::2026-01-02.22:29:51::SCWPlatform::Trying to open the hw design at F:/Advanced_Hardware_Engineering/Vivado_2021/Workspace/MAXSONAR/MAXSONAR_Platform_J/hw/TEST_J_2021MAXSONAR_wrapper.xsa
TRACE::2026-01-02.22:29:51::SCWPlatform::DSA given F:/Advanced_Hardware_Engineering/Vivado_2021/Workspace/MAXSONAR/MAXSONAR_Platform_J/hw/TEST_J_2021MAXSONAR_wrapper.xsa
TRACE::2026-01-02.22:29:51::SCWPlatform::DSA absoulate path F:/Advanced_Hardware_Engineering/Vivado_2021/Workspace/MAXSONAR/MAXSONAR_Platform_J/hw/TEST_J_2021MAXSONAR_wrapper.xsa
TRACE::2026-01-02.22:29:51::SCWPlatform::DSA directory F:/Advanced_Hardware_Engineering/Vivado_2021/Workspace/MAXSONAR/MAXSONAR_Platform_J/hw
TRACE::2026-01-02.22:29:51::SCWPlatform:: Platform Path F:/Advanced_Hardware_Engineering/Vivado_2021/Workspace/MAXSONAR/MAXSONAR_Platform_J/hw/TEST_J_2021MAXSONAR_wrapper.xsa
TRACE::2026-01-02.22:29:51::SCWPlatform:: Unique name xilinx:nexys-a7-100t::0.0
TRACE::2026-01-02.22:29:51::SCWPlatform::Trying to set the existing hwdb with name TEST_J_2021MAXSONAR_wrapper_1
TRACE::2026-01-02.22:29:51::SCWPlatform::Opened existing hwdb TEST_J_2021MAXSONAR_wrapper_1
TRACE::2026-01-02.22:29:51::SCWPlatform::Found the Hw Db part of the input DSA
TRACE::2026-01-02.22:29:51::SCWMssOS::Checking the sw design at  F:/Advanced_Hardware_Engineering/Vivado_2021/Workspace/MAXSONAR/MAXSONAR_Platform_J/microblaze_0/standalone_domain/bsp/system.mss
TRACE::2026-01-02.22:29:51::SCWMssOS::DEBUG:  swdes dump  F:/Advanced_Hardware_Engineering/Vivado_2021/Workspace/MAXSONAR/MAXSONAR_Platform_J/microblaze_0/standalone_domain/bsp/system.mss|system||

TRACE::2026-01-02.22:29:51::SCWMssOS::Sw design exists and opened at  F:/Advanced_Hardware_Engineering/Vivado_2021/Workspace/MAXSONAR/MAXSONAR_Platform_J/microblaze_0/standalone_domain/bsp/system.mss
TRACE::2026-01-02.22:29:51::SCWWriter::formatted JSON is {
	"platformName":	"MAXSONAR_Platform_J",
	"sprVersion":	"2.0",
	"mode":	"gui",
	"dsaType":	"Fixed",
	"platformDesc":	"MAXSONAR_Platform_J",
	"platHandOff":	"F:/Advanced_Hardware_Engineering/Vivado_2021/TEST_J_2021MAXSONAR/TEST_J_2021MAXSONAR/TEST_J_2021MAXSONAR_wrapper.xsa",
	"platIntHandOff":	"<platformDir>/hw/TEST_J_2021MAXSONAR_wrapper.xsa",
	"deviceType":	"FPGA",
	"platIsPrebuiltAutogen":	"false",
	"platIsNoBootBsp":	"false",
	"hasFsblMakeHasChanges":	"false",
	"hasPmufwMakeHasChanges":	"false",
	"platPreBuiltFlag":	false,
	"platformSamplesDir":	"",
	"platActiveSys":	"MAXSONAR_Platform_J",
	"systems":	[{
			"systemName":	"MAXSONAR_Platform_J",
			"systemDesc":	"MAXSONAR_Platform_J",
			"sysIsBootAutoGen":	"true",
			"systemDispName":	"MAXSONAR_Platform_J",
			"sysActiveDom":	"standalone_domain",
			"sysDefaultDom":	"standalone_domain",
			"domains":	[{
					"domainName":	"standalone_domain",
					"domainDispName":	"standalone on microblaze_0",
					"domainDesc":	"standalone_domain",
					"processors":	"microblaze_0",
					"os":	"standalone",
					"sdxOs":	"standalone",
					"debugEnable":	"False",
					"domRuntimes":	["cpp"],
					"swRepo":	"",
					"mssOsVer":	"7.6",
					"mssFile":	"",
					"md5Digest":	"c575672989ae816e9fbc643432b1f7bb",
					"compatibleApp":	"",
					"domType":	"mssDomain",
					"arch":	"32-bit",
					"appSettings":	{
						"appCompilerFlags":	"",
						"appLinkerFlags":	""
					},
					"addedLibs":	[],
					"libOptions":	{
						"libsContainingOptions":	[]
					},
					"prebuiltLibs":	{
						"prebuiltIncPath":	[],
						"prebuiltLibPath":	[]
					},
					"isolation":	{
					}
				}]
		}]
}
KEYINFO::2026-01-02.22:29:51::SCWPlatform::updated the xpfm file.
TRACE::2026-01-02.22:29:51::SCWPlatform::Trying to open the hw design at F:/Advanced_Hardware_Engineering/Vivado_2021/Workspace/MAXSONAR/MAXSONAR_Platform_J/hw/TEST_J_2021MAXSONAR_wrapper.xsa
TRACE::2026-01-02.22:29:51::SCWPlatform::DSA given F:/Advanced_Hardware_Engineering/Vivado_2021/Workspace/MAXSONAR/MAXSONAR_Platform_J/hw/TEST_J_2021MAXSONAR_wrapper.xsa
TRACE::2026-01-02.22:29:51::SCWPlatform::DSA absoulate path F:/Advanced_Hardware_Engineering/Vivado_2021/Workspace/MAXSONAR/MAXSONAR_Platform_J/hw/TEST_J_2021MAXSONAR_wrapper.xsa
TRACE::2026-01-02.22:29:51::SCWPlatform::DSA directory F:/Advanced_Hardware_Engineering/Vivado_2021/Workspace/MAXSONAR/MAXSONAR_Platform_J/hw
TRACE::2026-01-02.22:29:51::SCWPlatform:: Platform Path F:/Advanced_Hardware_Engineering/Vivado_2021/Workspace/MAXSONAR/MAXSONAR_Platform_J/hw/TEST_J_2021MAXSONAR_wrapper.xsa
TRACE::2026-01-02.22:29:51::SCWPlatform:: Unique name xilinx:nexys-a7-100t::0.0
TRACE::2026-01-02.22:29:51::SCWPlatform::Trying to set the existing hwdb with name TEST_J_2021MAXSONAR_wrapper_1
TRACE::2026-01-02.22:29:51::SCWPlatform::Opened existing hwdb TEST_J_2021MAXSONAR_wrapper_1
TRACE::2026-01-02.22:29:51::SCWPlatform::Found the Hw Db part of the input DSA
TRACE::2026-01-02.22:29:51::SCWMssOS::Checking the sw design at  F:/Advanced_Hardware_Engineering/Vivado_2021/Workspace/MAXSONAR/MAXSONAR_Platform_J/microblaze_0/standalone_domain/bsp/system.mss
TRACE::2026-01-02.22:29:51::SCWMssOS::DEBUG:  swdes dump  F:/Advanced_Hardware_Engineering/Vivado_2021/Workspace/MAXSONAR/MAXSONAR_Platform_J/microblaze_0/standalone_domain/bsp/system.mss|system||

TRACE::2026-01-02.22:29:51::SCWMssOS::Sw design exists and opened at  F:/Advanced_Hardware_Engineering/Vivado_2021/Workspace/MAXSONAR/MAXSONAR_Platform_J/microblaze_0/standalone_domain/bsp/system.mss
