TRACE::2026-01-07.23:02:19::SCWPlatform::Trying to open the hw design at C:/Users/User/Documents/GitHub/AHE_Group_G/workspace_TMP3_7.1.26_1/TMP3_Platform/hw/TMP3_pmod_wrapper.xsa
TRACE::2026-01-07.23:02:19::SCWPlatform::DSA given C:/Users/User/Documents/GitHub/AHE_Group_G/workspace_TMP3_7.1.26_1/TMP3_Platform/hw/TMP3_pmod_wrapper.xsa
TRACE::2026-01-07.23:02:19::SCWPlatform::DSA absoulate path C:/Users/User/Documents/GitHub/AHE_Group_G/workspace_TMP3_7.1.26_1/TMP3_Platform/hw/TMP3_pmod_wrapper.xsa
TRACE::2026-01-07.23:02:19::SCWPlatform::DSA directory C:/Users/User/Documents/GitHub/AHE_Group_G/workspace_TMP3_7.1.26_1/TMP3_Platform/hw
TRACE::2026-01-07.23:02:19::SCWPlatform:: Platform Path C:/Users/User/Documents/GitHub/AHE_Group_G/workspace_TMP3_7.1.26_1/TMP3_Platform/hw/TMP3_pmod_wrapper.xsa
TRACE::2026-01-07.23:02:19::SCWPlatform:: Unique name xilinx:::0.0
TRACE::2026-01-07.23:02:19::SCWPlatform::Do not have an existing db opened. 
TRACE::2026-01-07.23:02:19::SCWPlatform::Opened new HwDB with name TMP3_pmod_wrapper_0
TRACE::2026-01-07.23:02:19::SCWWriter::formatted JSON is {
	"platformName":	"TMP3_Platform",
	"sprVersion":	"2.0",
	"mode":	"gui",
	"dsaType":	"Fixed",
	"platformDesc":	"TMP3_Platform",
	"platHandOff":	"C:/Users/User/Documents/GitHub/Hardware_vhdl_ip_files/TMP3_block_7.1_1/TMP3_pmod_wrapper.xsa",
	"platIntHandOff":	"<platformDir>/hw/TMP3_pmod_wrapper.xsa",
	"deviceType":	"FPGA",
	"platIsPrebuiltAutogen":	"false",
	"platIsNoBootBsp":	"false",
	"hasFsblMakeHasChanges":	"false",
	"hasPmufwMakeHasChanges":	"false",
	"platPreBuiltFlag":	false,
	"platformSamplesDir":	""
}
TRACE::2026-01-07.23:02:19::SCWWriter::formatted JSON is {
	"platformName":	"TMP3_Platform",
	"sprVersion":	"2.0",
	"mode":	"gui",
	"dsaType":	"Fixed",
	"platformDesc":	"TMP3_Platform",
	"platHandOff":	"C:/Users/User/Documents/GitHub/Hardware_vhdl_ip_files/TMP3_block_7.1_1/TMP3_pmod_wrapper.xsa",
	"platIntHandOff":	"<platformDir>/hw/TMP3_pmod_wrapper.xsa",
	"deviceType":	"FPGA",
	"platIsPrebuiltAutogen":	"false",
	"platIsNoBootBsp":	"false",
	"hasFsblMakeHasChanges":	"false",
	"hasPmufwMakeHasChanges":	"false",
	"platPreBuiltFlag":	false,
	"platformSamplesDir":	"",
	"platActiveSys":	"TMP3_Platform",
	"systems":	[{
			"systemName":	"TMP3_Platform",
			"systemDesc":	"TMP3_Platform",
			"sysIsBootAutoGen":	"true",
			"systemDispName":	"TMP3_Platform"
		}]
}
TRACE::2026-01-07.23:02:19::SCWPlatform::Boot application domains not present, creating them
TRACE::2026-01-07.23:02:19::SCWPlatform::Pure FPGA device, no boot application will be created.
TRACE::2026-01-07.23:02:19::SCWWriter::formatted JSON is {
	"platformName":	"TMP3_Platform",
	"sprVersion":	"2.0",
	"mode":	"gui",
	"dsaType":	"Fixed",
	"platformDesc":	"TMP3_Platform",
	"platHandOff":	"C:/Users/User/Documents/GitHub/Hardware_vhdl_ip_files/TMP3_block_7.1_1/TMP3_pmod_wrapper.xsa",
	"platIntHandOff":	"<platformDir>/hw/TMP3_pmod_wrapper.xsa",
	"deviceType":	"FPGA",
	"platIsPrebuiltAutogen":	"false",
	"platIsNoBootBsp":	"false",
	"hasFsblMakeHasChanges":	"false",
	"hasPmufwMakeHasChanges":	"false",
	"platPreBuiltFlag":	false,
	"platformSamplesDir":	"",
	"platActiveSys":	"TMP3_Platform",
	"systems":	[{
			"systemName":	"TMP3_Platform",
			"systemDesc":	"TMP3_Platform",
			"sysIsBootAutoGen":	"true",
			"systemDispName":	"TMP3_Platform"
		}]
}
TRACE::2026-01-07.23:02:19::SCWPlatform::Trying to open the hw design at C:/Users/User/Documents/GitHub/AHE_Group_G/workspace_TMP3_7.1.26_1/TMP3_Platform/hw/TMP3_pmod_wrapper.xsa
TRACE::2026-01-07.23:02:19::SCWPlatform::DSA given C:/Users/User/Documents/GitHub/AHE_Group_G/workspace_TMP3_7.1.26_1/TMP3_Platform/hw/TMP3_pmod_wrapper.xsa
TRACE::2026-01-07.23:02:19::SCWPlatform::DSA absoulate path C:/Users/User/Documents/GitHub/AHE_Group_G/workspace_TMP3_7.1.26_1/TMP3_Platform/hw/TMP3_pmod_wrapper.xsa
TRACE::2026-01-07.23:02:19::SCWPlatform::DSA directory C:/Users/User/Documents/GitHub/AHE_Group_G/workspace_TMP3_7.1.26_1/TMP3_Platform/hw
TRACE::2026-01-07.23:02:19::SCWPlatform:: Platform Path C:/Users/User/Documents/GitHub/AHE_Group_G/workspace_TMP3_7.1.26_1/TMP3_Platform/hw/TMP3_pmod_wrapper.xsa
TRACE::2026-01-07.23:02:19::SCWPlatform:: Unique name xilinx:::0.0
TRACE::2026-01-07.23:02:19::SCWPlatform::Trying to set the existing hwdb with name TMP3_pmod_wrapper_0
TRACE::2026-01-07.23:02:19::SCWPlatform::Opened existing hwdb TMP3_pmod_wrapper_0
TRACE::2026-01-07.23:02:19::SCWPlatform::Found the Hw Db part of the input DSA
TRACE::2026-01-07.23:02:19::SCWPlatform::Trying to open the hw design at C:/Users/User/Documents/GitHub/AHE_Group_G/workspace_TMP3_7.1.26_1/TMP3_Platform/hw/TMP3_pmod_wrapper.xsa
TRACE::2026-01-07.23:02:19::SCWPlatform::DSA given C:/Users/User/Documents/GitHub/AHE_Group_G/workspace_TMP3_7.1.26_1/TMP3_Platform/hw/TMP3_pmod_wrapper.xsa
TRACE::2026-01-07.23:02:19::SCWPlatform::DSA absoulate path C:/Users/User/Documents/GitHub/AHE_Group_G/workspace_TMP3_7.1.26_1/TMP3_Platform/hw/TMP3_pmod_wrapper.xsa
TRACE::2026-01-07.23:02:19::SCWPlatform::DSA directory C:/Users/User/Documents/GitHub/AHE_Group_G/workspace_TMP3_7.1.26_1/TMP3_Platform/hw
TRACE::2026-01-07.23:02:19::SCWPlatform:: Platform Path C:/Users/User/Documents/GitHub/AHE_Group_G/workspace_TMP3_7.1.26_1/TMP3_Platform/hw/TMP3_pmod_wrapper.xsa
TRACE::2026-01-07.23:02:19::SCWPlatform:: Unique name xilinx:::0.0
TRACE::2026-01-07.23:02:19::SCWPlatform::Trying to set the existing hwdb with name TMP3_pmod_wrapper_0
TRACE::2026-01-07.23:02:19::SCWPlatform::Opened existing hwdb TMP3_pmod_wrapper_0
TRACE::2026-01-07.23:02:19::SCWPlatform::Found the Hw Db part of the input DSA
TRACE::2026-01-07.23:02:19::SCWPlatform::Trying to open the hw design at C:/Users/User/Documents/GitHub/AHE_Group_G/workspace_TMP3_7.1.26_1/TMP3_Platform/hw/TMP3_pmod_wrapper.xsa
TRACE::2026-01-07.23:02:19::SCWPlatform::DSA given C:/Users/User/Documents/GitHub/AHE_Group_G/workspace_TMP3_7.1.26_1/TMP3_Platform/hw/TMP3_pmod_wrapper.xsa
TRACE::2026-01-07.23:02:19::SCWPlatform::DSA absoulate path C:/Users/User/Documents/GitHub/AHE_Group_G/workspace_TMP3_7.1.26_1/TMP3_Platform/hw/TMP3_pmod_wrapper.xsa
TRACE::2026-01-07.23:02:19::SCWPlatform::DSA directory C:/Users/User/Documents/GitHub/AHE_Group_G/workspace_TMP3_7.1.26_1/TMP3_Platform/hw
TRACE::2026-01-07.23:02:19::SCWPlatform:: Platform Path C:/Users/User/Documents/GitHub/AHE_Group_G/workspace_TMP3_7.1.26_1/TMP3_Platform/hw/TMP3_pmod_wrapper.xsa
TRACE::2026-01-07.23:02:19::SCWPlatform:: Unique name xilinx:::0.0
TRACE::2026-01-07.23:02:19::SCWPlatform::Trying to set the existing hwdb with name TMP3_pmod_wrapper_0
TRACE::2026-01-07.23:02:19::SCWPlatform::Opened existing hwdb TMP3_pmod_wrapper_0
TRACE::2026-01-07.23:02:19::SCWPlatform::Found the Hw Db part of the input DSA
TRACE::2026-01-07.23:02:19::SCWDomain::checking for install qemu data   : 
TRACE::2026-01-07.23:02:19::SCWPlatform::Trying to open the hw design at C:/Users/User/Documents/GitHub/AHE_Group_G/workspace_TMP3_7.1.26_1/TMP3_Platform/hw/TMP3_pmod_wrapper.xsa
TRACE::2026-01-07.23:02:19::SCWPlatform::DSA given C:/Users/User/Documents/GitHub/AHE_Group_G/workspace_TMP3_7.1.26_1/TMP3_Platform/hw/TMP3_pmod_wrapper.xsa
TRACE::2026-01-07.23:02:19::SCWPlatform::DSA absoulate path C:/Users/User/Documents/GitHub/AHE_Group_G/workspace_TMP3_7.1.26_1/TMP3_Platform/hw/TMP3_pmod_wrapper.xsa
TRACE::2026-01-07.23:02:19::SCWPlatform::DSA directory C:/Users/User/Documents/GitHub/AHE_Group_G/workspace_TMP3_7.1.26_1/TMP3_Platform/hw
TRACE::2026-01-07.23:02:19::SCWPlatform:: Platform Path C:/Users/User/Documents/GitHub/AHE_Group_G/workspace_TMP3_7.1.26_1/TMP3_Platform/hw/TMP3_pmod_wrapper.xsa
TRACE::2026-01-07.23:02:19::SCWPlatform:: Unique name xilinx:::0.0
TRACE::2026-01-07.23:02:19::SCWPlatform::Trying to set the existing hwdb with name TMP3_pmod_wrapper_0
TRACE::2026-01-07.23:02:19::SCWPlatform::Opened existing hwdb TMP3_pmod_wrapper_0
TRACE::2026-01-07.23:02:19::SCWPlatform::Found the Hw Db part of the input DSA
TRACE::2026-01-07.23:02:19::SCWPlatform::Trying to open the hw design at C:/Users/User/Documents/GitHub/AHE_Group_G/workspace_TMP3_7.1.26_1/TMP3_Platform/hw/TMP3_pmod_wrapper.xsa
TRACE::2026-01-07.23:02:19::SCWPlatform::DSA given C:/Users/User/Documents/GitHub/AHE_Group_G/workspace_TMP3_7.1.26_1/TMP3_Platform/hw/TMP3_pmod_wrapper.xsa
TRACE::2026-01-07.23:02:19::SCWPlatform::DSA absoulate path C:/Users/User/Documents/GitHub/AHE_Group_G/workspace_TMP3_7.1.26_1/TMP3_Platform/hw/TMP3_pmod_wrapper.xsa
TRACE::2026-01-07.23:02:19::SCWPlatform::DSA directory C:/Users/User/Documents/GitHub/AHE_Group_G/workspace_TMP3_7.1.26_1/TMP3_Platform/hw
TRACE::2026-01-07.23:02:19::SCWPlatform:: Platform Path C:/Users/User/Documents/GitHub/AHE_Group_G/workspace_TMP3_7.1.26_1/TMP3_Platform/hw/TMP3_pmod_wrapper.xsa
TRACE::2026-01-07.23:02:19::SCWPlatform:: Unique name xilinx:::0.0
TRACE::2026-01-07.23:02:19::SCWPlatform::Trying to set the existing hwdb with name TMP3_pmod_wrapper_0
TRACE::2026-01-07.23:02:19::SCWPlatform::Opened existing hwdb TMP3_pmod_wrapper_0
TRACE::2026-01-07.23:02:19::SCWPlatform::Found the Hw Db part of the input DSA
TRACE::2026-01-07.23:02:19::SCWPlatform::Trying to open the hw design at C:/Users/User/Documents/GitHub/AHE_Group_G/workspace_TMP3_7.1.26_1/TMP3_Platform/hw/TMP3_pmod_wrapper.xsa
TRACE::2026-01-07.23:02:19::SCWPlatform::DSA given C:/Users/User/Documents/GitHub/AHE_Group_G/workspace_TMP3_7.1.26_1/TMP3_Platform/hw/TMP3_pmod_wrapper.xsa
TRACE::2026-01-07.23:02:19::SCWPlatform::DSA absoulate path C:/Users/User/Documents/GitHub/AHE_Group_G/workspace_TMP3_7.1.26_1/TMP3_Platform/hw/TMP3_pmod_wrapper.xsa
TRACE::2026-01-07.23:02:19::SCWPlatform::DSA directory C:/Users/User/Documents/GitHub/AHE_Group_G/workspace_TMP3_7.1.26_1/TMP3_Platform/hw
TRACE::2026-01-07.23:02:19::SCWPlatform:: Platform Path C:/Users/User/Documents/GitHub/AHE_Group_G/workspace_TMP3_7.1.26_1/TMP3_Platform/hw/TMP3_pmod_wrapper.xsa
TRACE::2026-01-07.23:02:19::SCWPlatform:: Unique name xilinx:::0.0
TRACE::2026-01-07.23:02:19::SCWPlatform::Trying to set the existing hwdb with name TMP3_pmod_wrapper_0
TRACE::2026-01-07.23:02:19::SCWPlatform::Opened existing hwdb TMP3_pmod_wrapper_0
TRACE::2026-01-07.23:02:19::SCWPlatform::Found the Hw Db part of the input DSA
TRACE::2026-01-07.23:02:19::SCWMssOS::Checking the sw design at  C:/Users/User/Documents/GitHub/AHE_Group_G/workspace_TMP3_7.1.26_1/TMP3_Platform/microblaze_0/standalone_domain/bsp/system.mss
TRACE::2026-01-07.23:02:19::SCWMssOS::DEBUG:  swdes dump  
TRACE::2026-01-07.23:02:19::SCWMssOS::No sw design opened at  C:/Users/User/Documents/GitHub/AHE_Group_G/workspace_TMP3_7.1.26_1/TMP3_Platform/microblaze_0/standalone_domain/bsp/system.mss
TRACE::2026-01-07.23:02:19::SCWMssOS::mss does not exists at C:/Users/User/Documents/GitHub/AHE_Group_G/workspace_TMP3_7.1.26_1/TMP3_Platform/microblaze_0/standalone_domain/bsp/system.mss
TRACE::2026-01-07.23:02:19::SCWMssOS::Creating sw design at  C:/Users/User/Documents/GitHub/AHE_Group_G/workspace_TMP3_7.1.26_1/TMP3_Platform/microblaze_0/standalone_domain/bsp/system.mss
TRACE::2026-01-07.23:02:19::SCWMssOS::Adding the swdes entry, created swdb C:/Users/User/Documents/GitHub/AHE_Group_G/workspace_TMP3_7.1.26_1/TMP3_Platform/microblaze_0/standalone_domain/bsp/system.mss with des name C:/Users/User/Documents/GitHub/AHE_Group_G/workspace_TMP3_7.1.26_1/TMP3_Platform/microblaze_0/standalone_domain/bsp/system.mss
TRACE::2026-01-07.23:02:19::SCWMssOS::updating the scw layer changes to swdes at   C:/Users/User/Documents/GitHub/AHE_Group_G/workspace_TMP3_7.1.26_1/TMP3_Platform/microblaze_0/standalone_domain/bsp/system.mss
TRACE::2026-01-07.23:02:19::SCWMssOS::Writing mss at C:/Users/User/Documents/GitHub/AHE_Group_G/workspace_TMP3_7.1.26_1/TMP3_Platform/microblaze_0/standalone_domain/bsp/system.mss
TRACE::2026-01-07.23:02:19::SCWMssOS::Completed writing the mss file at C:/Users/User/Documents/GitHub/AHE_Group_G/workspace_TMP3_7.1.26_1/TMP3_Platform/microblaze_0/standalone_domain/bsp
TRACE::2026-01-07.23:02:19::SCWMssOS::Picking up changes from newly written mss file into SCW Layer. 
TRACE::2026-01-07.23:02:19::SCWMssOS::Updated the changes from newly written mss file into SCW Layer. 
TRACE::2026-01-07.23:02:19::SCWMssOS::Completed writing the mss file at C:/Users/User/Documents/GitHub/AHE_Group_G/workspace_TMP3_7.1.26_1/TMP3_Platform/microblaze_0/standalone_domain/bsp
TRACE::2026-01-07.23:02:19::SCWMssOS::Forcing BSP Sources regeneration.
TRACE::2026-01-07.23:02:22::SCWMssOS::Saving the mss changes C:/Users/User/Documents/GitHub/AHE_Group_G/workspace_TMP3_7.1.26_1/TMP3_Platform/microblaze_0/standalone_domain/bsp/system.mss
TRACE::2026-01-07.23:02:22::SCWMssOS::Adding the swdes entry, mss present, able to open swdb C:/Users/User/Documents/GitHub/AHE_Group_G/workspace_TMP3_7.1.26_1/TMP3_Platform/microblaze_0/standalone_domain/bsp/system.mss with des name system
TRACE::2026-01-07.23:02:22::SCWMssOS::Writing the mss file completed C:/Users/User/Documents/GitHub/AHE_Group_G/workspace_TMP3_7.1.26_1/TMP3_Platform/microblaze_0/standalone_domain/bsp/system.mss
TRACE::2026-01-07.23:02:22::SCWMssOS::Commit changes completed.
TRACE::2026-01-07.23:02:22::SCWPlatform::Trying to open the hw design at C:/Users/User/Documents/GitHub/AHE_Group_G/workspace_TMP3_7.1.26_1/TMP3_Platform/hw/TMP3_pmod_wrapper.xsa
TRACE::2026-01-07.23:02:22::SCWPlatform::DSA given C:/Users/User/Documents/GitHub/AHE_Group_G/workspace_TMP3_7.1.26_1/TMP3_Platform/hw/TMP3_pmod_wrapper.xsa
TRACE::2026-01-07.23:02:22::SCWPlatform::DSA absoulate path C:/Users/User/Documents/GitHub/AHE_Group_G/workspace_TMP3_7.1.26_1/TMP3_Platform/hw/TMP3_pmod_wrapper.xsa
TRACE::2026-01-07.23:02:22::SCWPlatform::DSA directory C:/Users/User/Documents/GitHub/AHE_Group_G/workspace_TMP3_7.1.26_1/TMP3_Platform/hw
TRACE::2026-01-07.23:02:22::SCWPlatform:: Platform Path C:/Users/User/Documents/GitHub/AHE_Group_G/workspace_TMP3_7.1.26_1/TMP3_Platform/hw/TMP3_pmod_wrapper.xsa
TRACE::2026-01-07.23:02:22::SCWPlatform:: Unique name xilinx:::0.0
TRACE::2026-01-07.23:02:22::SCWPlatform::Trying to set the existing hwdb with name TMP3_pmod_wrapper_0
TRACE::2026-01-07.23:02:22::SCWPlatform::Opened existing hwdb TMP3_pmod_wrapper_0
TRACE::2026-01-07.23:02:22::SCWPlatform::Found the Hw Db part of the input DSA
TRACE::2026-01-07.23:02:22::SCWMssOS::Checking the sw design at  C:/Users/User/Documents/GitHub/AHE_Group_G/workspace_TMP3_7.1.26_1/TMP3_Platform/microblaze_0/standalone_domain/bsp/system.mss
TRACE::2026-01-07.23:02:22::SCWMssOS::DEBUG:  swdes dump  C:/Users/User/Documents/GitHub/AHE_Group_G/workspace_TMP3_7.1.26_1/TMP3_Platform/microblaze_0/standalone_domain/bsp/system.mss|system||

TRACE::2026-01-07.23:02:22::SCWMssOS::Sw design exists and opened at  C:/Users/User/Documents/GitHub/AHE_Group_G/workspace_TMP3_7.1.26_1/TMP3_Platform/microblaze_0/standalone_domain/bsp/system.mss
TRACE::2026-01-07.23:02:22::SCWPlatform::Trying to open the hw design at C:/Users/User/Documents/GitHub/AHE_Group_G/workspace_TMP3_7.1.26_1/TMP3_Platform/hw/TMP3_pmod_wrapper.xsa
TRACE::2026-01-07.23:02:22::SCWPlatform::DSA given C:/Users/User/Documents/GitHub/AHE_Group_G/workspace_TMP3_7.1.26_1/TMP3_Platform/hw/TMP3_pmod_wrapper.xsa
TRACE::2026-01-07.23:02:22::SCWPlatform::DSA absoulate path C:/Users/User/Documents/GitHub/AHE_Group_G/workspace_TMP3_7.1.26_1/TMP3_Platform/hw/TMP3_pmod_wrapper.xsa
TRACE::2026-01-07.23:02:22::SCWPlatform::DSA directory C:/Users/User/Documents/GitHub/AHE_Group_G/workspace_TMP3_7.1.26_1/TMP3_Platform/hw
TRACE::2026-01-07.23:02:22::SCWPlatform:: Platform Path C:/Users/User/Documents/GitHub/AHE_Group_G/workspace_TMP3_7.1.26_1/TMP3_Platform/hw/TMP3_pmod_wrapper.xsa
TRACE::2026-01-07.23:02:22::SCWPlatform:: Unique name xilinx:::0.0
TRACE::2026-01-07.23:02:22::SCWPlatform::Trying to set the existing hwdb with name TMP3_pmod_wrapper_0
TRACE::2026-01-07.23:02:22::SCWPlatform::Opened existing hwdb TMP3_pmod_wrapper_0
TRACE::2026-01-07.23:02:22::SCWPlatform::Found the Hw Db part of the input DSA
TRACE::2026-01-07.23:02:22::SCWMssOS::Checking the sw design at  C:/Users/User/Documents/GitHub/AHE_Group_G/workspace_TMP3_7.1.26_1/TMP3_Platform/microblaze_0/standalone_domain/bsp/system.mss
TRACE::2026-01-07.23:02:22::SCWMssOS::DEBUG:  swdes dump  C:/Users/User/Documents/GitHub/AHE_Group_G/workspace_TMP3_7.1.26_1/TMP3_Platform/microblaze_0/standalone_domain/bsp/system.mss|system||

TRACE::2026-01-07.23:02:22::SCWMssOS::Sw design exists and opened at  C:/Users/User/Documents/GitHub/AHE_Group_G/workspace_TMP3_7.1.26_1/TMP3_Platform/microblaze_0/standalone_domain/bsp/system.mss
TRACE::2026-01-07.23:02:22::SCWPlatform::Trying to open the hw design at C:/Users/User/Documents/GitHub/AHE_Group_G/workspace_TMP3_7.1.26_1/TMP3_Platform/hw/TMP3_pmod_wrapper.xsa
TRACE::2026-01-07.23:02:22::SCWPlatform::DSA given C:/Users/User/Documents/GitHub/AHE_Group_G/workspace_TMP3_7.1.26_1/TMP3_Platform/hw/TMP3_pmod_wrapper.xsa
TRACE::2026-01-07.23:02:22::SCWPlatform::DSA absoulate path C:/Users/User/Documents/GitHub/AHE_Group_G/workspace_TMP3_7.1.26_1/TMP3_Platform/hw/TMP3_pmod_wrapper.xsa
TRACE::2026-01-07.23:02:22::SCWPlatform::DSA directory C:/Users/User/Documents/GitHub/AHE_Group_G/workspace_TMP3_7.1.26_1/TMP3_Platform/hw
TRACE::2026-01-07.23:02:22::SCWPlatform:: Platform Path C:/Users/User/Documents/GitHub/AHE_Group_G/workspace_TMP3_7.1.26_1/TMP3_Platform/hw/TMP3_pmod_wrapper.xsa
TRACE::2026-01-07.23:02:22::SCWPlatform:: Unique name xilinx:::0.0
TRACE::2026-01-07.23:02:22::SCWPlatform::Trying to set the existing hwdb with name TMP3_pmod_wrapper_0
TRACE::2026-01-07.23:02:22::SCWPlatform::Opened existing hwdb TMP3_pmod_wrapper_0
TRACE::2026-01-07.23:02:22::SCWPlatform::Found the Hw Db part of the input DSA
TRACE::2026-01-07.23:02:22::SCWMssOS::Checking the sw design at  C:/Users/User/Documents/GitHub/AHE_Group_G/workspace_TMP3_7.1.26_1/TMP3_Platform/microblaze_0/standalone_domain/bsp/system.mss
TRACE::2026-01-07.23:02:22::SCWMssOS::DEBUG:  swdes dump  C:/Users/User/Documents/GitHub/AHE_Group_G/workspace_TMP3_7.1.26_1/TMP3_Platform/microblaze_0/standalone_domain/bsp/system.mss|system||

TRACE::2026-01-07.23:02:22::SCWMssOS::Sw design exists and opened at  C:/Users/User/Documents/GitHub/AHE_Group_G/workspace_TMP3_7.1.26_1/TMP3_Platform/microblaze_0/standalone_domain/bsp/system.mss
TRACE::2026-01-07.23:02:22::SCWWriter::formatted JSON is {
	"platformName":	"TMP3_Platform",
	"sprVersion":	"2.0",
	"mode":	"gui",
	"dsaType":	"Fixed",
	"platformDesc":	"TMP3_Platform",
	"platHandOff":	"C:/Users/User/Documents/GitHub/Hardware_vhdl_ip_files/TMP3_block_7.1_1/TMP3_pmod_wrapper.xsa",
	"platIntHandOff":	"<platformDir>/hw/TMP3_pmod_wrapper.xsa",
	"deviceType":	"FPGA",
	"platIsPrebuiltAutogen":	"false",
	"platIsNoBootBsp":	"false",
	"hasFsblMakeHasChanges":	"false",
	"hasPmufwMakeHasChanges":	"false",
	"platPreBuiltFlag":	false,
	"platformSamplesDir":	"",
	"platActiveSys":	"TMP3_Platform",
	"systems":	[{
			"systemName":	"TMP3_Platform",
			"systemDesc":	"TMP3_Platform",
			"sysIsBootAutoGen":	"true",
			"systemDispName":	"TMP3_Platform",
			"sysActiveDom":	"standalone_domain",
			"sysDefaultDom":	"standalone_domain",
			"domains":	[{
					"domainName":	"standalone_domain",
					"domainDispName":	"standalone_domain",
					"domainDesc":	"standalone_domain",
					"processors":	"microblaze_0",
					"os":	"standalone",
					"sdxOs":	"standalone",
					"debugEnable":	"False",
					"domRuntimes":	["cpp"],
					"swRepo":	"",
					"mssOsVer":	"7.6",
					"mssFile":	"",
					"md5Digest":	"d6a3b57a5267393b8d497d79c2949060",
					"compatibleApp":	"",
					"domType":	"mssDomain",
					"arch":	"32-bit",
					"appSettings":	{
						"appCompilerFlags":	"",
						"appLinkerFlags":	""
					},
					"addedLibs":	[],
					"libOptions":	{
						"libsContainingOptions":	[]
					},
					"prebuiltLibs":	{
						"prebuiltIncPath":	[],
						"prebuiltLibPath":	[]
					},
					"isolation":	{
					}
				}]
		}]
}
LOG::2026-01-07.23:02:22::SCWPlatform::Started generating the artifacts platform TMP3_Platform
TRACE::2026-01-07.23:02:22::SCWPlatform::Sanity checking of platform is completed
LOG::2026-01-07.23:02:22::SCWPlatform::Started generating the artifacts for system configuration TMP3_Platform
LOG::2026-01-07.23:02:22::SCWSystem::Checking the domain standalone_domain
LOG::2026-01-07.23:02:22::SCWSystem::Not a boot domain 
LOG::2026-01-07.23:02:22::SCWSystem::Started Processing the domain standalone_domain
TRACE::2026-01-07.23:02:22::SCWDomain::Generating domain artifcats
TRACE::2026-01-07.23:02:22::SCWMssOS::Generating standalone artifcats
TRACE::2026-01-07.23:02:22::SCWMssOS:: Copying the user libraries. 
TRACE::2026-01-07.23:02:22::SCWPlatform::Trying to open the hw design at C:/Users/User/Documents/GitHub/AHE_Group_G/workspace_TMP3_7.1.26_1/TMP3_Platform/hw/TMP3_pmod_wrapper.xsa
TRACE::2026-01-07.23:02:22::SCWPlatform::DSA given C:/Users/User/Documents/GitHub/AHE_Group_G/workspace_TMP3_7.1.26_1/TMP3_Platform/hw/TMP3_pmod_wrapper.xsa
TRACE::2026-01-07.23:02:22::SCWPlatform::DSA absoulate path C:/Users/User/Documents/GitHub/AHE_Group_G/workspace_TMP3_7.1.26_1/TMP3_Platform/hw/TMP3_pmod_wrapper.xsa
TRACE::2026-01-07.23:02:22::SCWPlatform::DSA directory C:/Users/User/Documents/GitHub/AHE_Group_G/workspace_TMP3_7.1.26_1/TMP3_Platform/hw
TRACE::2026-01-07.23:02:22::SCWPlatform:: Platform Path C:/Users/User/Documents/GitHub/AHE_Group_G/workspace_TMP3_7.1.26_1/TMP3_Platform/hw/TMP3_pmod_wrapper.xsa
TRACE::2026-01-07.23:02:22::SCWPlatform:: Unique name xilinx:::0.0
TRACE::2026-01-07.23:02:22::SCWPlatform::Trying to set the existing hwdb with name TMP3_pmod_wrapper_0
TRACE::2026-01-07.23:02:22::SCWPlatform::Opened existing hwdb TMP3_pmod_wrapper_0
TRACE::2026-01-07.23:02:22::SCWPlatform::Found the Hw Db part of the input DSA
TRACE::2026-01-07.23:02:22::SCWMssOS::Checking the sw design at  C:/Users/User/Documents/GitHub/AHE_Group_G/workspace_TMP3_7.1.26_1/TMP3_Platform/microblaze_0/standalone_domain/bsp/system.mss
TRACE::2026-01-07.23:02:22::SCWMssOS::DEBUG:  swdes dump  C:/Users/User/Documents/GitHub/AHE_Group_G/workspace_TMP3_7.1.26_1/TMP3_Platform/microblaze_0/standalone_domain/bsp/system.mss|system||

TRACE::2026-01-07.23:02:22::SCWMssOS::Sw design exists and opened at  C:/Users/User/Documents/GitHub/AHE_Group_G/workspace_TMP3_7.1.26_1/TMP3_Platform/microblaze_0/standalone_domain/bsp/system.mss
TRACE::2026-01-07.23:02:22::SCWMssOS::Completed writing the mss file at C:/Users/User/Documents/GitHub/AHE_Group_G/workspace_TMP3_7.1.26_1/TMP3_Platform/microblaze_0/standalone_domain/bsp
TRACE::2026-01-07.23:02:22::SCWMssOS::Mss edits present, copying mssfile into export location C:/Users/User/Documents/GitHub/AHE_Group_G/workspace_TMP3_7.1.26_1/TMP3_Platform/microblaze_0/standalone_domain/bsp/system.mss
TRACE::2026-01-07.23:02:22::SCWMssOS::bsp generated is upto date with the mss file. Skipping bsp generation.
TRACE::2026-01-07.23:02:22::SCWMssOS::BSP is already built. skipping the bsp build ... 
TRACE::2026-01-07.23:02:22::SCWDomain::Skipping the build for domain :  standalone_domain
TRACE::2026-01-07.23:02:22::SCWMssOS::skipping the bsp build ... 
TRACE::2026-01-07.23:02:22::SCWMssOS::Copying to export directory.
TRACE::2026-01-07.23:02:22::SCWMssOS:: Checking if to create the Supporting Applications
TRACE::2026-01-07.23:02:22::SCWMssOS:: No Linux domain exists, trying to generate FSBL 
LOG::2026-01-07.23:02:22::SCWSystem::Completed Processing the domain standalone_domain
LOG::2026-01-07.23:02:22::SCWSystem::Completed Processing the sysconfig TMP3_Platform
LOG::2026-01-07.23:02:22::SCWPlatform::Completed generating the artifacts for system configuration TMP3_Platform
TRACE::2026-01-07.23:02:22::SCWPlatform::Started preparing the platform 
TRACE::2026-01-07.23:02:22::SCWSystem::Writing the bif file for system config TMP3_Platform
TRACE::2026-01-07.23:02:22::SCWSystem::dir created 
TRACE::2026-01-07.23:02:22::SCWSystem::Writing the bif 
TRACE::2026-01-07.23:02:22::SCWPlatform::Started writing the spfm file 
TRACE::2026-01-07.23:02:22::SCWPlatform::Started writing the xpfm file 
TRACE::2026-01-07.23:02:22::SCWPlatform::Completed generating the platform
TRACE::2026-01-07.23:02:22::SCWMssOS::Saving the mss changes C:/Users/User/Documents/GitHub/AHE_Group_G/workspace_TMP3_7.1.26_1/TMP3_Platform/microblaze_0/standalone_domain/bsp/system.mss
TRACE::2026-01-07.23:02:22::SCWMssOS::Found a swdesign opened with the mssfile.
TRACE::2026-01-07.23:02:22::SCWMssOS::Completed writemss as part of save.
TRACE::2026-01-07.23:02:22::SCWMssOS::Commit changes completed.
TRACE::2026-01-07.23:02:22::SCWPlatform::Trying to open the hw design at C:/Users/User/Documents/GitHub/AHE_Group_G/workspace_TMP3_7.1.26_1/TMP3_Platform/hw/TMP3_pmod_wrapper.xsa
TRACE::2026-01-07.23:02:22::SCWPlatform::DSA given C:/Users/User/Documents/GitHub/AHE_Group_G/workspace_TMP3_7.1.26_1/TMP3_Platform/hw/TMP3_pmod_wrapper.xsa
TRACE::2026-01-07.23:02:22::SCWPlatform::DSA absoulate path C:/Users/User/Documents/GitHub/AHE_Group_G/workspace_TMP3_7.1.26_1/TMP3_Platform/hw/TMP3_pmod_wrapper.xsa
TRACE::2026-01-07.23:02:22::SCWPlatform::DSA directory C:/Users/User/Documents/GitHub/AHE_Group_G/workspace_TMP3_7.1.26_1/TMP3_Platform/hw
TRACE::2026-01-07.23:02:22::SCWPlatform:: Platform Path C:/Users/User/Documents/GitHub/AHE_Group_G/workspace_TMP3_7.1.26_1/TMP3_Platform/hw/TMP3_pmod_wrapper.xsa
TRACE::2026-01-07.23:02:22::SCWPlatform:: Unique name xilinx:::0.0
TRACE::2026-01-07.23:02:22::SCWPlatform::Trying to set the existing hwdb with name TMP3_pmod_wrapper_0
TRACE::2026-01-07.23:02:22::SCWPlatform::Opened existing hwdb TMP3_pmod_wrapper_0
TRACE::2026-01-07.23:02:22::SCWPlatform::Found the Hw Db part of the input DSA
TRACE::2026-01-07.23:02:22::SCWMssOS::Checking the sw design at  C:/Users/User/Documents/GitHub/AHE_Group_G/workspace_TMP3_7.1.26_1/TMP3_Platform/microblaze_0/standalone_domain/bsp/system.mss
TRACE::2026-01-07.23:02:22::SCWMssOS::DEBUG:  swdes dump  C:/Users/User/Documents/GitHub/AHE_Group_G/workspace_TMP3_7.1.26_1/TMP3_Platform/microblaze_0/standalone_domain/bsp/system.mss|system||

TRACE::2026-01-07.23:02:22::SCWMssOS::Sw design exists and opened at  C:/Users/User/Documents/GitHub/AHE_Group_G/workspace_TMP3_7.1.26_1/TMP3_Platform/microblaze_0/standalone_domain/bsp/system.mss
TRACE::2026-01-07.23:02:22::SCWPlatform::Trying to open the hw design at C:/Users/User/Documents/GitHub/AHE_Group_G/workspace_TMP3_7.1.26_1/TMP3_Platform/hw/TMP3_pmod_wrapper.xsa
TRACE::2026-01-07.23:02:22::SCWPlatform::DSA given C:/Users/User/Documents/GitHub/AHE_Group_G/workspace_TMP3_7.1.26_1/TMP3_Platform/hw/TMP3_pmod_wrapper.xsa
TRACE::2026-01-07.23:02:22::SCWPlatform::DSA absoulate path C:/Users/User/Documents/GitHub/AHE_Group_G/workspace_TMP3_7.1.26_1/TMP3_Platform/hw/TMP3_pmod_wrapper.xsa
TRACE::2026-01-07.23:02:22::SCWPlatform::DSA directory C:/Users/User/Documents/GitHub/AHE_Group_G/workspace_TMP3_7.1.26_1/TMP3_Platform/hw
TRACE::2026-01-07.23:02:22::SCWPlatform:: Platform Path C:/Users/User/Documents/GitHub/AHE_Group_G/workspace_TMP3_7.1.26_1/TMP3_Platform/hw/TMP3_pmod_wrapper.xsa
TRACE::2026-01-07.23:02:22::SCWPlatform:: Unique name xilinx:::0.0
TRACE::2026-01-07.23:02:22::SCWPlatform::Trying to set the existing hwdb with name TMP3_pmod_wrapper_0
TRACE::2026-01-07.23:02:22::SCWPlatform::Opened existing hwdb TMP3_pmod_wrapper_0
TRACE::2026-01-07.23:02:22::SCWPlatform::Found the Hw Db part of the input DSA
TRACE::2026-01-07.23:02:22::SCWMssOS::Checking the sw design at  C:/Users/User/Documents/GitHub/AHE_Group_G/workspace_TMP3_7.1.26_1/TMP3_Platform/microblaze_0/standalone_domain/bsp/system.mss
TRACE::2026-01-07.23:02:22::SCWMssOS::DEBUG:  swdes dump  C:/Users/User/Documents/GitHub/AHE_Group_G/workspace_TMP3_7.1.26_1/TMP3_Platform/microblaze_0/standalone_domain/bsp/system.mss|system||

TRACE::2026-01-07.23:02:22::SCWMssOS::Sw design exists and opened at  C:/Users/User/Documents/GitHub/AHE_Group_G/workspace_TMP3_7.1.26_1/TMP3_Platform/microblaze_0/standalone_domain/bsp/system.mss
TRACE::2026-01-07.23:02:22::SCWPlatform::Trying to open the hw design at C:/Users/User/Documents/GitHub/AHE_Group_G/workspace_TMP3_7.1.26_1/TMP3_Platform/hw/TMP3_pmod_wrapper.xsa
TRACE::2026-01-07.23:02:22::SCWPlatform::DSA given C:/Users/User/Documents/GitHub/AHE_Group_G/workspace_TMP3_7.1.26_1/TMP3_Platform/hw/TMP3_pmod_wrapper.xsa
TRACE::2026-01-07.23:02:22::SCWPlatform::DSA absoulate path C:/Users/User/Documents/GitHub/AHE_Group_G/workspace_TMP3_7.1.26_1/TMP3_Platform/hw/TMP3_pmod_wrapper.xsa
TRACE::2026-01-07.23:02:22::SCWPlatform::DSA directory C:/Users/User/Documents/GitHub/AHE_Group_G/workspace_TMP3_7.1.26_1/TMP3_Platform/hw
TRACE::2026-01-07.23:02:22::SCWPlatform:: Platform Path C:/Users/User/Documents/GitHub/AHE_Group_G/workspace_TMP3_7.1.26_1/TMP3_Platform/hw/TMP3_pmod_wrapper.xsa
TRACE::2026-01-07.23:02:22::SCWPlatform:: Unique name xilinx:::0.0
TRACE::2026-01-07.23:02:22::SCWPlatform::Trying to set the existing hwdb with name TMP3_pmod_wrapper_0
TRACE::2026-01-07.23:02:22::SCWPlatform::Opened existing hwdb TMP3_pmod_wrapper_0
TRACE::2026-01-07.23:02:22::SCWPlatform::Found the Hw Db part of the input DSA
TRACE::2026-01-07.23:02:22::SCWMssOS::Checking the sw design at  C:/Users/User/Documents/GitHub/AHE_Group_G/workspace_TMP3_7.1.26_1/TMP3_Platform/microblaze_0/standalone_domain/bsp/system.mss
TRACE::2026-01-07.23:02:22::SCWMssOS::DEBUG:  swdes dump  C:/Users/User/Documents/GitHub/AHE_Group_G/workspace_TMP3_7.1.26_1/TMP3_Platform/microblaze_0/standalone_domain/bsp/system.mss|system||

TRACE::2026-01-07.23:02:22::SCWMssOS::Sw design exists and opened at  C:/Users/User/Documents/GitHub/AHE_Group_G/workspace_TMP3_7.1.26_1/TMP3_Platform/microblaze_0/standalone_domain/bsp/system.mss
TRACE::2026-01-07.23:02:22::SCWWriter::formatted JSON is {
	"platformName":	"TMP3_Platform",
	"sprVersion":	"2.0",
	"mode":	"gui",
	"dsaType":	"Fixed",
	"platformDesc":	"TMP3_Platform",
	"platHandOff":	"C:/Users/User/Documents/GitHub/Hardware_vhdl_ip_files/TMP3_block_7.1_1/TMP3_pmod_wrapper.xsa",
	"platIntHandOff":	"<platformDir>/hw/TMP3_pmod_wrapper.xsa",
	"deviceType":	"FPGA",
	"platIsPrebuiltAutogen":	"false",
	"platIsNoBootBsp":	"false",
	"hasFsblMakeHasChanges":	"false",
	"hasPmufwMakeHasChanges":	"false",
	"platPreBuiltFlag":	false,
	"platformSamplesDir":	"",
	"platActiveSys":	"TMP3_Platform",
	"systems":	[{
			"systemName":	"TMP3_Platform",
			"systemDesc":	"TMP3_Platform",
			"sysIsBootAutoGen":	"true",
			"systemDispName":	"TMP3_Platform",
			"sysActiveDom":	"standalone_domain",
			"sysDefaultDom":	"standalone_domain",
			"domains":	[{
					"domainName":	"standalone_domain",
					"domainDispName":	"standalone_domain",
					"domainDesc":	"standalone_domain",
					"processors":	"microblaze_0",
					"os":	"standalone",
					"sdxOs":	"standalone",
					"debugEnable":	"False",
					"domRuntimes":	["cpp"],
					"swRepo":	"",
					"mssOsVer":	"7.6",
					"mssFile":	"",
					"md5Digest":	"d6a3b57a5267393b8d497d79c2949060",
					"compatibleApp":	"",
					"domType":	"mssDomain",
					"arch":	"32-bit",
					"appSettings":	{
						"appCompilerFlags":	"",
						"appLinkerFlags":	""
					},
					"addedLibs":	[],
					"libOptions":	{
						"libsContainingOptions":	[]
					},
					"prebuiltLibs":	{
						"prebuiltIncPath":	[],
						"prebuiltLibPath":	[]
					},
					"isolation":	{
					}
				}]
		}]
}
KEYINFO::2026-01-07.23:02:22::SCWPlatform::updated the xpfm file.
TRACE::2026-01-07.23:02:22::SCWPlatform::Trying to open the hw design at C:/Users/User/Documents/GitHub/AHE_Group_G/workspace_TMP3_7.1.26_1/TMP3_Platform/hw/TMP3_pmod_wrapper.xsa
TRACE::2026-01-07.23:02:22::SCWPlatform::DSA given C:/Users/User/Documents/GitHub/AHE_Group_G/workspace_TMP3_7.1.26_1/TMP3_Platform/hw/TMP3_pmod_wrapper.xsa
TRACE::2026-01-07.23:02:22::SCWPlatform::DSA absoulate path C:/Users/User/Documents/GitHub/AHE_Group_G/workspace_TMP3_7.1.26_1/TMP3_Platform/hw/TMP3_pmod_wrapper.xsa
TRACE::2026-01-07.23:02:22::SCWPlatform::DSA directory C:/Users/User/Documents/GitHub/AHE_Group_G/workspace_TMP3_7.1.26_1/TMP3_Platform/hw
TRACE::2026-01-07.23:02:22::SCWPlatform:: Platform Path C:/Users/User/Documents/GitHub/AHE_Group_G/workspace_TMP3_7.1.26_1/TMP3_Platform/hw/TMP3_pmod_wrapper.xsa
TRACE::2026-01-07.23:02:22::SCWPlatform:: Unique name xilinx:::0.0
TRACE::2026-01-07.23:02:22::SCWPlatform::Trying to set the existing hwdb with name TMP3_pmod_wrapper_0
TRACE::2026-01-07.23:02:22::SCWPlatform::Opened existing hwdb TMP3_pmod_wrapper_0
TRACE::2026-01-07.23:02:22::SCWPlatform::Found the Hw Db part of the input DSA
TRACE::2026-01-07.23:02:22::SCWMssOS::Checking the sw design at  C:/Users/User/Documents/GitHub/AHE_Group_G/workspace_TMP3_7.1.26_1/TMP3_Platform/microblaze_0/standalone_domain/bsp/system.mss
TRACE::2026-01-07.23:02:22::SCWMssOS::DEBUG:  swdes dump  C:/Users/User/Documents/GitHub/AHE_Group_G/workspace_TMP3_7.1.26_1/TMP3_Platform/microblaze_0/standalone_domain/bsp/system.mss|system||

TRACE::2026-01-07.23:02:22::SCWMssOS::Sw design exists and opened at  C:/Users/User/Documents/GitHub/AHE_Group_G/workspace_TMP3_7.1.26_1/TMP3_Platform/microblaze_0/standalone_domain/bsp/system.mss
TRACE::2026-01-07.23:02:22::SCWMssOS::Saving the mss changes C:/Users/User/Documents/GitHub/AHE_Group_G/workspace_TMP3_7.1.26_1/TMP3_Platform/microblaze_0/standalone_domain/bsp/system.mss
TRACE::2026-01-07.23:02:22::SCWMssOS::Found a swdesign opened with the mssfile.
TRACE::2026-01-07.23:02:22::SCWMssOS::Completed writemss as part of save.
TRACE::2026-01-07.23:02:22::SCWMssOS::Commit changes completed.
TRACE::2026-01-07.23:02:22::SCWPlatform::Trying to open the hw design at C:/Users/User/Documents/GitHub/AHE_Group_G/workspace_TMP3_7.1.26_1/TMP3_Platform/hw/TMP3_pmod_wrapper.xsa
TRACE::2026-01-07.23:02:22::SCWPlatform::DSA given C:/Users/User/Documents/GitHub/AHE_Group_G/workspace_TMP3_7.1.26_1/TMP3_Platform/hw/TMP3_pmod_wrapper.xsa
TRACE::2026-01-07.23:02:22::SCWPlatform::DSA absoulate path C:/Users/User/Documents/GitHub/AHE_Group_G/workspace_TMP3_7.1.26_1/TMP3_Platform/hw/TMP3_pmod_wrapper.xsa
TRACE::2026-01-07.23:02:22::SCWPlatform::DSA directory C:/Users/User/Documents/GitHub/AHE_Group_G/workspace_TMP3_7.1.26_1/TMP3_Platform/hw
TRACE::2026-01-07.23:02:22::SCWPlatform:: Platform Path C:/Users/User/Documents/GitHub/AHE_Group_G/workspace_TMP3_7.1.26_1/TMP3_Platform/hw/TMP3_pmod_wrapper.xsa
TRACE::2026-01-07.23:02:22::SCWPlatform:: Unique name xilinx:::0.0
TRACE::2026-01-07.23:02:22::SCWPlatform::Trying to set the existing hwdb with name TMP3_pmod_wrapper_0
TRACE::2026-01-07.23:02:22::SCWPlatform::Opened existing hwdb TMP3_pmod_wrapper_0
TRACE::2026-01-07.23:02:22::SCWPlatform::Found the Hw Db part of the input DSA
TRACE::2026-01-07.23:02:22::SCWMssOS::Checking the sw design at  C:/Users/User/Documents/GitHub/AHE_Group_G/workspace_TMP3_7.1.26_1/TMP3_Platform/microblaze_0/standalone_domain/bsp/system.mss
TRACE::2026-01-07.23:02:22::SCWMssOS::DEBUG:  swdes dump  C:/Users/User/Documents/GitHub/AHE_Group_G/workspace_TMP3_7.1.26_1/TMP3_Platform/microblaze_0/standalone_domain/bsp/system.mss|system||

TRACE::2026-01-07.23:02:22::SCWMssOS::Sw design exists and opened at  C:/Users/User/Documents/GitHub/AHE_Group_G/workspace_TMP3_7.1.26_1/TMP3_Platform/microblaze_0/standalone_domain/bsp/system.mss
TRACE::2026-01-07.23:02:22::SCWPlatform::Trying to open the hw design at C:/Users/User/Documents/GitHub/AHE_Group_G/workspace_TMP3_7.1.26_1/TMP3_Platform/hw/TMP3_pmod_wrapper.xsa
TRACE::2026-01-07.23:02:22::SCWPlatform::DSA given C:/Users/User/Documents/GitHub/AHE_Group_G/workspace_TMP3_7.1.26_1/TMP3_Platform/hw/TMP3_pmod_wrapper.xsa
TRACE::2026-01-07.23:02:22::SCWPlatform::DSA absoulate path C:/Users/User/Documents/GitHub/AHE_Group_G/workspace_TMP3_7.1.26_1/TMP3_Platform/hw/TMP3_pmod_wrapper.xsa
TRACE::2026-01-07.23:02:22::SCWPlatform::DSA directory C:/Users/User/Documents/GitHub/AHE_Group_G/workspace_TMP3_7.1.26_1/TMP3_Platform/hw
TRACE::2026-01-07.23:02:22::SCWPlatform:: Platform Path C:/Users/User/Documents/GitHub/AHE_Group_G/workspace_TMP3_7.1.26_1/TMP3_Platform/hw/TMP3_pmod_wrapper.xsa
TRACE::2026-01-07.23:02:22::SCWPlatform:: Unique name xilinx:::0.0
TRACE::2026-01-07.23:02:22::SCWPlatform::Trying to set the existing hwdb with name TMP3_pmod_wrapper_0
TRACE::2026-01-07.23:02:22::SCWPlatform::Opened existing hwdb TMP3_pmod_wrapper_0
TRACE::2026-01-07.23:02:22::SCWPlatform::Found the Hw Db part of the input DSA
TRACE::2026-01-07.23:02:22::SCWMssOS::Checking the sw design at  C:/Users/User/Documents/GitHub/AHE_Group_G/workspace_TMP3_7.1.26_1/TMP3_Platform/microblaze_0/standalone_domain/bsp/system.mss
TRACE::2026-01-07.23:02:22::SCWMssOS::DEBUG:  swdes dump  C:/Users/User/Documents/GitHub/AHE_Group_G/workspace_TMP3_7.1.26_1/TMP3_Platform/microblaze_0/standalone_domain/bsp/system.mss|system||

TRACE::2026-01-07.23:02:22::SCWMssOS::Sw design exists and opened at  C:/Users/User/Documents/GitHub/AHE_Group_G/workspace_TMP3_7.1.26_1/TMP3_Platform/microblaze_0/standalone_domain/bsp/system.mss
TRACE::2026-01-07.23:02:22::SCWPlatform::Trying to open the hw design at C:/Users/User/Documents/GitHub/AHE_Group_G/workspace_TMP3_7.1.26_1/TMP3_Platform/hw/TMP3_pmod_wrapper.xsa
TRACE::2026-01-07.23:02:22::SCWPlatform::DSA given C:/Users/User/Documents/GitHub/AHE_Group_G/workspace_TMP3_7.1.26_1/TMP3_Platform/hw/TMP3_pmod_wrapper.xsa
TRACE::2026-01-07.23:02:22::SCWPlatform::DSA absoulate path C:/Users/User/Documents/GitHub/AHE_Group_G/workspace_TMP3_7.1.26_1/TMP3_Platform/hw/TMP3_pmod_wrapper.xsa
TRACE::2026-01-07.23:02:22::SCWPlatform::DSA directory C:/Users/User/Documents/GitHub/AHE_Group_G/workspace_TMP3_7.1.26_1/TMP3_Platform/hw
TRACE::2026-01-07.23:02:22::SCWPlatform:: Platform Path C:/Users/User/Documents/GitHub/AHE_Group_G/workspace_TMP3_7.1.26_1/TMP3_Platform/hw/TMP3_pmod_wrapper.xsa
TRACE::2026-01-07.23:02:22::SCWPlatform:: Unique name xilinx:::0.0
TRACE::2026-01-07.23:02:22::SCWPlatform::Trying to set the existing hwdb with name TMP3_pmod_wrapper_0
TRACE::2026-01-07.23:02:22::SCWPlatform::Opened existing hwdb TMP3_pmod_wrapper_0
TRACE::2026-01-07.23:02:22::SCWPlatform::Found the Hw Db part of the input DSA
TRACE::2026-01-07.23:02:22::SCWMssOS::Checking the sw design at  C:/Users/User/Documents/GitHub/AHE_Group_G/workspace_TMP3_7.1.26_1/TMP3_Platform/microblaze_0/standalone_domain/bsp/system.mss
TRACE::2026-01-07.23:02:22::SCWMssOS::DEBUG:  swdes dump  C:/Users/User/Documents/GitHub/AHE_Group_G/workspace_TMP3_7.1.26_1/TMP3_Platform/microblaze_0/standalone_domain/bsp/system.mss|system||

TRACE::2026-01-07.23:02:22::SCWMssOS::Sw design exists and opened at  C:/Users/User/Documents/GitHub/AHE_Group_G/workspace_TMP3_7.1.26_1/TMP3_Platform/microblaze_0/standalone_domain/bsp/system.mss
TRACE::2026-01-07.23:02:22::SCWWriter::formatted JSON is {
	"platformName":	"TMP3_Platform",
	"sprVersion":	"2.0",
	"mode":	"gui",
	"dsaType":	"Fixed",
	"platformDesc":	"TMP3_Platform",
	"platHandOff":	"C:/Users/User/Documents/GitHub/Hardware_vhdl_ip_files/TMP3_block_7.1_1/TMP3_pmod_wrapper.xsa",
	"platIntHandOff":	"<platformDir>/hw/TMP3_pmod_wrapper.xsa",
	"deviceType":	"FPGA",
	"platIsPrebuiltAutogen":	"false",
	"platIsNoBootBsp":	"false",
	"hasFsblMakeHasChanges":	"false",
	"hasPmufwMakeHasChanges":	"false",
	"platPreBuiltFlag":	false,
	"platformSamplesDir":	"",
	"platActiveSys":	"TMP3_Platform",
	"systems":	[{
			"systemName":	"TMP3_Platform",
			"systemDesc":	"TMP3_Platform",
			"sysIsBootAutoGen":	"true",
			"systemDispName":	"TMP3_Platform",
			"sysActiveDom":	"standalone_domain",
			"sysDefaultDom":	"standalone_domain",
			"domains":	[{
					"domainName":	"standalone_domain",
					"domainDispName":	"standalone_domain",
					"domainDesc":	"standalone_domain",
					"processors":	"microblaze_0",
					"os":	"standalone",
					"sdxOs":	"standalone",
					"debugEnable":	"False",
					"domRuntimes":	["cpp"],
					"swRepo":	"",
					"mssOsVer":	"7.6",
					"mssFile":	"",
					"md5Digest":	"d6a3b57a5267393b8d497d79c2949060",
					"compatibleApp":	"",
					"domType":	"mssDomain",
					"arch":	"32-bit",
					"appSettings":	{
						"appCompilerFlags":	"",
						"appLinkerFlags":	""
					},
					"addedLibs":	[],
					"libOptions":	{
						"libsContainingOptions":	[]
					},
					"prebuiltLibs":	{
						"prebuiltIncPath":	[],
						"prebuiltLibPath":	[]
					},
					"isolation":	{
					}
				}]
		}]
}
TRACE::2026-01-07.23:02:22::SCWPlatform::Trying to open the hw design at C:/Users/User/Documents/GitHub/AHE_Group_G/workspace_TMP3_7.1.26_1/TMP3_Platform/hw/TMP3_pmod_wrapper.xsa
TRACE::2026-01-07.23:02:22::SCWPlatform::DSA given C:/Users/User/Documents/GitHub/AHE_Group_G/workspace_TMP3_7.1.26_1/TMP3_Platform/hw/TMP3_pmod_wrapper.xsa
TRACE::2026-01-07.23:02:22::SCWPlatform::DSA absoulate path C:/Users/User/Documents/GitHub/AHE_Group_G/workspace_TMP3_7.1.26_1/TMP3_Platform/hw/TMP3_pmod_wrapper.xsa
TRACE::2026-01-07.23:02:22::SCWPlatform::DSA directory C:/Users/User/Documents/GitHub/AHE_Group_G/workspace_TMP3_7.1.26_1/TMP3_Platform/hw
TRACE::2026-01-07.23:02:22::SCWPlatform:: Platform Path C:/Users/User/Documents/GitHub/AHE_Group_G/workspace_TMP3_7.1.26_1/TMP3_Platform/hw/TMP3_pmod_wrapper.xsa
TRACE::2026-01-07.23:02:22::SCWPlatform:: Unique name xilinx:::0.0
TRACE::2026-01-07.23:02:22::SCWPlatform::Trying to set the existing hwdb with name TMP3_pmod_wrapper_0
TRACE::2026-01-07.23:02:22::SCWPlatform::Opened existing hwdb TMP3_pmod_wrapper_0
TRACE::2026-01-07.23:02:22::SCWPlatform::Found the Hw Db part of the input DSA
TRACE::2026-01-07.23:02:22::SCWMssOS::Checking the sw design at  C:/Users/User/Documents/GitHub/AHE_Group_G/workspace_TMP3_7.1.26_1/TMP3_Platform/microblaze_0/standalone_domain/bsp/system.mss
TRACE::2026-01-07.23:02:22::SCWMssOS::DEBUG:  swdes dump  C:/Users/User/Documents/GitHub/AHE_Group_G/workspace_TMP3_7.1.26_1/TMP3_Platform/microblaze_0/standalone_domain/bsp/system.mss|system||

TRACE::2026-01-07.23:02:22::SCWMssOS::Sw design exists and opened at  C:/Users/User/Documents/GitHub/AHE_Group_G/workspace_TMP3_7.1.26_1/TMP3_Platform/microblaze_0/standalone_domain/bsp/system.mss
TRACE::2026-01-07.23:02:22::SCWPlatform::Trying to open the hw design at C:/Users/User/Documents/GitHub/AHE_Group_G/workspace_TMP3_7.1.26_1/TMP3_Platform/hw/TMP3_pmod_wrapper.xsa
TRACE::2026-01-07.23:02:22::SCWPlatform::DSA given C:/Users/User/Documents/GitHub/AHE_Group_G/workspace_TMP3_7.1.26_1/TMP3_Platform/hw/TMP3_pmod_wrapper.xsa
TRACE::2026-01-07.23:02:22::SCWPlatform::DSA absoulate path C:/Users/User/Documents/GitHub/AHE_Group_G/workspace_TMP3_7.1.26_1/TMP3_Platform/hw/TMP3_pmod_wrapper.xsa
TRACE::2026-01-07.23:02:22::SCWPlatform::DSA directory C:/Users/User/Documents/GitHub/AHE_Group_G/workspace_TMP3_7.1.26_1/TMP3_Platform/hw
TRACE::2026-01-07.23:02:22::SCWPlatform:: Platform Path C:/Users/User/Documents/GitHub/AHE_Group_G/workspace_TMP3_7.1.26_1/TMP3_Platform/hw/TMP3_pmod_wrapper.xsa
TRACE::2026-01-07.23:02:22::SCWPlatform:: Unique name xilinx:::0.0
TRACE::2026-01-07.23:02:22::SCWPlatform::Trying to set the existing hwdb with name TMP3_pmod_wrapper_0
TRACE::2026-01-07.23:02:22::SCWPlatform::Opened existing hwdb TMP3_pmod_wrapper_0
TRACE::2026-01-07.23:02:22::SCWPlatform::Found the Hw Db part of the input DSA
TRACE::2026-01-07.23:02:22::SCWMssOS::Checking the sw design at  C:/Users/User/Documents/GitHub/AHE_Group_G/workspace_TMP3_7.1.26_1/TMP3_Platform/microblaze_0/standalone_domain/bsp/system.mss
TRACE::2026-01-07.23:02:22::SCWMssOS::DEBUG:  swdes dump  C:/Users/User/Documents/GitHub/AHE_Group_G/workspace_TMP3_7.1.26_1/TMP3_Platform/microblaze_0/standalone_domain/bsp/system.mss|system||

TRACE::2026-01-07.23:02:22::SCWMssOS::Sw design exists and opened at  C:/Users/User/Documents/GitHub/AHE_Group_G/workspace_TMP3_7.1.26_1/TMP3_Platform/microblaze_0/standalone_domain/bsp/system.mss
TRACE::2026-01-07.23:02:22::SCWPlatform::Trying to open the hw design at C:/Users/User/Documents/GitHub/AHE_Group_G/workspace_TMP3_7.1.26_1/TMP3_Platform/hw/TMP3_pmod_wrapper.xsa
TRACE::2026-01-07.23:02:22::SCWPlatform::DSA given C:/Users/User/Documents/GitHub/AHE_Group_G/workspace_TMP3_7.1.26_1/TMP3_Platform/hw/TMP3_pmod_wrapper.xsa
TRACE::2026-01-07.23:02:22::SCWPlatform::DSA absoulate path C:/Users/User/Documents/GitHub/AHE_Group_G/workspace_TMP3_7.1.26_1/TMP3_Platform/hw/TMP3_pmod_wrapper.xsa
TRACE::2026-01-07.23:02:22::SCWPlatform::DSA directory C:/Users/User/Documents/GitHub/AHE_Group_G/workspace_TMP3_7.1.26_1/TMP3_Platform/hw
TRACE::2026-01-07.23:02:22::SCWPlatform:: Platform Path C:/Users/User/Documents/GitHub/AHE_Group_G/workspace_TMP3_7.1.26_1/TMP3_Platform/hw/TMP3_pmod_wrapper.xsa
TRACE::2026-01-07.23:02:22::SCWPlatform:: Unique name xilinx:::0.0
TRACE::2026-01-07.23:02:22::SCWPlatform::Trying to set the existing hwdb with name TMP3_pmod_wrapper_0
TRACE::2026-01-07.23:02:22::SCWPlatform::Opened existing hwdb TMP3_pmod_wrapper_0
TRACE::2026-01-07.23:02:22::SCWPlatform::Found the Hw Db part of the input DSA
TRACE::2026-01-07.23:02:22::SCWMssOS::Checking the sw design at  C:/Users/User/Documents/GitHub/AHE_Group_G/workspace_TMP3_7.1.26_1/TMP3_Platform/microblaze_0/standalone_domain/bsp/system.mss
TRACE::2026-01-07.23:02:22::SCWMssOS::DEBUG:  swdes dump  C:/Users/User/Documents/GitHub/AHE_Group_G/workspace_TMP3_7.1.26_1/TMP3_Platform/microblaze_0/standalone_domain/bsp/system.mss|system||

TRACE::2026-01-07.23:02:22::SCWMssOS::Sw design exists and opened at  C:/Users/User/Documents/GitHub/AHE_Group_G/workspace_TMP3_7.1.26_1/TMP3_Platform/microblaze_0/standalone_domain/bsp/system.mss
TRACE::2026-01-07.23:02:22::SCWMssOS::Saving the mss changes C:/Users/User/Documents/GitHub/AHE_Group_G/workspace_TMP3_7.1.26_1/TMP3_Platform/microblaze_0/standalone_domain/bsp/system.mss
TRACE::2026-01-07.23:02:22::SCWMssOS::Found a swdesign opened with the mssfile.
TRACE::2026-01-07.23:02:22::SCWMssOS::Completed writemss as part of save.
TRACE::2026-01-07.23:02:22::SCWMssOS::Commit changes completed.
TRACE::2026-01-07.23:02:22::SCWPlatform::Trying to open the hw design at C:/Users/User/Documents/GitHub/AHE_Group_G/workspace_TMP3_7.1.26_1/TMP3_Platform/hw/TMP3_pmod_wrapper.xsa
TRACE::2026-01-07.23:02:22::SCWPlatform::DSA given C:/Users/User/Documents/GitHub/AHE_Group_G/workspace_TMP3_7.1.26_1/TMP3_Platform/hw/TMP3_pmod_wrapper.xsa
TRACE::2026-01-07.23:02:22::SCWPlatform::DSA absoulate path C:/Users/User/Documents/GitHub/AHE_Group_G/workspace_TMP3_7.1.26_1/TMP3_Platform/hw/TMP3_pmod_wrapper.xsa
TRACE::2026-01-07.23:02:22::SCWPlatform::DSA directory C:/Users/User/Documents/GitHub/AHE_Group_G/workspace_TMP3_7.1.26_1/TMP3_Platform/hw
TRACE::2026-01-07.23:02:22::SCWPlatform:: Platform Path C:/Users/User/Documents/GitHub/AHE_Group_G/workspace_TMP3_7.1.26_1/TMP3_Platform/hw/TMP3_pmod_wrapper.xsa
TRACE::2026-01-07.23:02:22::SCWPlatform:: Unique name xilinx:::0.0
TRACE::2026-01-07.23:02:22::SCWPlatform::Trying to set the existing hwdb with name TMP3_pmod_wrapper_0
TRACE::2026-01-07.23:02:22::SCWPlatform::Opened existing hwdb TMP3_pmod_wrapper_0
TRACE::2026-01-07.23:02:22::SCWPlatform::Found the Hw Db part of the input DSA
TRACE::2026-01-07.23:02:22::SCWMssOS::Checking the sw design at  C:/Users/User/Documents/GitHub/AHE_Group_G/workspace_TMP3_7.1.26_1/TMP3_Platform/microblaze_0/standalone_domain/bsp/system.mss
TRACE::2026-01-07.23:02:22::SCWMssOS::DEBUG:  swdes dump  C:/Users/User/Documents/GitHub/AHE_Group_G/workspace_TMP3_7.1.26_1/TMP3_Platform/microblaze_0/standalone_domain/bsp/system.mss|system||

TRACE::2026-01-07.23:02:22::SCWMssOS::Sw design exists and opened at  C:/Users/User/Documents/GitHub/AHE_Group_G/workspace_TMP3_7.1.26_1/TMP3_Platform/microblaze_0/standalone_domain/bsp/system.mss
TRACE::2026-01-07.23:02:22::SCWPlatform::Trying to open the hw design at C:/Users/User/Documents/GitHub/AHE_Group_G/workspace_TMP3_7.1.26_1/TMP3_Platform/hw/TMP3_pmod_wrapper.xsa
TRACE::2026-01-07.23:02:22::SCWPlatform::DSA given C:/Users/User/Documents/GitHub/AHE_Group_G/workspace_TMP3_7.1.26_1/TMP3_Platform/hw/TMP3_pmod_wrapper.xsa
TRACE::2026-01-07.23:02:22::SCWPlatform::DSA absoulate path C:/Users/User/Documents/GitHub/AHE_Group_G/workspace_TMP3_7.1.26_1/TMP3_Platform/hw/TMP3_pmod_wrapper.xsa
TRACE::2026-01-07.23:02:22::SCWPlatform::DSA directory C:/Users/User/Documents/GitHub/AHE_Group_G/workspace_TMP3_7.1.26_1/TMP3_Platform/hw
TRACE::2026-01-07.23:02:22::SCWPlatform:: Platform Path C:/Users/User/Documents/GitHub/AHE_Group_G/workspace_TMP3_7.1.26_1/TMP3_Platform/hw/TMP3_pmod_wrapper.xsa
TRACE::2026-01-07.23:02:22::SCWPlatform:: Unique name xilinx:::0.0
TRACE::2026-01-07.23:02:22::SCWPlatform::Trying to set the existing hwdb with name TMP3_pmod_wrapper_0
TRACE::2026-01-07.23:02:22::SCWPlatform::Opened existing hwdb TMP3_pmod_wrapper_0
TRACE::2026-01-07.23:02:22::SCWPlatform::Found the Hw Db part of the input DSA
TRACE::2026-01-07.23:02:22::SCWMssOS::Checking the sw design at  C:/Users/User/Documents/GitHub/AHE_Group_G/workspace_TMP3_7.1.26_1/TMP3_Platform/microblaze_0/standalone_domain/bsp/system.mss
TRACE::2026-01-07.23:02:22::SCWMssOS::DEBUG:  swdes dump  C:/Users/User/Documents/GitHub/AHE_Group_G/workspace_TMP3_7.1.26_1/TMP3_Platform/microblaze_0/standalone_domain/bsp/system.mss|system||

TRACE::2026-01-07.23:02:22::SCWMssOS::Sw design exists and opened at  C:/Users/User/Documents/GitHub/AHE_Group_G/workspace_TMP3_7.1.26_1/TMP3_Platform/microblaze_0/standalone_domain/bsp/system.mss
TRACE::2026-01-07.23:02:22::SCWPlatform::Trying to open the hw design at C:/Users/User/Documents/GitHub/AHE_Group_G/workspace_TMP3_7.1.26_1/TMP3_Platform/hw/TMP3_pmod_wrapper.xsa
TRACE::2026-01-07.23:02:22::SCWPlatform::DSA given C:/Users/User/Documents/GitHub/AHE_Group_G/workspace_TMP3_7.1.26_1/TMP3_Platform/hw/TMP3_pmod_wrapper.xsa
TRACE::2026-01-07.23:02:22::SCWPlatform::DSA absoulate path C:/Users/User/Documents/GitHub/AHE_Group_G/workspace_TMP3_7.1.26_1/TMP3_Platform/hw/TMP3_pmod_wrapper.xsa
TRACE::2026-01-07.23:02:22::SCWPlatform::DSA directory C:/Users/User/Documents/GitHub/AHE_Group_G/workspace_TMP3_7.1.26_1/TMP3_Platform/hw
TRACE::2026-01-07.23:02:22::SCWPlatform:: Platform Path C:/Users/User/Documents/GitHub/AHE_Group_G/workspace_TMP3_7.1.26_1/TMP3_Platform/hw/TMP3_pmod_wrapper.xsa
TRACE::2026-01-07.23:02:22::SCWPlatform:: Unique name xilinx:::0.0
TRACE::2026-01-07.23:02:22::SCWPlatform::Trying to set the existing hwdb with name TMP3_pmod_wrapper_0
TRACE::2026-01-07.23:02:22::SCWPlatform::Opened existing hwdb TMP3_pmod_wrapper_0
TRACE::2026-01-07.23:02:22::SCWPlatform::Found the Hw Db part of the input DSA
TRACE::2026-01-07.23:02:22::SCWMssOS::Checking the sw design at  C:/Users/User/Documents/GitHub/AHE_Group_G/workspace_TMP3_7.1.26_1/TMP3_Platform/microblaze_0/standalone_domain/bsp/system.mss
TRACE::2026-01-07.23:02:22::SCWMssOS::DEBUG:  swdes dump  C:/Users/User/Documents/GitHub/AHE_Group_G/workspace_TMP3_7.1.26_1/TMP3_Platform/microblaze_0/standalone_domain/bsp/system.mss|system||

TRACE::2026-01-07.23:02:22::SCWMssOS::Sw design exists and opened at  C:/Users/User/Documents/GitHub/AHE_Group_G/workspace_TMP3_7.1.26_1/TMP3_Platform/microblaze_0/standalone_domain/bsp/system.mss
TRACE::2026-01-07.23:02:22::SCWWriter::formatted JSON is {
	"platformName":	"TMP3_Platform",
	"sprVersion":	"2.0",
	"mode":	"gui",
	"dsaType":	"Fixed",
	"platformDesc":	"TMP3_Platform",
	"platHandOff":	"C:/Users/User/Documents/GitHub/Hardware_vhdl_ip_files/TMP3_block_7.1_1/TMP3_pmod_wrapper.xsa",
	"platIntHandOff":	"<platformDir>/hw/TMP3_pmod_wrapper.xsa",
	"deviceType":	"FPGA",
	"platIsPrebuiltAutogen":	"false",
	"platIsNoBootBsp":	"false",
	"hasFsblMakeHasChanges":	"false",
	"hasPmufwMakeHasChanges":	"false",
	"platPreBuiltFlag":	false,
	"platformSamplesDir":	"",
	"platActiveSys":	"TMP3_Platform",
	"systems":	[{
			"systemName":	"TMP3_Platform",
			"systemDesc":	"TMP3_Platform",
			"sysIsBootAutoGen":	"true",
			"systemDispName":	"TMP3_Platform",
			"sysActiveDom":	"standalone_domain",
			"sysDefaultDom":	"standalone_domain",
			"domains":	[{
					"domainName":	"standalone_domain",
					"domainDispName":	"standalone on microblaze_0",
					"domainDesc":	"standalone_domain",
					"processors":	"microblaze_0",
					"os":	"standalone",
					"sdxOs":	"standalone",
					"debugEnable":	"False",
					"domRuntimes":	["cpp"],
					"swRepo":	"",
					"mssOsVer":	"7.6",
					"mssFile":	"",
					"md5Digest":	"d6a3b57a5267393b8d497d79c2949060",
					"compatibleApp":	"",
					"domType":	"mssDomain",
					"arch":	"32-bit",
					"appSettings":	{
						"appCompilerFlags":	"",
						"appLinkerFlags":	""
					},
					"addedLibs":	[],
					"libOptions":	{
						"libsContainingOptions":	[]
					},
					"prebuiltLibs":	{
						"prebuiltIncPath":	[],
						"prebuiltLibPath":	[]
					},
					"isolation":	{
					}
				}]
		}]
}
TRACE::2026-01-07.23:02:22::SCWMssOS::Saving the mss changes C:/Users/User/Documents/GitHub/AHE_Group_G/workspace_TMP3_7.1.26_1/TMP3_Platform/microblaze_0/standalone_domain/bsp/system.mss
TRACE::2026-01-07.23:02:22::SCWMssOS::Found a swdesign opened with the mssfile.
TRACE::2026-01-07.23:02:22::SCWMssOS::Completed writemss as part of save.
TRACE::2026-01-07.23:02:22::SCWMssOS::Commit changes completed.
TRACE::2026-01-07.23:02:22::SCWPlatform::Trying to open the hw design at C:/Users/User/Documents/GitHub/AHE_Group_G/workspace_TMP3_7.1.26_1/TMP3_Platform/hw/TMP3_pmod_wrapper.xsa
TRACE::2026-01-07.23:02:22::SCWPlatform::DSA given C:/Users/User/Documents/GitHub/AHE_Group_G/workspace_TMP3_7.1.26_1/TMP3_Platform/hw/TMP3_pmod_wrapper.xsa
TRACE::2026-01-07.23:02:22::SCWPlatform::DSA absoulate path C:/Users/User/Documents/GitHub/AHE_Group_G/workspace_TMP3_7.1.26_1/TMP3_Platform/hw/TMP3_pmod_wrapper.xsa
TRACE::2026-01-07.23:02:22::SCWPlatform::DSA directory C:/Users/User/Documents/GitHub/AHE_Group_G/workspace_TMP3_7.1.26_1/TMP3_Platform/hw
TRACE::2026-01-07.23:02:22::SCWPlatform:: Platform Path C:/Users/User/Documents/GitHub/AHE_Group_G/workspace_TMP3_7.1.26_1/TMP3_Platform/hw/TMP3_pmod_wrapper.xsa
TRACE::2026-01-07.23:02:22::SCWPlatform:: Unique name xilinx:::0.0
TRACE::2026-01-07.23:02:22::SCWPlatform::Trying to set the existing hwdb with name TMP3_pmod_wrapper_0
TRACE::2026-01-07.23:02:22::SCWPlatform::Opened existing hwdb TMP3_pmod_wrapper_0
TRACE::2026-01-07.23:02:22::SCWPlatform::Found the Hw Db part of the input DSA
TRACE::2026-01-07.23:02:22::SCWMssOS::Checking the sw design at  C:/Users/User/Documents/GitHub/AHE_Group_G/workspace_TMP3_7.1.26_1/TMP3_Platform/microblaze_0/standalone_domain/bsp/system.mss
TRACE::2026-01-07.23:02:22::SCWMssOS::DEBUG:  swdes dump  C:/Users/User/Documents/GitHub/AHE_Group_G/workspace_TMP3_7.1.26_1/TMP3_Platform/microblaze_0/standalone_domain/bsp/system.mss|system||

TRACE::2026-01-07.23:02:22::SCWMssOS::Sw design exists and opened at  C:/Users/User/Documents/GitHub/AHE_Group_G/workspace_TMP3_7.1.26_1/TMP3_Platform/microblaze_0/standalone_domain/bsp/system.mss
TRACE::2026-01-07.23:02:22::SCWPlatform::Trying to open the hw design at C:/Users/User/Documents/GitHub/AHE_Group_G/workspace_TMP3_7.1.26_1/TMP3_Platform/hw/TMP3_pmod_wrapper.xsa
TRACE::2026-01-07.23:02:22::SCWPlatform::DSA given C:/Users/User/Documents/GitHub/AHE_Group_G/workspace_TMP3_7.1.26_1/TMP3_Platform/hw/TMP3_pmod_wrapper.xsa
TRACE::2026-01-07.23:02:22::SCWPlatform::DSA absoulate path C:/Users/User/Documents/GitHub/AHE_Group_G/workspace_TMP3_7.1.26_1/TMP3_Platform/hw/TMP3_pmod_wrapper.xsa
TRACE::2026-01-07.23:02:22::SCWPlatform::DSA directory C:/Users/User/Documents/GitHub/AHE_Group_G/workspace_TMP3_7.1.26_1/TMP3_Platform/hw
TRACE::2026-01-07.23:02:22::SCWPlatform:: Platform Path C:/Users/User/Documents/GitHub/AHE_Group_G/workspace_TMP3_7.1.26_1/TMP3_Platform/hw/TMP3_pmod_wrapper.xsa
TRACE::2026-01-07.23:02:22::SCWPlatform:: Unique name xilinx:::0.0
TRACE::2026-01-07.23:02:22::SCWPlatform::Trying to set the existing hwdb with name TMP3_pmod_wrapper_0
TRACE::2026-01-07.23:02:22::SCWPlatform::Opened existing hwdb TMP3_pmod_wrapper_0
TRACE::2026-01-07.23:02:22::SCWPlatform::Found the Hw Db part of the input DSA
TRACE::2026-01-07.23:02:22::SCWMssOS::Checking the sw design at  C:/Users/User/Documents/GitHub/AHE_Group_G/workspace_TMP3_7.1.26_1/TMP3_Platform/microblaze_0/standalone_domain/bsp/system.mss
TRACE::2026-01-07.23:02:22::SCWMssOS::DEBUG:  swdes dump  C:/Users/User/Documents/GitHub/AHE_Group_G/workspace_TMP3_7.1.26_1/TMP3_Platform/microblaze_0/standalone_domain/bsp/system.mss|system||

TRACE::2026-01-07.23:02:22::SCWMssOS::Sw design exists and opened at  C:/Users/User/Documents/GitHub/AHE_Group_G/workspace_TMP3_7.1.26_1/TMP3_Platform/microblaze_0/standalone_domain/bsp/system.mss
TRACE::2026-01-07.23:02:22::SCWPlatform::Trying to open the hw design at C:/Users/User/Documents/GitHub/AHE_Group_G/workspace_TMP3_7.1.26_1/TMP3_Platform/hw/TMP3_pmod_wrapper.xsa
TRACE::2026-01-07.23:02:22::SCWPlatform::DSA given C:/Users/User/Documents/GitHub/AHE_Group_G/workspace_TMP3_7.1.26_1/TMP3_Platform/hw/TMP3_pmod_wrapper.xsa
TRACE::2026-01-07.23:02:22::SCWPlatform::DSA absoulate path C:/Users/User/Documents/GitHub/AHE_Group_G/workspace_TMP3_7.1.26_1/TMP3_Platform/hw/TMP3_pmod_wrapper.xsa
TRACE::2026-01-07.23:02:22::SCWPlatform::DSA directory C:/Users/User/Documents/GitHub/AHE_Group_G/workspace_TMP3_7.1.26_1/TMP3_Platform/hw
TRACE::2026-01-07.23:02:22::SCWPlatform:: Platform Path C:/Users/User/Documents/GitHub/AHE_Group_G/workspace_TMP3_7.1.26_1/TMP3_Platform/hw/TMP3_pmod_wrapper.xsa
TRACE::2026-01-07.23:02:22::SCWPlatform:: Unique name xilinx:::0.0
TRACE::2026-01-07.23:02:22::SCWPlatform::Trying to set the existing hwdb with name TMP3_pmod_wrapper_0
TRACE::2026-01-07.23:02:22::SCWPlatform::Opened existing hwdb TMP3_pmod_wrapper_0
TRACE::2026-01-07.23:02:22::SCWPlatform::Found the Hw Db part of the input DSA
TRACE::2026-01-07.23:02:22::SCWMssOS::Checking the sw design at  C:/Users/User/Documents/GitHub/AHE_Group_G/workspace_TMP3_7.1.26_1/TMP3_Platform/microblaze_0/standalone_domain/bsp/system.mss
TRACE::2026-01-07.23:02:22::SCWMssOS::DEBUG:  swdes dump  C:/Users/User/Documents/GitHub/AHE_Group_G/workspace_TMP3_7.1.26_1/TMP3_Platform/microblaze_0/standalone_domain/bsp/system.mss|system||

TRACE::2026-01-07.23:02:22::SCWMssOS::Sw design exists and opened at  C:/Users/User/Documents/GitHub/AHE_Group_G/workspace_TMP3_7.1.26_1/TMP3_Platform/microblaze_0/standalone_domain/bsp/system.mss
TRACE::2026-01-07.23:02:22::SCWWriter::formatted JSON is {
	"platformName":	"TMP3_Platform",
	"sprVersion":	"2.0",
	"mode":	"gui",
	"dsaType":	"Fixed",
	"platformDesc":	"TMP3_Platform",
	"platHandOff":	"C:/Users/User/Documents/GitHub/Hardware_vhdl_ip_files/TMP3_block_7.1_1/TMP3_pmod_wrapper.xsa",
	"platIntHandOff":	"<platformDir>/hw/TMP3_pmod_wrapper.xsa",
	"deviceType":	"FPGA",
	"platIsPrebuiltAutogen":	"false",
	"platIsNoBootBsp":	"false",
	"hasFsblMakeHasChanges":	"false",
	"hasPmufwMakeHasChanges":	"false",
	"platPreBuiltFlag":	false,
	"platformSamplesDir":	"",
	"platActiveSys":	"TMP3_Platform",
	"systems":	[{
			"systemName":	"TMP3_Platform",
			"systemDesc":	"TMP3_Platform",
			"sysIsBootAutoGen":	"true",
			"systemDispName":	"TMP3_Platform",
			"sysActiveDom":	"standalone_domain",
			"sysDefaultDom":	"standalone_domain",
			"domains":	[{
					"domainName":	"standalone_domain",
					"domainDispName":	"standalone on microblaze_0",
					"domainDesc":	"standalone_domain",
					"processors":	"microblaze_0",
					"os":	"standalone",
					"sdxOs":	"standalone",
					"debugEnable":	"False",
					"domRuntimes":	["cpp"],
					"swRepo":	"",
					"mssOsVer":	"7.6",
					"mssFile":	"",
					"md5Digest":	"d6a3b57a5267393b8d497d79c2949060",
					"compatibleApp":	"",
					"domType":	"mssDomain",
					"arch":	"32-bit",
					"appSettings":	{
						"appCompilerFlags":	"",
						"appLinkerFlags":	""
					},
					"addedLibs":	[],
					"libOptions":	{
						"libsContainingOptions":	[]
					},
					"prebuiltLibs":	{
						"prebuiltIncPath":	[],
						"prebuiltLibPath":	[]
					},
					"isolation":	{
					}
				}]
		}]
}
TRACE::2026-01-07.23:02:22::SCWPlatform::Clearing the existing platform
TRACE::2026-01-07.23:02:22::SCWSystem::Clearing the existing sysconfig
TRACE::2026-01-07.23:02:22::SCWMssOS::Removing the swdes entry for  C:/Users/User/Documents/GitHub/AHE_Group_G/workspace_TMP3_7.1.26_1/TMP3_Platform/microblaze_0/standalone_domain/bsp/system.mss
TRACE::2026-01-07.23:02:22::SCWSystem::Clearing the domains completed.
TRACE::2026-01-07.23:02:22::SCWPlatform::Clearing the opened hw db.
TRACE::2026-01-07.23:02:22::SCWPlatform::DSA given C:/Users/User/Documents/GitHub/AHE_Group_G/workspace_TMP3_7.1.26_1/TMP3_Platform/hw/TMP3_pmod_wrapper.xsa
TRACE::2026-01-07.23:02:22::SCWPlatform::DSA absoulate path C:/Users/User/Documents/GitHub/AHE_Group_G/workspace_TMP3_7.1.26_1/TMP3_Platform/hw/TMP3_pmod_wrapper.xsa
TRACE::2026-01-07.23:02:22::SCWPlatform:: Platform location is C:/Users/User/Documents/GitHub/AHE_Group_G/workspace_TMP3_7.1.26_1/TMP3_Platform/hw
TRACE::2026-01-07.23:02:22::SCWPlatform:: Platform Path C:/Users/User/Documents/GitHub/AHE_Group_G/workspace_TMP3_7.1.26_1/TMP3_Platform/hw/TMP3_pmod_wrapper.xsa
TRACE::2026-01-07.23:02:22::SCWPlatform:: Unique name xilinx:::0.0
TRACE::2026-01-07.23:02:22::SCWPlatform::Removing the HwDB with name C:/Users/User/Documents/GitHub/AHE_Group_G/workspace_TMP3_7.1.26_1/TMP3_Platform/hw/TMP3_pmod_wrapper.xsa
TRACE::2026-01-07.23:02:22::SCWPlatform::Trying to open the hw design at C:/Users/User/Documents/GitHub/AHE_Group_G/workspace_TMP3_7.1.26_1/TMP3_Platform/hw/TMP3_pmod_wrapper.xsa
TRACE::2026-01-07.23:02:22::SCWPlatform::DSA given C:/Users/User/Documents/GitHub/AHE_Group_G/workspace_TMP3_7.1.26_1/TMP3_Platform/hw/TMP3_pmod_wrapper.xsa
TRACE::2026-01-07.23:02:22::SCWPlatform::DSA absoulate path C:/Users/User/Documents/GitHub/AHE_Group_G/workspace_TMP3_7.1.26_1/TMP3_Platform/hw/TMP3_pmod_wrapper.xsa
TRACE::2026-01-07.23:02:22::SCWPlatform::DSA directory C:/Users/User/Documents/GitHub/AHE_Group_G/workspace_TMP3_7.1.26_1/TMP3_Platform/hw
TRACE::2026-01-07.23:02:22::SCWPlatform:: Platform Path C:/Users/User/Documents/GitHub/AHE_Group_G/workspace_TMP3_7.1.26_1/TMP3_Platform/hw/TMP3_pmod_wrapper.xsa
TRACE::2026-01-07.23:02:22::SCWPlatform:: Unique name xilinx:::0.0
TRACE::2026-01-07.23:02:22::SCWPlatform::Do not have an existing db opened. 
TRACE::2026-01-07.23:02:23::SCWPlatform::Opened new HwDB with name TMP3_pmod_wrapper_1
TRACE::2026-01-07.23:02:23::SCWReader::Active system found as  TMP3_Platform
TRACE::2026-01-07.23:02:23::SCWReader::Handling sysconfig TMP3_Platform
TRACE::2026-01-07.23:02:23::SCWDomain::checking for install qemu data   : 
TRACE::2026-01-07.23:02:23::SCWPlatform::Trying to open the hw design at C:/Users/User/Documents/GitHub/AHE_Group_G/workspace_TMP3_7.1.26_1/TMP3_Platform/hw/TMP3_pmod_wrapper.xsa
TRACE::2026-01-07.23:02:23::SCWPlatform::DSA given C:/Users/User/Documents/GitHub/AHE_Group_G/workspace_TMP3_7.1.26_1/TMP3_Platform/hw/TMP3_pmod_wrapper.xsa
TRACE::2026-01-07.23:02:23::SCWPlatform::DSA absoulate path C:/Users/User/Documents/GitHub/AHE_Group_G/workspace_TMP3_7.1.26_1/TMP3_Platform/hw/TMP3_pmod_wrapper.xsa
TRACE::2026-01-07.23:02:23::SCWPlatform::DSA directory C:/Users/User/Documents/GitHub/AHE_Group_G/workspace_TMP3_7.1.26_1/TMP3_Platform/hw
TRACE::2026-01-07.23:02:23::SCWPlatform:: Platform Path C:/Users/User/Documents/GitHub/AHE_Group_G/workspace_TMP3_7.1.26_1/TMP3_Platform/hw/TMP3_pmod_wrapper.xsa
TRACE::2026-01-07.23:02:23::SCWPlatform:: Unique name xilinx:::0.0
TRACE::2026-01-07.23:02:23::SCWPlatform::Trying to set the existing hwdb with name TMP3_pmod_wrapper_1
TRACE::2026-01-07.23:02:23::SCWPlatform::Opened existing hwdb TMP3_pmod_wrapper_1
TRACE::2026-01-07.23:02:23::SCWPlatform::Found the Hw Db part of the input DSA
TRACE::2026-01-07.23:02:23::SCWPlatform::Trying to open the hw design at C:/Users/User/Documents/GitHub/AHE_Group_G/workspace_TMP3_7.1.26_1/TMP3_Platform/hw/TMP3_pmod_wrapper.xsa
TRACE::2026-01-07.23:02:23::SCWPlatform::DSA given C:/Users/User/Documents/GitHub/AHE_Group_G/workspace_TMP3_7.1.26_1/TMP3_Platform/hw/TMP3_pmod_wrapper.xsa
TRACE::2026-01-07.23:02:23::SCWPlatform::DSA absoulate path C:/Users/User/Documents/GitHub/AHE_Group_G/workspace_TMP3_7.1.26_1/TMP3_Platform/hw/TMP3_pmod_wrapper.xsa
TRACE::2026-01-07.23:02:23::SCWPlatform::DSA directory C:/Users/User/Documents/GitHub/AHE_Group_G/workspace_TMP3_7.1.26_1/TMP3_Platform/hw
TRACE::2026-01-07.23:02:23::SCWPlatform:: Platform Path C:/Users/User/Documents/GitHub/AHE_Group_G/workspace_TMP3_7.1.26_1/TMP3_Platform/hw/TMP3_pmod_wrapper.xsa
TRACE::2026-01-07.23:02:23::SCWPlatform:: Unique name xilinx:::0.0
TRACE::2026-01-07.23:02:23::SCWPlatform::Trying to set the existing hwdb with name TMP3_pmod_wrapper_1
TRACE::2026-01-07.23:02:23::SCWPlatform::Opened existing hwdb TMP3_pmod_wrapper_1
TRACE::2026-01-07.23:02:23::SCWPlatform::Found the Hw Db part of the input DSA
TRACE::2026-01-07.23:02:23::SCWPlatform::Trying to open the hw design at C:/Users/User/Documents/GitHub/AHE_Group_G/workspace_TMP3_7.1.26_1/TMP3_Platform/hw/TMP3_pmod_wrapper.xsa
TRACE::2026-01-07.23:02:23::SCWPlatform::DSA given C:/Users/User/Documents/GitHub/AHE_Group_G/workspace_TMP3_7.1.26_1/TMP3_Platform/hw/TMP3_pmod_wrapper.xsa
TRACE::2026-01-07.23:02:23::SCWPlatform::DSA absoulate path C:/Users/User/Documents/GitHub/AHE_Group_G/workspace_TMP3_7.1.26_1/TMP3_Platform/hw/TMP3_pmod_wrapper.xsa
TRACE::2026-01-07.23:02:23::SCWPlatform::DSA directory C:/Users/User/Documents/GitHub/AHE_Group_G/workspace_TMP3_7.1.26_1/TMP3_Platform/hw
TRACE::2026-01-07.23:02:23::SCWPlatform:: Platform Path C:/Users/User/Documents/GitHub/AHE_Group_G/workspace_TMP3_7.1.26_1/TMP3_Platform/hw/TMP3_pmod_wrapper.xsa
TRACE::2026-01-07.23:02:23::SCWPlatform:: Unique name xilinx:::0.0
TRACE::2026-01-07.23:02:23::SCWPlatform::Trying to set the existing hwdb with name TMP3_pmod_wrapper_1
TRACE::2026-01-07.23:02:23::SCWPlatform::Opened existing hwdb TMP3_pmod_wrapper_1
TRACE::2026-01-07.23:02:23::SCWPlatform::Found the Hw Db part of the input DSA
TRACE::2026-01-07.23:02:23::SCWPlatform::Trying to open the hw design at C:/Users/User/Documents/GitHub/AHE_Group_G/workspace_TMP3_7.1.26_1/TMP3_Platform/hw/TMP3_pmod_wrapper.xsa
TRACE::2026-01-07.23:02:23::SCWPlatform::DSA given C:/Users/User/Documents/GitHub/AHE_Group_G/workspace_TMP3_7.1.26_1/TMP3_Platform/hw/TMP3_pmod_wrapper.xsa
TRACE::2026-01-07.23:02:23::SCWPlatform::DSA absoulate path C:/Users/User/Documents/GitHub/AHE_Group_G/workspace_TMP3_7.1.26_1/TMP3_Platform/hw/TMP3_pmod_wrapper.xsa
TRACE::2026-01-07.23:02:23::SCWPlatform::DSA directory C:/Users/User/Documents/GitHub/AHE_Group_G/workspace_TMP3_7.1.26_1/TMP3_Platform/hw
TRACE::2026-01-07.23:02:23::SCWPlatform:: Platform Path C:/Users/User/Documents/GitHub/AHE_Group_G/workspace_TMP3_7.1.26_1/TMP3_Platform/hw/TMP3_pmod_wrapper.xsa
TRACE::2026-01-07.23:02:23::SCWPlatform:: Unique name xilinx:::0.0
TRACE::2026-01-07.23:02:23::SCWPlatform::Trying to set the existing hwdb with name TMP3_pmod_wrapper_1
TRACE::2026-01-07.23:02:23::SCWPlatform::Opened existing hwdb TMP3_pmod_wrapper_1
TRACE::2026-01-07.23:02:23::SCWPlatform::Found the Hw Db part of the input DSA
TRACE::2026-01-07.23:02:23::SCWMssOS::Checking the sw design at  C:/Users/User/Documents/GitHub/AHE_Group_G/workspace_TMP3_7.1.26_1/TMP3_Platform/microblaze_0/standalone_domain/bsp/system.mss
TRACE::2026-01-07.23:02:23::SCWMssOS::DEBUG:  swdes dump  
TRACE::2026-01-07.23:02:23::SCWMssOS::No sw design opened at  C:/Users/User/Documents/GitHub/AHE_Group_G/workspace_TMP3_7.1.26_1/TMP3_Platform/microblaze_0/standalone_domain/bsp/system.mss
TRACE::2026-01-07.23:02:23::SCWMssOS::mss exists loading the mss file  C:/Users/User/Documents/GitHub/AHE_Group_G/workspace_TMP3_7.1.26_1/TMP3_Platform/microblaze_0/standalone_domain/bsp/system.mss
TRACE::2026-01-07.23:02:23::SCWMssOS::Opened the sw design from mss  C:/Users/User/Documents/GitHub/AHE_Group_G/workspace_TMP3_7.1.26_1/TMP3_Platform/microblaze_0/standalone_domain/bsp/system.mss
TRACE::2026-01-07.23:02:23::SCWMssOS::Adding the swdes entry C:/Users/User/Documents/GitHub/AHE_Group_G/workspace_TMP3_7.1.26_1/TMP3_Platform/microblaze_0/standalone_domain/bsp/system.mss with des name system
TRACE::2026-01-07.23:02:23::SCWMssOS::updating the scw layer about changes
TRACE::2026-01-07.23:02:23::SCWMssOS::Opened the sw design.  C:/Users/User/Documents/GitHub/AHE_Group_G/workspace_TMP3_7.1.26_1/TMP3_Platform/microblaze_0/standalone_domain/bsp/system.mss
TRACE::2026-01-07.23:02:23::SCWMssOS::Saving the mss changes C:/Users/User/Documents/GitHub/AHE_Group_G/workspace_TMP3_7.1.26_1/TMP3_Platform/microblaze_0/standalone_domain/bsp/system.mss
TRACE::2026-01-07.23:02:23::SCWMssOS::Found a swdesign opened with the mssfile.
TRACE::2026-01-07.23:02:23::SCWMssOS::Completed writemss as part of save.
TRACE::2026-01-07.23:02:23::SCWMssOS::Commit changes completed.
TRACE::2026-01-07.23:02:23::SCWReader::Adding prebuilt librarypaths as   
TRACE::2026-01-07.23:02:23::SCWReader::Adding prebuilt incpaths  as   
TRACE::2026-01-07.23:02:23::SCWPlatform::Trying to open the hw design at C:/Users/User/Documents/GitHub/AHE_Group_G/workspace_TMP3_7.1.26_1/TMP3_Platform/hw/TMP3_pmod_wrapper.xsa
TRACE::2026-01-07.23:02:23::SCWPlatform::DSA given C:/Users/User/Documents/GitHub/AHE_Group_G/workspace_TMP3_7.1.26_1/TMP3_Platform/hw/TMP3_pmod_wrapper.xsa
TRACE::2026-01-07.23:02:23::SCWPlatform::DSA absoulate path C:/Users/User/Documents/GitHub/AHE_Group_G/workspace_TMP3_7.1.26_1/TMP3_Platform/hw/TMP3_pmod_wrapper.xsa
TRACE::2026-01-07.23:02:23::SCWPlatform::DSA directory C:/Users/User/Documents/GitHub/AHE_Group_G/workspace_TMP3_7.1.26_1/TMP3_Platform/hw
TRACE::2026-01-07.23:02:23::SCWPlatform:: Platform Path C:/Users/User/Documents/GitHub/AHE_Group_G/workspace_TMP3_7.1.26_1/TMP3_Platform/hw/TMP3_pmod_wrapper.xsa
TRACE::2026-01-07.23:02:23::SCWPlatform:: Unique name xilinx:::0.0
TRACE::2026-01-07.23:02:23::SCWPlatform::Trying to set the existing hwdb with name TMP3_pmod_wrapper_1
TRACE::2026-01-07.23:02:23::SCWPlatform::Opened existing hwdb TMP3_pmod_wrapper_1
TRACE::2026-01-07.23:02:23::SCWPlatform::Found the Hw Db part of the input DSA
TRACE::2026-01-07.23:02:23::SCWMssOS::Checking the sw design at  C:/Users/User/Documents/GitHub/AHE_Group_G/workspace_TMP3_7.1.26_1/TMP3_Platform/microblaze_0/standalone_domain/bsp/system.mss
TRACE::2026-01-07.23:02:23::SCWMssOS::DEBUG:  swdes dump  C:/Users/User/Documents/GitHub/AHE_Group_G/workspace_TMP3_7.1.26_1/TMP3_Platform/microblaze_0/standalone_domain/bsp/system.mss|system||

TRACE::2026-01-07.23:02:23::SCWMssOS::Sw design exists and opened at  C:/Users/User/Documents/GitHub/AHE_Group_G/workspace_TMP3_7.1.26_1/TMP3_Platform/microblaze_0/standalone_domain/bsp/system.mss
TRACE::2026-01-07.23:02:23::SCWReader::No isolation master present  
LOG::2026-01-07.23:02:47::SCWPlatform::Started generating the artifacts platform TMP3_Platform
TRACE::2026-01-07.23:02:47::SCWPlatform::Sanity checking of platform is completed
LOG::2026-01-07.23:02:47::SCWPlatform::Started generating the artifacts for system configuration TMP3_Platform
LOG::2026-01-07.23:02:47::SCWSystem::Checking the domain standalone_domain
LOG::2026-01-07.23:02:47::SCWSystem::Not a boot domain 
LOG::2026-01-07.23:02:47::SCWSystem::Started Processing the domain standalone_domain
TRACE::2026-01-07.23:02:47::SCWDomain::Generating domain artifcats
TRACE::2026-01-07.23:02:47::SCWMssOS::Generating standalone artifcats
TRACE::2026-01-07.23:02:47::SCWMssOS:: Copying the user libraries. 
TRACE::2026-01-07.23:02:47::SCWPlatform::Trying to open the hw design at C:/Users/User/Documents/GitHub/AHE_Group_G/workspace_TMP3_7.1.26_1/TMP3_Platform/hw/TMP3_pmod_wrapper.xsa
TRACE::2026-01-07.23:02:47::SCWPlatform::DSA given C:/Users/User/Documents/GitHub/AHE_Group_G/workspace_TMP3_7.1.26_1/TMP3_Platform/hw/TMP3_pmod_wrapper.xsa
TRACE::2026-01-07.23:02:47::SCWPlatform::DSA absoulate path C:/Users/User/Documents/GitHub/AHE_Group_G/workspace_TMP3_7.1.26_1/TMP3_Platform/hw/TMP3_pmod_wrapper.xsa
TRACE::2026-01-07.23:02:47::SCWPlatform::DSA directory C:/Users/User/Documents/GitHub/AHE_Group_G/workspace_TMP3_7.1.26_1/TMP3_Platform/hw
TRACE::2026-01-07.23:02:47::SCWPlatform:: Platform Path C:/Users/User/Documents/GitHub/AHE_Group_G/workspace_TMP3_7.1.26_1/TMP3_Platform/hw/TMP3_pmod_wrapper.xsa
TRACE::2026-01-07.23:02:47::SCWPlatform:: Unique name xilinx:::0.0
TRACE::2026-01-07.23:02:47::SCWPlatform::Trying to set the existing hwdb with name TMP3_pmod_wrapper_1
TRACE::2026-01-07.23:02:47::SCWPlatform::Opened existing hwdb TMP3_pmod_wrapper_1
TRACE::2026-01-07.23:02:47::SCWPlatform::Found the Hw Db part of the input DSA
TRACE::2026-01-07.23:02:47::SCWMssOS::Checking the sw design at  C:/Users/User/Documents/GitHub/AHE_Group_G/workspace_TMP3_7.1.26_1/TMP3_Platform/microblaze_0/standalone_domain/bsp/system.mss
TRACE::2026-01-07.23:02:47::SCWMssOS::DEBUG:  swdes dump  C:/Users/User/Documents/GitHub/AHE_Group_G/workspace_TMP3_7.1.26_1/TMP3_Platform/microblaze_0/standalone_domain/bsp/system.mss|system||

TRACE::2026-01-07.23:02:47::SCWMssOS::Sw design exists and opened at  C:/Users/User/Documents/GitHub/AHE_Group_G/workspace_TMP3_7.1.26_1/TMP3_Platform/microblaze_0/standalone_domain/bsp/system.mss
TRACE::2026-01-07.23:02:47::SCWMssOS::Completed writing the mss file at C:/Users/User/Documents/GitHub/AHE_Group_G/workspace_TMP3_7.1.26_1/TMP3_Platform/microblaze_0/standalone_domain/bsp
TRACE::2026-01-07.23:02:47::SCWMssOS::Mss edits present, copying mssfile into export location C:/Users/User/Documents/GitHub/AHE_Group_G/workspace_TMP3_7.1.26_1/TMP3_Platform/microblaze_0/standalone_domain/bsp/system.mss
TRACE::2026-01-07.23:02:47::SCWMssOS::bsp generated is upto date with the mss file. Skipping bsp generation.
TRACE::2026-01-07.23:02:47::SCWMssOS::BSP is already built. skipping the bsp build ... 
TRACE::2026-01-07.23:02:47::SCWDomain::Building the domain as part of full build :  standalone_domain
TRACE::2026-01-07.23:02:47::SCWMssOS::doing bsp build ... 
TRACE::2026-01-07.23:02:47::SCWMssOS::System Command Ran  C: & cd  C:/Users/User/Documents/GitHub/AHE_Group_G/workspace_TMP3_7.1.26_1/TMP3_Platform/microblaze_0/standalone_domain/bsp & make 
TRACE::2026-01-07.23:02:47::SCWMssOS::make --no-print-directory seq_libs

TRACE::2026-01-07.23:02:47::SCWMssOS::"Running Make include in microblaze_0/libsrc/bram_v4_7/src"

TRACE::2026-01-07.23:02:47::SCWMssOS::make -C microblaze_0/libsrc/bram_v4_7/src -s include  "SHELL=CMD" "COMPILER=mb-gcc" "ASSEMBLER=mb-as" "ARCHIVER=mb-ar" "COMPILE
TRACE::2026-01-07.23:02:47::SCWMssOS::R_FLAGS=  -O2 -c -mcpu=v11.0 -mlittle-endian -mxl-soft-mul" "EXTRA_COMPILER_FLAGS=-g -ffunction-sections -fdata-sections -Wall 
TRACE::2026-01-07.23:02:47::SCWMssOS::-Wextra -fno-tree-loop-distribute-patterns"

TRACE::2026-01-07.23:02:47::SCWMssOS::"Running Make include in microblaze_0/libsrc/cpu_v2_14/src"

TRACE::2026-01-07.23:02:47::SCWMssOS::make -C microblaze_0/libsrc/cpu_v2_14/src -s include  "SHELL=CMD" "COMPILER=mb-gcc" "ASSEMBLER=mb-as" "ARCHIVER=mb-ar" "COMPILE
TRACE::2026-01-07.23:02:47::SCWMssOS::R_FLAGS=  -O2 -c -mcpu=v11.0 -mlittle-endian -mxl-soft-mul" "EXTRA_COMPILER_FLAGS=-g -ffunction-sections -fdata-sections -Wall 
TRACE::2026-01-07.23:02:47::SCWMssOS::-Wextra -fno-tree-loop-distribute-patterns"

TRACE::2026-01-07.23:02:47::SCWMssOS::"Running Make include in microblaze_0/libsrc/intc_v3_13/src"

TRACE::2026-01-07.23:02:47::SCWMssOS::make -C microblaze_0/libsrc/intc_v3_13/src -s include  "SHELL=CMD" "COMPILER=mb-gcc" "ASSEMBLER=mb-as" "ARCHIVER=mb-ar" "COMPIL
TRACE::2026-01-07.23:02:47::SCWMssOS::ER_FLAGS=  -O2 -c -mcpu=v11.0 -mlittle-endian -mxl-soft-mul" "EXTRA_COMPILER_FLAGS=-g -ffunction-sections -fdata-sections -Wall
TRACE::2026-01-07.23:02:47::SCWMssOS:: -Wextra -fno-tree-loop-distribute-patterns"

TRACE::2026-01-07.23:02:48::SCWMssOS::"Running Make include in microblaze_0/libsrc/PmodTMP3_v1_0/src"

TRACE::2026-01-07.23:02:48::SCWMssOS::make -C microblaze_0/libsrc/PmodTMP3_v1_0/src -s include  "SHELL=CMD" "COMPILER=mb-gcc" "ASSEMBLER=mb-as" "ARCHIVER=mb-ar" "COM
TRACE::2026-01-07.23:02:48::SCWMssOS::PILER_FLAGS=  -O2 -c -mcpu=v11.0 -mlittle-endian -mxl-soft-mul" "EXTRA_COMPILER_FLAGS=-g -ffunction-sections -fdata-sections -W
TRACE::2026-01-07.23:02:48::SCWMssOS::all -Wextra -fno-tree-loop-distribute-patterns"

TRACE::2026-01-07.23:02:48::SCWMssOS::"Running Make include in microblaze_0/libsrc/standalone_v7_6/src"

TRACE::2026-01-07.23:02:48::SCWMssOS::make -C microblaze_0/libsrc/standalone_v7_6/src -s include  "SHELL=CMD" "COMPILER=mb-gcc" "ASSEMBLER=mb-as" "ARCHIVER=mb-ar" "C
TRACE::2026-01-07.23:02:48::SCWMssOS::OMPILER_FLAGS=  -O2 -c -mcpu=v11.0 -mlittle-endian -mxl-soft-mul" "EXTRA_COMPILER_FLAGS=-g -ffunction-sections -fdata-sections 
TRACE::2026-01-07.23:02:48::SCWMssOS::-Wall -Wextra -fno-tree-loop-distribute-patterns"

TRACE::2026-01-07.23:02:48::SCWMssOS::"Running Make include in microblaze_0/libsrc/uartlite_v3_6/src"

TRACE::2026-01-07.23:02:48::SCWMssOS::make -C microblaze_0/libsrc/uartlite_v3_6/src -s include  "SHELL=CMD" "COMPILER=mb-gcc" "ASSEMBLER=mb-as" "ARCHIVER=mb-ar" "COM
TRACE::2026-01-07.23:02:48::SCWMssOS::PILER_FLAGS=  -O2 -c -mcpu=v11.0 -mlittle-endian -mxl-soft-mul" "EXTRA_COMPILER_FLAGS=-g -ffunction-sections -fdata-sections -W
TRACE::2026-01-07.23:02:48::SCWMssOS::all -Wextra -fno-tree-loop-distribute-patterns"

TRACE::2026-01-07.23:02:49::SCWMssOS::"Running Make libs in microblaze_0/libsrc/PmodTMP3_v1_0/src"

TRACE::2026-01-07.23:02:49::SCWMssOS::make -C microblaze_0/libsrc/PmodTMP3_v1_0/src -s libs  "SHELL=CMD" "COMPILER=mb-gcc" "ASSEMBLER=mb-as" "ARCHIVER=mb-ar" "COMPIL
TRACE::2026-01-07.23:02:49::SCWMssOS::ER_FLAGS=  -O2 -c -mcpu=v11.0 -mlittle-endian -mxl-soft-mul" "EXTRA_COMPILER_FLAGS=-g -ffunction-sections -fdata-sections -Wall
TRACE::2026-01-07.23:02:49::SCWMssOS:: -Wextra -fno-tree-loop-distribute-patterns"

TRACE::2026-01-07.23:02:49::SCWMssOS::"Compiling PmodTMP3"

TRACE::2026-01-07.23:02:50::SCWMssOS::'Finished building libraries sequentially.'

TRACE::2026-01-07.23:02:50::SCWMssOS::make -j 10 --no-print-directory par_libs

TRACE::2026-01-07.23:02:50::SCWMssOS::"Running Make include in microblaze_0/libsrc/bram_v4_7/src"

TRACE::2026-01-07.23:02:50::SCWMssOS::make -C microblaze_0/libsrc/bram_v4_7/src -s include  "SHELL=CMD" "COMPILER=mb-gcc" "ASSEMBLER=mb-as" "ARCHIVER=mb-ar" "COMPILE
TRACE::2026-01-07.23:02:50::SCWMssOS::R_FLAGS=  -O2 -c -mcpu=v11.0 -mlittle-endian -mxl-soft-mul" "EXTRA_COMPILER_FLAGS=-g -ffunction-sections -fdata-sections -Wall 
TRACE::2026-01-07.23:02:50::SCWMssOS::-Wextra -fno-tree-loop-distribute-patterns"

TRACE::2026-01-07.23:02:50::SCWMssOS::"Running Make include in microblaze_0/libsrc/cpu_v2_14/src"

TRACE::2026-01-07.23:02:50::SCWMssOS::make -C microblaze_0/libsrc/cpu_v2_14/src -s include  "SHELL=CMD" "COMPILER=mb-gcc" "ASSEMBLER=mb-as" "ARCHIVER=mb-ar" "COMPILE
TRACE::2026-01-07.23:02:50::SCWMssOS::R_FLAGS=  -O2 -c -mcpu=v11.0 -mlittle-endian -mxl-soft-mul" "EXTRA_COMPILER_FLAGS=-g -ffunction-sections -fdata-sections -Wall 
TRACE::2026-01-07.23:02:50::SCWMssOS::-Wextra -fno-tree-loop-distribute-patterns"

TRACE::2026-01-07.23:02:50::SCWMssOS::"Running Make include in microblaze_0/libsrc/intc_v3_13/src"

TRACE::2026-01-07.23:02:50::SCWMssOS::make -C microblaze_0/libsrc/intc_v3_13/src -s include  "SHELL=CMD" "COMPILER=mb-gcc" "ASSEMBLER=mb-as" "ARCHIVER=mb-ar" "COMPIL
TRACE::2026-01-07.23:02:50::SCWMssOS::ER_FLAGS=  -O2 -c -mcpu=v11.0 -mlittle-endian -mxl-soft-mul" "EXTRA_COMPILER_FLAGS=-g -ffunction-sections -fdata-sections -Wall
TRACE::2026-01-07.23:02:50::SCWMssOS:: -Wextra -fno-tree-loop-distribute-patterns"

TRACE::2026-01-07.23:02:50::SCWMssOS::"Running Make include in microblaze_0/libsrc/PmodTMP3_v1_0/src"

TRACE::2026-01-07.23:02:50::SCWMssOS::make -C microblaze_0/libsrc/PmodTMP3_v1_0/src -s include  "SHELL=CMD" "COMPILER=mb-gcc" "ASSEMBLER=mb-as" "ARCHIVER=mb-ar" "COM
TRACE::2026-01-07.23:02:50::SCWMssOS::PILER_FLAGS=  -O2 -c -mcpu=v11.0 -mlittle-endian -mxl-soft-mul" "EXTRA_COMPILER_FLAGS=-g -ffunction-sections -fdata-sections -W
TRACE::2026-01-07.23:02:50::SCWMssOS::all -Wextra -fno-tree-loop-distribute-patterns"

TRACE::2026-01-07.23:02:50::SCWMssOS::"Running Make include in microblaze_0/libsrc/standalone_v7_6/src"

TRACE::2026-01-07.23:02:50::SCWMssOS::make -C microblaze_0/libsrc/standalone_v7_6/src -s include  "SHELL=CMD" "COMPILER=mb-gcc" "ASSEMBLER=mb-as" "ARCHIVER=mb-ar" "C
TRACE::2026-01-07.23:02:50::SCWMssOS::OMPILER_FLAGS=  -O2 -c -mcpu=v11.0 -mlittle-endian -mxl-soft-mul" "EXTRA_COMPILER_FLAGS=-g -ffunction-sections -fdata-sections 
TRACE::2026-01-07.23:02:50::SCWMssOS::-Wall -Wextra -fno-tree-loop-distribute-patterns"

TRACE::2026-01-07.23:02:50::SCWMssOS::"Running Make include in microblaze_0/libsrc/uartlite_v3_6/src"

TRACE::2026-01-07.23:02:50::SCWMssOS::make -C microblaze_0/libsrc/uartlite_v3_6/src -s include  "SHELL=CMD" "COMPILER=mb-gcc" "ASSEMBLER=mb-as" "ARCHIVER=mb-ar" "COM
TRACE::2026-01-07.23:02:50::SCWMssOS::PILER_FLAGS=  -O2 -c -mcpu=v11.0 -mlittle-endian -mxl-soft-mul" "EXTRA_COMPILER_FLAGS=-g -ffunction-sections -fdata-sections -W
TRACE::2026-01-07.23:02:50::SCWMssOS::all -Wextra -fno-tree-loop-distribute-patterns"

TRACE::2026-01-07.23:02:50::SCWMssOS::"Running Make libs in microblaze_0/libsrc/bram_v4_7/src"

TRACE::2026-01-07.23:02:50::SCWMssOS::make -C microblaze_0/libsrc/bram_v4_7/src -s libs  "SHELL=CMD" "COMPILER=mb-gcc" "ASSEMBLER=mb-as" "ARCHIVER=mb-ar" "COMPILER_F
TRACE::2026-01-07.23:02:50::SCWMssOS::LAGS=  -O2 -c -mcpu=v11.0 -mlittle-endian -mxl-soft-mul" "EXTRA_COMPILER_FLAGS=-g -ffunction-sections -fdata-sections -Wall -We
TRACE::2026-01-07.23:02:50::SCWMssOS::xtra -fno-tree-loop-distribute-patterns"

TRACE::2026-01-07.23:02:50::SCWMssOS::"Running Make libs in microblaze_0/libsrc/cpu_v2_14/src"

TRACE::2026-01-07.23:02:50::SCWMssOS::make -C microblaze_0/libsrc/cpu_v2_14/src -s libs  "SHELL=CMD" "COMPILER=mb-gcc" "ASSEMBLER=mb-as" "ARCHIVER=mb-ar" "COMPILER_F
TRACE::2026-01-07.23:02:50::SCWMssOS::LAGS=  -O2 -c -mcpu=v11.0 -mlittle-endian -mxl-soft-mul" "EXTRA_COMPILER_FLAGS=-g -ffunction-sections -fdata-sections -Wall -We
TRACE::2026-01-07.23:02:50::SCWMssOS::xtra -fno-tree-loop-distribute-patterns"

TRACE::2026-01-07.23:02:50::SCWMssOS::"Running Make libs in microblaze_0/libsrc/intc_v3_13/src"

TRACE::2026-01-07.23:02:50::SCWMssOS::make -C microblaze_0/libsrc/intc_v3_13/src -s libs  "SHELL=CMD" "COMPILER=mb-gcc" "ASSEMBLER=mb-as" "ARCHIVER=mb-ar" "COMPILER_
TRACE::2026-01-07.23:02:50::SCWMssOS::FLAGS=  -O2 -c -mcpu=v11.0 -mlittle-endian -mxl-soft-mul" "EXTRA_COMPILER_FLAGS=-g -ffunction-sections -fdata-sections -Wall -W
TRACE::2026-01-07.23:02:50::SCWMssOS::extra -fno-tree-loop-distribute-patterns"

TRACE::2026-01-07.23:02:50::SCWMssOS::"Running Make libs in microblaze_0/libsrc/standalone_v7_6/src"

TRACE::2026-01-07.23:02:50::SCWMssOS::make -C microblaze_0/libsrc/standalone_v7_6/src -s libs  "SHELL=CMD" "COMPILER=mb-gcc" "ASSEMBLER=mb-as" "ARCHIVER=mb-ar" "COMP
TRACE::2026-01-07.23:02:50::SCWMssOS::ILER_FLAGS=  -O2 -c -mcpu=v11.0 -mlittle-endian -mxl-soft-mul" "EXTRA_COMPILER_FLAGS=-g -ffunction-sections -fdata-sections -Wa
TRACE::2026-01-07.23:02:50::SCWMssOS::ll -Wextra -fno-tree-loop-distribute-patterns"

TRACE::2026-01-07.23:02:50::SCWMssOS::"Running Make libs in microblaze_0/libsrc/uartlite_v3_6/src"

TRACE::2026-01-07.23:02:50::SCWMssOS::make -C microblaze_0/libsrc/uartlite_v3_6/src -s libs  "SHELL=CMD" "COMPILER=mb-gcc" "ASSEMBLER=mb-as" "ARCHIVER=mb-ar" "COMPIL
TRACE::2026-01-07.23:02:50::SCWMssOS::ER_FLAGS=  -O2 -c -mcpu=v11.0 -mlittle-endian -mxl-soft-mul" "EXTRA_COMPILER_FLAGS=-g -ffunction-sections -fdata-sections -Wall
TRACE::2026-01-07.23:02:50::SCWMssOS:: -Wextra -fno-tree-loop-distribute-patterns"

TRACE::2026-01-07.23:02:52::SCWMssOS::"DEBUG NON_LTO_OBJECTS is ../../../lib/microblaze_interrupt_handler.o"

TRACE::2026-01-07.23:02:52::SCWMssOS::'Finished building libraries parallelly.'

TRACE::2026-01-07.23:02:52::SCWMssOS::make --no-print-directory archive

TRACE::2026-01-07.23:02:52::SCWMssOS::mb-ar -r  microblaze_0/lib/libxil.a microblaze_0/lib/xplatform_info.o microblaze_0/lib/xuartlite.o microblaze_0/lib/microblaze_
TRACE::2026-01-07.23:02:52::SCWMssOS::disable_exceptions.o microblaze_0/lib/print.o microblaze_0/lib/_exit.o microblaze_0/lib/xil_testio.o microblaze_0/lib/microblaz
TRACE::2026-01-07.23:02:52::SCWMssOS::e_disable_dcache.o microblaze_0/lib/microblaze_flush_dcache_range.o microblaze_0/lib/microblaze_flush_cache_ext.o microblaze_0/
TRACE::2026-01-07.23:02:52::SCWMssOS::lib/xbram_sinit.o microblaze_0/lib/xil_misc_psreset_api.o microblaze_0/lib/xil_cache.o microblaze_0/lib/xil_util.o microblaze_0
TRACE::2026-01-07.23:02:52::SCWMssOS::/lib/inbyte.o microblaze_0/lib/xbram_g.o microblaze_0/lib/xuartlite_stats.o microblaze_0/lib/microblaze_exception_handler.o mic
TRACE::2026-01-07.23:02:52::SCWMssOS::roblaze_0/lib/microblaze_scrub.o microblaze_0/lib/microblaze_invalidate_dcache.o microblaze_0/lib/microblaze_disable_interrupts
TRACE::2026-01-07.23:02:52::SCWMssOS::.o microblaze_0/lib/xbram_selftest.o microblaze_0/lib/microblaze_interrupt_handler.o microblaze_0/lib/microblaze_disable_icache
TRACE::2026-01-07.23:02:52::SCWMssOS::.o microblaze_0/lib/xil_mem.o microblaze_0/lib/xuartlite_intr.o microblaze_0/lib/microblaze_flush_cache_ext_range.o microblaze_
TRACE::2026-01-07.23:02:52::SCWMssOS::0/lib/xbram_intr.o microblaze_0/lib/xil_sleepcommon.o microblaze_0/lib/xil_printf.o microblaze_0/lib/xintc_g.o microblaze_0/lib
TRACE::2026-01-07.23:02:52::SCWMssOS::/xuartlite_g.o microblaze_0/lib/xintc_selftest.o microblaze_0/lib/xintc_l.o microblaze_0/lib/outbyte.o microblaze_0/lib/microbl
TRACE::2026-01-07.23:02:52::SCWMssOS::aze_invalidate_dcache_range.o microblaze_0/lib/microblaze_invalidate_cache_ext.o microblaze_0/lib/microblaze_sleep.o microblaze
TRACE::2026-01-07.23:02:52::SCWMssOS::_0/lib/hw_exception_handler.o microblaze_0/lib/xuartlite_selftest.o microblaze_0/lib/xintc_intr.o microblaze_0/lib/microblaze_u
TRACE::2026-01-07.23:02:52::SCWMssOS::pdate_dcache.o microblaze_0/lib/xil_testcache.o microblaze_0/lib/microblaze_selftest.o microblaze_0/lib/microblaze_interrupts_g
TRACE::2026-01-07.23:02:52::SCWMssOS::.o microblaze_0/lib/microblaze_enable_exceptions.o microblaze_0/lib/xio.o microblaze_0/lib/microblaze_enable_dcache.o microblaz
TRACE::2026-01-07.23:02:52::SCWMssOS::e_0/lib/xbram.o microblaze_0/lib/microblaze_invalidate_icache_range.o microblaze_0/lib/microblaze_init_dcache_range.o microblaz
TRACE::2026-01-07.23:02:52::SCWMssOS::e_0/lib/microblaze_invalidate_icache.o microblaze_0/lib/errno.o microblaze_0/lib/xuartlite_l.o microblaze_0/lib/xintc_options.o
TRACE::2026-01-07.23:02:52::SCWMssOS:: microblaze_0/lib/microblaze_invalidate_cache_ext_range.o microblaze_0/lib/xil_exception.o microblaze_0/lib/pvr.o microblaze_0/
TRACE::2026-01-07.23:02:52::SCWMssOS::lib/xil_testmem.o microblaze_0/lib/microblaze_update_icache.o microblaze_0/lib/microblaze_flush_dcache.o microblaze_0/lib/xil_c
TRACE::2026-01-07.23:02:52::SCWMssOS::locking.o microblaze_0/lib/xil_assert.o microblaze_0/lib/microblaze_enable_interrupts.o microblaze_0/lib/microblaze_enable_icac
TRACE::2026-01-07.23:02:52::SCWMssOS::he.o microblaze_0/lib/xintc.o microblaze_0/lib/xuartlite_sinit.o microblaze_0/lib/fcntl.o microblaze_0/lib/microblaze_init_icac
TRACE::2026-01-07.23:02:52::SCWMssOS::he_range.o

TRACE::2026-01-07.23:02:52::SCWMssOS::'Finished building libraries'

TRACE::2026-01-07.23:02:52::SCWMssOS::Copying to export directory.
TRACE::2026-01-07.23:02:52::SCWMssOS:: Checking if to create the Supporting Applications
TRACE::2026-01-07.23:02:52::SCWMssOS:: No Linux domain exists, trying to generate FSBL 
LOG::2026-01-07.23:02:52::SCWSystem::Completed Processing the domain standalone_domain
LOG::2026-01-07.23:02:52::SCWSystem::Completed Processing the sysconfig TMP3_Platform
LOG::2026-01-07.23:02:52::SCWPlatform::Completed generating the artifacts for system configuration TMP3_Platform
TRACE::2026-01-07.23:02:52::SCWPlatform::Started preparing the platform 
TRACE::2026-01-07.23:02:52::SCWSystem::Writing the bif file for system config TMP3_Platform
TRACE::2026-01-07.23:02:52::SCWSystem::dir created 
TRACE::2026-01-07.23:02:52::SCWSystem::Writing the bif 
TRACE::2026-01-07.23:02:52::SCWPlatform::Started writing the spfm file 
TRACE::2026-01-07.23:02:52::SCWPlatform::Started writing the xpfm file 
TRACE::2026-01-07.23:02:52::SCWPlatform::Completed generating the platform
TRACE::2026-01-07.23:02:52::SCWMssOS::Saving the mss changes C:/Users/User/Documents/GitHub/AHE_Group_G/workspace_TMP3_7.1.26_1/TMP3_Platform/microblaze_0/standalone_domain/bsp/system.mss
TRACE::2026-01-07.23:02:52::SCWMssOS::Found a swdesign opened with the mssfile.
TRACE::2026-01-07.23:02:52::SCWMssOS::Completed writemss as part of save.
TRACE::2026-01-07.23:02:52::SCWMssOS::Commit changes completed.
TRACE::2026-01-07.23:02:52::SCWPlatform::Trying to open the hw design at C:/Users/User/Documents/GitHub/AHE_Group_G/workspace_TMP3_7.1.26_1/TMP3_Platform/hw/TMP3_pmod_wrapper.xsa
TRACE::2026-01-07.23:02:52::SCWPlatform::DSA given C:/Users/User/Documents/GitHub/AHE_Group_G/workspace_TMP3_7.1.26_1/TMP3_Platform/hw/TMP3_pmod_wrapper.xsa
TRACE::2026-01-07.23:02:52::SCWPlatform::DSA absoulate path C:/Users/User/Documents/GitHub/AHE_Group_G/workspace_TMP3_7.1.26_1/TMP3_Platform/hw/TMP3_pmod_wrapper.xsa
TRACE::2026-01-07.23:02:52::SCWPlatform::DSA directory C:/Users/User/Documents/GitHub/AHE_Group_G/workspace_TMP3_7.1.26_1/TMP3_Platform/hw
TRACE::2026-01-07.23:02:52::SCWPlatform:: Platform Path C:/Users/User/Documents/GitHub/AHE_Group_G/workspace_TMP3_7.1.26_1/TMP3_Platform/hw/TMP3_pmod_wrapper.xsa
TRACE::2026-01-07.23:02:52::SCWPlatform:: Unique name xilinx:::0.0
TRACE::2026-01-07.23:02:52::SCWPlatform::Trying to set the existing hwdb with name TMP3_pmod_wrapper_1
TRACE::2026-01-07.23:02:52::SCWPlatform::Opened existing hwdb TMP3_pmod_wrapper_1
TRACE::2026-01-07.23:02:52::SCWPlatform::Found the Hw Db part of the input DSA
TRACE::2026-01-07.23:02:52::SCWMssOS::Checking the sw design at  C:/Users/User/Documents/GitHub/AHE_Group_G/workspace_TMP3_7.1.26_1/TMP3_Platform/microblaze_0/standalone_domain/bsp/system.mss
TRACE::2026-01-07.23:02:52::SCWMssOS::DEBUG:  swdes dump  C:/Users/User/Documents/GitHub/AHE_Group_G/workspace_TMP3_7.1.26_1/TMP3_Platform/microblaze_0/standalone_domain/bsp/system.mss|system||

TRACE::2026-01-07.23:02:52::SCWMssOS::Sw design exists and opened at  C:/Users/User/Documents/GitHub/AHE_Group_G/workspace_TMP3_7.1.26_1/TMP3_Platform/microblaze_0/standalone_domain/bsp/system.mss
TRACE::2026-01-07.23:02:52::SCWWriter::formatted JSON is {
	"platformName":	"TMP3_Platform",
	"sprVersion":	"2.0",
	"mode":	"gui",
	"dsaType":	"Fixed",
	"platformDesc":	"TMP3_Platform",
	"platHandOff":	"C:/Users/User/Documents/GitHub/Hardware_vhdl_ip_files/TMP3_block_7.1_1/TMP3_pmod_wrapper.xsa",
	"platIntHandOff":	"<platformDir>/hw/TMP3_pmod_wrapper.xsa",
	"deviceType":	"FPGA",
	"platIsPrebuiltAutogen":	"false",
	"platIsNoBootBsp":	"false",
	"hasFsblMakeHasChanges":	"false",
	"hasPmufwMakeHasChanges":	"false",
	"platPreBuiltFlag":	false,
	"platformSamplesDir":	"",
	"platActiveSys":	"TMP3_Platform",
	"systems":	[{
			"systemName":	"TMP3_Platform",
			"systemDesc":	"TMP3_Platform",
			"sysIsBootAutoGen":	"true",
			"systemDispName":	"TMP3_Platform",
			"sysActiveDom":	"standalone_domain",
			"sysDefaultDom":	"standalone_domain",
			"domains":	[{
					"domainName":	"standalone_domain",
					"domainDispName":	"standalone on microblaze_0",
					"domainDesc":	"standalone_domain",
					"processors":	"microblaze_0",
					"os":	"standalone",
					"sdxOs":	"standalone",
					"debugEnable":	"False",
					"domRuntimes":	["cpp"],
					"swRepo":	"",
					"mssOsVer":	"7.6",
					"mssFile":	"",
					"md5Digest":	"d6a3b57a5267393b8d497d79c2949060",
					"compatibleApp":	"",
					"domType":	"mssDomain",
					"arch":	"32-bit",
					"appSettings":	{
						"appCompilerFlags":	"",
						"appLinkerFlags":	""
					},
					"addedLibs":	[],
					"libOptions":	{
						"libsContainingOptions":	[]
					},
					"prebuiltLibs":	{
						"prebuiltIncPath":	[],
						"prebuiltLibPath":	[]
					},
					"isolation":	{
					}
				}]
		}]
}
KEYINFO::2026-01-07.23:02:52::SCWPlatform::updated the xpfm file.
TRACE::2026-01-07.23:02:52::SCWPlatform::Trying to open the hw design at C:/Users/User/Documents/GitHub/AHE_Group_G/workspace_TMP3_7.1.26_1/TMP3_Platform/hw/TMP3_pmod_wrapper.xsa
TRACE::2026-01-07.23:02:52::SCWPlatform::DSA given C:/Users/User/Documents/GitHub/AHE_Group_G/workspace_TMP3_7.1.26_1/TMP3_Platform/hw/TMP3_pmod_wrapper.xsa
TRACE::2026-01-07.23:02:52::SCWPlatform::DSA absoulate path C:/Users/User/Documents/GitHub/AHE_Group_G/workspace_TMP3_7.1.26_1/TMP3_Platform/hw/TMP3_pmod_wrapper.xsa
TRACE::2026-01-07.23:02:52::SCWPlatform::DSA directory C:/Users/User/Documents/GitHub/AHE_Group_G/workspace_TMP3_7.1.26_1/TMP3_Platform/hw
TRACE::2026-01-07.23:02:52::SCWPlatform:: Platform Path C:/Users/User/Documents/GitHub/AHE_Group_G/workspace_TMP3_7.1.26_1/TMP3_Platform/hw/TMP3_pmod_wrapper.xsa
TRACE::2026-01-07.23:02:52::SCWPlatform:: Unique name xilinx:::0.0
TRACE::2026-01-07.23:02:52::SCWPlatform::Trying to set the existing hwdb with name TMP3_pmod_wrapper_1
TRACE::2026-01-07.23:02:52::SCWPlatform::Opened existing hwdb TMP3_pmod_wrapper_1
TRACE::2026-01-07.23:02:52::SCWPlatform::Found the Hw Db part of the input DSA
TRACE::2026-01-07.23:02:52::SCWMssOS::Checking the sw design at  C:/Users/User/Documents/GitHub/AHE_Group_G/workspace_TMP3_7.1.26_1/TMP3_Platform/microblaze_0/standalone_domain/bsp/system.mss
TRACE::2026-01-07.23:02:52::SCWMssOS::DEBUG:  swdes dump  C:/Users/User/Documents/GitHub/AHE_Group_G/workspace_TMP3_7.1.26_1/TMP3_Platform/microblaze_0/standalone_domain/bsp/system.mss|system||

TRACE::2026-01-07.23:02:52::SCWMssOS::Sw design exists and opened at  C:/Users/User/Documents/GitHub/AHE_Group_G/workspace_TMP3_7.1.26_1/TMP3_Platform/microblaze_0/standalone_domain/bsp/system.mss
TRACE::2026-01-07.23:22:48::SCWMssOS::cleaning the bsp 
TRACE::2026-01-07.23:22:48::SCWMssOS::System Command Ran  C: & cd  C:/Users/User/Documents/GitHub/AHE_Group_G/workspace_TMP3_7.1.26_1/TMP3_Platform/microblaze_0/standalone_domain/bsp & make clean 
TRACE::2026-01-07.23:22:48::SCWMssOS::make -C microblaze_0/libsrc/bram_v4_7/src -s clean 

TRACE::2026-01-07.23:22:48::SCWMssOS::make -C microblaze_0/libsrc/cpu_v2_14/src -s clean 

TRACE::2026-01-07.23:22:48::SCWMssOS::make -C microblaze_0/libsrc/intc_v3_13/src -s clean 

TRACE::2026-01-07.23:22:48::SCWMssOS::make -C microblaze_0/libsrc/PmodTMP3_v1_0/src -s clean 

TRACE::2026-01-07.23:22:48::SCWMssOS::make -C microblaze_0/libsrc/standalone_v7_6/src -s clean 

TRACE::2026-01-07.23:22:49::SCWMssOS::make -C microblaze_0/libsrc/uartlite_v3_6/src -s clean 

TRACE::2026-01-07.23:22:49::SCWMssOS::rm -f microblaze_0/lib/libxil.a

LOG::2026-01-07.23:22:53::SCWPlatform::Started generating the artifacts platform TMP3_Platform
TRACE::2026-01-07.23:22:53::SCWPlatform::Sanity checking of platform is completed
LOG::2026-01-07.23:22:53::SCWPlatform::Started generating the artifacts for system configuration TMP3_Platform
LOG::2026-01-07.23:22:53::SCWSystem::Checking the domain standalone_domain
LOG::2026-01-07.23:22:53::SCWSystem::Not a boot domain 
LOG::2026-01-07.23:22:53::SCWSystem::Started Processing the domain standalone_domain
TRACE::2026-01-07.23:22:53::SCWDomain::Generating domain artifcats
TRACE::2026-01-07.23:22:53::SCWMssOS::Generating standalone artifcats
TRACE::2026-01-07.23:22:53::SCWMssOS:: Copying the user libraries. 
TRACE::2026-01-07.23:22:53::SCWPlatform::Trying to open the hw design at C:/Users/User/Documents/GitHub/AHE_Group_G/workspace_TMP3_7.1.26_1/TMP3_Platform/hw/TMP3_pmod_wrapper.xsa
TRACE::2026-01-07.23:22:53::SCWPlatform::DSA given C:/Users/User/Documents/GitHub/AHE_Group_G/workspace_TMP3_7.1.26_1/TMP3_Platform/hw/TMP3_pmod_wrapper.xsa
TRACE::2026-01-07.23:22:53::SCWPlatform::DSA absoulate path C:/Users/User/Documents/GitHub/AHE_Group_G/workspace_TMP3_7.1.26_1/TMP3_Platform/hw/TMP3_pmod_wrapper.xsa
TRACE::2026-01-07.23:22:53::SCWPlatform::DSA directory C:/Users/User/Documents/GitHub/AHE_Group_G/workspace_TMP3_7.1.26_1/TMP3_Platform/hw
TRACE::2026-01-07.23:22:53::SCWPlatform:: Platform Path C:/Users/User/Documents/GitHub/AHE_Group_G/workspace_TMP3_7.1.26_1/TMP3_Platform/hw/TMP3_pmod_wrapper.xsa
TRACE::2026-01-07.23:22:53::SCWPlatform:: Unique name xilinx:::0.0
TRACE::2026-01-07.23:22:53::SCWPlatform::Trying to set the existing hwdb with name TMP3_pmod_wrapper_1
TRACE::2026-01-07.23:22:53::SCWPlatform::Opened existing hwdb TMP3_pmod_wrapper_1
TRACE::2026-01-07.23:22:53::SCWPlatform::Found the Hw Db part of the input DSA
TRACE::2026-01-07.23:22:53::SCWMssOS::Checking the sw design at  C:/Users/User/Documents/GitHub/AHE_Group_G/workspace_TMP3_7.1.26_1/TMP3_Platform/microblaze_0/standalone_domain/bsp/system.mss
TRACE::2026-01-07.23:22:53::SCWMssOS::DEBUG:  swdes dump  C:/Users/User/Documents/GitHub/AHE_Group_G/workspace_TMP3_7.1.26_1/TMP3_Platform/microblaze_0/standalone_domain/bsp/system.mss|system||

TRACE::2026-01-07.23:22:53::SCWMssOS::Sw design exists and opened at  C:/Users/User/Documents/GitHub/AHE_Group_G/workspace_TMP3_7.1.26_1/TMP3_Platform/microblaze_0/standalone_domain/bsp/system.mss
TRACE::2026-01-07.23:22:53::SCWMssOS::Completed writing the mss file at C:/Users/User/Documents/GitHub/AHE_Group_G/workspace_TMP3_7.1.26_1/TMP3_Platform/microblaze_0/standalone_domain/bsp
TRACE::2026-01-07.23:22:53::SCWMssOS::Mss edits present, copying mssfile into export location C:/Users/User/Documents/GitHub/AHE_Group_G/workspace_TMP3_7.1.26_1/TMP3_Platform/microblaze_0/standalone_domain/bsp/system.mss
TRACE::2026-01-07.23:22:53::SCWMssOS::bsp generated is upto date with the mss file. Skipping bsp generation.
TRACE::2026-01-07.23:22:53::SCWMssOS::BSP is already built. skipping the bsp build ... 
TRACE::2026-01-07.23:22:53::SCWDomain::Building the domain as part of full build :  standalone_domain
TRACE::2026-01-07.23:22:53::SCWMssOS::doing bsp build ... 
TRACE::2026-01-07.23:22:53::SCWMssOS::System Command Ran  C: & cd  C:/Users/User/Documents/GitHub/AHE_Group_G/workspace_TMP3_7.1.26_1/TMP3_Platform/microblaze_0/standalone_domain/bsp & make 
TRACE::2026-01-07.23:22:53::SCWMssOS::make --no-print-directory seq_libs

TRACE::2026-01-07.23:22:54::SCWMssOS::"Running Make include in microblaze_0/libsrc/bram_v4_7/src"

TRACE::2026-01-07.23:22:54::SCWMssOS::make -C microblaze_0/libsrc/bram_v4_7/src -s include  "SHELL=CMD" "COMPILER=mb-gcc" "ASSEMBLER=mb-as" "ARCHIVER=mb-ar" "COMPILE
TRACE::2026-01-07.23:22:54::SCWMssOS::R_FLAGS=  -O2 -c -mcpu=v11.0 -mlittle-endian -mxl-soft-mul" "EXTRA_COMPILER_FLAGS=-g -ffunction-sections -fdata-sections -Wall 
TRACE::2026-01-07.23:22:54::SCWMssOS::-Wextra -fno-tree-loop-distribute-patterns"

TRACE::2026-01-07.23:22:54::SCWMssOS::"Running Make include in microblaze_0/libsrc/cpu_v2_14/src"

TRACE::2026-01-07.23:22:54::SCWMssOS::make -C microblaze_0/libsrc/cpu_v2_14/src -s include  "SHELL=CMD" "COMPILER=mb-gcc" "ASSEMBLER=mb-as" "ARCHIVER=mb-ar" "COMPILE
TRACE::2026-01-07.23:22:54::SCWMssOS::R_FLAGS=  -O2 -c -mcpu=v11.0 -mlittle-endian -mxl-soft-mul" "EXTRA_COMPILER_FLAGS=-g -ffunction-sections -fdata-sections -Wall 
TRACE::2026-01-07.23:22:54::SCWMssOS::-Wextra -fno-tree-loop-distribute-patterns"

TRACE::2026-01-07.23:22:54::SCWMssOS::"Running Make include in microblaze_0/libsrc/intc_v3_13/src"

TRACE::2026-01-07.23:22:54::SCWMssOS::make -C microblaze_0/libsrc/intc_v3_13/src -s include  "SHELL=CMD" "COMPILER=mb-gcc" "ASSEMBLER=mb-as" "ARCHIVER=mb-ar" "COMPIL
TRACE::2026-01-07.23:22:54::SCWMssOS::ER_FLAGS=  -O2 -c -mcpu=v11.0 -mlittle-endian -mxl-soft-mul" "EXTRA_COMPILER_FLAGS=-g -ffunction-sections -fdata-sections -Wall
TRACE::2026-01-07.23:22:54::SCWMssOS:: -Wextra -fno-tree-loop-distribute-patterns"

TRACE::2026-01-07.23:22:54::SCWMssOS::"Running Make include in microblaze_0/libsrc/PmodTMP3_v1_0/src"

TRACE::2026-01-07.23:22:54::SCWMssOS::make -C microblaze_0/libsrc/PmodTMP3_v1_0/src -s include  "SHELL=CMD" "COMPILER=mb-gcc" "ASSEMBLER=mb-as" "ARCHIVER=mb-ar" "COM
TRACE::2026-01-07.23:22:54::SCWMssOS::PILER_FLAGS=  -O2 -c -mcpu=v11.0 -mlittle-endian -mxl-soft-mul" "EXTRA_COMPILER_FLAGS=-g -ffunction-sections -fdata-sections -W
TRACE::2026-01-07.23:22:54::SCWMssOS::all -Wextra -fno-tree-loop-distribute-patterns"

TRACE::2026-01-07.23:22:54::SCWMssOS::"Running Make include in microblaze_0/libsrc/standalone_v7_6/src"

TRACE::2026-01-07.23:22:54::SCWMssOS::make -C microblaze_0/libsrc/standalone_v7_6/src -s include  "SHELL=CMD" "COMPILER=mb-gcc" "ASSEMBLER=mb-as" "ARCHIVER=mb-ar" "C
TRACE::2026-01-07.23:22:54::SCWMssOS::OMPILER_FLAGS=  -O2 -c -mcpu=v11.0 -mlittle-endian -mxl-soft-mul" "EXTRA_COMPILER_FLAGS=-g -ffunction-sections -fdata-sections 
TRACE::2026-01-07.23:22:54::SCWMssOS::-Wall -Wextra -fno-tree-loop-distribute-patterns"

TRACE::2026-01-07.23:22:54::SCWMssOS::"Running Make include in microblaze_0/libsrc/uartlite_v3_6/src"

TRACE::2026-01-07.23:22:54::SCWMssOS::make -C microblaze_0/libsrc/uartlite_v3_6/src -s include  "SHELL=CMD" "COMPILER=mb-gcc" "ASSEMBLER=mb-as" "ARCHIVER=mb-ar" "COM
TRACE::2026-01-07.23:22:54::SCWMssOS::PILER_FLAGS=  -O2 -c -mcpu=v11.0 -mlittle-endian -mxl-soft-mul" "EXTRA_COMPILER_FLAGS=-g -ffunction-sections -fdata-sections -W
TRACE::2026-01-07.23:22:54::SCWMssOS::all -Wextra -fno-tree-loop-distribute-patterns"

TRACE::2026-01-07.23:22:54::SCWMssOS::"Running Make libs in microblaze_0/libsrc/PmodTMP3_v1_0/src"

TRACE::2026-01-07.23:22:54::SCWMssOS::make -C microblaze_0/libsrc/PmodTMP3_v1_0/src -s libs  "SHELL=CMD" "COMPILER=mb-gcc" "ASSEMBLER=mb-as" "ARCHIVER=mb-ar" "COMPIL
TRACE::2026-01-07.23:22:54::SCWMssOS::ER_FLAGS=  -O2 -c -mcpu=v11.0 -mlittle-endian -mxl-soft-mul" "EXTRA_COMPILER_FLAGS=-g -ffunction-sections -fdata-sections -Wall
TRACE::2026-01-07.23:22:54::SCWMssOS:: -Wextra -fno-tree-loop-distribute-patterns"

TRACE::2026-01-07.23:22:54::SCWMssOS::"Compiling PmodTMP3"

TRACE::2026-01-07.23:22:55::SCWMssOS::'Finished building libraries sequentially.'

TRACE::2026-01-07.23:22:55::SCWMssOS::make -j 10 --no-print-directory par_libs

TRACE::2026-01-07.23:22:55::SCWMssOS::"Running Make include in microblaze_0/libsrc/bram_v4_7/src"

TRACE::2026-01-07.23:22:55::SCWMssOS::make -C microblaze_0/libsrc/bram_v4_7/src -s include  "SHELL=CMD" "COMPILER=mb-gcc" "ASSEMBLER=mb-as" "ARCHIVER=mb-ar" "COMPILE
TRACE::2026-01-07.23:22:55::SCWMssOS::R_FLAGS=  -O2 -c -mcpu=v11.0 -mlittle-endian -mxl-soft-mul" "EXTRA_COMPILER_FLAGS=-g -ffunction-sections -fdata-sections -Wall 
TRACE::2026-01-07.23:22:55::SCWMssOS::-Wextra -fno-tree-loop-distribute-patterns"

TRACE::2026-01-07.23:22:55::SCWMssOS::"Running Make include in microblaze_0/libsrc/cpu_v2_14/src"

TRACE::2026-01-07.23:22:55::SCWMssOS::make -C microblaze_0/libsrc/cpu_v2_14/src -s include  "SHELL=CMD" "COMPILER=mb-gcc" "ASSEMBLER=mb-as" "ARCHIVER=mb-ar" "COMPILE
TRACE::2026-01-07.23:22:55::SCWMssOS::R_FLAGS=  -O2 -c -mcpu=v11.0 -mlittle-endian -mxl-soft-mul" "EXTRA_COMPILER_FLAGS=-g -ffunction-sections -fdata-sections -Wall 
TRACE::2026-01-07.23:22:55::SCWMssOS::-Wextra -fno-tree-loop-distribute-patterns"

TRACE::2026-01-07.23:22:55::SCWMssOS::"Running Make include in microblaze_0/libsrc/intc_v3_13/src"

TRACE::2026-01-07.23:22:55::SCWMssOS::make -C microblaze_0/libsrc/intc_v3_13/src -s include  "SHELL=CMD" "COMPILER=mb-gcc" "ASSEMBLER=mb-as" "ARCHIVER=mb-ar" "COMPIL
TRACE::2026-01-07.23:22:55::SCWMssOS::ER_FLAGS=  -O2 -c -mcpu=v11.0 -mlittle-endian -mxl-soft-mul" "EXTRA_COMPILER_FLAGS=-g -ffunction-sections -fdata-sections -Wall
TRACE::2026-01-07.23:22:55::SCWMssOS:: -Wextra -fno-tree-loop-distribute-patterns"

TRACE::2026-01-07.23:22:55::SCWMssOS::"Running Make include in microblaze_0/libsrc/PmodTMP3_v1_0/src"

TRACE::2026-01-07.23:22:55::SCWMssOS::make -C microblaze_0/libsrc/PmodTMP3_v1_0/src -s include  "SHELL=CMD" "COMPILER=mb-gcc" "ASSEMBLER=mb-as" "ARCHIVER=mb-ar" "COM
TRACE::2026-01-07.23:22:55::SCWMssOS::PILER_FLAGS=  -O2 -c -mcpu=v11.0 -mlittle-endian -mxl-soft-mul" "EXTRA_COMPILER_FLAGS=-g -ffunction-sections -fdata-sections -W
TRACE::2026-01-07.23:22:55::SCWMssOS::all -Wextra -fno-tree-loop-distribute-patterns"

TRACE::2026-01-07.23:22:55::SCWMssOS::"Running Make include in microblaze_0/libsrc/standalone_v7_6/src"

TRACE::2026-01-07.23:22:55::SCWMssOS::make -C microblaze_0/libsrc/standalone_v7_6/src -s include  "SHELL=CMD" "COMPILER=mb-gcc" "ASSEMBLER=mb-as" "ARCHIVER=mb-ar" "C
TRACE::2026-01-07.23:22:55::SCWMssOS::OMPILER_FLAGS=  -O2 -c -mcpu=v11.0 -mlittle-endian -mxl-soft-mul" "EXTRA_COMPILER_FLAGS=-g -ffunction-sections -fdata-sections 
TRACE::2026-01-07.23:22:55::SCWMssOS::-Wall -Wextra -fno-tree-loop-distribute-patterns"

TRACE::2026-01-07.23:22:56::SCWMssOS::"Running Make include in microblaze_0/libsrc/uartlite_v3_6/src"

TRACE::2026-01-07.23:22:56::SCWMssOS::make -C microblaze_0/libsrc/uartlite_v3_6/src -s include  "SHELL=CMD" "COMPILER=mb-gcc" "ASSEMBLER=mb-as" "ARCHIVER=mb-ar" "COM
TRACE::2026-01-07.23:22:56::SCWMssOS::PILER_FLAGS=  -O2 -c -mcpu=v11.0 -mlittle-endian -mxl-soft-mul" "EXTRA_COMPILER_FLAGS=-g -ffunction-sections -fdata-sections -W
TRACE::2026-01-07.23:22:56::SCWMssOS::all -Wextra -fno-tree-loop-distribute-patterns"

TRACE::2026-01-07.23:22:56::SCWMssOS::"Running Make libs in microblaze_0/libsrc/bram_v4_7/src"

TRACE::2026-01-07.23:22:56::SCWMssOS::make -C microblaze_0/libsrc/bram_v4_7/src -s libs  "SHELL=CMD" "COMPILER=mb-gcc" "ASSEMBLER=mb-as" "ARCHIVER=mb-ar" "COMPILER_F
TRACE::2026-01-07.23:22:56::SCWMssOS::LAGS=  -O2 -c -mcpu=v11.0 -mlittle-endian -mxl-soft-mul" "EXTRA_COMPILER_FLAGS=-g -ffunction-sections -fdata-sections -Wall -We
TRACE::2026-01-07.23:22:56::SCWMssOS::xtra -fno-tree-loop-distribute-patterns"

TRACE::2026-01-07.23:22:56::SCWMssOS::"Running Make libs in microblaze_0/libsrc/cpu_v2_14/src"

TRACE::2026-01-07.23:22:56::SCWMssOS::make -C microblaze_0/libsrc/cpu_v2_14/src -s libs  "SHELL=CMD" "COMPILER=mb-gcc" "ASSEMBLER=mb-as" "ARCHIVER=mb-ar" "COMPILER_F
TRACE::2026-01-07.23:22:56::SCWMssOS::LAGS=  -O2 -c -mcpu=v11.0 -mlittle-endian -mxl-soft-mul" "EXTRA_COMPILER_FLAGS=-g -ffunction-sections -fdata-sections -Wall -We
TRACE::2026-01-07.23:22:56::SCWMssOS::xtra -fno-tree-loop-distribute-patterns"

TRACE::2026-01-07.23:22:56::SCWMssOS::"Running Make libs in microblaze_0/libsrc/intc_v3_13/src"

TRACE::2026-01-07.23:22:56::SCWMssOS::make -C microblaze_0/libsrc/intc_v3_13/src -s libs  "SHELL=CMD" "COMPILER=mb-gcc" "ASSEMBLER=mb-as" "ARCHIVER=mb-ar" "COMPILER_
TRACE::2026-01-07.23:22:56::SCWMssOS::FLAGS=  -O2 -c -mcpu=v11.0 -mlittle-endian -mxl-soft-mul" "EXTRA_COMPILER_FLAGS=-g -ffunction-sections -fdata-sections -Wall -W
TRACE::2026-01-07.23:22:56::SCWMssOS::extra -fno-tree-loop-distribute-patterns"

TRACE::2026-01-07.23:22:56::SCWMssOS::"Running Make libs in microblaze_0/libsrc/standalone_v7_6/src"

TRACE::2026-01-07.23:22:56::SCWMssOS::make -C microblaze_0/libsrc/standalone_v7_6/src -s libs  "SHELL=CMD" "COMPILER=mb-gcc" "ASSEMBLER=mb-as" "ARCHIVER=mb-ar" "COMP
TRACE::2026-01-07.23:22:56::SCWMssOS::ILER_FLAGS=  -O2 -c -mcpu=v11.0 -mlittle-endian -mxl-soft-mul" "EXTRA_COMPILER_FLAGS=-g -ffunction-sections -fdata-sections -Wa
TRACE::2026-01-07.23:22:56::SCWMssOS::ll -Wextra -fno-tree-loop-distribute-patterns"

TRACE::2026-01-07.23:22:56::SCWMssOS::"Running Make libs in microblaze_0/libsrc/uartlite_v3_6/src"

TRACE::2026-01-07.23:22:56::SCWMssOS::make -C microblaze_0/libsrc/uartlite_v3_6/src -s libs  "SHELL=CMD" "COMPILER=mb-gcc" "ASSEMBLER=mb-as" "ARCHIVER=mb-ar" "COMPIL
TRACE::2026-01-07.23:22:56::SCWMssOS::ER_FLAGS=  -O2 -c -mcpu=v11.0 -mlittle-endian -mxl-soft-mul" "EXTRA_COMPILER_FLAGS=-g -ffunction-sections -fdata-sections -Wall
TRACE::2026-01-07.23:22:56::SCWMssOS:: -Wextra -fno-tree-loop-distribute-patterns"

TRACE::2026-01-07.23:22:57::SCWMssOS::"DEBUG NON_LTO_OBJECTS is ../../../lib/microblaze_interrupt_handler.o"

TRACE::2026-01-07.23:22:57::SCWMssOS::'Finished building libraries parallelly.'

TRACE::2026-01-07.23:22:57::SCWMssOS::make --no-print-directory archive

TRACE::2026-01-07.23:22:57::SCWMssOS::mb-ar -r  microblaze_0/lib/libxil.a microblaze_0/lib/xplatform_info.o microblaze_0/lib/xuartlite.o microblaze_0/lib/microblaze_
TRACE::2026-01-07.23:22:57::SCWMssOS::disable_exceptions.o microblaze_0/lib/print.o microblaze_0/lib/_exit.o microblaze_0/lib/xil_testio.o microblaze_0/lib/microblaz
TRACE::2026-01-07.23:22:57::SCWMssOS::e_disable_dcache.o microblaze_0/lib/microblaze_flush_dcache_range.o microblaze_0/lib/microblaze_flush_cache_ext.o microblaze_0/
TRACE::2026-01-07.23:22:57::SCWMssOS::lib/xbram_sinit.o microblaze_0/lib/xil_misc_psreset_api.o microblaze_0/lib/xil_cache.o microblaze_0/lib/xil_util.o microblaze_0
TRACE::2026-01-07.23:22:57::SCWMssOS::/lib/inbyte.o microblaze_0/lib/xbram_g.o microblaze_0/lib/xuartlite_stats.o microblaze_0/lib/microblaze_exception_handler.o mic
TRACE::2026-01-07.23:22:57::SCWMssOS::roblaze_0/lib/microblaze_scrub.o microblaze_0/lib/microblaze_invalidate_dcache.o microblaze_0/lib/microblaze_disable_interrupts
TRACE::2026-01-07.23:22:57::SCWMssOS::.o microblaze_0/lib/xbram_selftest.o microblaze_0/lib/microblaze_interrupt_handler.o microblaze_0/lib/microblaze_disable_icache
TRACE::2026-01-07.23:22:57::SCWMssOS::.o microblaze_0/lib/xil_mem.o microblaze_0/lib/xuartlite_intr.o microblaze_0/lib/microblaze_flush_cache_ext_range.o microblaze_
TRACE::2026-01-07.23:22:57::SCWMssOS::0/lib/xbram_intr.o microblaze_0/lib/xil_sleepcommon.o microblaze_0/lib/xil_printf.o microblaze_0/lib/xintc_g.o microblaze_0/lib
TRACE::2026-01-07.23:22:57::SCWMssOS::/xuartlite_g.o microblaze_0/lib/xintc_selftest.o microblaze_0/lib/xintc_l.o microblaze_0/lib/outbyte.o microblaze_0/lib/microbl
TRACE::2026-01-07.23:22:57::SCWMssOS::aze_invalidate_dcache_range.o microblaze_0/lib/microblaze_invalidate_cache_ext.o microblaze_0/lib/microblaze_sleep.o microblaze
TRACE::2026-01-07.23:22:57::SCWMssOS::_0/lib/hw_exception_handler.o microblaze_0/lib/xuartlite_selftest.o microblaze_0/lib/xintc_intr.o microblaze_0/lib/microblaze_u
TRACE::2026-01-07.23:22:57::SCWMssOS::pdate_dcache.o microblaze_0/lib/xil_testcache.o microblaze_0/lib/microblaze_selftest.o microblaze_0/lib/microblaze_interrupts_g
TRACE::2026-01-07.23:22:57::SCWMssOS::.o microblaze_0/lib/microblaze_enable_exceptions.o microblaze_0/lib/xio.o microblaze_0/lib/microblaze_enable_dcache.o microblaz
TRACE::2026-01-07.23:22:57::SCWMssOS::e_0/lib/xbram.o microblaze_0/lib/microblaze_invalidate_icache_range.o microblaze_0/lib/microblaze_init_dcache_range.o microblaz
TRACE::2026-01-07.23:22:57::SCWMssOS::e_0/lib/microblaze_invalidate_icache.o microblaze_0/lib/errno.o microblaze_0/lib/xuartlite_l.o microblaze_0/lib/xintc_options.o
TRACE::2026-01-07.23:22:57::SCWMssOS:: microblaze_0/lib/microblaze_invalidate_cache_ext_range.o microblaze_0/lib/xil_exception.o microblaze_0/lib/pvr.o microblaze_0/
TRACE::2026-01-07.23:22:57::SCWMssOS::lib/xil_testmem.o microblaze_0/lib/microblaze_update_icache.o microblaze_0/lib/microblaze_flush_dcache.o microblaze_0/lib/xil_c
TRACE::2026-01-07.23:22:57::SCWMssOS::locking.o microblaze_0/lib/xil_assert.o microblaze_0/lib/microblaze_enable_interrupts.o microblaze_0/lib/microblaze_enable_icac
TRACE::2026-01-07.23:22:57::SCWMssOS::he.o microblaze_0/lib/xintc.o microblaze_0/lib/xuartlite_sinit.o microblaze_0/lib/fcntl.o microblaze_0/lib/microblaze_init_icac
TRACE::2026-01-07.23:22:57::SCWMssOS::he_range.o

TRACE::2026-01-07.23:22:57::SCWMssOS::'Finished building libraries'

TRACE::2026-01-07.23:22:57::SCWMssOS::Copying to export directory.
TRACE::2026-01-07.23:22:58::SCWMssOS:: Checking if to create the Supporting Applications
TRACE::2026-01-07.23:22:58::SCWMssOS:: No Linux domain exists, trying to generate FSBL 
LOG::2026-01-07.23:22:58::SCWSystem::Completed Processing the domain standalone_domain
LOG::2026-01-07.23:22:58::SCWSystem::Completed Processing the sysconfig TMP3_Platform
LOG::2026-01-07.23:22:58::SCWPlatform::Completed generating the artifacts for system configuration TMP3_Platform
TRACE::2026-01-07.23:22:58::SCWPlatform::Started preparing the platform 
TRACE::2026-01-07.23:22:58::SCWSystem::Writing the bif file for system config TMP3_Platform
TRACE::2026-01-07.23:22:58::SCWSystem::dir created 
TRACE::2026-01-07.23:22:58::SCWSystem::Writing the bif 
TRACE::2026-01-07.23:22:58::SCWPlatform::Started writing the spfm file 
TRACE::2026-01-07.23:22:58::SCWPlatform::Started writing the xpfm file 
TRACE::2026-01-07.23:22:58::SCWPlatform::Completed generating the platform
TRACE::2026-01-07.23:22:58::SCWMssOS::Saving the mss changes C:/Users/User/Documents/GitHub/AHE_Group_G/workspace_TMP3_7.1.26_1/TMP3_Platform/microblaze_0/standalone_domain/bsp/system.mss
TRACE::2026-01-07.23:22:58::SCWMssOS::Found a swdesign opened with the mssfile.
TRACE::2026-01-07.23:22:58::SCWMssOS::Completed writemss as part of save.
TRACE::2026-01-07.23:22:58::SCWMssOS::Commit changes completed.
TRACE::2026-01-07.23:22:58::SCWPlatform::Trying to open the hw design at C:/Users/User/Documents/GitHub/AHE_Group_G/workspace_TMP3_7.1.26_1/TMP3_Platform/hw/TMP3_pmod_wrapper.xsa
TRACE::2026-01-07.23:22:58::SCWPlatform::DSA given C:/Users/User/Documents/GitHub/AHE_Group_G/workspace_TMP3_7.1.26_1/TMP3_Platform/hw/TMP3_pmod_wrapper.xsa
TRACE::2026-01-07.23:22:58::SCWPlatform::DSA absoulate path C:/Users/User/Documents/GitHub/AHE_Group_G/workspace_TMP3_7.1.26_1/TMP3_Platform/hw/TMP3_pmod_wrapper.xsa
TRACE::2026-01-07.23:22:58::SCWPlatform::DSA directory C:/Users/User/Documents/GitHub/AHE_Group_G/workspace_TMP3_7.1.26_1/TMP3_Platform/hw
TRACE::2026-01-07.23:22:58::SCWPlatform:: Platform Path C:/Users/User/Documents/GitHub/AHE_Group_G/workspace_TMP3_7.1.26_1/TMP3_Platform/hw/TMP3_pmod_wrapper.xsa
TRACE::2026-01-07.23:22:58::SCWPlatform:: Unique name xilinx:::0.0
TRACE::2026-01-07.23:22:58::SCWPlatform::Trying to set the existing hwdb with name TMP3_pmod_wrapper_1
TRACE::2026-01-07.23:22:58::SCWPlatform::Opened existing hwdb TMP3_pmod_wrapper_1
TRACE::2026-01-07.23:22:58::SCWPlatform::Found the Hw Db part of the input DSA
TRACE::2026-01-07.23:22:58::SCWMssOS::Checking the sw design at  C:/Users/User/Documents/GitHub/AHE_Group_G/workspace_TMP3_7.1.26_1/TMP3_Platform/microblaze_0/standalone_domain/bsp/system.mss
TRACE::2026-01-07.23:22:58::SCWMssOS::DEBUG:  swdes dump  C:/Users/User/Documents/GitHub/AHE_Group_G/workspace_TMP3_7.1.26_1/TMP3_Platform/microblaze_0/standalone_domain/bsp/system.mss|system||

TRACE::2026-01-07.23:22:58::SCWMssOS::Sw design exists and opened at  C:/Users/User/Documents/GitHub/AHE_Group_G/workspace_TMP3_7.1.26_1/TMP3_Platform/microblaze_0/standalone_domain/bsp/system.mss
TRACE::2026-01-07.23:22:58::SCWWriter::formatted JSON is {
	"platformName":	"TMP3_Platform",
	"sprVersion":	"2.0",
	"mode":	"gui",
	"dsaType":	"Fixed",
	"platformDesc":	"TMP3_Platform",
	"platHandOff":	"C:/Users/User/Documents/GitHub/Hardware_vhdl_ip_files/TMP3_block_7.1_1/TMP3_pmod_wrapper.xsa",
	"platIntHandOff":	"<platformDir>/hw/TMP3_pmod_wrapper.xsa",
	"deviceType":	"FPGA",
	"platIsPrebuiltAutogen":	"false",
	"platIsNoBootBsp":	"false",
	"hasFsblMakeHasChanges":	"false",
	"hasPmufwMakeHasChanges":	"false",
	"platPreBuiltFlag":	false,
	"platformSamplesDir":	"",
	"platActiveSys":	"TMP3_Platform",
	"systems":	[{
			"systemName":	"TMP3_Platform",
			"systemDesc":	"TMP3_Platform",
			"sysIsBootAutoGen":	"true",
			"systemDispName":	"TMP3_Platform",
			"sysActiveDom":	"standalone_domain",
			"sysDefaultDom":	"standalone_domain",
			"domains":	[{
					"domainName":	"standalone_domain",
					"domainDispName":	"standalone on microblaze_0",
					"domainDesc":	"standalone_domain",
					"processors":	"microblaze_0",
					"os":	"standalone",
					"sdxOs":	"standalone",
					"debugEnable":	"False",
					"domRuntimes":	["cpp"],
					"swRepo":	"",
					"mssOsVer":	"7.6",
					"mssFile":	"",
					"md5Digest":	"d6a3b57a5267393b8d497d79c2949060",
					"compatibleApp":	"",
					"domType":	"mssDomain",
					"arch":	"32-bit",
					"appSettings":	{
						"appCompilerFlags":	"",
						"appLinkerFlags":	""
					},
					"addedLibs":	[],
					"libOptions":	{
						"libsContainingOptions":	[]
					},
					"prebuiltLibs":	{
						"prebuiltIncPath":	[],
						"prebuiltLibPath":	[]
					},
					"isolation":	{
					}
				}]
		}]
}
KEYINFO::2026-01-07.23:22:58::SCWPlatform::updated the xpfm file.
TRACE::2026-01-07.23:22:58::SCWPlatform::Trying to open the hw design at C:/Users/User/Documents/GitHub/AHE_Group_G/workspace_TMP3_7.1.26_1/TMP3_Platform/hw/TMP3_pmod_wrapper.xsa
TRACE::2026-01-07.23:22:58::SCWPlatform::DSA given C:/Users/User/Documents/GitHub/AHE_Group_G/workspace_TMP3_7.1.26_1/TMP3_Platform/hw/TMP3_pmod_wrapper.xsa
TRACE::2026-01-07.23:22:58::SCWPlatform::DSA absoulate path C:/Users/User/Documents/GitHub/AHE_Group_G/workspace_TMP3_7.1.26_1/TMP3_Platform/hw/TMP3_pmod_wrapper.xsa
TRACE::2026-01-07.23:22:58::SCWPlatform::DSA directory C:/Users/User/Documents/GitHub/AHE_Group_G/workspace_TMP3_7.1.26_1/TMP3_Platform/hw
TRACE::2026-01-07.23:22:58::SCWPlatform:: Platform Path C:/Users/User/Documents/GitHub/AHE_Group_G/workspace_TMP3_7.1.26_1/TMP3_Platform/hw/TMP3_pmod_wrapper.xsa
TRACE::2026-01-07.23:22:58::SCWPlatform:: Unique name xilinx:::0.0
TRACE::2026-01-07.23:22:58::SCWPlatform::Trying to set the existing hwdb with name TMP3_pmod_wrapper_1
TRACE::2026-01-07.23:22:58::SCWPlatform::Opened existing hwdb TMP3_pmod_wrapper_1
TRACE::2026-01-07.23:22:58::SCWPlatform::Found the Hw Db part of the input DSA
TRACE::2026-01-07.23:22:58::SCWMssOS::Checking the sw design at  C:/Users/User/Documents/GitHub/AHE_Group_G/workspace_TMP3_7.1.26_1/TMP3_Platform/microblaze_0/standalone_domain/bsp/system.mss
TRACE::2026-01-07.23:22:58::SCWMssOS::DEBUG:  swdes dump  C:/Users/User/Documents/GitHub/AHE_Group_G/workspace_TMP3_7.1.26_1/TMP3_Platform/microblaze_0/standalone_domain/bsp/system.mss|system||

TRACE::2026-01-07.23:22:58::SCWMssOS::Sw design exists and opened at  C:/Users/User/Documents/GitHub/AHE_Group_G/workspace_TMP3_7.1.26_1/TMP3_Platform/microblaze_0/standalone_domain/bsp/system.mss
TRACE::2026-01-08.11:09:37::SCWMssOS::cleaning the bsp 
TRACE::2026-01-08.11:09:37::SCWMssOS::System Command Ran  C: & cd  C:/Users/User/Documents/GitHub/AHE_Group_G/workspace_TMP3_7.1.26_1/TMP3_Platform/microblaze_0/standalone_domain/bsp & make clean 
TRACE::2026-01-08.11:09:37::SCWMssOS::make -C microblaze_0/libsrc/bram_v4_7/src -s clean 

TRACE::2026-01-08.11:09:37::SCWMssOS::make -C microblaze_0/libsrc/cpu_v2_14/src -s clean 

TRACE::2026-01-08.11:09:37::SCWMssOS::make -C microblaze_0/libsrc/intc_v3_13/src -s clean 

TRACE::2026-01-08.11:09:38::SCWMssOS::make -C microblaze_0/libsrc/PmodTMP3_v1_0/src -s clean 

TRACE::2026-01-08.11:09:38::SCWMssOS::make -C microblaze_0/libsrc/standalone_v7_6/src -s clean 

TRACE::2026-01-08.11:09:38::SCWMssOS::make -C microblaze_0/libsrc/uartlite_v3_6/src -s clean 

TRACE::2026-01-08.11:09:39::SCWMssOS::rm -f microblaze_0/lib/libxil.a

LOG::2026-01-08.11:09:47::SCWPlatform::Started generating the artifacts platform TMP3_Platform
TRACE::2026-01-08.11:09:47::SCWPlatform::Sanity checking of platform is completed
LOG::2026-01-08.11:09:47::SCWPlatform::Started generating the artifacts for system configuration TMP3_Platform
LOG::2026-01-08.11:09:47::SCWSystem::Checking the domain standalone_domain
LOG::2026-01-08.11:09:47::SCWSystem::Not a boot domain 
LOG::2026-01-08.11:09:47::SCWSystem::Started Processing the domain standalone_domain
TRACE::2026-01-08.11:09:47::SCWDomain::Generating domain artifcats
TRACE::2026-01-08.11:09:47::SCWMssOS::Generating standalone artifcats
TRACE::2026-01-08.11:09:47::SCWMssOS:: Copying the user libraries. 
TRACE::2026-01-08.11:09:47::SCWPlatform::Trying to open the hw design at C:/Users/User/Documents/GitHub/AHE_Group_G/workspace_TMP3_7.1.26_1/TMP3_Platform/hw/TMP3_pmod_wrapper.xsa
TRACE::2026-01-08.11:09:47::SCWPlatform::DSA given C:/Users/User/Documents/GitHub/AHE_Group_G/workspace_TMP3_7.1.26_1/TMP3_Platform/hw/TMP3_pmod_wrapper.xsa
TRACE::2026-01-08.11:09:47::SCWPlatform::DSA absoulate path C:/Users/User/Documents/GitHub/AHE_Group_G/workspace_TMP3_7.1.26_1/TMP3_Platform/hw/TMP3_pmod_wrapper.xsa
TRACE::2026-01-08.11:09:47::SCWPlatform::DSA directory C:/Users/User/Documents/GitHub/AHE_Group_G/workspace_TMP3_7.1.26_1/TMP3_Platform/hw
TRACE::2026-01-08.11:09:47::SCWPlatform:: Platform Path C:/Users/User/Documents/GitHub/AHE_Group_G/workspace_TMP3_7.1.26_1/TMP3_Platform/hw/TMP3_pmod_wrapper.xsa
TRACE::2026-01-08.11:09:47::SCWPlatform:: Unique name xilinx:::0.0
TRACE::2026-01-08.11:09:47::SCWPlatform::Trying to set the existing hwdb with name TMP3_pmod_wrapper_1
TRACE::2026-01-08.11:09:47::SCWPlatform::Opened existing hwdb TMP3_pmod_wrapper_1
TRACE::2026-01-08.11:09:47::SCWPlatform::Found the Hw Db part of the input DSA
TRACE::2026-01-08.11:09:47::SCWMssOS::Checking the sw design at  C:/Users/User/Documents/GitHub/AHE_Group_G/workspace_TMP3_7.1.26_1/TMP3_Platform/microblaze_0/standalone_domain/bsp/system.mss
TRACE::2026-01-08.11:09:47::SCWMssOS::DEBUG:  swdes dump  C:/Users/User/Documents/GitHub/AHE_Group_G/workspace_TMP3_7.1.26_1/TMP3_Platform/microblaze_0/standalone_domain/bsp/system.mss|system||

TRACE::2026-01-08.11:09:47::SCWMssOS::Sw design exists and opened at  C:/Users/User/Documents/GitHub/AHE_Group_G/workspace_TMP3_7.1.26_1/TMP3_Platform/microblaze_0/standalone_domain/bsp/system.mss
TRACE::2026-01-08.11:09:47::SCWMssOS::Completed writing the mss file at C:/Users/User/Documents/GitHub/AHE_Group_G/workspace_TMP3_7.1.26_1/TMP3_Platform/microblaze_0/standalone_domain/bsp
TRACE::2026-01-08.11:09:47::SCWMssOS::Mss edits present, copying mssfile into export location C:/Users/User/Documents/GitHub/AHE_Group_G/workspace_TMP3_7.1.26_1/TMP3_Platform/microblaze_0/standalone_domain/bsp/system.mss
TRACE::2026-01-08.11:09:47::SCWMssOS::bsp generated is upto date with the mss file. Skipping bsp generation.
TRACE::2026-01-08.11:09:47::SCWMssOS::BSP is already built. skipping the bsp build ... 
TRACE::2026-01-08.11:09:47::SCWDomain::Building the domain as part of full build :  standalone_domain
TRACE::2026-01-08.11:09:47::SCWMssOS::doing bsp build ... 
TRACE::2026-01-08.11:09:47::SCWMssOS::System Command Ran  C: & cd  C:/Users/User/Documents/GitHub/AHE_Group_G/workspace_TMP3_7.1.26_1/TMP3_Platform/microblaze_0/standalone_domain/bsp & make 
TRACE::2026-01-08.11:09:47::SCWMssOS::make --no-print-directory seq_libs

TRACE::2026-01-08.11:09:47::SCWMssOS::"Running Make include in microblaze_0/libsrc/bram_v4_7/src"

TRACE::2026-01-08.11:09:47::SCWMssOS::make -C microblaze_0/libsrc/bram_v4_7/src -s include  "SHELL=CMD" "COMPILER=mb-gcc" "ASSEMBLER=mb-as" "ARCHIVER=mb-ar" "COMPILE
TRACE::2026-01-08.11:09:47::SCWMssOS::R_FLAGS=  -O2 -c -mcpu=v11.0 -mlittle-endian -mxl-soft-mul" "EXTRA_COMPILER_FLAGS=-g -ffunction-sections -fdata-sections -Wall 
TRACE::2026-01-08.11:09:47::SCWMssOS::-Wextra -fno-tree-loop-distribute-patterns"

TRACE::2026-01-08.11:09:47::SCWMssOS::"Running Make include in microblaze_0/libsrc/cpu_v2_14/src"

TRACE::2026-01-08.11:09:47::SCWMssOS::make -C microblaze_0/libsrc/cpu_v2_14/src -s include  "SHELL=CMD" "COMPILER=mb-gcc" "ASSEMBLER=mb-as" "ARCHIVER=mb-ar" "COMPILE
TRACE::2026-01-08.11:09:47::SCWMssOS::R_FLAGS=  -O2 -c -mcpu=v11.0 -mlittle-endian -mxl-soft-mul" "EXTRA_COMPILER_FLAGS=-g -ffunction-sections -fdata-sections -Wall 
TRACE::2026-01-08.11:09:47::SCWMssOS::-Wextra -fno-tree-loop-distribute-patterns"

TRACE::2026-01-08.11:09:47::SCWMssOS::"Running Make include in microblaze_0/libsrc/intc_v3_13/src"

TRACE::2026-01-08.11:09:47::SCWMssOS::make -C microblaze_0/libsrc/intc_v3_13/src -s include  "SHELL=CMD" "COMPILER=mb-gcc" "ASSEMBLER=mb-as" "ARCHIVER=mb-ar" "COMPIL
TRACE::2026-01-08.11:09:47::SCWMssOS::ER_FLAGS=  -O2 -c -mcpu=v11.0 -mlittle-endian -mxl-soft-mul" "EXTRA_COMPILER_FLAGS=-g -ffunction-sections -fdata-sections -Wall
TRACE::2026-01-08.11:09:47::SCWMssOS:: -Wextra -fno-tree-loop-distribute-patterns"

TRACE::2026-01-08.11:09:47::SCWMssOS::"Running Make include in microblaze_0/libsrc/PmodTMP3_v1_0/src"

TRACE::2026-01-08.11:09:47::SCWMssOS::make -C microblaze_0/libsrc/PmodTMP3_v1_0/src -s include  "SHELL=CMD" "COMPILER=mb-gcc" "ASSEMBLER=mb-as" "ARCHIVER=mb-ar" "COM
TRACE::2026-01-08.11:09:47::SCWMssOS::PILER_FLAGS=  -O2 -c -mcpu=v11.0 -mlittle-endian -mxl-soft-mul" "EXTRA_COMPILER_FLAGS=-g -ffunction-sections -fdata-sections -W
TRACE::2026-01-08.11:09:47::SCWMssOS::all -Wextra -fno-tree-loop-distribute-patterns"

TRACE::2026-01-08.11:09:48::SCWMssOS::"Running Make include in microblaze_0/libsrc/standalone_v7_6/src"

TRACE::2026-01-08.11:09:48::SCWMssOS::make -C microblaze_0/libsrc/standalone_v7_6/src -s include  "SHELL=CMD" "COMPILER=mb-gcc" "ASSEMBLER=mb-as" "ARCHIVER=mb-ar" "C
TRACE::2026-01-08.11:09:48::SCWMssOS::OMPILER_FLAGS=  -O2 -c -mcpu=v11.0 -mlittle-endian -mxl-soft-mul" "EXTRA_COMPILER_FLAGS=-g -ffunction-sections -fdata-sections 
TRACE::2026-01-08.11:09:48::SCWMssOS::-Wall -Wextra -fno-tree-loop-distribute-patterns"

TRACE::2026-01-08.11:09:48::SCWMssOS::"Running Make include in microblaze_0/libsrc/uartlite_v3_6/src"

TRACE::2026-01-08.11:09:48::SCWMssOS::make -C microblaze_0/libsrc/uartlite_v3_6/src -s include  "SHELL=CMD" "COMPILER=mb-gcc" "ASSEMBLER=mb-as" "ARCHIVER=mb-ar" "COM
TRACE::2026-01-08.11:09:48::SCWMssOS::PILER_FLAGS=  -O2 -c -mcpu=v11.0 -mlittle-endian -mxl-soft-mul" "EXTRA_COMPILER_FLAGS=-g -ffunction-sections -fdata-sections -W
TRACE::2026-01-08.11:09:48::SCWMssOS::all -Wextra -fno-tree-loop-distribute-patterns"

TRACE::2026-01-08.11:09:48::SCWMssOS::"Running Make libs in microblaze_0/libsrc/PmodTMP3_v1_0/src"

TRACE::2026-01-08.11:09:48::SCWMssOS::make -C microblaze_0/libsrc/PmodTMP3_v1_0/src -s libs  "SHELL=CMD" "COMPILER=mb-gcc" "ASSEMBLER=mb-as" "ARCHIVER=mb-ar" "COMPIL
TRACE::2026-01-08.11:09:48::SCWMssOS::ER_FLAGS=  -O2 -c -mcpu=v11.0 -mlittle-endian -mxl-soft-mul" "EXTRA_COMPILER_FLAGS=-g -ffunction-sections -fdata-sections -Wall
TRACE::2026-01-08.11:09:48::SCWMssOS:: -Wextra -fno-tree-loop-distribute-patterns"

TRACE::2026-01-08.11:09:48::SCWMssOS::"Compiling PmodTMP3"

TRACE::2026-01-08.11:09:51::SCWMssOS::'Finished building libraries sequentially.'

TRACE::2026-01-08.11:09:51::SCWMssOS::make -j 10 --no-print-directory par_libs

TRACE::2026-01-08.11:09:51::SCWMssOS::"Running Make include in microblaze_0/libsrc/bram_v4_7/src"

TRACE::2026-01-08.11:09:51::SCWMssOS::make -C microblaze_0/libsrc/bram_v4_7/src -s include  "SHELL=CMD" "COMPILER=mb-gcc" "ASSEMBLER=mb-as" "ARCHIVER=mb-ar" "COMPILE
TRACE::2026-01-08.11:09:51::SCWMssOS::R_FLAGS=  -O2 -c -mcpu=v11.0 -mlittle-endian -mxl-soft-mul" "EXTRA_COMPILER_FLAGS=-g -ffunction-sections -fdata-sections -Wall 
TRACE::2026-01-08.11:09:51::SCWMssOS::-Wextra -fno-tree-loop-distribute-patterns"

TRACE::2026-01-08.11:09:51::SCWMssOS::"Running Make include in microblaze_0/libsrc/cpu_v2_14/src"

TRACE::2026-01-08.11:09:51::SCWMssOS::make -C microblaze_0/libsrc/cpu_v2_14/src -s include  "SHELL=CMD" "COMPILER=mb-gcc" "ASSEMBLER=mb-as" "ARCHIVER=mb-ar" "COMPILE
TRACE::2026-01-08.11:09:51::SCWMssOS::R_FLAGS=  -O2 -c -mcpu=v11.0 -mlittle-endian -mxl-soft-mul" "EXTRA_COMPILER_FLAGS=-g -ffunction-sections -fdata-sections -Wall 
TRACE::2026-01-08.11:09:51::SCWMssOS::-Wextra -fno-tree-loop-distribute-patterns"

TRACE::2026-01-08.11:09:51::SCWMssOS::"Running Make include in microblaze_0/libsrc/intc_v3_13/src"

TRACE::2026-01-08.11:09:51::SCWMssOS::make -C microblaze_0/libsrc/intc_v3_13/src -s include  "SHELL=CMD" "COMPILER=mb-gcc" "ASSEMBLER=mb-as" "ARCHIVER=mb-ar" "COMPIL
TRACE::2026-01-08.11:09:51::SCWMssOS::ER_FLAGS=  -O2 -c -mcpu=v11.0 -mlittle-endian -mxl-soft-mul" "EXTRA_COMPILER_FLAGS=-g -ffunction-sections -fdata-sections -Wall
TRACE::2026-01-08.11:09:51::SCWMssOS:: -Wextra -fno-tree-loop-distribute-patterns"

TRACE::2026-01-08.11:09:51::SCWMssOS::"Running Make include in microblaze_0/libsrc/PmodTMP3_v1_0/src"

TRACE::2026-01-08.11:09:51::SCWMssOS::make -C microblaze_0/libsrc/PmodTMP3_v1_0/src -s include  "SHELL=CMD" "COMPILER=mb-gcc" "ASSEMBLER=mb-as" "ARCHIVER=mb-ar" "COM
TRACE::2026-01-08.11:09:51::SCWMssOS::PILER_FLAGS=  -O2 -c -mcpu=v11.0 -mlittle-endian -mxl-soft-mul" "EXTRA_COMPILER_FLAGS=-g -ffunction-sections -fdata-sections -W
TRACE::2026-01-08.11:09:51::SCWMssOS::all -Wextra -fno-tree-loop-distribute-patterns"

TRACE::2026-01-08.11:09:51::SCWMssOS::"Running Make include in microblaze_0/libsrc/standalone_v7_6/src"

TRACE::2026-01-08.11:09:51::SCWMssOS::make -C microblaze_0/libsrc/standalone_v7_6/src -s include  "SHELL=CMD" "COMPILER=mb-gcc" "ASSEMBLER=mb-as" "ARCHIVER=mb-ar" "C
TRACE::2026-01-08.11:09:51::SCWMssOS::OMPILER_FLAGS=  -O2 -c -mcpu=v11.0 -mlittle-endian -mxl-soft-mul" "EXTRA_COMPILER_FLAGS=-g -ffunction-sections -fdata-sections 
TRACE::2026-01-08.11:09:51::SCWMssOS::-Wall -Wextra -fno-tree-loop-distribute-patterns"

TRACE::2026-01-08.11:09:51::SCWMssOS::"Running Make include in microblaze_0/libsrc/uartlite_v3_6/src"

TRACE::2026-01-08.11:09:51::SCWMssOS::make -C microblaze_0/libsrc/uartlite_v3_6/src -s include  "SHELL=CMD" "COMPILER=mb-gcc" "ASSEMBLER=mb-as" "ARCHIVER=mb-ar" "COM
TRACE::2026-01-08.11:09:51::SCWMssOS::PILER_FLAGS=  -O2 -c -mcpu=v11.0 -mlittle-endian -mxl-soft-mul" "EXTRA_COMPILER_FLAGS=-g -ffunction-sections -fdata-sections -W
TRACE::2026-01-08.11:09:51::SCWMssOS::all -Wextra -fno-tree-loop-distribute-patterns"

TRACE::2026-01-08.11:09:51::SCWMssOS::"Running Make libs in microblaze_0/libsrc/bram_v4_7/src"

TRACE::2026-01-08.11:09:51::SCWMssOS::make -C microblaze_0/libsrc/bram_v4_7/src -s libs  "SHELL=CMD" "COMPILER=mb-gcc" "ASSEMBLER=mb-as" "ARCHIVER=mb-ar" "COMPILER_F
TRACE::2026-01-08.11:09:51::SCWMssOS::LAGS=  -O2 -c -mcpu=v11.0 -mlittle-endian -mxl-soft-mul" "EXTRA_COMPILER_FLAGS=-g -ffunction-sections -fdata-sections -Wall -We
TRACE::2026-01-08.11:09:51::SCWMssOS::xtra -fno-tree-loop-distribute-patterns"

TRACE::2026-01-08.11:09:51::SCWMssOS::"Running Make libs in microblaze_0/libsrc/cpu_v2_14/src"

TRACE::2026-01-08.11:09:51::SCWMssOS::make -C microblaze_0/libsrc/cpu_v2_14/src -s libs  "SHELL=CMD" "COMPILER=mb-gcc" "ASSEMBLER=mb-as" "ARCHIVER=mb-ar" "COMPILER_F
TRACE::2026-01-08.11:09:51::SCWMssOS::LAGS=  -O2 -c -mcpu=v11.0 -mlittle-endian -mxl-soft-mul" "EXTRA_COMPILER_FLAGS=-g -ffunction-sections -fdata-sections -Wall -We
TRACE::2026-01-08.11:09:51::SCWMssOS::xtra -fno-tree-loop-distribute-patterns"

TRACE::2026-01-08.11:09:51::SCWMssOS::"Running Make libs in microblaze_0/libsrc/intc_v3_13/src"

TRACE::2026-01-08.11:09:51::SCWMssOS::make -C microblaze_0/libsrc/intc_v3_13/src -s libs  "SHELL=CMD" "COMPILER=mb-gcc" "ASSEMBLER=mb-as" "ARCHIVER=mb-ar" "COMPILER_
TRACE::2026-01-08.11:09:51::SCWMssOS::FLAGS=  -O2 -c -mcpu=v11.0 -mlittle-endian -mxl-soft-mul" "EXTRA_COMPILER_FLAGS=-g -ffunction-sections -fdata-sections -Wall -W
TRACE::2026-01-08.11:09:51::SCWMssOS::extra -fno-tree-loop-distribute-patterns"

TRACE::2026-01-08.11:09:51::SCWMssOS::"Running Make libs in microblaze_0/libsrc/standalone_v7_6/src"

TRACE::2026-01-08.11:09:51::SCWMssOS::make -C microblaze_0/libsrc/standalone_v7_6/src -s libs  "SHELL=CMD" "COMPILER=mb-gcc" "ASSEMBLER=mb-as" "ARCHIVER=mb-ar" "COMP
TRACE::2026-01-08.11:09:51::SCWMssOS::ILER_FLAGS=  -O2 -c -mcpu=v11.0 -mlittle-endian -mxl-soft-mul" "EXTRA_COMPILER_FLAGS=-g -ffunction-sections -fdata-sections -Wa
TRACE::2026-01-08.11:09:51::SCWMssOS::ll -Wextra -fno-tree-loop-distribute-patterns"

TRACE::2026-01-08.11:09:51::SCWMssOS::"Running Make libs in microblaze_0/libsrc/uartlite_v3_6/src"

TRACE::2026-01-08.11:09:51::SCWMssOS::make -C microblaze_0/libsrc/uartlite_v3_6/src -s libs  "SHELL=CMD" "COMPILER=mb-gcc" "ASSEMBLER=mb-as" "ARCHIVER=mb-ar" "COMPIL
TRACE::2026-01-08.11:09:51::SCWMssOS::ER_FLAGS=  -O2 -c -mcpu=v11.0 -mlittle-endian -mxl-soft-mul" "EXTRA_COMPILER_FLAGS=-g -ffunction-sections -fdata-sections -Wall
TRACE::2026-01-08.11:09:51::SCWMssOS:: -Wextra -fno-tree-loop-distribute-patterns"

TRACE::2026-01-08.11:09:53::SCWMssOS::"DEBUG NON_LTO_OBJECTS is ../../../lib/microblaze_interrupt_handler.o"

TRACE::2026-01-08.11:09:53::SCWMssOS::'Finished building libraries parallelly.'

TRACE::2026-01-08.11:09:53::SCWMssOS::make --no-print-directory archive

TRACE::2026-01-08.11:09:53::SCWMssOS::mb-ar -r  microblaze_0/lib/libxil.a microblaze_0/lib/xplatform_info.o microblaze_0/lib/xuartlite.o microblaze_0/lib/microblaze_
TRACE::2026-01-08.11:09:53::SCWMssOS::disable_exceptions.o microblaze_0/lib/print.o microblaze_0/lib/_exit.o microblaze_0/lib/xil_testio.o microblaze_0/lib/microblaz
TRACE::2026-01-08.11:09:53::SCWMssOS::e_disable_dcache.o microblaze_0/lib/microblaze_flush_dcache_range.o microblaze_0/lib/microblaze_flush_cache_ext.o microblaze_0/
TRACE::2026-01-08.11:09:53::SCWMssOS::lib/xbram_sinit.o microblaze_0/lib/xil_misc_psreset_api.o microblaze_0/lib/xil_cache.o microblaze_0/lib/xil_util.o microblaze_0
TRACE::2026-01-08.11:09:53::SCWMssOS::/lib/inbyte.o microblaze_0/lib/xbram_g.o microblaze_0/lib/xuartlite_stats.o microblaze_0/lib/microblaze_exception_handler.o mic
TRACE::2026-01-08.11:09:53::SCWMssOS::roblaze_0/lib/microblaze_scrub.o microblaze_0/lib/microblaze_invalidate_dcache.o microblaze_0/lib/microblaze_disable_interrupts
TRACE::2026-01-08.11:09:53::SCWMssOS::.o microblaze_0/lib/xbram_selftest.o microblaze_0/lib/microblaze_interrupt_handler.o microblaze_0/lib/microblaze_disable_icache
TRACE::2026-01-08.11:09:53::SCWMssOS::.o microblaze_0/lib/xil_mem.o microblaze_0/lib/xuartlite_intr.o microblaze_0/lib/microblaze_flush_cache_ext_range.o microblaze_
TRACE::2026-01-08.11:09:53::SCWMssOS::0/lib/xbram_intr.o microblaze_0/lib/xil_sleepcommon.o microblaze_0/lib/xil_printf.o microblaze_0/lib/xintc_g.o microblaze_0/lib
TRACE::2026-01-08.11:09:53::SCWMssOS::/xuartlite_g.o microblaze_0/lib/xintc_selftest.o microblaze_0/lib/xintc_l.o microblaze_0/lib/outbyte.o microblaze_0/lib/microbl
TRACE::2026-01-08.11:09:53::SCWMssOS::aze_invalidate_dcache_range.o microblaze_0/lib/microblaze_invalidate_cache_ext.o microblaze_0/lib/microblaze_sleep.o microblaze
TRACE::2026-01-08.11:09:53::SCWMssOS::_0/lib/hw_exception_handler.o microblaze_0/lib/xuartlite_selftest.o microblaze_0/lib/xintc_intr.o microblaze_0/lib/microblaze_u
TRACE::2026-01-08.11:09:53::SCWMssOS::pdate_dcache.o microblaze_0/lib/xil_testcache.o microblaze_0/lib/microblaze_selftest.o microblaze_0/lib/microblaze_interrupts_g
TRACE::2026-01-08.11:09:53::SCWMssOS::.o microblaze_0/lib/microblaze_enable_exceptions.o microblaze_0/lib/xio.o microblaze_0/lib/microblaze_enable_dcache.o microblaz
TRACE::2026-01-08.11:09:53::SCWMssOS::e_0/lib/xbram.o microblaze_0/lib/microblaze_invalidate_icache_range.o microblaze_0/lib/microblaze_init_dcache_range.o microblaz
TRACE::2026-01-08.11:09:53::SCWMssOS::e_0/lib/microblaze_invalidate_icache.o microblaze_0/lib/errno.o microblaze_0/lib/xuartlite_l.o microblaze_0/lib/xintc_options.o
TRACE::2026-01-08.11:09:53::SCWMssOS:: microblaze_0/lib/microblaze_invalidate_cache_ext_range.o microblaze_0/lib/xil_exception.o microblaze_0/lib/pvr.o microblaze_0/
TRACE::2026-01-08.11:09:53::SCWMssOS::lib/xil_testmem.o microblaze_0/lib/microblaze_update_icache.o microblaze_0/lib/microblaze_flush_dcache.o microblaze_0/lib/xil_c
TRACE::2026-01-08.11:09:53::SCWMssOS::locking.o microblaze_0/lib/xil_assert.o microblaze_0/lib/microblaze_enable_interrupts.o microblaze_0/lib/microblaze_enable_icac
TRACE::2026-01-08.11:09:53::SCWMssOS::he.o microblaze_0/lib/xintc.o microblaze_0/lib/xuartlite_sinit.o microblaze_0/lib/fcntl.o microblaze_0/lib/microblaze_init_icac
TRACE::2026-01-08.11:09:53::SCWMssOS::he_range.o

TRACE::2026-01-08.11:09:53::SCWMssOS::'Finished building libraries'

TRACE::2026-01-08.11:09:53::SCWMssOS::Copying to export directory.
TRACE::2026-01-08.11:09:53::SCWMssOS:: Checking if to create the Supporting Applications
TRACE::2026-01-08.11:09:53::SCWMssOS:: No Linux domain exists, trying to generate FSBL 
LOG::2026-01-08.11:09:53::SCWSystem::Completed Processing the domain standalone_domain
LOG::2026-01-08.11:09:53::SCWSystem::Completed Processing the sysconfig TMP3_Platform
LOG::2026-01-08.11:09:53::SCWPlatform::Completed generating the artifacts for system configuration TMP3_Platform
TRACE::2026-01-08.11:09:53::SCWPlatform::Started preparing the platform 
TRACE::2026-01-08.11:09:53::SCWSystem::Writing the bif file for system config TMP3_Platform
TRACE::2026-01-08.11:09:53::SCWSystem::dir created 
TRACE::2026-01-08.11:09:53::SCWSystem::Writing the bif 
TRACE::2026-01-08.11:09:53::SCWPlatform::Started writing the spfm file 
TRACE::2026-01-08.11:09:53::SCWPlatform::Started writing the xpfm file 
TRACE::2026-01-08.11:09:53::SCWPlatform::Completed generating the platform
TRACE::2026-01-08.11:09:53::SCWMssOS::Saving the mss changes C:/Users/User/Documents/GitHub/AHE_Group_G/workspace_TMP3_7.1.26_1/TMP3_Platform/microblaze_0/standalone_domain/bsp/system.mss
TRACE::2026-01-08.11:09:53::SCWMssOS::Found a swdesign opened with the mssfile.
TRACE::2026-01-08.11:09:53::SCWMssOS::Completed writemss as part of save.
TRACE::2026-01-08.11:09:53::SCWMssOS::Commit changes completed.
TRACE::2026-01-08.11:09:53::SCWPlatform::Trying to open the hw design at C:/Users/User/Documents/GitHub/AHE_Group_G/workspace_TMP3_7.1.26_1/TMP3_Platform/hw/TMP3_pmod_wrapper.xsa
TRACE::2026-01-08.11:09:53::SCWPlatform::DSA given C:/Users/User/Documents/GitHub/AHE_Group_G/workspace_TMP3_7.1.26_1/TMP3_Platform/hw/TMP3_pmod_wrapper.xsa
TRACE::2026-01-08.11:09:53::SCWPlatform::DSA absoulate path C:/Users/User/Documents/GitHub/AHE_Group_G/workspace_TMP3_7.1.26_1/TMP3_Platform/hw/TMP3_pmod_wrapper.xsa
TRACE::2026-01-08.11:09:53::SCWPlatform::DSA directory C:/Users/User/Documents/GitHub/AHE_Group_G/workspace_TMP3_7.1.26_1/TMP3_Platform/hw
TRACE::2026-01-08.11:09:53::SCWPlatform:: Platform Path C:/Users/User/Documents/GitHub/AHE_Group_G/workspace_TMP3_7.1.26_1/TMP3_Platform/hw/TMP3_pmod_wrapper.xsa
TRACE::2026-01-08.11:09:53::SCWPlatform:: Unique name xilinx:::0.0
TRACE::2026-01-08.11:09:53::SCWPlatform::Trying to set the existing hwdb with name TMP3_pmod_wrapper_1
TRACE::2026-01-08.11:09:53::SCWPlatform::Opened existing hwdb TMP3_pmod_wrapper_1
TRACE::2026-01-08.11:09:53::SCWPlatform::Found the Hw Db part of the input DSA
TRACE::2026-01-08.11:09:53::SCWMssOS::Checking the sw design at  C:/Users/User/Documents/GitHub/AHE_Group_G/workspace_TMP3_7.1.26_1/TMP3_Platform/microblaze_0/standalone_domain/bsp/system.mss
TRACE::2026-01-08.11:09:53::SCWMssOS::DEBUG:  swdes dump  C:/Users/User/Documents/GitHub/AHE_Group_G/workspace_TMP3_7.1.26_1/TMP3_Platform/microblaze_0/standalone_domain/bsp/system.mss|system||

TRACE::2026-01-08.11:09:53::SCWMssOS::Sw design exists and opened at  C:/Users/User/Documents/GitHub/AHE_Group_G/workspace_TMP3_7.1.26_1/TMP3_Platform/microblaze_0/standalone_domain/bsp/system.mss
TRACE::2026-01-08.11:09:53::SCWWriter::formatted JSON is {
	"platformName":	"TMP3_Platform",
	"sprVersion":	"2.0",
	"mode":	"gui",
	"dsaType":	"Fixed",
	"platformDesc":	"TMP3_Platform",
	"platHandOff":	"C:/Users/User/Documents/GitHub/Hardware_vhdl_ip_files/TMP3_block_7.1_1/TMP3_pmod_wrapper.xsa",
	"platIntHandOff":	"<platformDir>/hw/TMP3_pmod_wrapper.xsa",
	"deviceType":	"FPGA",
	"platIsPrebuiltAutogen":	"false",
	"platIsNoBootBsp":	"false",
	"hasFsblMakeHasChanges":	"false",
	"hasPmufwMakeHasChanges":	"false",
	"platPreBuiltFlag":	false,
	"platformSamplesDir":	"",
	"platActiveSys":	"TMP3_Platform",
	"systems":	[{
			"systemName":	"TMP3_Platform",
			"systemDesc":	"TMP3_Platform",
			"sysIsBootAutoGen":	"true",
			"systemDispName":	"TMP3_Platform",
			"sysActiveDom":	"standalone_domain",
			"sysDefaultDom":	"standalone_domain",
			"domains":	[{
					"domainName":	"standalone_domain",
					"domainDispName":	"standalone on microblaze_0",
					"domainDesc":	"standalone_domain",
					"processors":	"microblaze_0",
					"os":	"standalone",
					"sdxOs":	"standalone",
					"debugEnable":	"False",
					"domRuntimes":	["cpp"],
					"swRepo":	"",
					"mssOsVer":	"7.6",
					"mssFile":	"",
					"md5Digest":	"d6a3b57a5267393b8d497d79c2949060",
					"compatibleApp":	"",
					"domType":	"mssDomain",
					"arch":	"32-bit",
					"appSettings":	{
						"appCompilerFlags":	"",
						"appLinkerFlags":	""
					},
					"addedLibs":	[],
					"libOptions":	{
						"libsContainingOptions":	[]
					},
					"prebuiltLibs":	{
						"prebuiltIncPath":	[],
						"prebuiltLibPath":	[]
					},
					"isolation":	{
					}
				}]
		}]
}
KEYINFO::2026-01-08.11:09:53::SCWPlatform::updated the xpfm file.
TRACE::2026-01-08.11:09:53::SCWPlatform::Trying to open the hw design at C:/Users/User/Documents/GitHub/AHE_Group_G/workspace_TMP3_7.1.26_1/TMP3_Platform/hw/TMP3_pmod_wrapper.xsa
TRACE::2026-01-08.11:09:53::SCWPlatform::DSA given C:/Users/User/Documents/GitHub/AHE_Group_G/workspace_TMP3_7.1.26_1/TMP3_Platform/hw/TMP3_pmod_wrapper.xsa
TRACE::2026-01-08.11:09:53::SCWPlatform::DSA absoulate path C:/Users/User/Documents/GitHub/AHE_Group_G/workspace_TMP3_7.1.26_1/TMP3_Platform/hw/TMP3_pmod_wrapper.xsa
TRACE::2026-01-08.11:09:53::SCWPlatform::DSA directory C:/Users/User/Documents/GitHub/AHE_Group_G/workspace_TMP3_7.1.26_1/TMP3_Platform/hw
TRACE::2026-01-08.11:09:53::SCWPlatform:: Platform Path C:/Users/User/Documents/GitHub/AHE_Group_G/workspace_TMP3_7.1.26_1/TMP3_Platform/hw/TMP3_pmod_wrapper.xsa
TRACE::2026-01-08.11:09:53::SCWPlatform:: Unique name xilinx:::0.0
TRACE::2026-01-08.11:09:53::SCWPlatform::Trying to set the existing hwdb with name TMP3_pmod_wrapper_1
TRACE::2026-01-08.11:09:53::SCWPlatform::Opened existing hwdb TMP3_pmod_wrapper_1
TRACE::2026-01-08.11:09:53::SCWPlatform::Found the Hw Db part of the input DSA
TRACE::2026-01-08.11:09:53::SCWMssOS::Checking the sw design at  C:/Users/User/Documents/GitHub/AHE_Group_G/workspace_TMP3_7.1.26_1/TMP3_Platform/microblaze_0/standalone_domain/bsp/system.mss
TRACE::2026-01-08.11:09:53::SCWMssOS::DEBUG:  swdes dump  C:/Users/User/Documents/GitHub/AHE_Group_G/workspace_TMP3_7.1.26_1/TMP3_Platform/microblaze_0/standalone_domain/bsp/system.mss|system||

TRACE::2026-01-08.11:09:53::SCWMssOS::Sw design exists and opened at  C:/Users/User/Documents/GitHub/AHE_Group_G/workspace_TMP3_7.1.26_1/TMP3_Platform/microblaze_0/standalone_domain/bsp/system.mss
TRACE::2026-01-08.11:16:30::SCWMssOS::cleaning the bsp 
TRACE::2026-01-08.11:16:30::SCWMssOS::System Command Ran  C: & cd  C:/Users/User/Documents/GitHub/AHE_Group_G/workspace_TMP3_7.1.26_1/TMP3_Platform/microblaze_0/standalone_domain/bsp & make clean 
TRACE::2026-01-08.11:16:30::SCWMssOS::make -C microblaze_0/libsrc/bram_v4_7/src -s clean 

TRACE::2026-01-08.11:16:30::SCWMssOS::make -C microblaze_0/libsrc/cpu_v2_14/src -s clean 

TRACE::2026-01-08.11:16:30::SCWMssOS::make -C microblaze_0/libsrc/intc_v3_13/src -s clean 

TRACE::2026-01-08.11:16:30::SCWMssOS::make -C microblaze_0/libsrc/PmodTMP3_v1_0/src -s clean 

TRACE::2026-01-08.11:16:30::SCWMssOS::make -C microblaze_0/libsrc/standalone_v7_6/src -s clean 

TRACE::2026-01-08.11:16:31::SCWMssOS::make -C microblaze_0/libsrc/uartlite_v3_6/src -s clean 

TRACE::2026-01-08.11:16:31::SCWMssOS::rm -f microblaze_0/lib/libxil.a

LOG::2026-01-08.11:16:38::SCWPlatform::Started generating the artifacts platform TMP3_Platform
TRACE::2026-01-08.11:16:38::SCWPlatform::Sanity checking of platform is completed
LOG::2026-01-08.11:16:38::SCWPlatform::Started generating the artifacts for system configuration TMP3_Platform
LOG::2026-01-08.11:16:38::SCWSystem::Checking the domain standalone_domain
LOG::2026-01-08.11:16:38::SCWSystem::Not a boot domain 
LOG::2026-01-08.11:16:38::SCWSystem::Started Processing the domain standalone_domain
TRACE::2026-01-08.11:16:38::SCWDomain::Generating domain artifcats
TRACE::2026-01-08.11:16:38::SCWMssOS::Generating standalone artifcats
TRACE::2026-01-08.11:16:38::SCWMssOS:: Copying the user libraries. 
TRACE::2026-01-08.11:16:38::SCWPlatform::Trying to open the hw design at C:/Users/User/Documents/GitHub/AHE_Group_G/workspace_TMP3_7.1.26_1/TMP3_Platform/hw/TMP3_pmod_wrapper.xsa
TRACE::2026-01-08.11:16:38::SCWPlatform::DSA given C:/Users/User/Documents/GitHub/AHE_Group_G/workspace_TMP3_7.1.26_1/TMP3_Platform/hw/TMP3_pmod_wrapper.xsa
TRACE::2026-01-08.11:16:38::SCWPlatform::DSA absoulate path C:/Users/User/Documents/GitHub/AHE_Group_G/workspace_TMP3_7.1.26_1/TMP3_Platform/hw/TMP3_pmod_wrapper.xsa
TRACE::2026-01-08.11:16:38::SCWPlatform::DSA directory C:/Users/User/Documents/GitHub/AHE_Group_G/workspace_TMP3_7.1.26_1/TMP3_Platform/hw
TRACE::2026-01-08.11:16:38::SCWPlatform:: Platform Path C:/Users/User/Documents/GitHub/AHE_Group_G/workspace_TMP3_7.1.26_1/TMP3_Platform/hw/TMP3_pmod_wrapper.xsa
TRACE::2026-01-08.11:16:38::SCWPlatform:: Unique name xilinx:::0.0
TRACE::2026-01-08.11:16:38::SCWPlatform::Trying to set the existing hwdb with name TMP3_pmod_wrapper_1
TRACE::2026-01-08.11:16:38::SCWPlatform::Opened existing hwdb TMP3_pmod_wrapper_1
TRACE::2026-01-08.11:16:38::SCWPlatform::Found the Hw Db part of the input DSA
TRACE::2026-01-08.11:16:38::SCWMssOS::Checking the sw design at  C:/Users/User/Documents/GitHub/AHE_Group_G/workspace_TMP3_7.1.26_1/TMP3_Platform/microblaze_0/standalone_domain/bsp/system.mss
TRACE::2026-01-08.11:16:38::SCWMssOS::DEBUG:  swdes dump  C:/Users/User/Documents/GitHub/AHE_Group_G/workspace_TMP3_7.1.26_1/TMP3_Platform/microblaze_0/standalone_domain/bsp/system.mss|system||

TRACE::2026-01-08.11:16:38::SCWMssOS::Sw design exists and opened at  C:/Users/User/Documents/GitHub/AHE_Group_G/workspace_TMP3_7.1.26_1/TMP3_Platform/microblaze_0/standalone_domain/bsp/system.mss
TRACE::2026-01-08.11:16:38::SCWMssOS::Completed writing the mss file at C:/Users/User/Documents/GitHub/AHE_Group_G/workspace_TMP3_7.1.26_1/TMP3_Platform/microblaze_0/standalone_domain/bsp
TRACE::2026-01-08.11:16:38::SCWMssOS::Mss edits present, copying mssfile into export location C:/Users/User/Documents/GitHub/AHE_Group_G/workspace_TMP3_7.1.26_1/TMP3_Platform/microblaze_0/standalone_domain/bsp/system.mss
TRACE::2026-01-08.11:16:38::SCWMssOS::bsp generated is upto date with the mss file. Skipping bsp generation.
TRACE::2026-01-08.11:16:38::SCWMssOS::BSP is already built. skipping the bsp build ... 
TRACE::2026-01-08.11:16:38::SCWDomain::Building the domain as part of full build :  standalone_domain
TRACE::2026-01-08.11:16:38::SCWMssOS::doing bsp build ... 
TRACE::2026-01-08.11:16:38::SCWMssOS::System Command Ran  C: & cd  C:/Users/User/Documents/GitHub/AHE_Group_G/workspace_TMP3_7.1.26_1/TMP3_Platform/microblaze_0/standalone_domain/bsp & make 
TRACE::2026-01-08.11:16:38::SCWMssOS::make --no-print-directory seq_libs

TRACE::2026-01-08.11:16:39::SCWMssOS::"Running Make include in microblaze_0/libsrc/bram_v4_7/src"

TRACE::2026-01-08.11:16:39::SCWMssOS::make -C microblaze_0/libsrc/bram_v4_7/src -s include  "SHELL=CMD" "COMPILER=mb-gcc" "ASSEMBLER=mb-as" "ARCHIVER=mb-ar" "COMPILE
TRACE::2026-01-08.11:16:39::SCWMssOS::R_FLAGS=  -O2 -c -mcpu=v11.0 -mlittle-endian -mxl-soft-mul" "EXTRA_COMPILER_FLAGS=-g -ffunction-sections -fdata-sections -Wall 
TRACE::2026-01-08.11:16:39::SCWMssOS::-Wextra -fno-tree-loop-distribute-patterns"

TRACE::2026-01-08.11:16:39::SCWMssOS::"Running Make include in microblaze_0/libsrc/cpu_v2_14/src"

TRACE::2026-01-08.11:16:39::SCWMssOS::make -C microblaze_0/libsrc/cpu_v2_14/src -s include  "SHELL=CMD" "COMPILER=mb-gcc" "ASSEMBLER=mb-as" "ARCHIVER=mb-ar" "COMPILE
TRACE::2026-01-08.11:16:39::SCWMssOS::R_FLAGS=  -O2 -c -mcpu=v11.0 -mlittle-endian -mxl-soft-mul" "EXTRA_COMPILER_FLAGS=-g -ffunction-sections -fdata-sections -Wall 
TRACE::2026-01-08.11:16:39::SCWMssOS::-Wextra -fno-tree-loop-distribute-patterns"

TRACE::2026-01-08.11:16:39::SCWMssOS::"Running Make include in microblaze_0/libsrc/intc_v3_13/src"

TRACE::2026-01-08.11:16:39::SCWMssOS::make -C microblaze_0/libsrc/intc_v3_13/src -s include  "SHELL=CMD" "COMPILER=mb-gcc" "ASSEMBLER=mb-as" "ARCHIVER=mb-ar" "COMPIL
TRACE::2026-01-08.11:16:39::SCWMssOS::ER_FLAGS=  -O2 -c -mcpu=v11.0 -mlittle-endian -mxl-soft-mul" "EXTRA_COMPILER_FLAGS=-g -ffunction-sections -fdata-sections -Wall
TRACE::2026-01-08.11:16:39::SCWMssOS:: -Wextra -fno-tree-loop-distribute-patterns"

TRACE::2026-01-08.11:16:39::SCWMssOS::"Running Make include in microblaze_0/libsrc/PmodTMP3_v1_0/src"

TRACE::2026-01-08.11:16:39::SCWMssOS::make -C microblaze_0/libsrc/PmodTMP3_v1_0/src -s include  "SHELL=CMD" "COMPILER=mb-gcc" "ASSEMBLER=mb-as" "ARCHIVER=mb-ar" "COM
TRACE::2026-01-08.11:16:39::SCWMssOS::PILER_FLAGS=  -O2 -c -mcpu=v11.0 -mlittle-endian -mxl-soft-mul" "EXTRA_COMPILER_FLAGS=-g -ffunction-sections -fdata-sections -W
TRACE::2026-01-08.11:16:39::SCWMssOS::all -Wextra -fno-tree-loop-distribute-patterns"

TRACE::2026-01-08.11:16:39::SCWMssOS::"Running Make include in microblaze_0/libsrc/standalone_v7_6/src"

TRACE::2026-01-08.11:16:39::SCWMssOS::make -C microblaze_0/libsrc/standalone_v7_6/src -s include  "SHELL=CMD" "COMPILER=mb-gcc" "ASSEMBLER=mb-as" "ARCHIVER=mb-ar" "C
TRACE::2026-01-08.11:16:39::SCWMssOS::OMPILER_FLAGS=  -O2 -c -mcpu=v11.0 -mlittle-endian -mxl-soft-mul" "EXTRA_COMPILER_FLAGS=-g -ffunction-sections -fdata-sections 
TRACE::2026-01-08.11:16:39::SCWMssOS::-Wall -Wextra -fno-tree-loop-distribute-patterns"

TRACE::2026-01-08.11:16:39::SCWMssOS::"Running Make include in microblaze_0/libsrc/uartlite_v3_6/src"

TRACE::2026-01-08.11:16:39::SCWMssOS::make -C microblaze_0/libsrc/uartlite_v3_6/src -s include  "SHELL=CMD" "COMPILER=mb-gcc" "ASSEMBLER=mb-as" "ARCHIVER=mb-ar" "COM
TRACE::2026-01-08.11:16:39::SCWMssOS::PILER_FLAGS=  -O2 -c -mcpu=v11.0 -mlittle-endian -mxl-soft-mul" "EXTRA_COMPILER_FLAGS=-g -ffunction-sections -fdata-sections -W
TRACE::2026-01-08.11:16:39::SCWMssOS::all -Wextra -fno-tree-loop-distribute-patterns"

TRACE::2026-01-08.11:16:39::SCWMssOS::"Running Make libs in microblaze_0/libsrc/PmodTMP3_v1_0/src"

TRACE::2026-01-08.11:16:39::SCWMssOS::make -C microblaze_0/libsrc/PmodTMP3_v1_0/src -s libs  "SHELL=CMD" "COMPILER=mb-gcc" "ASSEMBLER=mb-as" "ARCHIVER=mb-ar" "COMPIL
TRACE::2026-01-08.11:16:39::SCWMssOS::ER_FLAGS=  -O2 -c -mcpu=v11.0 -mlittle-endian -mxl-soft-mul" "EXTRA_COMPILER_FLAGS=-g -ffunction-sections -fdata-sections -Wall
TRACE::2026-01-08.11:16:39::SCWMssOS:: -Wextra -fno-tree-loop-distribute-patterns"

TRACE::2026-01-08.11:16:39::SCWMssOS::"Compiling PmodTMP3"

TRACE::2026-01-08.11:16:40::SCWMssOS::'Finished building libraries sequentially.'

TRACE::2026-01-08.11:16:40::SCWMssOS::make -j 10 --no-print-directory par_libs

TRACE::2026-01-08.11:16:40::SCWMssOS::"Running Make include in microblaze_0/libsrc/bram_v4_7/src"

TRACE::2026-01-08.11:16:40::SCWMssOS::make -C microblaze_0/libsrc/bram_v4_7/src -s include  "SHELL=CMD" "COMPILER=mb-gcc" "ASSEMBLER=mb-as" "ARCHIVER=mb-ar" "COMPILE
TRACE::2026-01-08.11:16:40::SCWMssOS::R_FLAGS=  -O2 -c -mcpu=v11.0 -mlittle-endian -mxl-soft-mul" "EXTRA_COMPILER_FLAGS=-g -ffunction-sections -fdata-sections -Wall 
TRACE::2026-01-08.11:16:40::SCWMssOS::-Wextra -fno-tree-loop-distribute-patterns"

TRACE::2026-01-08.11:16:40::SCWMssOS::"Running Make include in microblaze_0/libsrc/cpu_v2_14/src"

TRACE::2026-01-08.11:16:40::SCWMssOS::make -C microblaze_0/libsrc/cpu_v2_14/src -s include  "SHELL=CMD" "COMPILER=mb-gcc" "ASSEMBLER=mb-as" "ARCHIVER=mb-ar" "COMPILE
TRACE::2026-01-08.11:16:40::SCWMssOS::R_FLAGS=  -O2 -c -mcpu=v11.0 -mlittle-endian -mxl-soft-mul" "EXTRA_COMPILER_FLAGS=-g -ffunction-sections -fdata-sections -Wall 
TRACE::2026-01-08.11:16:40::SCWMssOS::-Wextra -fno-tree-loop-distribute-patterns"

TRACE::2026-01-08.11:16:40::SCWMssOS::"Running Make include in microblaze_0/libsrc/intc_v3_13/src"

TRACE::2026-01-08.11:16:40::SCWMssOS::make -C microblaze_0/libsrc/intc_v3_13/src -s include  "SHELL=CMD" "COMPILER=mb-gcc" "ASSEMBLER=mb-as" "ARCHIVER=mb-ar" "COMPIL
TRACE::2026-01-08.11:16:40::SCWMssOS::ER_FLAGS=  -O2 -c -mcpu=v11.0 -mlittle-endian -mxl-soft-mul" "EXTRA_COMPILER_FLAGS=-g -ffunction-sections -fdata-sections -Wall
TRACE::2026-01-08.11:16:40::SCWMssOS:: -Wextra -fno-tree-loop-distribute-patterns"

TRACE::2026-01-08.11:16:40::SCWMssOS::"Running Make include in microblaze_0/libsrc/PmodTMP3_v1_0/src"

TRACE::2026-01-08.11:16:40::SCWMssOS::make -C microblaze_0/libsrc/PmodTMP3_v1_0/src -s include  "SHELL=CMD" "COMPILER=mb-gcc" "ASSEMBLER=mb-as" "ARCHIVER=mb-ar" "COM
TRACE::2026-01-08.11:16:40::SCWMssOS::PILER_FLAGS=  -O2 -c -mcpu=v11.0 -mlittle-endian -mxl-soft-mul" "EXTRA_COMPILER_FLAGS=-g -ffunction-sections -fdata-sections -W
TRACE::2026-01-08.11:16:40::SCWMssOS::all -Wextra -fno-tree-loop-distribute-patterns"

TRACE::2026-01-08.11:16:40::SCWMssOS::"Running Make include in microblaze_0/libsrc/standalone_v7_6/src"

TRACE::2026-01-08.11:16:41::SCWMssOS::make -C microblaze_0/libsrc/standalone_v7_6/src -s include  "SHELL=CMD" "COMPILER=mb-gcc" "ASSEMBLER=mb-as" "ARCHIVER=mb-ar" "C
TRACE::2026-01-08.11:16:41::SCWMssOS::OMPILER_FLAGS=  -O2 -c -mcpu=v11.0 -mlittle-endian -mxl-soft-mul" "EXTRA_COMPILER_FLAGS=-g -ffunction-sections -fdata-sections 
TRACE::2026-01-08.11:16:41::SCWMssOS::-Wall -Wextra -fno-tree-loop-distribute-patterns"

TRACE::2026-01-08.11:16:41::SCWMssOS::"Running Make include in microblaze_0/libsrc/uartlite_v3_6/src"

TRACE::2026-01-08.11:16:41::SCWMssOS::make -C microblaze_0/libsrc/uartlite_v3_6/src -s include  "SHELL=CMD" "COMPILER=mb-gcc" "ASSEMBLER=mb-as" "ARCHIVER=mb-ar" "COM
TRACE::2026-01-08.11:16:41::SCWMssOS::PILER_FLAGS=  -O2 -c -mcpu=v11.0 -mlittle-endian -mxl-soft-mul" "EXTRA_COMPILER_FLAGS=-g -ffunction-sections -fdata-sections -W
TRACE::2026-01-08.11:16:41::SCWMssOS::all -Wextra -fno-tree-loop-distribute-patterns"

TRACE::2026-01-08.11:16:41::SCWMssOS::"Running Make libs in microblaze_0/libsrc/bram_v4_7/src"

TRACE::2026-01-08.11:16:41::SCWMssOS::make -C microblaze_0/libsrc/bram_v4_7/src -s libs  "SHELL=CMD" "COMPILER=mb-gcc" "ASSEMBLER=mb-as" "ARCHIVER=mb-ar" "COMPILER_F
TRACE::2026-01-08.11:16:41::SCWMssOS::LAGS=  -O2 -c -mcpu=v11.0 -mlittle-endian -mxl-soft-mul" "EXTRA_COMPILER_FLAGS=-g -ffunction-sections -fdata-sections -Wall -We
TRACE::2026-01-08.11:16:41::SCWMssOS::xtra -fno-tree-loop-distribute-patterns"

TRACE::2026-01-08.11:16:41::SCWMssOS::"Running Make libs in microblaze_0/libsrc/cpu_v2_14/src"

TRACE::2026-01-08.11:16:41::SCWMssOS::make -C microblaze_0/libsrc/cpu_v2_14/src -s libs  "SHELL=CMD" "COMPILER=mb-gcc" "ASSEMBLER=mb-as" "ARCHIVER=mb-ar" "COMPILER_F
TRACE::2026-01-08.11:16:41::SCWMssOS::LAGS=  -O2 -c -mcpu=v11.0 -mlittle-endian -mxl-soft-mul" "EXTRA_COMPILER_FLAGS=-g -ffunction-sections -fdata-sections -Wall -We
TRACE::2026-01-08.11:16:41::SCWMssOS::xtra -fno-tree-loop-distribute-patterns"

TRACE::2026-01-08.11:16:41::SCWMssOS::"Running Make libs in microblaze_0/libsrc/intc_v3_13/src"

TRACE::2026-01-08.11:16:41::SCWMssOS::make -C microblaze_0/libsrc/intc_v3_13/src -s libs  "SHELL=CMD" "COMPILER=mb-gcc" "ASSEMBLER=mb-as" "ARCHIVER=mb-ar" "COMPILER_
TRACE::2026-01-08.11:16:41::SCWMssOS::FLAGS=  -O2 -c -mcpu=v11.0 -mlittle-endian -mxl-soft-mul" "EXTRA_COMPILER_FLAGS=-g -ffunction-sections -fdata-sections -Wall -W
TRACE::2026-01-08.11:16:41::SCWMssOS::extra -fno-tree-loop-distribute-patterns"

TRACE::2026-01-08.11:16:41::SCWMssOS::"Running Make libs in microblaze_0/libsrc/standalone_v7_6/src"

TRACE::2026-01-08.11:16:41::SCWMssOS::make -C microblaze_0/libsrc/standalone_v7_6/src -s libs  "SHELL=CMD" "COMPILER=mb-gcc" "ASSEMBLER=mb-as" "ARCHIVER=mb-ar" "COMP
TRACE::2026-01-08.11:16:41::SCWMssOS::ILER_FLAGS=  -O2 -c -mcpu=v11.0 -mlittle-endian -mxl-soft-mul" "EXTRA_COMPILER_FLAGS=-g -ffunction-sections -fdata-sections -Wa
TRACE::2026-01-08.11:16:41::SCWMssOS::ll -Wextra -fno-tree-loop-distribute-patterns"

TRACE::2026-01-08.11:16:41::SCWMssOS::"Running Make libs in microblaze_0/libsrc/uartlite_v3_6/src"

TRACE::2026-01-08.11:16:41::SCWMssOS::make -C microblaze_0/libsrc/uartlite_v3_6/src -s libs  "SHELL=CMD" "COMPILER=mb-gcc" "ASSEMBLER=mb-as" "ARCHIVER=mb-ar" "COMPIL
TRACE::2026-01-08.11:16:41::SCWMssOS::ER_FLAGS=  -O2 -c -mcpu=v11.0 -mlittle-endian -mxl-soft-mul" "EXTRA_COMPILER_FLAGS=-g -ffunction-sections -fdata-sections -Wall
TRACE::2026-01-08.11:16:41::SCWMssOS:: -Wextra -fno-tree-loop-distribute-patterns"

TRACE::2026-01-08.11:16:42::SCWMssOS::"DEBUG NON_LTO_OBJECTS is ../../../lib/microblaze_interrupt_handler.o"

TRACE::2026-01-08.11:16:42::SCWMssOS::'Finished building libraries parallelly.'

TRACE::2026-01-08.11:16:42::SCWMssOS::make --no-print-directory archive

TRACE::2026-01-08.11:16:42::SCWMssOS::mb-ar -r  microblaze_0/lib/libxil.a microblaze_0/lib/xplatform_info.o microblaze_0/lib/xuartlite.o microblaze_0/lib/microblaze_
TRACE::2026-01-08.11:16:42::SCWMssOS::disable_exceptions.o microblaze_0/lib/print.o microblaze_0/lib/_exit.o microblaze_0/lib/xil_testio.o microblaze_0/lib/microblaz
TRACE::2026-01-08.11:16:42::SCWMssOS::e_disable_dcache.o microblaze_0/lib/microblaze_flush_dcache_range.o microblaze_0/lib/microblaze_flush_cache_ext.o microblaze_0/
TRACE::2026-01-08.11:16:42::SCWMssOS::lib/xbram_sinit.o microblaze_0/lib/xil_misc_psreset_api.o microblaze_0/lib/xil_cache.o microblaze_0/lib/xil_util.o microblaze_0
TRACE::2026-01-08.11:16:42::SCWMssOS::/lib/inbyte.o microblaze_0/lib/xbram_g.o microblaze_0/lib/xuartlite_stats.o microblaze_0/lib/microblaze_exception_handler.o mic
TRACE::2026-01-08.11:16:42::SCWMssOS::roblaze_0/lib/microblaze_scrub.o microblaze_0/lib/microblaze_invalidate_dcache.o microblaze_0/lib/microblaze_disable_interrupts
TRACE::2026-01-08.11:16:42::SCWMssOS::.o microblaze_0/lib/xbram_selftest.o microblaze_0/lib/microblaze_interrupt_handler.o microblaze_0/lib/microblaze_disable_icache
TRACE::2026-01-08.11:16:42::SCWMssOS::.o microblaze_0/lib/xil_mem.o microblaze_0/lib/xuartlite_intr.o microblaze_0/lib/microblaze_flush_cache_ext_range.o microblaze_
TRACE::2026-01-08.11:16:42::SCWMssOS::0/lib/xbram_intr.o microblaze_0/lib/xil_sleepcommon.o microblaze_0/lib/xil_printf.o microblaze_0/lib/xintc_g.o microblaze_0/lib
TRACE::2026-01-08.11:16:42::SCWMssOS::/xuartlite_g.o microblaze_0/lib/xintc_selftest.o microblaze_0/lib/xintc_l.o microblaze_0/lib/outbyte.o microblaze_0/lib/microbl
TRACE::2026-01-08.11:16:42::SCWMssOS::aze_invalidate_dcache_range.o microblaze_0/lib/microblaze_invalidate_cache_ext.o microblaze_0/lib/microblaze_sleep.o microblaze
TRACE::2026-01-08.11:16:42::SCWMssOS::_0/lib/hw_exception_handler.o microblaze_0/lib/xuartlite_selftest.o microblaze_0/lib/xintc_intr.o microblaze_0/lib/microblaze_u
TRACE::2026-01-08.11:16:42::SCWMssOS::pdate_dcache.o microblaze_0/lib/xil_testcache.o microblaze_0/lib/microblaze_selftest.o microblaze_0/lib/microblaze_interrupts_g
TRACE::2026-01-08.11:16:42::SCWMssOS::.o microblaze_0/lib/microblaze_enable_exceptions.o microblaze_0/lib/xio.o microblaze_0/lib/microblaze_enable_dcache.o microblaz
TRACE::2026-01-08.11:16:42::SCWMssOS::e_0/lib/xbram.o microblaze_0/lib/microblaze_invalidate_icache_range.o microblaze_0/lib/microblaze_init_dcache_range.o microblaz
TRACE::2026-01-08.11:16:42::SCWMssOS::e_0/lib/microblaze_invalidate_icache.o microblaze_0/lib/errno.o microblaze_0/lib/xuartlite_l.o microblaze_0/lib/xintc_options.o
TRACE::2026-01-08.11:16:42::SCWMssOS:: microblaze_0/lib/microblaze_invalidate_cache_ext_range.o microblaze_0/lib/xil_exception.o microblaze_0/lib/pvr.o microblaze_0/
TRACE::2026-01-08.11:16:42::SCWMssOS::lib/xil_testmem.o microblaze_0/lib/microblaze_update_icache.o microblaze_0/lib/microblaze_flush_dcache.o microblaze_0/lib/xil_c
TRACE::2026-01-08.11:16:42::SCWMssOS::locking.o microblaze_0/lib/xil_assert.o microblaze_0/lib/microblaze_enable_interrupts.o microblaze_0/lib/microblaze_enable_icac
TRACE::2026-01-08.11:16:42::SCWMssOS::he.o microblaze_0/lib/xintc.o microblaze_0/lib/xuartlite_sinit.o microblaze_0/lib/fcntl.o microblaze_0/lib/microblaze_init_icac
TRACE::2026-01-08.11:16:42::SCWMssOS::he_range.o

TRACE::2026-01-08.11:16:42::SCWMssOS::'Finished building libraries'

TRACE::2026-01-08.11:16:42::SCWMssOS::Copying to export directory.
TRACE::2026-01-08.11:16:42::SCWMssOS:: Checking if to create the Supporting Applications
TRACE::2026-01-08.11:16:42::SCWMssOS:: No Linux domain exists, trying to generate FSBL 
LOG::2026-01-08.11:16:42::SCWSystem::Completed Processing the domain standalone_domain
LOG::2026-01-08.11:16:42::SCWSystem::Completed Processing the sysconfig TMP3_Platform
LOG::2026-01-08.11:16:42::SCWPlatform::Completed generating the artifacts for system configuration TMP3_Platform
TRACE::2026-01-08.11:16:42::SCWPlatform::Started preparing the platform 
TRACE::2026-01-08.11:16:42::SCWSystem::Writing the bif file for system config TMP3_Platform
TRACE::2026-01-08.11:16:42::SCWSystem::dir created 
TRACE::2026-01-08.11:16:42::SCWSystem::Writing the bif 
TRACE::2026-01-08.11:16:42::SCWPlatform::Started writing the spfm file 
TRACE::2026-01-08.11:16:42::SCWPlatform::Started writing the xpfm file 
TRACE::2026-01-08.11:16:42::SCWPlatform::Completed generating the platform
TRACE::2026-01-08.11:16:42::SCWMssOS::Saving the mss changes C:/Users/User/Documents/GitHub/AHE_Group_G/workspace_TMP3_7.1.26_1/TMP3_Platform/microblaze_0/standalone_domain/bsp/system.mss
TRACE::2026-01-08.11:16:42::SCWMssOS::Found a swdesign opened with the mssfile.
TRACE::2026-01-08.11:16:42::SCWMssOS::Completed writemss as part of save.
TRACE::2026-01-08.11:16:42::SCWMssOS::Commit changes completed.
TRACE::2026-01-08.11:16:42::SCWPlatform::Trying to open the hw design at C:/Users/User/Documents/GitHub/AHE_Group_G/workspace_TMP3_7.1.26_1/TMP3_Platform/hw/TMP3_pmod_wrapper.xsa
TRACE::2026-01-08.11:16:42::SCWPlatform::DSA given C:/Users/User/Documents/GitHub/AHE_Group_G/workspace_TMP3_7.1.26_1/TMP3_Platform/hw/TMP3_pmod_wrapper.xsa
TRACE::2026-01-08.11:16:42::SCWPlatform::DSA absoulate path C:/Users/User/Documents/GitHub/AHE_Group_G/workspace_TMP3_7.1.26_1/TMP3_Platform/hw/TMP3_pmod_wrapper.xsa
TRACE::2026-01-08.11:16:42::SCWPlatform::DSA directory C:/Users/User/Documents/GitHub/AHE_Group_G/workspace_TMP3_7.1.26_1/TMP3_Platform/hw
TRACE::2026-01-08.11:16:42::SCWPlatform:: Platform Path C:/Users/User/Documents/GitHub/AHE_Group_G/workspace_TMP3_7.1.26_1/TMP3_Platform/hw/TMP3_pmod_wrapper.xsa
TRACE::2026-01-08.11:16:42::SCWPlatform:: Unique name xilinx:::0.0
TRACE::2026-01-08.11:16:42::SCWPlatform::Trying to set the existing hwdb with name TMP3_pmod_wrapper_1
TRACE::2026-01-08.11:16:42::SCWPlatform::Opened existing hwdb TMP3_pmod_wrapper_1
TRACE::2026-01-08.11:16:42::SCWPlatform::Found the Hw Db part of the input DSA
TRACE::2026-01-08.11:16:42::SCWMssOS::Checking the sw design at  C:/Users/User/Documents/GitHub/AHE_Group_G/workspace_TMP3_7.1.26_1/TMP3_Platform/microblaze_0/standalone_domain/bsp/system.mss
TRACE::2026-01-08.11:16:42::SCWMssOS::DEBUG:  swdes dump  C:/Users/User/Documents/GitHub/AHE_Group_G/workspace_TMP3_7.1.26_1/TMP3_Platform/microblaze_0/standalone_domain/bsp/system.mss|system||

TRACE::2026-01-08.11:16:42::SCWMssOS::Sw design exists and opened at  C:/Users/User/Documents/GitHub/AHE_Group_G/workspace_TMP3_7.1.26_1/TMP3_Platform/microblaze_0/standalone_domain/bsp/system.mss
TRACE::2026-01-08.11:16:42::SCWWriter::formatted JSON is {
	"platformName":	"TMP3_Platform",
	"sprVersion":	"2.0",
	"mode":	"gui",
	"dsaType":	"Fixed",
	"platformDesc":	"TMP3_Platform",
	"platHandOff":	"C:/Users/User/Documents/GitHub/Hardware_vhdl_ip_files/TMP3_block_7.1_1/TMP3_pmod_wrapper.xsa",
	"platIntHandOff":	"<platformDir>/hw/TMP3_pmod_wrapper.xsa",
	"deviceType":	"FPGA",
	"platIsPrebuiltAutogen":	"false",
	"platIsNoBootBsp":	"false",
	"hasFsblMakeHasChanges":	"false",
	"hasPmufwMakeHasChanges":	"false",
	"platPreBuiltFlag":	false,
	"platformSamplesDir":	"",
	"platActiveSys":	"TMP3_Platform",
	"systems":	[{
			"systemName":	"TMP3_Platform",
			"systemDesc":	"TMP3_Platform",
			"sysIsBootAutoGen":	"true",
			"systemDispName":	"TMP3_Platform",
			"sysActiveDom":	"standalone_domain",
			"sysDefaultDom":	"standalone_domain",
			"domains":	[{
					"domainName":	"standalone_domain",
					"domainDispName":	"standalone on microblaze_0",
					"domainDesc":	"standalone_domain",
					"processors":	"microblaze_0",
					"os":	"standalone",
					"sdxOs":	"standalone",
					"debugEnable":	"False",
					"domRuntimes":	["cpp"],
					"swRepo":	"",
					"mssOsVer":	"7.6",
					"mssFile":	"",
					"md5Digest":	"d6a3b57a5267393b8d497d79c2949060",
					"compatibleApp":	"",
					"domType":	"mssDomain",
					"arch":	"32-bit",
					"appSettings":	{
						"appCompilerFlags":	"",
						"appLinkerFlags":	""
					},
					"addedLibs":	[],
					"libOptions":	{
						"libsContainingOptions":	[]
					},
					"prebuiltLibs":	{
						"prebuiltIncPath":	[],
						"prebuiltLibPath":	[]
					},
					"isolation":	{
					}
				}]
		}]
}
KEYINFO::2026-01-08.11:16:42::SCWPlatform::updated the xpfm file.
TRACE::2026-01-08.11:16:43::SCWPlatform::Trying to open the hw design at C:/Users/User/Documents/GitHub/AHE_Group_G/workspace_TMP3_7.1.26_1/TMP3_Platform/hw/TMP3_pmod_wrapper.xsa
TRACE::2026-01-08.11:16:43::SCWPlatform::DSA given C:/Users/User/Documents/GitHub/AHE_Group_G/workspace_TMP3_7.1.26_1/TMP3_Platform/hw/TMP3_pmod_wrapper.xsa
TRACE::2026-01-08.11:16:43::SCWPlatform::DSA absoulate path C:/Users/User/Documents/GitHub/AHE_Group_G/workspace_TMP3_7.1.26_1/TMP3_Platform/hw/TMP3_pmod_wrapper.xsa
TRACE::2026-01-08.11:16:43::SCWPlatform::DSA directory C:/Users/User/Documents/GitHub/AHE_Group_G/workspace_TMP3_7.1.26_1/TMP3_Platform/hw
TRACE::2026-01-08.11:16:43::SCWPlatform:: Platform Path C:/Users/User/Documents/GitHub/AHE_Group_G/workspace_TMP3_7.1.26_1/TMP3_Platform/hw/TMP3_pmod_wrapper.xsa
TRACE::2026-01-08.11:16:43::SCWPlatform:: Unique name xilinx:::0.0
TRACE::2026-01-08.11:16:43::SCWPlatform::Trying to set the existing hwdb with name TMP3_pmod_wrapper_1
TRACE::2026-01-08.11:16:43::SCWPlatform::Opened existing hwdb TMP3_pmod_wrapper_1
TRACE::2026-01-08.11:16:43::SCWPlatform::Found the Hw Db part of the input DSA
TRACE::2026-01-08.11:16:43::SCWMssOS::Checking the sw design at  C:/Users/User/Documents/GitHub/AHE_Group_G/workspace_TMP3_7.1.26_1/TMP3_Platform/microblaze_0/standalone_domain/bsp/system.mss
TRACE::2026-01-08.11:16:43::SCWMssOS::DEBUG:  swdes dump  C:/Users/User/Documents/GitHub/AHE_Group_G/workspace_TMP3_7.1.26_1/TMP3_Platform/microblaze_0/standalone_domain/bsp/system.mss|system||

TRACE::2026-01-08.11:16:43::SCWMssOS::Sw design exists and opened at  C:/Users/User/Documents/GitHub/AHE_Group_G/workspace_TMP3_7.1.26_1/TMP3_Platform/microblaze_0/standalone_domain/bsp/system.mss
TRACE::2026-01-08.11:31:45::SCWMssOS::cleaning the bsp 
TRACE::2026-01-08.11:31:45::SCWMssOS::System Command Ran  C: & cd  C:/Users/User/Documents/GitHub/AHE_Group_G/workspace_TMP3_7.1.26_1/TMP3_Platform/microblaze_0/standalone_domain/bsp & make clean 
TRACE::2026-01-08.11:31:45::SCWMssOS::make -C microblaze_0/libsrc/bram_v4_7/src -s clean 

TRACE::2026-01-08.11:31:45::SCWMssOS::make -C microblaze_0/libsrc/cpu_v2_14/src -s clean 

TRACE::2026-01-08.11:31:45::SCWMssOS::make -C microblaze_0/libsrc/intc_v3_13/src -s clean 

TRACE::2026-01-08.11:31:45::SCWMssOS::make -C microblaze_0/libsrc/PmodTMP3_v1_0/src -s clean 

TRACE::2026-01-08.11:31:45::SCWMssOS::make -C microblaze_0/libsrc/standalone_v7_6/src -s clean 

TRACE::2026-01-08.11:31:46::SCWMssOS::make -C microblaze_0/libsrc/uartlite_v3_6/src -s clean 

TRACE::2026-01-08.11:31:46::SCWMssOS::rm -f microblaze_0/lib/libxil.a

LOG::2026-01-08.11:31:54::SCWPlatform::Started generating the artifacts platform TMP3_Platform
TRACE::2026-01-08.11:31:54::SCWPlatform::Sanity checking of platform is completed
LOG::2026-01-08.11:31:54::SCWPlatform::Started generating the artifacts for system configuration TMP3_Platform
LOG::2026-01-08.11:31:54::SCWSystem::Checking the domain standalone_domain
LOG::2026-01-08.11:31:54::SCWSystem::Not a boot domain 
LOG::2026-01-08.11:31:54::SCWSystem::Started Processing the domain standalone_domain
TRACE::2026-01-08.11:31:54::SCWDomain::Generating domain artifcats
TRACE::2026-01-08.11:31:54::SCWMssOS::Generating standalone artifcats
TRACE::2026-01-08.11:31:54::SCWMssOS:: Copying the user libraries. 
TRACE::2026-01-08.11:31:54::SCWPlatform::Trying to open the hw design at C:/Users/User/Documents/GitHub/AHE_Group_G/workspace_TMP3_7.1.26_1/TMP3_Platform/hw/TMP3_pmod_wrapper.xsa
TRACE::2026-01-08.11:31:54::SCWPlatform::DSA given C:/Users/User/Documents/GitHub/AHE_Group_G/workspace_TMP3_7.1.26_1/TMP3_Platform/hw/TMP3_pmod_wrapper.xsa
TRACE::2026-01-08.11:31:54::SCWPlatform::DSA absoulate path C:/Users/User/Documents/GitHub/AHE_Group_G/workspace_TMP3_7.1.26_1/TMP3_Platform/hw/TMP3_pmod_wrapper.xsa
TRACE::2026-01-08.11:31:54::SCWPlatform::DSA directory C:/Users/User/Documents/GitHub/AHE_Group_G/workspace_TMP3_7.1.26_1/TMP3_Platform/hw
TRACE::2026-01-08.11:31:54::SCWPlatform:: Platform Path C:/Users/User/Documents/GitHub/AHE_Group_G/workspace_TMP3_7.1.26_1/TMP3_Platform/hw/TMP3_pmod_wrapper.xsa
TRACE::2026-01-08.11:31:54::SCWPlatform:: Unique name xilinx:::0.0
TRACE::2026-01-08.11:31:54::SCWPlatform::Trying to set the existing hwdb with name TMP3_pmod_wrapper_1
TRACE::2026-01-08.11:31:54::SCWPlatform::Opened existing hwdb TMP3_pmod_wrapper_1
TRACE::2026-01-08.11:31:54::SCWPlatform::Found the Hw Db part of the input DSA
TRACE::2026-01-08.11:31:54::SCWMssOS::Checking the sw design at  C:/Users/User/Documents/GitHub/AHE_Group_G/workspace_TMP3_7.1.26_1/TMP3_Platform/microblaze_0/standalone_domain/bsp/system.mss
TRACE::2026-01-08.11:31:54::SCWMssOS::DEBUG:  swdes dump  C:/Users/User/Documents/GitHub/AHE_Group_G/workspace_TMP3_7.1.26_1/TMP3_Platform/microblaze_0/standalone_domain/bsp/system.mss|system||

TRACE::2026-01-08.11:31:54::SCWMssOS::Sw design exists and opened at  C:/Users/User/Documents/GitHub/AHE_Group_G/workspace_TMP3_7.1.26_1/TMP3_Platform/microblaze_0/standalone_domain/bsp/system.mss
TRACE::2026-01-08.11:31:54::SCWMssOS::Completed writing the mss file at C:/Users/User/Documents/GitHub/AHE_Group_G/workspace_TMP3_7.1.26_1/TMP3_Platform/microblaze_0/standalone_domain/bsp
TRACE::2026-01-08.11:31:54::SCWMssOS::Mss edits present, copying mssfile into export location C:/Users/User/Documents/GitHub/AHE_Group_G/workspace_TMP3_7.1.26_1/TMP3_Platform/microblaze_0/standalone_domain/bsp/system.mss
TRACE::2026-01-08.11:31:54::SCWMssOS::bsp generated is upto date with the mss file. Skipping bsp generation.
TRACE::2026-01-08.11:31:54::SCWMssOS::BSP is already built. skipping the bsp build ... 
TRACE::2026-01-08.11:31:54::SCWDomain::Building the domain as part of full build :  standalone_domain
TRACE::2026-01-08.11:31:54::SCWMssOS::doing bsp build ... 
TRACE::2026-01-08.11:31:54::SCWMssOS::System Command Ran  C: & cd  C:/Users/User/Documents/GitHub/AHE_Group_G/workspace_TMP3_7.1.26_1/TMP3_Platform/microblaze_0/standalone_domain/bsp & make 
TRACE::2026-01-08.11:31:54::SCWMssOS::make --no-print-directory seq_libs

TRACE::2026-01-08.11:31:54::SCWMssOS::"Running Make include in microblaze_0/libsrc/bram_v4_7/src"

TRACE::2026-01-08.11:31:54::SCWMssOS::make -C microblaze_0/libsrc/bram_v4_7/src -s include  "SHELL=CMD" "COMPILER=mb-gcc" "ASSEMBLER=mb-as" "ARCHIVER=mb-ar" "COMPILE
TRACE::2026-01-08.11:31:54::SCWMssOS::R_FLAGS=  -O2 -c -mcpu=v11.0 -mlittle-endian -mxl-soft-mul" "EXTRA_COMPILER_FLAGS=-g -ffunction-sections -fdata-sections -Wall 
TRACE::2026-01-08.11:31:54::SCWMssOS::-Wextra -fno-tree-loop-distribute-patterns"

TRACE::2026-01-08.11:31:54::SCWMssOS::"Running Make include in microblaze_0/libsrc/cpu_v2_14/src"

TRACE::2026-01-08.11:31:54::SCWMssOS::make -C microblaze_0/libsrc/cpu_v2_14/src -s include  "SHELL=CMD" "COMPILER=mb-gcc" "ASSEMBLER=mb-as" "ARCHIVER=mb-ar" "COMPILE
TRACE::2026-01-08.11:31:54::SCWMssOS::R_FLAGS=  -O2 -c -mcpu=v11.0 -mlittle-endian -mxl-soft-mul" "EXTRA_COMPILER_FLAGS=-g -ffunction-sections -fdata-sections -Wall 
TRACE::2026-01-08.11:31:54::SCWMssOS::-Wextra -fno-tree-loop-distribute-patterns"

TRACE::2026-01-08.11:31:54::SCWMssOS::"Running Make include in microblaze_0/libsrc/intc_v3_13/src"

TRACE::2026-01-08.11:31:54::SCWMssOS::make -C microblaze_0/libsrc/intc_v3_13/src -s include  "SHELL=CMD" "COMPILER=mb-gcc" "ASSEMBLER=mb-as" "ARCHIVER=mb-ar" "COMPIL
TRACE::2026-01-08.11:31:54::SCWMssOS::ER_FLAGS=  -O2 -c -mcpu=v11.0 -mlittle-endian -mxl-soft-mul" "EXTRA_COMPILER_FLAGS=-g -ffunction-sections -fdata-sections -Wall
TRACE::2026-01-08.11:31:54::SCWMssOS:: -Wextra -fno-tree-loop-distribute-patterns"

TRACE::2026-01-08.11:31:54::SCWMssOS::"Running Make include in microblaze_0/libsrc/PmodTMP3_v1_0/src"

TRACE::2026-01-08.11:31:54::SCWMssOS::make -C microblaze_0/libsrc/PmodTMP3_v1_0/src -s include  "SHELL=CMD" "COMPILER=mb-gcc" "ASSEMBLER=mb-as" "ARCHIVER=mb-ar" "COM
TRACE::2026-01-08.11:31:54::SCWMssOS::PILER_FLAGS=  -O2 -c -mcpu=v11.0 -mlittle-endian -mxl-soft-mul" "EXTRA_COMPILER_FLAGS=-g -ffunction-sections -fdata-sections -W
TRACE::2026-01-08.11:31:54::SCWMssOS::all -Wextra -fno-tree-loop-distribute-patterns"

TRACE::2026-01-08.11:31:54::SCWMssOS::"Running Make include in microblaze_0/libsrc/standalone_v7_6/src"

TRACE::2026-01-08.11:31:54::SCWMssOS::make -C microblaze_0/libsrc/standalone_v7_6/src -s include  "SHELL=CMD" "COMPILER=mb-gcc" "ASSEMBLER=mb-as" "ARCHIVER=mb-ar" "C
TRACE::2026-01-08.11:31:54::SCWMssOS::OMPILER_FLAGS=  -O2 -c -mcpu=v11.0 -mlittle-endian -mxl-soft-mul" "EXTRA_COMPILER_FLAGS=-g -ffunction-sections -fdata-sections 
TRACE::2026-01-08.11:31:54::SCWMssOS::-Wall -Wextra -fno-tree-loop-distribute-patterns"

TRACE::2026-01-08.11:31:54::SCWMssOS::"Running Make include in microblaze_0/libsrc/uartlite_v3_6/src"

TRACE::2026-01-08.11:31:54::SCWMssOS::make -C microblaze_0/libsrc/uartlite_v3_6/src -s include  "SHELL=CMD" "COMPILER=mb-gcc" "ASSEMBLER=mb-as" "ARCHIVER=mb-ar" "COM
TRACE::2026-01-08.11:31:54::SCWMssOS::PILER_FLAGS=  -O2 -c -mcpu=v11.0 -mlittle-endian -mxl-soft-mul" "EXTRA_COMPILER_FLAGS=-g -ffunction-sections -fdata-sections -W
TRACE::2026-01-08.11:31:54::SCWMssOS::all -Wextra -fno-tree-loop-distribute-patterns"

TRACE::2026-01-08.11:31:54::SCWMssOS::"Running Make libs in microblaze_0/libsrc/PmodTMP3_v1_0/src"

TRACE::2026-01-08.11:31:54::SCWMssOS::make -C microblaze_0/libsrc/PmodTMP3_v1_0/src -s libs  "SHELL=CMD" "COMPILER=mb-gcc" "ASSEMBLER=mb-as" "ARCHIVER=mb-ar" "COMPIL
TRACE::2026-01-08.11:31:54::SCWMssOS::ER_FLAGS=  -O2 -c -mcpu=v11.0 -mlittle-endian -mxl-soft-mul" "EXTRA_COMPILER_FLAGS=-g -ffunction-sections -fdata-sections -Wall
TRACE::2026-01-08.11:31:54::SCWMssOS:: -Wextra -fno-tree-loop-distribute-patterns"

TRACE::2026-01-08.11:31:54::SCWMssOS::"Compiling PmodTMP3"

TRACE::2026-01-08.11:31:56::SCWMssOS::'Finished building libraries sequentially.'

TRACE::2026-01-08.11:31:56::SCWMssOS::make -j 10 --no-print-directory par_libs

TRACE::2026-01-08.11:31:56::SCWMssOS::"Running Make include in microblaze_0/libsrc/bram_v4_7/src"

TRACE::2026-01-08.11:31:56::SCWMssOS::make -C microblaze_0/libsrc/bram_v4_7/src -s include  "SHELL=CMD" "COMPILER=mb-gcc" "ASSEMBLER=mb-as" "ARCHIVER=mb-ar" "COMPILE
TRACE::2026-01-08.11:31:56::SCWMssOS::R_FLAGS=  -O2 -c -mcpu=v11.0 -mlittle-endian -mxl-soft-mul" "EXTRA_COMPILER_FLAGS=-g -ffunction-sections -fdata-sections -Wall 
TRACE::2026-01-08.11:31:56::SCWMssOS::-Wextra -fno-tree-loop-distribute-patterns"

TRACE::2026-01-08.11:31:56::SCWMssOS::"Running Make include in microblaze_0/libsrc/cpu_v2_14/src"

TRACE::2026-01-08.11:31:56::SCWMssOS::make -C microblaze_0/libsrc/cpu_v2_14/src -s include  "SHELL=CMD" "COMPILER=mb-gcc" "ASSEMBLER=mb-as" "ARCHIVER=mb-ar" "COMPILE
TRACE::2026-01-08.11:31:56::SCWMssOS::R_FLAGS=  -O2 -c -mcpu=v11.0 -mlittle-endian -mxl-soft-mul" "EXTRA_COMPILER_FLAGS=-g -ffunction-sections -fdata-sections -Wall 
TRACE::2026-01-08.11:31:56::SCWMssOS::-Wextra -fno-tree-loop-distribute-patterns"

TRACE::2026-01-08.11:31:56::SCWMssOS::"Running Make include in microblaze_0/libsrc/intc_v3_13/src"

TRACE::2026-01-08.11:31:56::SCWMssOS::make -C microblaze_0/libsrc/intc_v3_13/src -s include  "SHELL=CMD" "COMPILER=mb-gcc" "ASSEMBLER=mb-as" "ARCHIVER=mb-ar" "COMPIL
TRACE::2026-01-08.11:31:56::SCWMssOS::ER_FLAGS=  -O2 -c -mcpu=v11.0 -mlittle-endian -mxl-soft-mul" "EXTRA_COMPILER_FLAGS=-g -ffunction-sections -fdata-sections -Wall
TRACE::2026-01-08.11:31:56::SCWMssOS:: -Wextra -fno-tree-loop-distribute-patterns"

TRACE::2026-01-08.11:31:56::SCWMssOS::"Running Make include in microblaze_0/libsrc/PmodTMP3_v1_0/src"

TRACE::2026-01-08.11:31:56::SCWMssOS::make -C microblaze_0/libsrc/PmodTMP3_v1_0/src -s include  "SHELL=CMD" "COMPILER=mb-gcc" "ASSEMBLER=mb-as" "ARCHIVER=mb-ar" "COM
TRACE::2026-01-08.11:31:56::SCWMssOS::PILER_FLAGS=  -O2 -c -mcpu=v11.0 -mlittle-endian -mxl-soft-mul" "EXTRA_COMPILER_FLAGS=-g -ffunction-sections -fdata-sections -W
TRACE::2026-01-08.11:31:56::SCWMssOS::all -Wextra -fno-tree-loop-distribute-patterns"

TRACE::2026-01-08.11:31:56::SCWMssOS::"Running Make include in microblaze_0/libsrc/standalone_v7_6/src"

TRACE::2026-01-08.11:31:56::SCWMssOS::make -C microblaze_0/libsrc/standalone_v7_6/src -s include  "SHELL=CMD" "COMPILER=mb-gcc" "ASSEMBLER=mb-as" "ARCHIVER=mb-ar" "C
TRACE::2026-01-08.11:31:56::SCWMssOS::OMPILER_FLAGS=  -O2 -c -mcpu=v11.0 -mlittle-endian -mxl-soft-mul" "EXTRA_COMPILER_FLAGS=-g -ffunction-sections -fdata-sections 
TRACE::2026-01-08.11:31:56::SCWMssOS::-Wall -Wextra -fno-tree-loop-distribute-patterns"

TRACE::2026-01-08.11:31:56::SCWMssOS::"Running Make include in microblaze_0/libsrc/uartlite_v3_6/src"

TRACE::2026-01-08.11:31:56::SCWMssOS::make -C microblaze_0/libsrc/uartlite_v3_6/src -s include  "SHELL=CMD" "COMPILER=mb-gcc" "ASSEMBLER=mb-as" "ARCHIVER=mb-ar" "COM
TRACE::2026-01-08.11:31:56::SCWMssOS::PILER_FLAGS=  -O2 -c -mcpu=v11.0 -mlittle-endian -mxl-soft-mul" "EXTRA_COMPILER_FLAGS=-g -ffunction-sections -fdata-sections -W
TRACE::2026-01-08.11:31:56::SCWMssOS::all -Wextra -fno-tree-loop-distribute-patterns"

TRACE::2026-01-08.11:31:56::SCWMssOS::"Running Make libs in microblaze_0/libsrc/bram_v4_7/src"

TRACE::2026-01-08.11:31:56::SCWMssOS::make -C microblaze_0/libsrc/bram_v4_7/src -s libs  "SHELL=CMD" "COMPILER=mb-gcc" "ASSEMBLER=mb-as" "ARCHIVER=mb-ar" "COMPILER_F
TRACE::2026-01-08.11:31:56::SCWMssOS::LAGS=  -O2 -c -mcpu=v11.0 -mlittle-endian -mxl-soft-mul" "EXTRA_COMPILER_FLAGS=-g -ffunction-sections -fdata-sections -Wall -We
TRACE::2026-01-08.11:31:56::SCWMssOS::xtra -fno-tree-loop-distribute-patterns"

TRACE::2026-01-08.11:31:56::SCWMssOS::"Running Make libs in microblaze_0/libsrc/cpu_v2_14/src"

TRACE::2026-01-08.11:31:56::SCWMssOS::make -C microblaze_0/libsrc/cpu_v2_14/src -s libs  "SHELL=CMD" "COMPILER=mb-gcc" "ASSEMBLER=mb-as" "ARCHIVER=mb-ar" "COMPILER_F
TRACE::2026-01-08.11:31:56::SCWMssOS::LAGS=  -O2 -c -mcpu=v11.0 -mlittle-endian -mxl-soft-mul" "EXTRA_COMPILER_FLAGS=-g -ffunction-sections -fdata-sections -Wall -We
TRACE::2026-01-08.11:31:56::SCWMssOS::xtra -fno-tree-loop-distribute-patterns"

TRACE::2026-01-08.11:31:56::SCWMssOS::"Running Make libs in microblaze_0/libsrc/intc_v3_13/src"

TRACE::2026-01-08.11:31:56::SCWMssOS::make -C microblaze_0/libsrc/intc_v3_13/src -s libs  "SHELL=CMD" "COMPILER=mb-gcc" "ASSEMBLER=mb-as" "ARCHIVER=mb-ar" "COMPILER_
TRACE::2026-01-08.11:31:56::SCWMssOS::FLAGS=  -O2 -c -mcpu=v11.0 -mlittle-endian -mxl-soft-mul" "EXTRA_COMPILER_FLAGS=-g -ffunction-sections -fdata-sections -Wall -W
TRACE::2026-01-08.11:31:56::SCWMssOS::extra -fno-tree-loop-distribute-patterns"

TRACE::2026-01-08.11:31:56::SCWMssOS::"Running Make libs in microblaze_0/libsrc/standalone_v7_6/src"

TRACE::2026-01-08.11:31:56::SCWMssOS::make -C microblaze_0/libsrc/standalone_v7_6/src -s libs  "SHELL=CMD" "COMPILER=mb-gcc" "ASSEMBLER=mb-as" "ARCHIVER=mb-ar" "COMP
TRACE::2026-01-08.11:31:56::SCWMssOS::ILER_FLAGS=  -O2 -c -mcpu=v11.0 -mlittle-endian -mxl-soft-mul" "EXTRA_COMPILER_FLAGS=-g -ffunction-sections -fdata-sections -Wa
TRACE::2026-01-08.11:31:56::SCWMssOS::ll -Wextra -fno-tree-loop-distribute-patterns"

TRACE::2026-01-08.11:31:56::SCWMssOS::"Running Make libs in microblaze_0/libsrc/uartlite_v3_6/src"

TRACE::2026-01-08.11:31:56::SCWMssOS::make -C microblaze_0/libsrc/uartlite_v3_6/src -s libs  "SHELL=CMD" "COMPILER=mb-gcc" "ASSEMBLER=mb-as" "ARCHIVER=mb-ar" "COMPIL
TRACE::2026-01-08.11:31:56::SCWMssOS::ER_FLAGS=  -O2 -c -mcpu=v11.0 -mlittle-endian -mxl-soft-mul" "EXTRA_COMPILER_FLAGS=-g -ffunction-sections -fdata-sections -Wall
TRACE::2026-01-08.11:31:56::SCWMssOS:: -Wextra -fno-tree-loop-distribute-patterns"

TRACE::2026-01-08.11:31:57::SCWMssOS::"DEBUG NON_LTO_OBJECTS is ../../../lib/microblaze_interrupt_handler.o"

TRACE::2026-01-08.11:31:57::SCWMssOS::'Finished building libraries parallelly.'

TRACE::2026-01-08.11:31:57::SCWMssOS::make --no-print-directory archive

TRACE::2026-01-08.11:31:57::SCWMssOS::mb-ar -r  microblaze_0/lib/libxil.a microblaze_0/lib/xplatform_info.o microblaze_0/lib/xuartlite.o microblaze_0/lib/microblaze_
TRACE::2026-01-08.11:31:57::SCWMssOS::disable_exceptions.o microblaze_0/lib/print.o microblaze_0/lib/_exit.o microblaze_0/lib/xil_testio.o microblaze_0/lib/microblaz
TRACE::2026-01-08.11:31:57::SCWMssOS::e_disable_dcache.o microblaze_0/lib/microblaze_flush_dcache_range.o microblaze_0/lib/microblaze_flush_cache_ext.o microblaze_0/
TRACE::2026-01-08.11:31:57::SCWMssOS::lib/xbram_sinit.o microblaze_0/lib/xil_misc_psreset_api.o microblaze_0/lib/xil_cache.o microblaze_0/lib/xil_util.o microblaze_0
TRACE::2026-01-08.11:31:57::SCWMssOS::/lib/inbyte.o microblaze_0/lib/xbram_g.o microblaze_0/lib/xuartlite_stats.o microblaze_0/lib/microblaze_exception_handler.o mic
TRACE::2026-01-08.11:31:57::SCWMssOS::roblaze_0/lib/microblaze_scrub.o microblaze_0/lib/microblaze_invalidate_dcache.o microblaze_0/lib/microblaze_disable_interrupts
TRACE::2026-01-08.11:31:57::SCWMssOS::.o microblaze_0/lib/xbram_selftest.o microblaze_0/lib/microblaze_interrupt_handler.o microblaze_0/lib/microblaze_disable_icache
TRACE::2026-01-08.11:31:57::SCWMssOS::.o microblaze_0/lib/xil_mem.o microblaze_0/lib/xuartlite_intr.o microblaze_0/lib/microblaze_flush_cache_ext_range.o microblaze_
TRACE::2026-01-08.11:31:57::SCWMssOS::0/lib/xbram_intr.o microblaze_0/lib/xil_sleepcommon.o microblaze_0/lib/xil_printf.o microblaze_0/lib/xintc_g.o microblaze_0/lib
TRACE::2026-01-08.11:31:57::SCWMssOS::/xuartlite_g.o microblaze_0/lib/xintc_selftest.o microblaze_0/lib/xintc_l.o microblaze_0/lib/outbyte.o microblaze_0/lib/microbl
TRACE::2026-01-08.11:31:57::SCWMssOS::aze_invalidate_dcache_range.o microblaze_0/lib/microblaze_invalidate_cache_ext.o microblaze_0/lib/microblaze_sleep.o microblaze
TRACE::2026-01-08.11:31:57::SCWMssOS::_0/lib/hw_exception_handler.o microblaze_0/lib/xuartlite_selftest.o microblaze_0/lib/xintc_intr.o microblaze_0/lib/microblaze_u
TRACE::2026-01-08.11:31:57::SCWMssOS::pdate_dcache.o microblaze_0/lib/xil_testcache.o microblaze_0/lib/microblaze_selftest.o microblaze_0/lib/microblaze_interrupts_g
TRACE::2026-01-08.11:31:57::SCWMssOS::.o microblaze_0/lib/microblaze_enable_exceptions.o microblaze_0/lib/xio.o microblaze_0/lib/microblaze_enable_dcache.o microblaz
TRACE::2026-01-08.11:31:57::SCWMssOS::e_0/lib/xbram.o microblaze_0/lib/microblaze_invalidate_icache_range.o microblaze_0/lib/microblaze_init_dcache_range.o microblaz
TRACE::2026-01-08.11:31:57::SCWMssOS::e_0/lib/microblaze_invalidate_icache.o microblaze_0/lib/errno.o microblaze_0/lib/xuartlite_l.o microblaze_0/lib/xintc_options.o
TRACE::2026-01-08.11:31:57::SCWMssOS:: microblaze_0/lib/microblaze_invalidate_cache_ext_range.o microblaze_0/lib/xil_exception.o microblaze_0/lib/pvr.o microblaze_0/
TRACE::2026-01-08.11:31:57::SCWMssOS::lib/xil_testmem.o microblaze_0/lib/microblaze_update_icache.o microblaze_0/lib/microblaze_flush_dcache.o microblaze_0/lib/xil_c
TRACE::2026-01-08.11:31:57::SCWMssOS::locking.o microblaze_0/lib/xil_assert.o microblaze_0/lib/microblaze_enable_interrupts.o microblaze_0/lib/microblaze_enable_icac
TRACE::2026-01-08.11:31:57::SCWMssOS::he.o microblaze_0/lib/xintc.o microblaze_0/lib/xuartlite_sinit.o microblaze_0/lib/fcntl.o microblaze_0/lib/microblaze_init_icac
TRACE::2026-01-08.11:31:57::SCWMssOS::he_range.o

TRACE::2026-01-08.11:31:57::SCWMssOS::'Finished building libraries'

TRACE::2026-01-08.11:31:58::SCWMssOS::Copying to export directory.
TRACE::2026-01-08.11:31:58::SCWMssOS:: Checking if to create the Supporting Applications
TRACE::2026-01-08.11:31:58::SCWMssOS:: No Linux domain exists, trying to generate FSBL 
LOG::2026-01-08.11:31:58::SCWSystem::Completed Processing the domain standalone_domain
LOG::2026-01-08.11:31:58::SCWSystem::Completed Processing the sysconfig TMP3_Platform
LOG::2026-01-08.11:31:58::SCWPlatform::Completed generating the artifacts for system configuration TMP3_Platform
TRACE::2026-01-08.11:31:58::SCWPlatform::Started preparing the platform 
TRACE::2026-01-08.11:31:58::SCWSystem::Writing the bif file for system config TMP3_Platform
TRACE::2026-01-08.11:31:58::SCWSystem::dir created 
TRACE::2026-01-08.11:31:58::SCWSystem::Writing the bif 
TRACE::2026-01-08.11:31:58::SCWPlatform::Started writing the spfm file 
TRACE::2026-01-08.11:31:58::SCWPlatform::Started writing the xpfm file 
TRACE::2026-01-08.11:31:58::SCWPlatform::Completed generating the platform
TRACE::2026-01-08.11:31:58::SCWMssOS::Saving the mss changes C:/Users/User/Documents/GitHub/AHE_Group_G/workspace_TMP3_7.1.26_1/TMP3_Platform/microblaze_0/standalone_domain/bsp/system.mss
TRACE::2026-01-08.11:31:58::SCWMssOS::Found a swdesign opened with the mssfile.
TRACE::2026-01-08.11:31:58::SCWMssOS::Completed writemss as part of save.
TRACE::2026-01-08.11:31:58::SCWMssOS::Commit changes completed.
TRACE::2026-01-08.11:31:58::SCWPlatform::Trying to open the hw design at C:/Users/User/Documents/GitHub/AHE_Group_G/workspace_TMP3_7.1.26_1/TMP3_Platform/hw/TMP3_pmod_wrapper.xsa
TRACE::2026-01-08.11:31:58::SCWPlatform::DSA given C:/Users/User/Documents/GitHub/AHE_Group_G/workspace_TMP3_7.1.26_1/TMP3_Platform/hw/TMP3_pmod_wrapper.xsa
TRACE::2026-01-08.11:31:58::SCWPlatform::DSA absoulate path C:/Users/User/Documents/GitHub/AHE_Group_G/workspace_TMP3_7.1.26_1/TMP3_Platform/hw/TMP3_pmod_wrapper.xsa
TRACE::2026-01-08.11:31:58::SCWPlatform::DSA directory C:/Users/User/Documents/GitHub/AHE_Group_G/workspace_TMP3_7.1.26_1/TMP3_Platform/hw
TRACE::2026-01-08.11:31:58::SCWPlatform:: Platform Path C:/Users/User/Documents/GitHub/AHE_Group_G/workspace_TMP3_7.1.26_1/TMP3_Platform/hw/TMP3_pmod_wrapper.xsa
TRACE::2026-01-08.11:31:58::SCWPlatform:: Unique name xilinx:::0.0
TRACE::2026-01-08.11:31:58::SCWPlatform::Trying to set the existing hwdb with name TMP3_pmod_wrapper_1
TRACE::2026-01-08.11:31:58::SCWPlatform::Opened existing hwdb TMP3_pmod_wrapper_1
TRACE::2026-01-08.11:31:58::SCWPlatform::Found the Hw Db part of the input DSA
TRACE::2026-01-08.11:31:58::SCWMssOS::Checking the sw design at  C:/Users/User/Documents/GitHub/AHE_Group_G/workspace_TMP3_7.1.26_1/TMP3_Platform/microblaze_0/standalone_domain/bsp/system.mss
TRACE::2026-01-08.11:31:58::SCWMssOS::DEBUG:  swdes dump  C:/Users/User/Documents/GitHub/AHE_Group_G/workspace_TMP3_7.1.26_1/TMP3_Platform/microblaze_0/standalone_domain/bsp/system.mss|system||

TRACE::2026-01-08.11:31:58::SCWMssOS::Sw design exists and opened at  C:/Users/User/Documents/GitHub/AHE_Group_G/workspace_TMP3_7.1.26_1/TMP3_Platform/microblaze_0/standalone_domain/bsp/system.mss
TRACE::2026-01-08.11:31:58::SCWWriter::formatted JSON is {
	"platformName":	"TMP3_Platform",
	"sprVersion":	"2.0",
	"mode":	"gui",
	"dsaType":	"Fixed",
	"platformDesc":	"TMP3_Platform",
	"platHandOff":	"C:/Users/User/Documents/GitHub/Hardware_vhdl_ip_files/TMP3_block_7.1_1/TMP3_pmod_wrapper.xsa",
	"platIntHandOff":	"<platformDir>/hw/TMP3_pmod_wrapper.xsa",
	"deviceType":	"FPGA",
	"platIsPrebuiltAutogen":	"false",
	"platIsNoBootBsp":	"false",
	"hasFsblMakeHasChanges":	"false",
	"hasPmufwMakeHasChanges":	"false",
	"platPreBuiltFlag":	false,
	"platformSamplesDir":	"",
	"platActiveSys":	"TMP3_Platform",
	"systems":	[{
			"systemName":	"TMP3_Platform",
			"systemDesc":	"TMP3_Platform",
			"sysIsBootAutoGen":	"true",
			"systemDispName":	"TMP3_Platform",
			"sysActiveDom":	"standalone_domain",
			"sysDefaultDom":	"standalone_domain",
			"domains":	[{
					"domainName":	"standalone_domain",
					"domainDispName":	"standalone on microblaze_0",
					"domainDesc":	"standalone_domain",
					"processors":	"microblaze_0",
					"os":	"standalone",
					"sdxOs":	"standalone",
					"debugEnable":	"False",
					"domRuntimes":	["cpp"],
					"swRepo":	"",
					"mssOsVer":	"7.6",
					"mssFile":	"",
					"md5Digest":	"d6a3b57a5267393b8d497d79c2949060",
					"compatibleApp":	"",
					"domType":	"mssDomain",
					"arch":	"32-bit",
					"appSettings":	{
						"appCompilerFlags":	"",
						"appLinkerFlags":	""
					},
					"addedLibs":	[],
					"libOptions":	{
						"libsContainingOptions":	[]
					},
					"prebuiltLibs":	{
						"prebuiltIncPath":	[],
						"prebuiltLibPath":	[]
					},
					"isolation":	{
					}
				}]
		}]
}
KEYINFO::2026-01-08.11:31:58::SCWPlatform::updated the xpfm file.
TRACE::2026-01-08.11:31:58::SCWPlatform::Trying to open the hw design at C:/Users/User/Documents/GitHub/AHE_Group_G/workspace_TMP3_7.1.26_1/TMP3_Platform/hw/TMP3_pmod_wrapper.xsa
TRACE::2026-01-08.11:31:58::SCWPlatform::DSA given C:/Users/User/Documents/GitHub/AHE_Group_G/workspace_TMP3_7.1.26_1/TMP3_Platform/hw/TMP3_pmod_wrapper.xsa
TRACE::2026-01-08.11:31:58::SCWPlatform::DSA absoulate path C:/Users/User/Documents/GitHub/AHE_Group_G/workspace_TMP3_7.1.26_1/TMP3_Platform/hw/TMP3_pmod_wrapper.xsa
TRACE::2026-01-08.11:31:58::SCWPlatform::DSA directory C:/Users/User/Documents/GitHub/AHE_Group_G/workspace_TMP3_7.1.26_1/TMP3_Platform/hw
TRACE::2026-01-08.11:31:58::SCWPlatform:: Platform Path C:/Users/User/Documents/GitHub/AHE_Group_G/workspace_TMP3_7.1.26_1/TMP3_Platform/hw/TMP3_pmod_wrapper.xsa
TRACE::2026-01-08.11:31:58::SCWPlatform:: Unique name xilinx:::0.0
TRACE::2026-01-08.11:31:58::SCWPlatform::Trying to set the existing hwdb with name TMP3_pmod_wrapper_1
TRACE::2026-01-08.11:31:58::SCWPlatform::Opened existing hwdb TMP3_pmod_wrapper_1
TRACE::2026-01-08.11:31:58::SCWPlatform::Found the Hw Db part of the input DSA
TRACE::2026-01-08.11:31:58::SCWMssOS::Checking the sw design at  C:/Users/User/Documents/GitHub/AHE_Group_G/workspace_TMP3_7.1.26_1/TMP3_Platform/microblaze_0/standalone_domain/bsp/system.mss
TRACE::2026-01-08.11:31:58::SCWMssOS::DEBUG:  swdes dump  C:/Users/User/Documents/GitHub/AHE_Group_G/workspace_TMP3_7.1.26_1/TMP3_Platform/microblaze_0/standalone_domain/bsp/system.mss|system||

TRACE::2026-01-08.11:31:58::SCWMssOS::Sw design exists and opened at  C:/Users/User/Documents/GitHub/AHE_Group_G/workspace_TMP3_7.1.26_1/TMP3_Platform/microblaze_0/standalone_domain/bsp/system.mss
TRACE::2026-01-08.11:35:42::SCWMssOS::cleaning the bsp 
TRACE::2026-01-08.11:35:42::SCWMssOS::System Command Ran  C: & cd  C:/Users/User/Documents/GitHub/AHE_Group_G/workspace_TMP3_7.1.26_1/TMP3_Platform/microblaze_0/standalone_domain/bsp & make clean 
TRACE::2026-01-08.11:35:42::SCWMssOS::make -C microblaze_0/libsrc/bram_v4_7/src -s clean 

TRACE::2026-01-08.11:35:42::SCWMssOS::make -C microblaze_0/libsrc/cpu_v2_14/src -s clean 

TRACE::2026-01-08.11:35:42::SCWMssOS::make -C microblaze_0/libsrc/intc_v3_13/src -s clean 

TRACE::2026-01-08.11:35:43::SCWMssOS::make -C microblaze_0/libsrc/PmodTMP3_v1_0/src -s clean 

TRACE::2026-01-08.11:35:43::SCWMssOS::make -C microblaze_0/libsrc/standalone_v7_6/src -s clean 

TRACE::2026-01-08.11:35:43::SCWMssOS::make -C microblaze_0/libsrc/uartlite_v3_6/src -s clean 

TRACE::2026-01-08.11:35:43::SCWMssOS::rm -f microblaze_0/lib/libxil.a

LOG::2026-01-08.11:35:52::SCWPlatform::Started generating the artifacts platform TMP3_Platform
TRACE::2026-01-08.11:35:52::SCWPlatform::Sanity checking of platform is completed
LOG::2026-01-08.11:35:52::SCWPlatform::Started generating the artifacts for system configuration TMP3_Platform
LOG::2026-01-08.11:35:52::SCWSystem::Checking the domain standalone_domain
LOG::2026-01-08.11:35:52::SCWSystem::Not a boot domain 
LOG::2026-01-08.11:35:52::SCWSystem::Started Processing the domain standalone_domain
TRACE::2026-01-08.11:35:52::SCWDomain::Generating domain artifcats
TRACE::2026-01-08.11:35:52::SCWMssOS::Generating standalone artifcats
TRACE::2026-01-08.11:35:52::SCWMssOS:: Copying the user libraries. 
TRACE::2026-01-08.11:35:52::SCWPlatform::Trying to open the hw design at C:/Users/User/Documents/GitHub/AHE_Group_G/workspace_TMP3_7.1.26_1/TMP3_Platform/hw/TMP3_pmod_wrapper.xsa
TRACE::2026-01-08.11:35:52::SCWPlatform::DSA given C:/Users/User/Documents/GitHub/AHE_Group_G/workspace_TMP3_7.1.26_1/TMP3_Platform/hw/TMP3_pmod_wrapper.xsa
TRACE::2026-01-08.11:35:52::SCWPlatform::DSA absoulate path C:/Users/User/Documents/GitHub/AHE_Group_G/workspace_TMP3_7.1.26_1/TMP3_Platform/hw/TMP3_pmod_wrapper.xsa
TRACE::2026-01-08.11:35:52::SCWPlatform::DSA directory C:/Users/User/Documents/GitHub/AHE_Group_G/workspace_TMP3_7.1.26_1/TMP3_Platform/hw
TRACE::2026-01-08.11:35:52::SCWPlatform:: Platform Path C:/Users/User/Documents/GitHub/AHE_Group_G/workspace_TMP3_7.1.26_1/TMP3_Platform/hw/TMP3_pmod_wrapper.xsa
TRACE::2026-01-08.11:35:52::SCWPlatform:: Unique name xilinx:::0.0
TRACE::2026-01-08.11:35:52::SCWPlatform::Trying to set the existing hwdb with name TMP3_pmod_wrapper_1
TRACE::2026-01-08.11:35:52::SCWPlatform::Opened existing hwdb TMP3_pmod_wrapper_1
TRACE::2026-01-08.11:35:52::SCWPlatform::Found the Hw Db part of the input DSA
TRACE::2026-01-08.11:35:52::SCWMssOS::Checking the sw design at  C:/Users/User/Documents/GitHub/AHE_Group_G/workspace_TMP3_7.1.26_1/TMP3_Platform/microblaze_0/standalone_domain/bsp/system.mss
TRACE::2026-01-08.11:35:52::SCWMssOS::DEBUG:  swdes dump  C:/Users/User/Documents/GitHub/AHE_Group_G/workspace_TMP3_7.1.26_1/TMP3_Platform/microblaze_0/standalone_domain/bsp/system.mss|system||

TRACE::2026-01-08.11:35:52::SCWMssOS::Sw design exists and opened at  C:/Users/User/Documents/GitHub/AHE_Group_G/workspace_TMP3_7.1.26_1/TMP3_Platform/microblaze_0/standalone_domain/bsp/system.mss
TRACE::2026-01-08.11:35:52::SCWMssOS::Completed writing the mss file at C:/Users/User/Documents/GitHub/AHE_Group_G/workspace_TMP3_7.1.26_1/TMP3_Platform/microblaze_0/standalone_domain/bsp
TRACE::2026-01-08.11:35:52::SCWMssOS::Mss edits present, copying mssfile into export location C:/Users/User/Documents/GitHub/AHE_Group_G/workspace_TMP3_7.1.26_1/TMP3_Platform/microblaze_0/standalone_domain/bsp/system.mss
TRACE::2026-01-08.11:35:52::SCWMssOS::bsp generated is upto date with the mss file. Skipping bsp generation.
TRACE::2026-01-08.11:35:52::SCWMssOS::BSP is already built. skipping the bsp build ... 
TRACE::2026-01-08.11:35:52::SCWDomain::Building the domain as part of full build :  standalone_domain
TRACE::2026-01-08.11:35:52::SCWMssOS::doing bsp build ... 
TRACE::2026-01-08.11:35:52::SCWMssOS::System Command Ran  C: & cd  C:/Users/User/Documents/GitHub/AHE_Group_G/workspace_TMP3_7.1.26_1/TMP3_Platform/microblaze_0/standalone_domain/bsp & make 
TRACE::2026-01-08.11:35:52::SCWMssOS::make --no-print-directory seq_libs

TRACE::2026-01-08.11:35:52::SCWMssOS::"Running Make include in microblaze_0/libsrc/bram_v4_7/src"

TRACE::2026-01-08.11:35:52::SCWMssOS::make -C microblaze_0/libsrc/bram_v4_7/src -s include  "SHELL=CMD" "COMPILER=mb-gcc" "ASSEMBLER=mb-as" "ARCHIVER=mb-ar" "COMPILE
TRACE::2026-01-08.11:35:52::SCWMssOS::R_FLAGS=  -O2 -c -mcpu=v11.0 -mlittle-endian -mxl-soft-mul" "EXTRA_COMPILER_FLAGS=-g -ffunction-sections -fdata-sections -Wall 
TRACE::2026-01-08.11:35:52::SCWMssOS::-Wextra -fno-tree-loop-distribute-patterns"

TRACE::2026-01-08.11:35:52::SCWMssOS::"Running Make include in microblaze_0/libsrc/cpu_v2_14/src"

TRACE::2026-01-08.11:35:52::SCWMssOS::make -C microblaze_0/libsrc/cpu_v2_14/src -s include  "SHELL=CMD" "COMPILER=mb-gcc" "ASSEMBLER=mb-as" "ARCHIVER=mb-ar" "COMPILE
TRACE::2026-01-08.11:35:52::SCWMssOS::R_FLAGS=  -O2 -c -mcpu=v11.0 -mlittle-endian -mxl-soft-mul" "EXTRA_COMPILER_FLAGS=-g -ffunction-sections -fdata-sections -Wall 
TRACE::2026-01-08.11:35:52::SCWMssOS::-Wextra -fno-tree-loop-distribute-patterns"

TRACE::2026-01-08.11:35:52::SCWMssOS::"Running Make include in microblaze_0/libsrc/intc_v3_13/src"

TRACE::2026-01-08.11:35:52::SCWMssOS::make -C microblaze_0/libsrc/intc_v3_13/src -s include  "SHELL=CMD" "COMPILER=mb-gcc" "ASSEMBLER=mb-as" "ARCHIVER=mb-ar" "COMPIL
TRACE::2026-01-08.11:35:52::SCWMssOS::ER_FLAGS=  -O2 -c -mcpu=v11.0 -mlittle-endian -mxl-soft-mul" "EXTRA_COMPILER_FLAGS=-g -ffunction-sections -fdata-sections -Wall
TRACE::2026-01-08.11:35:52::SCWMssOS:: -Wextra -fno-tree-loop-distribute-patterns"

TRACE::2026-01-08.11:35:52::SCWMssOS::"Running Make include in microblaze_0/libsrc/PmodTMP3_v1_0/src"

TRACE::2026-01-08.11:35:52::SCWMssOS::make -C microblaze_0/libsrc/PmodTMP3_v1_0/src -s include  "SHELL=CMD" "COMPILER=mb-gcc" "ASSEMBLER=mb-as" "ARCHIVER=mb-ar" "COM
TRACE::2026-01-08.11:35:52::SCWMssOS::PILER_FLAGS=  -O2 -c -mcpu=v11.0 -mlittle-endian -mxl-soft-mul" "EXTRA_COMPILER_FLAGS=-g -ffunction-sections -fdata-sections -W
TRACE::2026-01-08.11:35:52::SCWMssOS::all -Wextra -fno-tree-loop-distribute-patterns"

TRACE::2026-01-08.11:35:52::SCWMssOS::"Running Make include in microblaze_0/libsrc/standalone_v7_6/src"

TRACE::2026-01-08.11:35:52::SCWMssOS::make -C microblaze_0/libsrc/standalone_v7_6/src -s include  "SHELL=CMD" "COMPILER=mb-gcc" "ASSEMBLER=mb-as" "ARCHIVER=mb-ar" "C
TRACE::2026-01-08.11:35:52::SCWMssOS::OMPILER_FLAGS=  -O2 -c -mcpu=v11.0 -mlittle-endian -mxl-soft-mul" "EXTRA_COMPILER_FLAGS=-g -ffunction-sections -fdata-sections 
TRACE::2026-01-08.11:35:52::SCWMssOS::-Wall -Wextra -fno-tree-loop-distribute-patterns"

TRACE::2026-01-08.11:35:52::SCWMssOS::"Running Make include in microblaze_0/libsrc/uartlite_v3_6/src"

TRACE::2026-01-08.11:35:52::SCWMssOS::make -C microblaze_0/libsrc/uartlite_v3_6/src -s include  "SHELL=CMD" "COMPILER=mb-gcc" "ASSEMBLER=mb-as" "ARCHIVER=mb-ar" "COM
TRACE::2026-01-08.11:35:52::SCWMssOS::PILER_FLAGS=  -O2 -c -mcpu=v11.0 -mlittle-endian -mxl-soft-mul" "EXTRA_COMPILER_FLAGS=-g -ffunction-sections -fdata-sections -W
TRACE::2026-01-08.11:35:52::SCWMssOS::all -Wextra -fno-tree-loop-distribute-patterns"

TRACE::2026-01-08.11:35:52::SCWMssOS::"Running Make libs in microblaze_0/libsrc/PmodTMP3_v1_0/src"

TRACE::2026-01-08.11:35:52::SCWMssOS::make -C microblaze_0/libsrc/PmodTMP3_v1_0/src -s libs  "SHELL=CMD" "COMPILER=mb-gcc" "ASSEMBLER=mb-as" "ARCHIVER=mb-ar" "COMPIL
TRACE::2026-01-08.11:35:52::SCWMssOS::ER_FLAGS=  -O2 -c -mcpu=v11.0 -mlittle-endian -mxl-soft-mul" "EXTRA_COMPILER_FLAGS=-g -ffunction-sections -fdata-sections -Wall
TRACE::2026-01-08.11:35:52::SCWMssOS:: -Wextra -fno-tree-loop-distribute-patterns"

TRACE::2026-01-08.11:35:53::SCWMssOS::"Compiling PmodTMP3"

TRACE::2026-01-08.11:35:54::SCWMssOS::'Finished building libraries sequentially.'

TRACE::2026-01-08.11:35:54::SCWMssOS::make -j 10 --no-print-directory par_libs

TRACE::2026-01-08.11:35:54::SCWMssOS::"Running Make include in microblaze_0/libsrc/bram_v4_7/src"

TRACE::2026-01-08.11:35:54::SCWMssOS::make -C microblaze_0/libsrc/bram_v4_7/src -s include  "SHELL=CMD" "COMPILER=mb-gcc" "ASSEMBLER=mb-as" "ARCHIVER=mb-ar" "COMPILE
TRACE::2026-01-08.11:35:54::SCWMssOS::R_FLAGS=  -O2 -c -mcpu=v11.0 -mlittle-endian -mxl-soft-mul" "EXTRA_COMPILER_FLAGS=-g -ffunction-sections -fdata-sections -Wall 
TRACE::2026-01-08.11:35:54::SCWMssOS::-Wextra -fno-tree-loop-distribute-patterns"

TRACE::2026-01-08.11:35:54::SCWMssOS::"Running Make include in microblaze_0/libsrc/cpu_v2_14/src"

TRACE::2026-01-08.11:35:54::SCWMssOS::make -C microblaze_0/libsrc/cpu_v2_14/src -s include  "SHELL=CMD" "COMPILER=mb-gcc" "ASSEMBLER=mb-as" "ARCHIVER=mb-ar" "COMPILE
TRACE::2026-01-08.11:35:54::SCWMssOS::R_FLAGS=  -O2 -c -mcpu=v11.0 -mlittle-endian -mxl-soft-mul" "EXTRA_COMPILER_FLAGS=-g -ffunction-sections -fdata-sections -Wall 
TRACE::2026-01-08.11:35:54::SCWMssOS::-Wextra -fno-tree-loop-distribute-patterns"

TRACE::2026-01-08.11:35:54::SCWMssOS::"Running Make include in microblaze_0/libsrc/intc_v3_13/src"

TRACE::2026-01-08.11:35:54::SCWMssOS::make -C microblaze_0/libsrc/intc_v3_13/src -s include  "SHELL=CMD" "COMPILER=mb-gcc" "ASSEMBLER=mb-as" "ARCHIVER=mb-ar" "COMPIL
TRACE::2026-01-08.11:35:54::SCWMssOS::ER_FLAGS=  -O2 -c -mcpu=v11.0 -mlittle-endian -mxl-soft-mul" "EXTRA_COMPILER_FLAGS=-g -ffunction-sections -fdata-sections -Wall
TRACE::2026-01-08.11:35:54::SCWMssOS:: -Wextra -fno-tree-loop-distribute-patterns"

TRACE::2026-01-08.11:35:54::SCWMssOS::"Running Make include in microblaze_0/libsrc/PmodTMP3_v1_0/src"

TRACE::2026-01-08.11:35:54::SCWMssOS::make -C microblaze_0/libsrc/PmodTMP3_v1_0/src -s include  "SHELL=CMD" "COMPILER=mb-gcc" "ASSEMBLER=mb-as" "ARCHIVER=mb-ar" "COM
TRACE::2026-01-08.11:35:54::SCWMssOS::PILER_FLAGS=  -O2 -c -mcpu=v11.0 -mlittle-endian -mxl-soft-mul" "EXTRA_COMPILER_FLAGS=-g -ffunction-sections -fdata-sections -W
TRACE::2026-01-08.11:35:54::SCWMssOS::all -Wextra -fno-tree-loop-distribute-patterns"

TRACE::2026-01-08.11:35:54::SCWMssOS::"Running Make include in microblaze_0/libsrc/standalone_v7_6/src"

TRACE::2026-01-08.11:35:54::SCWMssOS::make -C microblaze_0/libsrc/standalone_v7_6/src -s include  "SHELL=CMD" "COMPILER=mb-gcc" "ASSEMBLER=mb-as" "ARCHIVER=mb-ar" "C
TRACE::2026-01-08.11:35:54::SCWMssOS::OMPILER_FLAGS=  -O2 -c -mcpu=v11.0 -mlittle-endian -mxl-soft-mul" "EXTRA_COMPILER_FLAGS=-g -ffunction-sections -fdata-sections 
TRACE::2026-01-08.11:35:54::SCWMssOS::-Wall -Wextra -fno-tree-loop-distribute-patterns"

TRACE::2026-01-08.11:35:54::SCWMssOS::"Running Make include in microblaze_0/libsrc/uartlite_v3_6/src"

TRACE::2026-01-08.11:35:54::SCWMssOS::make -C microblaze_0/libsrc/uartlite_v3_6/src -s include  "SHELL=CMD" "COMPILER=mb-gcc" "ASSEMBLER=mb-as" "ARCHIVER=mb-ar" "COM
TRACE::2026-01-08.11:35:54::SCWMssOS::PILER_FLAGS=  -O2 -c -mcpu=v11.0 -mlittle-endian -mxl-soft-mul" "EXTRA_COMPILER_FLAGS=-g -ffunction-sections -fdata-sections -W
TRACE::2026-01-08.11:35:54::SCWMssOS::all -Wextra -fno-tree-loop-distribute-patterns"

TRACE::2026-01-08.11:35:54::SCWMssOS::"Running Make libs in microblaze_0/libsrc/bram_v4_7/src"

TRACE::2026-01-08.11:35:54::SCWMssOS::make -C microblaze_0/libsrc/bram_v4_7/src -s libs  "SHELL=CMD" "COMPILER=mb-gcc" "ASSEMBLER=mb-as" "ARCHIVER=mb-ar" "COMPILER_F
TRACE::2026-01-08.11:35:54::SCWMssOS::LAGS=  -O2 -c -mcpu=v11.0 -mlittle-endian -mxl-soft-mul" "EXTRA_COMPILER_FLAGS=-g -ffunction-sections -fdata-sections -Wall -We
TRACE::2026-01-08.11:35:54::SCWMssOS::xtra -fno-tree-loop-distribute-patterns"

TRACE::2026-01-08.11:35:54::SCWMssOS::"Running Make libs in microblaze_0/libsrc/cpu_v2_14/src"

TRACE::2026-01-08.11:35:54::SCWMssOS::make -C microblaze_0/libsrc/cpu_v2_14/src -s libs  "SHELL=CMD" "COMPILER=mb-gcc" "ASSEMBLER=mb-as" "ARCHIVER=mb-ar" "COMPILER_F
TRACE::2026-01-08.11:35:54::SCWMssOS::LAGS=  -O2 -c -mcpu=v11.0 -mlittle-endian -mxl-soft-mul" "EXTRA_COMPILER_FLAGS=-g -ffunction-sections -fdata-sections -Wall -We
TRACE::2026-01-08.11:35:54::SCWMssOS::xtra -fno-tree-loop-distribute-patterns"

TRACE::2026-01-08.11:35:54::SCWMssOS::"Running Make libs in microblaze_0/libsrc/intc_v3_13/src"

TRACE::2026-01-08.11:35:54::SCWMssOS::make -C microblaze_0/libsrc/intc_v3_13/src -s libs  "SHELL=CMD" "COMPILER=mb-gcc" "ASSEMBLER=mb-as" "ARCHIVER=mb-ar" "COMPILER_
TRACE::2026-01-08.11:35:54::SCWMssOS::FLAGS=  -O2 -c -mcpu=v11.0 -mlittle-endian -mxl-soft-mul" "EXTRA_COMPILER_FLAGS=-g -ffunction-sections -fdata-sections -Wall -W
TRACE::2026-01-08.11:35:54::SCWMssOS::extra -fno-tree-loop-distribute-patterns"

TRACE::2026-01-08.11:35:54::SCWMssOS::"Running Make libs in microblaze_0/libsrc/standalone_v7_6/src"

TRACE::2026-01-08.11:35:54::SCWMssOS::make -C microblaze_0/libsrc/standalone_v7_6/src -s libs  "SHELL=CMD" "COMPILER=mb-gcc" "ASSEMBLER=mb-as" "ARCHIVER=mb-ar" "COMP
TRACE::2026-01-08.11:35:54::SCWMssOS::ILER_FLAGS=  -O2 -c -mcpu=v11.0 -mlittle-endian -mxl-soft-mul" "EXTRA_COMPILER_FLAGS=-g -ffunction-sections -fdata-sections -Wa
TRACE::2026-01-08.11:35:54::SCWMssOS::ll -Wextra -fno-tree-loop-distribute-patterns"

TRACE::2026-01-08.11:35:54::SCWMssOS::"Running Make libs in microblaze_0/libsrc/uartlite_v3_6/src"

TRACE::2026-01-08.11:35:54::SCWMssOS::make -C microblaze_0/libsrc/uartlite_v3_6/src -s libs  "SHELL=CMD" "COMPILER=mb-gcc" "ASSEMBLER=mb-as" "ARCHIVER=mb-ar" "COMPIL
TRACE::2026-01-08.11:35:54::SCWMssOS::ER_FLAGS=  -O2 -c -mcpu=v11.0 -mlittle-endian -mxl-soft-mul" "EXTRA_COMPILER_FLAGS=-g -ffunction-sections -fdata-sections -Wall
TRACE::2026-01-08.11:35:54::SCWMssOS:: -Wextra -fno-tree-loop-distribute-patterns"

TRACE::2026-01-08.11:35:55::SCWMssOS::"DEBUG NON_LTO_OBJECTS is ../../../lib/microblaze_interrupt_handler.o"

TRACE::2026-01-08.11:35:55::SCWMssOS::'Finished building libraries parallelly.'

TRACE::2026-01-08.11:35:55::SCWMssOS::make --no-print-directory archive

TRACE::2026-01-08.11:35:56::SCWMssOS::mb-ar -r  microblaze_0/lib/libxil.a microblaze_0/lib/xplatform_info.o microblaze_0/lib/xuartlite.o microblaze_0/lib/microblaze_
TRACE::2026-01-08.11:35:56::SCWMssOS::disable_exceptions.o microblaze_0/lib/print.o microblaze_0/lib/_exit.o microblaze_0/lib/xil_testio.o microblaze_0/lib/microblaz
TRACE::2026-01-08.11:35:56::SCWMssOS::e_disable_dcache.o microblaze_0/lib/microblaze_flush_dcache_range.o microblaze_0/lib/microblaze_flush_cache_ext.o microblaze_0/
TRACE::2026-01-08.11:35:56::SCWMssOS::lib/xbram_sinit.o microblaze_0/lib/xil_misc_psreset_api.o microblaze_0/lib/xil_cache.o microblaze_0/lib/xil_util.o microblaze_0
TRACE::2026-01-08.11:35:56::SCWMssOS::/lib/inbyte.o microblaze_0/lib/xbram_g.o microblaze_0/lib/xuartlite_stats.o microblaze_0/lib/microblaze_exception_handler.o mic
TRACE::2026-01-08.11:35:56::SCWMssOS::roblaze_0/lib/microblaze_scrub.o microblaze_0/lib/microblaze_invalidate_dcache.o microblaze_0/lib/microblaze_disable_interrupts
TRACE::2026-01-08.11:35:56::SCWMssOS::.o microblaze_0/lib/xbram_selftest.o microblaze_0/lib/microblaze_interrupt_handler.o microblaze_0/lib/microblaze_disable_icache
TRACE::2026-01-08.11:35:56::SCWMssOS::.o microblaze_0/lib/xil_mem.o microblaze_0/lib/xuartlite_intr.o microblaze_0/lib/microblaze_flush_cache_ext_range.o microblaze_
TRACE::2026-01-08.11:35:56::SCWMssOS::0/lib/xbram_intr.o microblaze_0/lib/xil_sleepcommon.o microblaze_0/lib/xil_printf.o microblaze_0/lib/xintc_g.o microblaze_0/lib
TRACE::2026-01-08.11:35:56::SCWMssOS::/xuartlite_g.o microblaze_0/lib/xintc_selftest.o microblaze_0/lib/xintc_l.o microblaze_0/lib/outbyte.o microblaze_0/lib/microbl
TRACE::2026-01-08.11:35:56::SCWMssOS::aze_invalidate_dcache_range.o microblaze_0/lib/microblaze_invalidate_cache_ext.o microblaze_0/lib/microblaze_sleep.o microblaze
TRACE::2026-01-08.11:35:56::SCWMssOS::_0/lib/hw_exception_handler.o microblaze_0/lib/xuartlite_selftest.o microblaze_0/lib/xintc_intr.o microblaze_0/lib/microblaze_u
TRACE::2026-01-08.11:35:56::SCWMssOS::pdate_dcache.o microblaze_0/lib/xil_testcache.o microblaze_0/lib/microblaze_selftest.o microblaze_0/lib/microblaze_interrupts_g
TRACE::2026-01-08.11:35:56::SCWMssOS::.o microblaze_0/lib/microblaze_enable_exceptions.o microblaze_0/lib/xio.o microblaze_0/lib/microblaze_enable_dcache.o microblaz
TRACE::2026-01-08.11:35:56::SCWMssOS::e_0/lib/xbram.o microblaze_0/lib/microblaze_invalidate_icache_range.o microblaze_0/lib/microblaze_init_dcache_range.o microblaz
TRACE::2026-01-08.11:35:56::SCWMssOS::e_0/lib/microblaze_invalidate_icache.o microblaze_0/lib/errno.o microblaze_0/lib/xuartlite_l.o microblaze_0/lib/xintc_options.o
TRACE::2026-01-08.11:35:56::SCWMssOS:: microblaze_0/lib/microblaze_invalidate_cache_ext_range.o microblaze_0/lib/xil_exception.o microblaze_0/lib/pvr.o microblaze_0/
TRACE::2026-01-08.11:35:56::SCWMssOS::lib/xil_testmem.o microblaze_0/lib/microblaze_update_icache.o microblaze_0/lib/microblaze_flush_dcache.o microblaze_0/lib/xil_c
TRACE::2026-01-08.11:35:56::SCWMssOS::locking.o microblaze_0/lib/xil_assert.o microblaze_0/lib/microblaze_enable_interrupts.o microblaze_0/lib/microblaze_enable_icac
TRACE::2026-01-08.11:35:56::SCWMssOS::he.o microblaze_0/lib/xintc.o microblaze_0/lib/xuartlite_sinit.o microblaze_0/lib/fcntl.o microblaze_0/lib/microblaze_init_icac
TRACE::2026-01-08.11:35:56::SCWMssOS::he_range.o

TRACE::2026-01-08.11:35:56::SCWMssOS::'Finished building libraries'

TRACE::2026-01-08.11:35:56::SCWMssOS::Copying to export directory.
TRACE::2026-01-08.11:35:56::SCWMssOS:: Checking if to create the Supporting Applications
TRACE::2026-01-08.11:35:56::SCWMssOS:: No Linux domain exists, trying to generate FSBL 
LOG::2026-01-08.11:35:56::SCWSystem::Completed Processing the domain standalone_domain
LOG::2026-01-08.11:35:56::SCWSystem::Completed Processing the sysconfig TMP3_Platform
LOG::2026-01-08.11:35:56::SCWPlatform::Completed generating the artifacts for system configuration TMP3_Platform
TRACE::2026-01-08.11:35:56::SCWPlatform::Started preparing the platform 
TRACE::2026-01-08.11:35:56::SCWSystem::Writing the bif file for system config TMP3_Platform
TRACE::2026-01-08.11:35:56::SCWSystem::dir created 
TRACE::2026-01-08.11:35:56::SCWSystem::Writing the bif 
TRACE::2026-01-08.11:35:56::SCWPlatform::Started writing the spfm file 
TRACE::2026-01-08.11:35:56::SCWPlatform::Started writing the xpfm file 
TRACE::2026-01-08.11:35:56::SCWPlatform::Completed generating the platform
TRACE::2026-01-08.11:35:56::SCWMssOS::Saving the mss changes C:/Users/User/Documents/GitHub/AHE_Group_G/workspace_TMP3_7.1.26_1/TMP3_Platform/microblaze_0/standalone_domain/bsp/system.mss
TRACE::2026-01-08.11:35:56::SCWMssOS::Found a swdesign opened with the mssfile.
TRACE::2026-01-08.11:35:56::SCWMssOS::Completed writemss as part of save.
TRACE::2026-01-08.11:35:56::SCWMssOS::Commit changes completed.
TRACE::2026-01-08.11:35:56::SCWPlatform::Trying to open the hw design at C:/Users/User/Documents/GitHub/AHE_Group_G/workspace_TMP3_7.1.26_1/TMP3_Platform/hw/TMP3_pmod_wrapper.xsa
TRACE::2026-01-08.11:35:56::SCWPlatform::DSA given C:/Users/User/Documents/GitHub/AHE_Group_G/workspace_TMP3_7.1.26_1/TMP3_Platform/hw/TMP3_pmod_wrapper.xsa
TRACE::2026-01-08.11:35:56::SCWPlatform::DSA absoulate path C:/Users/User/Documents/GitHub/AHE_Group_G/workspace_TMP3_7.1.26_1/TMP3_Platform/hw/TMP3_pmod_wrapper.xsa
TRACE::2026-01-08.11:35:56::SCWPlatform::DSA directory C:/Users/User/Documents/GitHub/AHE_Group_G/workspace_TMP3_7.1.26_1/TMP3_Platform/hw
TRACE::2026-01-08.11:35:56::SCWPlatform:: Platform Path C:/Users/User/Documents/GitHub/AHE_Group_G/workspace_TMP3_7.1.26_1/TMP3_Platform/hw/TMP3_pmod_wrapper.xsa
TRACE::2026-01-08.11:35:56::SCWPlatform:: Unique name xilinx:::0.0
TRACE::2026-01-08.11:35:56::SCWPlatform::Trying to set the existing hwdb with name TMP3_pmod_wrapper_1
TRACE::2026-01-08.11:35:56::SCWPlatform::Opened existing hwdb TMP3_pmod_wrapper_1
TRACE::2026-01-08.11:35:56::SCWPlatform::Found the Hw Db part of the input DSA
TRACE::2026-01-08.11:35:56::SCWMssOS::Checking the sw design at  C:/Users/User/Documents/GitHub/AHE_Group_G/workspace_TMP3_7.1.26_1/TMP3_Platform/microblaze_0/standalone_domain/bsp/system.mss
TRACE::2026-01-08.11:35:56::SCWMssOS::DEBUG:  swdes dump  C:/Users/User/Documents/GitHub/AHE_Group_G/workspace_TMP3_7.1.26_1/TMP3_Platform/microblaze_0/standalone_domain/bsp/system.mss|system||

TRACE::2026-01-08.11:35:56::SCWMssOS::Sw design exists and opened at  C:/Users/User/Documents/GitHub/AHE_Group_G/workspace_TMP3_7.1.26_1/TMP3_Platform/microblaze_0/standalone_domain/bsp/system.mss
TRACE::2026-01-08.11:35:56::SCWWriter::formatted JSON is {
	"platformName":	"TMP3_Platform",
	"sprVersion":	"2.0",
	"mode":	"gui",
	"dsaType":	"Fixed",
	"platformDesc":	"TMP3_Platform",
	"platHandOff":	"C:/Users/User/Documents/GitHub/Hardware_vhdl_ip_files/TMP3_block_7.1_1/TMP3_pmod_wrapper.xsa",
	"platIntHandOff":	"<platformDir>/hw/TMP3_pmod_wrapper.xsa",
	"deviceType":	"FPGA",
	"platIsPrebuiltAutogen":	"false",
	"platIsNoBootBsp":	"false",
	"hasFsblMakeHasChanges":	"false",
	"hasPmufwMakeHasChanges":	"false",
	"platPreBuiltFlag":	false,
	"platformSamplesDir":	"",
	"platActiveSys":	"TMP3_Platform",
	"systems":	[{
			"systemName":	"TMP3_Platform",
			"systemDesc":	"TMP3_Platform",
			"sysIsBootAutoGen":	"true",
			"systemDispName":	"TMP3_Platform",
			"sysActiveDom":	"standalone_domain",
			"sysDefaultDom":	"standalone_domain",
			"domains":	[{
					"domainName":	"standalone_domain",
					"domainDispName":	"standalone on microblaze_0",
					"domainDesc":	"standalone_domain",
					"processors":	"microblaze_0",
					"os":	"standalone",
					"sdxOs":	"standalone",
					"debugEnable":	"False",
					"domRuntimes":	["cpp"],
					"swRepo":	"",
					"mssOsVer":	"7.6",
					"mssFile":	"",
					"md5Digest":	"d6a3b57a5267393b8d497d79c2949060",
					"compatibleApp":	"",
					"domType":	"mssDomain",
					"arch":	"32-bit",
					"appSettings":	{
						"appCompilerFlags":	"",
						"appLinkerFlags":	""
					},
					"addedLibs":	[],
					"libOptions":	{
						"libsContainingOptions":	[]
					},
					"prebuiltLibs":	{
						"prebuiltIncPath":	[],
						"prebuiltLibPath":	[]
					},
					"isolation":	{
					}
				}]
		}]
}
KEYINFO::2026-01-08.11:35:56::SCWPlatform::updated the xpfm file.
TRACE::2026-01-08.11:35:56::SCWPlatform::Trying to open the hw design at C:/Users/User/Documents/GitHub/AHE_Group_G/workspace_TMP3_7.1.26_1/TMP3_Platform/hw/TMP3_pmod_wrapper.xsa
TRACE::2026-01-08.11:35:56::SCWPlatform::DSA given C:/Users/User/Documents/GitHub/AHE_Group_G/workspace_TMP3_7.1.26_1/TMP3_Platform/hw/TMP3_pmod_wrapper.xsa
TRACE::2026-01-08.11:35:56::SCWPlatform::DSA absoulate path C:/Users/User/Documents/GitHub/AHE_Group_G/workspace_TMP3_7.1.26_1/TMP3_Platform/hw/TMP3_pmod_wrapper.xsa
TRACE::2026-01-08.11:35:56::SCWPlatform::DSA directory C:/Users/User/Documents/GitHub/AHE_Group_G/workspace_TMP3_7.1.26_1/TMP3_Platform/hw
TRACE::2026-01-08.11:35:56::SCWPlatform:: Platform Path C:/Users/User/Documents/GitHub/AHE_Group_G/workspace_TMP3_7.1.26_1/TMP3_Platform/hw/TMP3_pmod_wrapper.xsa
TRACE::2026-01-08.11:35:56::SCWPlatform:: Unique name xilinx:::0.0
TRACE::2026-01-08.11:35:56::SCWPlatform::Trying to set the existing hwdb with name TMP3_pmod_wrapper_1
TRACE::2026-01-08.11:35:56::SCWPlatform::Opened existing hwdb TMP3_pmod_wrapper_1
TRACE::2026-01-08.11:35:56::SCWPlatform::Found the Hw Db part of the input DSA
TRACE::2026-01-08.11:35:56::SCWMssOS::Checking the sw design at  C:/Users/User/Documents/GitHub/AHE_Group_G/workspace_TMP3_7.1.26_1/TMP3_Platform/microblaze_0/standalone_domain/bsp/system.mss
TRACE::2026-01-08.11:35:56::SCWMssOS::DEBUG:  swdes dump  C:/Users/User/Documents/GitHub/AHE_Group_G/workspace_TMP3_7.1.26_1/TMP3_Platform/microblaze_0/standalone_domain/bsp/system.mss|system||

TRACE::2026-01-08.11:35:56::SCWMssOS::Sw design exists and opened at  C:/Users/User/Documents/GitHub/AHE_Group_G/workspace_TMP3_7.1.26_1/TMP3_Platform/microblaze_0/standalone_domain/bsp/system.mss
TRACE::2026-01-08.11:37:49::SCWMssOS::cleaning the bsp 
TRACE::2026-01-08.11:37:49::SCWMssOS::System Command Ran  C: & cd  C:/Users/User/Documents/GitHub/AHE_Group_G/workspace_TMP3_7.1.26_1/TMP3_Platform/microblaze_0/standalone_domain/bsp & make clean 
TRACE::2026-01-08.11:37:49::SCWMssOS::make -C microblaze_0/libsrc/bram_v4_7/src -s clean 

TRACE::2026-01-08.11:37:49::SCWMssOS::make -C microblaze_0/libsrc/cpu_v2_14/src -s clean 

TRACE::2026-01-08.11:37:49::SCWMssOS::make -C microblaze_0/libsrc/intc_v3_13/src -s clean 

TRACE::2026-01-08.11:37:49::SCWMssOS::make -C microblaze_0/libsrc/PmodTMP3_v1_0/src -s clean 

TRACE::2026-01-08.11:37:49::SCWMssOS::make -C microblaze_0/libsrc/standalone_v7_6/src -s clean 

TRACE::2026-01-08.11:37:49::SCWMssOS::make -C microblaze_0/libsrc/uartlite_v3_6/src -s clean 

TRACE::2026-01-08.11:37:49::SCWMssOS::rm -f microblaze_0/lib/libxil.a

LOG::2026-01-08.11:37:57::SCWPlatform::Started generating the artifacts platform TMP3_Platform
TRACE::2026-01-08.11:37:57::SCWPlatform::Sanity checking of platform is completed
LOG::2026-01-08.11:37:57::SCWPlatform::Started generating the artifacts for system configuration TMP3_Platform
LOG::2026-01-08.11:37:57::SCWSystem::Checking the domain standalone_domain
LOG::2026-01-08.11:37:57::SCWSystem::Not a boot domain 
LOG::2026-01-08.11:37:57::SCWSystem::Started Processing the domain standalone_domain
TRACE::2026-01-08.11:37:57::SCWDomain::Generating domain artifcats
TRACE::2026-01-08.11:37:57::SCWMssOS::Generating standalone artifcats
TRACE::2026-01-08.11:37:57::SCWMssOS:: Copying the user libraries. 
TRACE::2026-01-08.11:37:57::SCWPlatform::Trying to open the hw design at C:/Users/User/Documents/GitHub/AHE_Group_G/workspace_TMP3_7.1.26_1/TMP3_Platform/hw/TMP3_pmod_wrapper.xsa
TRACE::2026-01-08.11:37:57::SCWPlatform::DSA given C:/Users/User/Documents/GitHub/AHE_Group_G/workspace_TMP3_7.1.26_1/TMP3_Platform/hw/TMP3_pmod_wrapper.xsa
TRACE::2026-01-08.11:37:57::SCWPlatform::DSA absoulate path C:/Users/User/Documents/GitHub/AHE_Group_G/workspace_TMP3_7.1.26_1/TMP3_Platform/hw/TMP3_pmod_wrapper.xsa
TRACE::2026-01-08.11:37:57::SCWPlatform::DSA directory C:/Users/User/Documents/GitHub/AHE_Group_G/workspace_TMP3_7.1.26_1/TMP3_Platform/hw
TRACE::2026-01-08.11:37:57::SCWPlatform:: Platform Path C:/Users/User/Documents/GitHub/AHE_Group_G/workspace_TMP3_7.1.26_1/TMP3_Platform/hw/TMP3_pmod_wrapper.xsa
TRACE::2026-01-08.11:37:57::SCWPlatform:: Unique name xilinx:::0.0
TRACE::2026-01-08.11:37:57::SCWPlatform::Trying to set the existing hwdb with name TMP3_pmod_wrapper_1
TRACE::2026-01-08.11:37:57::SCWPlatform::Opened existing hwdb TMP3_pmod_wrapper_1
TRACE::2026-01-08.11:37:57::SCWPlatform::Found the Hw Db part of the input DSA
TRACE::2026-01-08.11:37:57::SCWMssOS::Checking the sw design at  C:/Users/User/Documents/GitHub/AHE_Group_G/workspace_TMP3_7.1.26_1/TMP3_Platform/microblaze_0/standalone_domain/bsp/system.mss
TRACE::2026-01-08.11:37:57::SCWMssOS::DEBUG:  swdes dump  C:/Users/User/Documents/GitHub/AHE_Group_G/workspace_TMP3_7.1.26_1/TMP3_Platform/microblaze_0/standalone_domain/bsp/system.mss|system||

TRACE::2026-01-08.11:37:57::SCWMssOS::Sw design exists and opened at  C:/Users/User/Documents/GitHub/AHE_Group_G/workspace_TMP3_7.1.26_1/TMP3_Platform/microblaze_0/standalone_domain/bsp/system.mss
TRACE::2026-01-08.11:37:57::SCWMssOS::Completed writing the mss file at C:/Users/User/Documents/GitHub/AHE_Group_G/workspace_TMP3_7.1.26_1/TMP3_Platform/microblaze_0/standalone_domain/bsp
TRACE::2026-01-08.11:37:57::SCWMssOS::Mss edits present, copying mssfile into export location C:/Users/User/Documents/GitHub/AHE_Group_G/workspace_TMP3_7.1.26_1/TMP3_Platform/microblaze_0/standalone_domain/bsp/system.mss
TRACE::2026-01-08.11:37:57::SCWMssOS::bsp generated is upto date with the mss file. Skipping bsp generation.
TRACE::2026-01-08.11:37:57::SCWMssOS::BSP is already built. skipping the bsp build ... 
TRACE::2026-01-08.11:37:57::SCWDomain::Building the domain as part of full build :  standalone_domain
TRACE::2026-01-08.11:37:57::SCWMssOS::doing bsp build ... 
TRACE::2026-01-08.11:37:57::SCWMssOS::System Command Ran  C: & cd  C:/Users/User/Documents/GitHub/AHE_Group_G/workspace_TMP3_7.1.26_1/TMP3_Platform/microblaze_0/standalone_domain/bsp & make 
TRACE::2026-01-08.11:37:57::SCWMssOS::make --no-print-directory seq_libs

TRACE::2026-01-08.11:37:57::SCWMssOS::"Running Make include in microblaze_0/libsrc/bram_v4_7/src"

TRACE::2026-01-08.11:37:57::SCWMssOS::make -C microblaze_0/libsrc/bram_v4_7/src -s include  "SHELL=CMD" "COMPILER=mb-gcc" "ASSEMBLER=mb-as" "ARCHIVER=mb-ar" "COMPILE
TRACE::2026-01-08.11:37:57::SCWMssOS::R_FLAGS=  -O2 -c -mcpu=v11.0 -mlittle-endian -mxl-soft-mul" "EXTRA_COMPILER_FLAGS=-g -ffunction-sections -fdata-sections -Wall 
TRACE::2026-01-08.11:37:57::SCWMssOS::-Wextra -fno-tree-loop-distribute-patterns"

TRACE::2026-01-08.11:37:57::SCWMssOS::"Running Make include in microblaze_0/libsrc/cpu_v2_14/src"

TRACE::2026-01-08.11:37:57::SCWMssOS::make -C microblaze_0/libsrc/cpu_v2_14/src -s include  "SHELL=CMD" "COMPILER=mb-gcc" "ASSEMBLER=mb-as" "ARCHIVER=mb-ar" "COMPILE
TRACE::2026-01-08.11:37:57::SCWMssOS::R_FLAGS=  -O2 -c -mcpu=v11.0 -mlittle-endian -mxl-soft-mul" "EXTRA_COMPILER_FLAGS=-g -ffunction-sections -fdata-sections -Wall 
TRACE::2026-01-08.11:37:57::SCWMssOS::-Wextra -fno-tree-loop-distribute-patterns"

TRACE::2026-01-08.11:37:57::SCWMssOS::"Running Make include in microblaze_0/libsrc/intc_v3_13/src"

TRACE::2026-01-08.11:37:57::SCWMssOS::make -C microblaze_0/libsrc/intc_v3_13/src -s include  "SHELL=CMD" "COMPILER=mb-gcc" "ASSEMBLER=mb-as" "ARCHIVER=mb-ar" "COMPIL
TRACE::2026-01-08.11:37:57::SCWMssOS::ER_FLAGS=  -O2 -c -mcpu=v11.0 -mlittle-endian -mxl-soft-mul" "EXTRA_COMPILER_FLAGS=-g -ffunction-sections -fdata-sections -Wall
TRACE::2026-01-08.11:37:57::SCWMssOS:: -Wextra -fno-tree-loop-distribute-patterns"

TRACE::2026-01-08.11:37:57::SCWMssOS::"Running Make include in microblaze_0/libsrc/PmodTMP3_v1_0/src"

TRACE::2026-01-08.11:37:57::SCWMssOS::make -C microblaze_0/libsrc/PmodTMP3_v1_0/src -s include  "SHELL=CMD" "COMPILER=mb-gcc" "ASSEMBLER=mb-as" "ARCHIVER=mb-ar" "COM
TRACE::2026-01-08.11:37:57::SCWMssOS::PILER_FLAGS=  -O2 -c -mcpu=v11.0 -mlittle-endian -mxl-soft-mul" "EXTRA_COMPILER_FLAGS=-g -ffunction-sections -fdata-sections -W
TRACE::2026-01-08.11:37:57::SCWMssOS::all -Wextra -fno-tree-loop-distribute-patterns"

TRACE::2026-01-08.11:37:57::SCWMssOS::"Running Make include in microblaze_0/libsrc/standalone_v7_6/src"

TRACE::2026-01-08.11:37:57::SCWMssOS::make -C microblaze_0/libsrc/standalone_v7_6/src -s include  "SHELL=CMD" "COMPILER=mb-gcc" "ASSEMBLER=mb-as" "ARCHIVER=mb-ar" "C
TRACE::2026-01-08.11:37:57::SCWMssOS::OMPILER_FLAGS=  -O2 -c -mcpu=v11.0 -mlittle-endian -mxl-soft-mul" "EXTRA_COMPILER_FLAGS=-g -ffunction-sections -fdata-sections 
TRACE::2026-01-08.11:37:57::SCWMssOS::-Wall -Wextra -fno-tree-loop-distribute-patterns"

TRACE::2026-01-08.11:37:57::SCWMssOS::"Running Make include in microblaze_0/libsrc/uartlite_v3_6/src"

TRACE::2026-01-08.11:37:57::SCWMssOS::make -C microblaze_0/libsrc/uartlite_v3_6/src -s include  "SHELL=CMD" "COMPILER=mb-gcc" "ASSEMBLER=mb-as" "ARCHIVER=mb-ar" "COM
TRACE::2026-01-08.11:37:57::SCWMssOS::PILER_FLAGS=  -O2 -c -mcpu=v11.0 -mlittle-endian -mxl-soft-mul" "EXTRA_COMPILER_FLAGS=-g -ffunction-sections -fdata-sections -W
TRACE::2026-01-08.11:37:57::SCWMssOS::all -Wextra -fno-tree-loop-distribute-patterns"

TRACE::2026-01-08.11:37:57::SCWMssOS::"Running Make libs in microblaze_0/libsrc/PmodTMP3_v1_0/src"

TRACE::2026-01-08.11:37:57::SCWMssOS::make -C microblaze_0/libsrc/PmodTMP3_v1_0/src -s libs  "SHELL=CMD" "COMPILER=mb-gcc" "ASSEMBLER=mb-as" "ARCHIVER=mb-ar" "COMPIL
TRACE::2026-01-08.11:37:57::SCWMssOS::ER_FLAGS=  -O2 -c -mcpu=v11.0 -mlittle-endian -mxl-soft-mul" "EXTRA_COMPILER_FLAGS=-g -ffunction-sections -fdata-sections -Wall
TRACE::2026-01-08.11:37:57::SCWMssOS:: -Wextra -fno-tree-loop-distribute-patterns"

TRACE::2026-01-08.11:37:57::SCWMssOS::"Compiling PmodTMP3"

TRACE::2026-01-08.11:37:58::SCWMssOS::'Finished building libraries sequentially.'

TRACE::2026-01-08.11:37:58::SCWMssOS::make -j 10 --no-print-directory par_libs

TRACE::2026-01-08.11:37:58::SCWMssOS::"Running Make include in microblaze_0/libsrc/bram_v4_7/src"

TRACE::2026-01-08.11:37:58::SCWMssOS::make -C microblaze_0/libsrc/bram_v4_7/src -s include  "SHELL=CMD" "COMPILER=mb-gcc" "ASSEMBLER=mb-as" "ARCHIVER=mb-ar" "COMPILE
TRACE::2026-01-08.11:37:58::SCWMssOS::R_FLAGS=  -O2 -c -mcpu=v11.0 -mlittle-endian -mxl-soft-mul" "EXTRA_COMPILER_FLAGS=-g -ffunction-sections -fdata-sections -Wall 
TRACE::2026-01-08.11:37:58::SCWMssOS::-Wextra -fno-tree-loop-distribute-patterns"

TRACE::2026-01-08.11:37:59::SCWMssOS::"Running Make include in microblaze_0/libsrc/cpu_v2_14/src"

TRACE::2026-01-08.11:37:59::SCWMssOS::make -C microblaze_0/libsrc/cpu_v2_14/src -s include  "SHELL=CMD" "COMPILER=mb-gcc" "ASSEMBLER=mb-as" "ARCHIVER=mb-ar" "COMPILE
TRACE::2026-01-08.11:37:59::SCWMssOS::R_FLAGS=  -O2 -c -mcpu=v11.0 -mlittle-endian -mxl-soft-mul" "EXTRA_COMPILER_FLAGS=-g -ffunction-sections -fdata-sections -Wall 
TRACE::2026-01-08.11:37:59::SCWMssOS::-Wextra -fno-tree-loop-distribute-patterns"

TRACE::2026-01-08.11:37:59::SCWMssOS::"Running Make include in microblaze_0/libsrc/intc_v3_13/src"

TRACE::2026-01-08.11:37:59::SCWMssOS::make -C microblaze_0/libsrc/intc_v3_13/src -s include  "SHELL=CMD" "COMPILER=mb-gcc" "ASSEMBLER=mb-as" "ARCHIVER=mb-ar" "COMPIL
TRACE::2026-01-08.11:37:59::SCWMssOS::ER_FLAGS=  -O2 -c -mcpu=v11.0 -mlittle-endian -mxl-soft-mul" "EXTRA_COMPILER_FLAGS=-g -ffunction-sections -fdata-sections -Wall
TRACE::2026-01-08.11:37:59::SCWMssOS:: -Wextra -fno-tree-loop-distribute-patterns"

TRACE::2026-01-08.11:37:59::SCWMssOS::"Running Make include in microblaze_0/libsrc/PmodTMP3_v1_0/src"

TRACE::2026-01-08.11:37:59::SCWMssOS::make -C microblaze_0/libsrc/PmodTMP3_v1_0/src -s include  "SHELL=CMD" "COMPILER=mb-gcc" "ASSEMBLER=mb-as" "ARCHIVER=mb-ar" "COM
TRACE::2026-01-08.11:37:59::SCWMssOS::PILER_FLAGS=  -O2 -c -mcpu=v11.0 -mlittle-endian -mxl-soft-mul" "EXTRA_COMPILER_FLAGS=-g -ffunction-sections -fdata-sections -W
TRACE::2026-01-08.11:37:59::SCWMssOS::all -Wextra -fno-tree-loop-distribute-patterns"

TRACE::2026-01-08.11:37:59::SCWMssOS::"Running Make include in microblaze_0/libsrc/standalone_v7_6/src"

TRACE::2026-01-08.11:37:59::SCWMssOS::make -C microblaze_0/libsrc/standalone_v7_6/src -s include  "SHELL=CMD" "COMPILER=mb-gcc" "ASSEMBLER=mb-as" "ARCHIVER=mb-ar" "C
TRACE::2026-01-08.11:37:59::SCWMssOS::OMPILER_FLAGS=  -O2 -c -mcpu=v11.0 -mlittle-endian -mxl-soft-mul" "EXTRA_COMPILER_FLAGS=-g -ffunction-sections -fdata-sections 
TRACE::2026-01-08.11:37:59::SCWMssOS::-Wall -Wextra -fno-tree-loop-distribute-patterns"

TRACE::2026-01-08.11:37:59::SCWMssOS::"Running Make include in microblaze_0/libsrc/uartlite_v3_6/src"

TRACE::2026-01-08.11:37:59::SCWMssOS::make -C microblaze_0/libsrc/uartlite_v3_6/src -s include  "SHELL=CMD" "COMPILER=mb-gcc" "ASSEMBLER=mb-as" "ARCHIVER=mb-ar" "COM
TRACE::2026-01-08.11:37:59::SCWMssOS::PILER_FLAGS=  -O2 -c -mcpu=v11.0 -mlittle-endian -mxl-soft-mul" "EXTRA_COMPILER_FLAGS=-g -ffunction-sections -fdata-sections -W
TRACE::2026-01-08.11:37:59::SCWMssOS::all -Wextra -fno-tree-loop-distribute-patterns"

TRACE::2026-01-08.11:37:59::SCWMssOS::"Running Make libs in microblaze_0/libsrc/bram_v4_7/src"

TRACE::2026-01-08.11:37:59::SCWMssOS::make -C microblaze_0/libsrc/bram_v4_7/src -s libs  "SHELL=CMD" "COMPILER=mb-gcc" "ASSEMBLER=mb-as" "ARCHIVER=mb-ar" "COMPILER_F
TRACE::2026-01-08.11:37:59::SCWMssOS::LAGS=  -O2 -c -mcpu=v11.0 -mlittle-endian -mxl-soft-mul" "EXTRA_COMPILER_FLAGS=-g -ffunction-sections -fdata-sections -Wall -We
TRACE::2026-01-08.11:37:59::SCWMssOS::xtra -fno-tree-loop-distribute-patterns"

TRACE::2026-01-08.11:37:59::SCWMssOS::"Running Make libs in microblaze_0/libsrc/cpu_v2_14/src"

TRACE::2026-01-08.11:37:59::SCWMssOS::make -C microblaze_0/libsrc/cpu_v2_14/src -s libs  "SHELL=CMD" "COMPILER=mb-gcc" "ASSEMBLER=mb-as" "ARCHIVER=mb-ar" "COMPILER_F
TRACE::2026-01-08.11:37:59::SCWMssOS::LAGS=  -O2 -c -mcpu=v11.0 -mlittle-endian -mxl-soft-mul" "EXTRA_COMPILER_FLAGS=-g -ffunction-sections -fdata-sections -Wall -We
TRACE::2026-01-08.11:37:59::SCWMssOS::xtra -fno-tree-loop-distribute-patterns"

TRACE::2026-01-08.11:37:59::SCWMssOS::"Running Make libs in microblaze_0/libsrc/intc_v3_13/src"

TRACE::2026-01-08.11:37:59::SCWMssOS::make -C microblaze_0/libsrc/intc_v3_13/src -s libs  "SHELL=CMD" "COMPILER=mb-gcc" "ASSEMBLER=mb-as" "ARCHIVER=mb-ar" "COMPILER_
TRACE::2026-01-08.11:37:59::SCWMssOS::FLAGS=  -O2 -c -mcpu=v11.0 -mlittle-endian -mxl-soft-mul" "EXTRA_COMPILER_FLAGS=-g -ffunction-sections -fdata-sections -Wall -W
TRACE::2026-01-08.11:37:59::SCWMssOS::extra -fno-tree-loop-distribute-patterns"

TRACE::2026-01-08.11:37:59::SCWMssOS::"Running Make libs in microblaze_0/libsrc/standalone_v7_6/src"

TRACE::2026-01-08.11:37:59::SCWMssOS::make -C microblaze_0/libsrc/standalone_v7_6/src -s libs  "SHELL=CMD" "COMPILER=mb-gcc" "ASSEMBLER=mb-as" "ARCHIVER=mb-ar" "COMP
TRACE::2026-01-08.11:37:59::SCWMssOS::ILER_FLAGS=  -O2 -c -mcpu=v11.0 -mlittle-endian -mxl-soft-mul" "EXTRA_COMPILER_FLAGS=-g -ffunction-sections -fdata-sections -Wa
TRACE::2026-01-08.11:37:59::SCWMssOS::ll -Wextra -fno-tree-loop-distribute-patterns"

TRACE::2026-01-08.11:37:59::SCWMssOS::"Running Make libs in microblaze_0/libsrc/uartlite_v3_6/src"

TRACE::2026-01-08.11:37:59::SCWMssOS::make -C microblaze_0/libsrc/uartlite_v3_6/src -s libs  "SHELL=CMD" "COMPILER=mb-gcc" "ASSEMBLER=mb-as" "ARCHIVER=mb-ar" "COMPIL
TRACE::2026-01-08.11:37:59::SCWMssOS::ER_FLAGS=  -O2 -c -mcpu=v11.0 -mlittle-endian -mxl-soft-mul" "EXTRA_COMPILER_FLAGS=-g -ffunction-sections -fdata-sections -Wall
TRACE::2026-01-08.11:37:59::SCWMssOS:: -Wextra -fno-tree-loop-distribute-patterns"

TRACE::2026-01-08.11:38:00::SCWMssOS::"DEBUG NON_LTO_OBJECTS is ../../../lib/microblaze_interrupt_handler.o"

TRACE::2026-01-08.11:38:00::SCWMssOS::'Finished building libraries parallelly.'

TRACE::2026-01-08.11:38:00::SCWMssOS::make --no-print-directory archive

TRACE::2026-01-08.11:38:00::SCWMssOS::mb-ar -r  microblaze_0/lib/libxil.a microblaze_0/lib/xplatform_info.o microblaze_0/lib/xuartlite.o microblaze_0/lib/microblaze_
TRACE::2026-01-08.11:38:00::SCWMssOS::disable_exceptions.o microblaze_0/lib/print.o microblaze_0/lib/_exit.o microblaze_0/lib/xil_testio.o microblaze_0/lib/microblaz
TRACE::2026-01-08.11:38:00::SCWMssOS::e_disable_dcache.o microblaze_0/lib/microblaze_flush_dcache_range.o microblaze_0/lib/microblaze_flush_cache_ext.o microblaze_0/
TRACE::2026-01-08.11:38:00::SCWMssOS::lib/xbram_sinit.o microblaze_0/lib/xil_misc_psreset_api.o microblaze_0/lib/xil_cache.o microblaze_0/lib/xil_util.o microblaze_0
TRACE::2026-01-08.11:38:00::SCWMssOS::/lib/inbyte.o microblaze_0/lib/xbram_g.o microblaze_0/lib/xuartlite_stats.o microblaze_0/lib/microblaze_exception_handler.o mic
TRACE::2026-01-08.11:38:00::SCWMssOS::roblaze_0/lib/microblaze_scrub.o microblaze_0/lib/microblaze_invalidate_dcache.o microblaze_0/lib/microblaze_disable_interrupts
TRACE::2026-01-08.11:38:00::SCWMssOS::.o microblaze_0/lib/xbram_selftest.o microblaze_0/lib/microblaze_interrupt_handler.o microblaze_0/lib/microblaze_disable_icache
TRACE::2026-01-08.11:38:00::SCWMssOS::.o microblaze_0/lib/xil_mem.o microblaze_0/lib/xuartlite_intr.o microblaze_0/lib/microblaze_flush_cache_ext_range.o microblaze_
TRACE::2026-01-08.11:38:00::SCWMssOS::0/lib/xbram_intr.o microblaze_0/lib/xil_sleepcommon.o microblaze_0/lib/xil_printf.o microblaze_0/lib/xintc_g.o microblaze_0/lib
TRACE::2026-01-08.11:38:00::SCWMssOS::/xuartlite_g.o microblaze_0/lib/xintc_selftest.o microblaze_0/lib/xintc_l.o microblaze_0/lib/outbyte.o microblaze_0/lib/microbl
TRACE::2026-01-08.11:38:00::SCWMssOS::aze_invalidate_dcache_range.o microblaze_0/lib/microblaze_invalidate_cache_ext.o microblaze_0/lib/microblaze_sleep.o microblaze
TRACE::2026-01-08.11:38:00::SCWMssOS::_0/lib/hw_exception_handler.o microblaze_0/lib/xuartlite_selftest.o microblaze_0/lib/xintc_intr.o microblaze_0/lib/microblaze_u
TRACE::2026-01-08.11:38:00::SCWMssOS::pdate_dcache.o microblaze_0/lib/xil_testcache.o microblaze_0/lib/microblaze_selftest.o microblaze_0/lib/microblaze_interrupts_g
TRACE::2026-01-08.11:38:00::SCWMssOS::.o microblaze_0/lib/microblaze_enable_exceptions.o microblaze_0/lib/xio.o microblaze_0/lib/microblaze_enable_dcache.o microblaz
TRACE::2026-01-08.11:38:00::SCWMssOS::e_0/lib/xbram.o microblaze_0/lib/microblaze_invalidate_icache_range.o microblaze_0/lib/microblaze_init_dcache_range.o microblaz
TRACE::2026-01-08.11:38:00::SCWMssOS::e_0/lib/microblaze_invalidate_icache.o microblaze_0/lib/errno.o microblaze_0/lib/xuartlite_l.o microblaze_0/lib/xintc_options.o
TRACE::2026-01-08.11:38:00::SCWMssOS:: microblaze_0/lib/microblaze_invalidate_cache_ext_range.o microblaze_0/lib/xil_exception.o microblaze_0/lib/pvr.o microblaze_0/
TRACE::2026-01-08.11:38:00::SCWMssOS::lib/xil_testmem.o microblaze_0/lib/microblaze_update_icache.o microblaze_0/lib/microblaze_flush_dcache.o microblaze_0/lib/xil_c
TRACE::2026-01-08.11:38:00::SCWMssOS::locking.o microblaze_0/lib/xil_assert.o microblaze_0/lib/microblaze_enable_interrupts.o microblaze_0/lib/microblaze_enable_icac
TRACE::2026-01-08.11:38:00::SCWMssOS::he.o microblaze_0/lib/xintc.o microblaze_0/lib/xuartlite_sinit.o microblaze_0/lib/fcntl.o microblaze_0/lib/microblaze_init_icac
TRACE::2026-01-08.11:38:00::SCWMssOS::he_range.o

TRACE::2026-01-08.11:38:00::SCWMssOS::'Finished building libraries'

TRACE::2026-01-08.11:38:00::SCWMssOS::Copying to export directory.
TRACE::2026-01-08.11:38:01::SCWMssOS:: Checking if to create the Supporting Applications
TRACE::2026-01-08.11:38:01::SCWMssOS:: No Linux domain exists, trying to generate FSBL 
LOG::2026-01-08.11:38:01::SCWSystem::Completed Processing the domain standalone_domain
LOG::2026-01-08.11:38:01::SCWSystem::Completed Processing the sysconfig TMP3_Platform
LOG::2026-01-08.11:38:01::SCWPlatform::Completed generating the artifacts for system configuration TMP3_Platform
TRACE::2026-01-08.11:38:01::SCWPlatform::Started preparing the platform 
TRACE::2026-01-08.11:38:01::SCWSystem::Writing the bif file for system config TMP3_Platform
TRACE::2026-01-08.11:38:01::SCWSystem::dir created 
TRACE::2026-01-08.11:38:01::SCWSystem::Writing the bif 
TRACE::2026-01-08.11:38:01::SCWPlatform::Started writing the spfm file 
TRACE::2026-01-08.11:38:01::SCWPlatform::Started writing the xpfm file 
TRACE::2026-01-08.11:38:01::SCWPlatform::Completed generating the platform
TRACE::2026-01-08.11:38:01::SCWMssOS::Saving the mss changes C:/Users/User/Documents/GitHub/AHE_Group_G/workspace_TMP3_7.1.26_1/TMP3_Platform/microblaze_0/standalone_domain/bsp/system.mss
TRACE::2026-01-08.11:38:01::SCWMssOS::Found a swdesign opened with the mssfile.
TRACE::2026-01-08.11:38:01::SCWMssOS::Completed writemss as part of save.
TRACE::2026-01-08.11:38:01::SCWMssOS::Commit changes completed.
TRACE::2026-01-08.11:38:01::SCWPlatform::Trying to open the hw design at C:/Users/User/Documents/GitHub/AHE_Group_G/workspace_TMP3_7.1.26_1/TMP3_Platform/hw/TMP3_pmod_wrapper.xsa
TRACE::2026-01-08.11:38:01::SCWPlatform::DSA given C:/Users/User/Documents/GitHub/AHE_Group_G/workspace_TMP3_7.1.26_1/TMP3_Platform/hw/TMP3_pmod_wrapper.xsa
TRACE::2026-01-08.11:38:01::SCWPlatform::DSA absoulate path C:/Users/User/Documents/GitHub/AHE_Group_G/workspace_TMP3_7.1.26_1/TMP3_Platform/hw/TMP3_pmod_wrapper.xsa
TRACE::2026-01-08.11:38:01::SCWPlatform::DSA directory C:/Users/User/Documents/GitHub/AHE_Group_G/workspace_TMP3_7.1.26_1/TMP3_Platform/hw
TRACE::2026-01-08.11:38:01::SCWPlatform:: Platform Path C:/Users/User/Documents/GitHub/AHE_Group_G/workspace_TMP3_7.1.26_1/TMP3_Platform/hw/TMP3_pmod_wrapper.xsa
TRACE::2026-01-08.11:38:01::SCWPlatform:: Unique name xilinx:::0.0
TRACE::2026-01-08.11:38:01::SCWPlatform::Trying to set the existing hwdb with name TMP3_pmod_wrapper_1
TRACE::2026-01-08.11:38:01::SCWPlatform::Opened existing hwdb TMP3_pmod_wrapper_1
TRACE::2026-01-08.11:38:01::SCWPlatform::Found the Hw Db part of the input DSA
TRACE::2026-01-08.11:38:01::SCWMssOS::Checking the sw design at  C:/Users/User/Documents/GitHub/AHE_Group_G/workspace_TMP3_7.1.26_1/TMP3_Platform/microblaze_0/standalone_domain/bsp/system.mss
TRACE::2026-01-08.11:38:01::SCWMssOS::DEBUG:  swdes dump  C:/Users/User/Documents/GitHub/AHE_Group_G/workspace_TMP3_7.1.26_1/TMP3_Platform/microblaze_0/standalone_domain/bsp/system.mss|system||

TRACE::2026-01-08.11:38:01::SCWMssOS::Sw design exists and opened at  C:/Users/User/Documents/GitHub/AHE_Group_G/workspace_TMP3_7.1.26_1/TMP3_Platform/microblaze_0/standalone_domain/bsp/system.mss
TRACE::2026-01-08.11:38:01::SCWWriter::formatted JSON is {
	"platformName":	"TMP3_Platform",
	"sprVersion":	"2.0",
	"mode":	"gui",
	"dsaType":	"Fixed",
	"platformDesc":	"TMP3_Platform",
	"platHandOff":	"C:/Users/User/Documents/GitHub/Hardware_vhdl_ip_files/TMP3_block_7.1_1/TMP3_pmod_wrapper.xsa",
	"platIntHandOff":	"<platformDir>/hw/TMP3_pmod_wrapper.xsa",
	"deviceType":	"FPGA",
	"platIsPrebuiltAutogen":	"false",
	"platIsNoBootBsp":	"false",
	"hasFsblMakeHasChanges":	"false",
	"hasPmufwMakeHasChanges":	"false",
	"platPreBuiltFlag":	false,
	"platformSamplesDir":	"",
	"platActiveSys":	"TMP3_Platform",
	"systems":	[{
			"systemName":	"TMP3_Platform",
			"systemDesc":	"TMP3_Platform",
			"sysIsBootAutoGen":	"true",
			"systemDispName":	"TMP3_Platform",
			"sysActiveDom":	"standalone_domain",
			"sysDefaultDom":	"standalone_domain",
			"domains":	[{
					"domainName":	"standalone_domain",
					"domainDispName":	"standalone on microblaze_0",
					"domainDesc":	"standalone_domain",
					"processors":	"microblaze_0",
					"os":	"standalone",
					"sdxOs":	"standalone",
					"debugEnable":	"False",
					"domRuntimes":	["cpp"],
					"swRepo":	"",
					"mssOsVer":	"7.6",
					"mssFile":	"",
					"md5Digest":	"d6a3b57a5267393b8d497d79c2949060",
					"compatibleApp":	"",
					"domType":	"mssDomain",
					"arch":	"32-bit",
					"appSettings":	{
						"appCompilerFlags":	"",
						"appLinkerFlags":	""
					},
					"addedLibs":	[],
					"libOptions":	{
						"libsContainingOptions":	[]
					},
					"prebuiltLibs":	{
						"prebuiltIncPath":	[],
						"prebuiltLibPath":	[]
					},
					"isolation":	{
					}
				}]
		}]
}
KEYINFO::2026-01-08.11:38:01::SCWPlatform::updated the xpfm file.
TRACE::2026-01-08.11:38:01::SCWPlatform::Trying to open the hw design at C:/Users/User/Documents/GitHub/AHE_Group_G/workspace_TMP3_7.1.26_1/TMP3_Platform/hw/TMP3_pmod_wrapper.xsa
TRACE::2026-01-08.11:38:01::SCWPlatform::DSA given C:/Users/User/Documents/GitHub/AHE_Group_G/workspace_TMP3_7.1.26_1/TMP3_Platform/hw/TMP3_pmod_wrapper.xsa
TRACE::2026-01-08.11:38:01::SCWPlatform::DSA absoulate path C:/Users/User/Documents/GitHub/AHE_Group_G/workspace_TMP3_7.1.26_1/TMP3_Platform/hw/TMP3_pmod_wrapper.xsa
TRACE::2026-01-08.11:38:01::SCWPlatform::DSA directory C:/Users/User/Documents/GitHub/AHE_Group_G/workspace_TMP3_7.1.26_1/TMP3_Platform/hw
TRACE::2026-01-08.11:38:01::SCWPlatform:: Platform Path C:/Users/User/Documents/GitHub/AHE_Group_G/workspace_TMP3_7.1.26_1/TMP3_Platform/hw/TMP3_pmod_wrapper.xsa
TRACE::2026-01-08.11:38:01::SCWPlatform:: Unique name xilinx:::0.0
TRACE::2026-01-08.11:38:01::SCWPlatform::Trying to set the existing hwdb with name TMP3_pmod_wrapper_1
TRACE::2026-01-08.11:38:01::SCWPlatform::Opened existing hwdb TMP3_pmod_wrapper_1
TRACE::2026-01-08.11:38:01::SCWPlatform::Found the Hw Db part of the input DSA
TRACE::2026-01-08.11:38:01::SCWMssOS::Checking the sw design at  C:/Users/User/Documents/GitHub/AHE_Group_G/workspace_TMP3_7.1.26_1/TMP3_Platform/microblaze_0/standalone_domain/bsp/system.mss
TRACE::2026-01-08.11:38:01::SCWMssOS::DEBUG:  swdes dump  C:/Users/User/Documents/GitHub/AHE_Group_G/workspace_TMP3_7.1.26_1/TMP3_Platform/microblaze_0/standalone_domain/bsp/system.mss|system||

TRACE::2026-01-08.11:38:01::SCWMssOS::Sw design exists and opened at  C:/Users/User/Documents/GitHub/AHE_Group_G/workspace_TMP3_7.1.26_1/TMP3_Platform/microblaze_0/standalone_domain/bsp/system.mss
TRACE::2026-01-08.11:44:38::SCWMssOS::cleaning the bsp 
TRACE::2026-01-08.11:44:38::SCWMssOS::System Command Ran  C: & cd  C:/Users/User/Documents/GitHub/AHE_Group_G/workspace_TMP3_7.1.26_1/TMP3_Platform/microblaze_0/standalone_domain/bsp & make clean 
TRACE::2026-01-08.11:44:38::SCWMssOS::make -C microblaze_0/libsrc/bram_v4_7/src -s clean 

TRACE::2026-01-08.11:44:38::SCWMssOS::make -C microblaze_0/libsrc/cpu_v2_14/src -s clean 

TRACE::2026-01-08.11:44:38::SCWMssOS::make -C microblaze_0/libsrc/intc_v3_13/src -s clean 

TRACE::2026-01-08.11:44:38::SCWMssOS::make -C microblaze_0/libsrc/PmodTMP3_v1_0/src -s clean 

TRACE::2026-01-08.11:44:38::SCWMssOS::make -C microblaze_0/libsrc/standalone_v7_6/src -s clean 

TRACE::2026-01-08.11:44:39::SCWMssOS::make -C microblaze_0/libsrc/uartlite_v3_6/src -s clean 

TRACE::2026-01-08.11:44:39::SCWMssOS::rm -f microblaze_0/lib/libxil.a

LOG::2026-01-08.11:44:51::SCWPlatform::Started generating the artifacts platform TMP3_Platform
TRACE::2026-01-08.11:44:51::SCWPlatform::Sanity checking of platform is completed
LOG::2026-01-08.11:44:51::SCWPlatform::Started generating the artifacts for system configuration TMP3_Platform
LOG::2026-01-08.11:44:51::SCWSystem::Checking the domain standalone_domain
LOG::2026-01-08.11:44:51::SCWSystem::Not a boot domain 
LOG::2026-01-08.11:44:51::SCWSystem::Started Processing the domain standalone_domain
TRACE::2026-01-08.11:44:51::SCWDomain::Generating domain artifcats
TRACE::2026-01-08.11:44:51::SCWMssOS::Generating standalone artifcats
TRACE::2026-01-08.11:44:51::SCWMssOS:: Copying the user libraries. 
TRACE::2026-01-08.11:44:51::SCWPlatform::Trying to open the hw design at C:/Users/User/Documents/GitHub/AHE_Group_G/workspace_TMP3_7.1.26_1/TMP3_Platform/hw/TMP3_pmod_wrapper.xsa
TRACE::2026-01-08.11:44:51::SCWPlatform::DSA given C:/Users/User/Documents/GitHub/AHE_Group_G/workspace_TMP3_7.1.26_1/TMP3_Platform/hw/TMP3_pmod_wrapper.xsa
TRACE::2026-01-08.11:44:51::SCWPlatform::DSA absoulate path C:/Users/User/Documents/GitHub/AHE_Group_G/workspace_TMP3_7.1.26_1/TMP3_Platform/hw/TMP3_pmod_wrapper.xsa
TRACE::2026-01-08.11:44:51::SCWPlatform::DSA directory C:/Users/User/Documents/GitHub/AHE_Group_G/workspace_TMP3_7.1.26_1/TMP3_Platform/hw
TRACE::2026-01-08.11:44:51::SCWPlatform:: Platform Path C:/Users/User/Documents/GitHub/AHE_Group_G/workspace_TMP3_7.1.26_1/TMP3_Platform/hw/TMP3_pmod_wrapper.xsa
TRACE::2026-01-08.11:44:51::SCWPlatform:: Unique name xilinx:::0.0
TRACE::2026-01-08.11:44:51::SCWPlatform::Trying to set the existing hwdb with name TMP3_pmod_wrapper_1
TRACE::2026-01-08.11:44:51::SCWPlatform::Opened existing hwdb TMP3_pmod_wrapper_1
TRACE::2026-01-08.11:44:51::SCWPlatform::Found the Hw Db part of the input DSA
TRACE::2026-01-08.11:44:51::SCWMssOS::Checking the sw design at  C:/Users/User/Documents/GitHub/AHE_Group_G/workspace_TMP3_7.1.26_1/TMP3_Platform/microblaze_0/standalone_domain/bsp/system.mss
TRACE::2026-01-08.11:44:51::SCWMssOS::DEBUG:  swdes dump  C:/Users/User/Documents/GitHub/AHE_Group_G/workspace_TMP3_7.1.26_1/TMP3_Platform/microblaze_0/standalone_domain/bsp/system.mss|system||

TRACE::2026-01-08.11:44:51::SCWMssOS::Sw design exists and opened at  C:/Users/User/Documents/GitHub/AHE_Group_G/workspace_TMP3_7.1.26_1/TMP3_Platform/microblaze_0/standalone_domain/bsp/system.mss
TRACE::2026-01-08.11:44:51::SCWMssOS::Completed writing the mss file at C:/Users/User/Documents/GitHub/AHE_Group_G/workspace_TMP3_7.1.26_1/TMP3_Platform/microblaze_0/standalone_domain/bsp
TRACE::2026-01-08.11:44:51::SCWMssOS::Mss edits present, copying mssfile into export location C:/Users/User/Documents/GitHub/AHE_Group_G/workspace_TMP3_7.1.26_1/TMP3_Platform/microblaze_0/standalone_domain/bsp/system.mss
TRACE::2026-01-08.11:44:51::SCWMssOS::bsp generated is upto date with the mss file. Skipping bsp generation.
TRACE::2026-01-08.11:44:51::SCWMssOS::BSP is already built. skipping the bsp build ... 
TRACE::2026-01-08.11:44:51::SCWDomain::Building the domain as part of full build :  standalone_domain
TRACE::2026-01-08.11:44:51::SCWMssOS::doing bsp build ... 
TRACE::2026-01-08.11:44:51::SCWMssOS::System Command Ran  C: & cd  C:/Users/User/Documents/GitHub/AHE_Group_G/workspace_TMP3_7.1.26_1/TMP3_Platform/microblaze_0/standalone_domain/bsp & make 
TRACE::2026-01-08.11:44:51::SCWMssOS::make --no-print-directory seq_libs

TRACE::2026-01-08.11:44:51::SCWMssOS::"Running Make include in microblaze_0/libsrc/bram_v4_7/src"

TRACE::2026-01-08.11:44:51::SCWMssOS::make -C microblaze_0/libsrc/bram_v4_7/src -s include  "SHELL=CMD" "COMPILER=mb-gcc" "ASSEMBLER=mb-as" "ARCHIVER=mb-ar" "COMPILE
TRACE::2026-01-08.11:44:51::SCWMssOS::R_FLAGS=  -O2 -c -mcpu=v11.0 -mlittle-endian -mxl-soft-mul" "EXTRA_COMPILER_FLAGS=-g -ffunction-sections -fdata-sections -Wall 
TRACE::2026-01-08.11:44:51::SCWMssOS::-Wextra -fno-tree-loop-distribute-patterns"

TRACE::2026-01-08.11:44:51::SCWMssOS::"Running Make include in microblaze_0/libsrc/cpu_v2_14/src"

TRACE::2026-01-08.11:44:51::SCWMssOS::make -C microblaze_0/libsrc/cpu_v2_14/src -s include  "SHELL=CMD" "COMPILER=mb-gcc" "ASSEMBLER=mb-as" "ARCHIVER=mb-ar" "COMPILE
TRACE::2026-01-08.11:44:51::SCWMssOS::R_FLAGS=  -O2 -c -mcpu=v11.0 -mlittle-endian -mxl-soft-mul" "EXTRA_COMPILER_FLAGS=-g -ffunction-sections -fdata-sections -Wall 
TRACE::2026-01-08.11:44:51::SCWMssOS::-Wextra -fno-tree-loop-distribute-patterns"

TRACE::2026-01-08.11:44:51::SCWMssOS::"Running Make include in microblaze_0/libsrc/intc_v3_13/src"

TRACE::2026-01-08.11:44:51::SCWMssOS::make -C microblaze_0/libsrc/intc_v3_13/src -s include  "SHELL=CMD" "COMPILER=mb-gcc" "ASSEMBLER=mb-as" "ARCHIVER=mb-ar" "COMPIL
TRACE::2026-01-08.11:44:51::SCWMssOS::ER_FLAGS=  -O2 -c -mcpu=v11.0 -mlittle-endian -mxl-soft-mul" "EXTRA_COMPILER_FLAGS=-g -ffunction-sections -fdata-sections -Wall
TRACE::2026-01-08.11:44:51::SCWMssOS:: -Wextra -fno-tree-loop-distribute-patterns"

TRACE::2026-01-08.11:44:51::SCWMssOS::"Running Make include in microblaze_0/libsrc/PmodTMP3_v1_0/src"

TRACE::2026-01-08.11:44:51::SCWMssOS::make -C microblaze_0/libsrc/PmodTMP3_v1_0/src -s include  "SHELL=CMD" "COMPILER=mb-gcc" "ASSEMBLER=mb-as" "ARCHIVER=mb-ar" "COM
TRACE::2026-01-08.11:44:51::SCWMssOS::PILER_FLAGS=  -O2 -c -mcpu=v11.0 -mlittle-endian -mxl-soft-mul" "EXTRA_COMPILER_FLAGS=-g -ffunction-sections -fdata-sections -W
TRACE::2026-01-08.11:44:51::SCWMssOS::all -Wextra -fno-tree-loop-distribute-patterns"

TRACE::2026-01-08.11:44:51::SCWMssOS::"Running Make include in microblaze_0/libsrc/standalone_v7_6/src"

TRACE::2026-01-08.11:44:51::SCWMssOS::make -C microblaze_0/libsrc/standalone_v7_6/src -s include  "SHELL=CMD" "COMPILER=mb-gcc" "ASSEMBLER=mb-as" "ARCHIVER=mb-ar" "C
TRACE::2026-01-08.11:44:51::SCWMssOS::OMPILER_FLAGS=  -O2 -c -mcpu=v11.0 -mlittle-endian -mxl-soft-mul" "EXTRA_COMPILER_FLAGS=-g -ffunction-sections -fdata-sections 
TRACE::2026-01-08.11:44:51::SCWMssOS::-Wall -Wextra -fno-tree-loop-distribute-patterns"

TRACE::2026-01-08.11:44:51::SCWMssOS::"Running Make include in microblaze_0/libsrc/uartlite_v3_6/src"

TRACE::2026-01-08.11:44:51::SCWMssOS::make -C microblaze_0/libsrc/uartlite_v3_6/src -s include  "SHELL=CMD" "COMPILER=mb-gcc" "ASSEMBLER=mb-as" "ARCHIVER=mb-ar" "COM
TRACE::2026-01-08.11:44:51::SCWMssOS::PILER_FLAGS=  -O2 -c -mcpu=v11.0 -mlittle-endian -mxl-soft-mul" "EXTRA_COMPILER_FLAGS=-g -ffunction-sections -fdata-sections -W
TRACE::2026-01-08.11:44:51::SCWMssOS::all -Wextra -fno-tree-loop-distribute-patterns"

TRACE::2026-01-08.11:44:51::SCWMssOS::"Running Make libs in microblaze_0/libsrc/PmodTMP3_v1_0/src"

TRACE::2026-01-08.11:44:51::SCWMssOS::make -C microblaze_0/libsrc/PmodTMP3_v1_0/src -s libs  "SHELL=CMD" "COMPILER=mb-gcc" "ASSEMBLER=mb-as" "ARCHIVER=mb-ar" "COMPIL
TRACE::2026-01-08.11:44:51::SCWMssOS::ER_FLAGS=  -O2 -c -mcpu=v11.0 -mlittle-endian -mxl-soft-mul" "EXTRA_COMPILER_FLAGS=-g -ffunction-sections -fdata-sections -Wall
TRACE::2026-01-08.11:44:51::SCWMssOS:: -Wextra -fno-tree-loop-distribute-patterns"

TRACE::2026-01-08.11:44:51::SCWMssOS::"Compiling PmodTMP3"

TRACE::2026-01-08.11:44:53::SCWMssOS::'Finished building libraries sequentially.'

TRACE::2026-01-08.11:44:53::SCWMssOS::make -j 10 --no-print-directory par_libs

TRACE::2026-01-08.11:44:53::SCWMssOS::"Running Make include in microblaze_0/libsrc/bram_v4_7/src"

TRACE::2026-01-08.11:44:53::SCWMssOS::make -C microblaze_0/libsrc/bram_v4_7/src -s include  "SHELL=CMD" "COMPILER=mb-gcc" "ASSEMBLER=mb-as" "ARCHIVER=mb-ar" "COMPILE
TRACE::2026-01-08.11:44:53::SCWMssOS::R_FLAGS=  -O2 -c -mcpu=v11.0 -mlittle-endian -mxl-soft-mul" "EXTRA_COMPILER_FLAGS=-g -ffunction-sections -fdata-sections -Wall 
TRACE::2026-01-08.11:44:53::SCWMssOS::-Wextra -fno-tree-loop-distribute-patterns"

TRACE::2026-01-08.11:44:53::SCWMssOS::"Running Make include in microblaze_0/libsrc/cpu_v2_14/src"

TRACE::2026-01-08.11:44:53::SCWMssOS::make -C microblaze_0/libsrc/cpu_v2_14/src -s include  "SHELL=CMD" "COMPILER=mb-gcc" "ASSEMBLER=mb-as" "ARCHIVER=mb-ar" "COMPILE
TRACE::2026-01-08.11:44:53::SCWMssOS::R_FLAGS=  -O2 -c -mcpu=v11.0 -mlittle-endian -mxl-soft-mul" "EXTRA_COMPILER_FLAGS=-g -ffunction-sections -fdata-sections -Wall 
TRACE::2026-01-08.11:44:53::SCWMssOS::-Wextra -fno-tree-loop-distribute-patterns"

TRACE::2026-01-08.11:44:53::SCWMssOS::"Running Make include in microblaze_0/libsrc/intc_v3_13/src"

TRACE::2026-01-08.11:44:53::SCWMssOS::make -C microblaze_0/libsrc/intc_v3_13/src -s include  "SHELL=CMD" "COMPILER=mb-gcc" "ASSEMBLER=mb-as" "ARCHIVER=mb-ar" "COMPIL
TRACE::2026-01-08.11:44:53::SCWMssOS::ER_FLAGS=  -O2 -c -mcpu=v11.0 -mlittle-endian -mxl-soft-mul" "EXTRA_COMPILER_FLAGS=-g -ffunction-sections -fdata-sections -Wall
TRACE::2026-01-08.11:44:53::SCWMssOS:: -Wextra -fno-tree-loop-distribute-patterns"

TRACE::2026-01-08.11:44:53::SCWMssOS::"Running Make include in microblaze_0/libsrc/PmodTMP3_v1_0/src"

TRACE::2026-01-08.11:44:53::SCWMssOS::make -C microblaze_0/libsrc/PmodTMP3_v1_0/src -s include  "SHELL=CMD" "COMPILER=mb-gcc" "ASSEMBLER=mb-as" "ARCHIVER=mb-ar" "COM
TRACE::2026-01-08.11:44:53::SCWMssOS::PILER_FLAGS=  -O2 -c -mcpu=v11.0 -mlittle-endian -mxl-soft-mul" "EXTRA_COMPILER_FLAGS=-g -ffunction-sections -fdata-sections -W
TRACE::2026-01-08.11:44:53::SCWMssOS::all -Wextra -fno-tree-loop-distribute-patterns"

TRACE::2026-01-08.11:44:53::SCWMssOS::"Running Make include in microblaze_0/libsrc/standalone_v7_6/src"

TRACE::2026-01-08.11:44:53::SCWMssOS::make -C microblaze_0/libsrc/standalone_v7_6/src -s include  "SHELL=CMD" "COMPILER=mb-gcc" "ASSEMBLER=mb-as" "ARCHIVER=mb-ar" "C
TRACE::2026-01-08.11:44:53::SCWMssOS::OMPILER_FLAGS=  -O2 -c -mcpu=v11.0 -mlittle-endian -mxl-soft-mul" "EXTRA_COMPILER_FLAGS=-g -ffunction-sections -fdata-sections 
TRACE::2026-01-08.11:44:53::SCWMssOS::-Wall -Wextra -fno-tree-loop-distribute-patterns"

TRACE::2026-01-08.11:44:53::SCWMssOS::"Running Make include in microblaze_0/libsrc/uartlite_v3_6/src"

TRACE::2026-01-08.11:44:53::SCWMssOS::make -C microblaze_0/libsrc/uartlite_v3_6/src -s include  "SHELL=CMD" "COMPILER=mb-gcc" "ASSEMBLER=mb-as" "ARCHIVER=mb-ar" "COM
TRACE::2026-01-08.11:44:53::SCWMssOS::PILER_FLAGS=  -O2 -c -mcpu=v11.0 -mlittle-endian -mxl-soft-mul" "EXTRA_COMPILER_FLAGS=-g -ffunction-sections -fdata-sections -W
TRACE::2026-01-08.11:44:53::SCWMssOS::all -Wextra -fno-tree-loop-distribute-patterns"

TRACE::2026-01-08.11:44:53::SCWMssOS::"Running Make libs in microblaze_0/libsrc/bram_v4_7/src"

TRACE::2026-01-08.11:44:53::SCWMssOS::make -C microblaze_0/libsrc/bram_v4_7/src -s libs  "SHELL=CMD" "COMPILER=mb-gcc" "ASSEMBLER=mb-as" "ARCHIVER=mb-ar" "COMPILER_F
TRACE::2026-01-08.11:44:53::SCWMssOS::LAGS=  -O2 -c -mcpu=v11.0 -mlittle-endian -mxl-soft-mul" "EXTRA_COMPILER_FLAGS=-g -ffunction-sections -fdata-sections -Wall -We
TRACE::2026-01-08.11:44:53::SCWMssOS::xtra -fno-tree-loop-distribute-patterns"

TRACE::2026-01-08.11:44:53::SCWMssOS::"Running Make libs in microblaze_0/libsrc/cpu_v2_14/src"

TRACE::2026-01-08.11:44:53::SCWMssOS::make -C microblaze_0/libsrc/cpu_v2_14/src -s libs  "SHELL=CMD" "COMPILER=mb-gcc" "ASSEMBLER=mb-as" "ARCHIVER=mb-ar" "COMPILER_F
TRACE::2026-01-08.11:44:53::SCWMssOS::LAGS=  -O2 -c -mcpu=v11.0 -mlittle-endian -mxl-soft-mul" "EXTRA_COMPILER_FLAGS=-g -ffunction-sections -fdata-sections -Wall -We
TRACE::2026-01-08.11:44:53::SCWMssOS::xtra -fno-tree-loop-distribute-patterns"

TRACE::2026-01-08.11:44:53::SCWMssOS::"Running Make libs in microblaze_0/libsrc/intc_v3_13/src"

TRACE::2026-01-08.11:44:53::SCWMssOS::make -C microblaze_0/libsrc/intc_v3_13/src -s libs  "SHELL=CMD" "COMPILER=mb-gcc" "ASSEMBLER=mb-as" "ARCHIVER=mb-ar" "COMPILER_
TRACE::2026-01-08.11:44:53::SCWMssOS::FLAGS=  -O2 -c -mcpu=v11.0 -mlittle-endian -mxl-soft-mul" "EXTRA_COMPILER_FLAGS=-g -ffunction-sections -fdata-sections -Wall -W
TRACE::2026-01-08.11:44:53::SCWMssOS::extra -fno-tree-loop-distribute-patterns"

TRACE::2026-01-08.11:44:53::SCWMssOS::"Running Make libs in microblaze_0/libsrc/standalone_v7_6/src"

TRACE::2026-01-08.11:44:53::SCWMssOS::make -C microblaze_0/libsrc/standalone_v7_6/src -s libs  "SHELL=CMD" "COMPILER=mb-gcc" "ASSEMBLER=mb-as" "ARCHIVER=mb-ar" "COMP
TRACE::2026-01-08.11:44:53::SCWMssOS::ILER_FLAGS=  -O2 -c -mcpu=v11.0 -mlittle-endian -mxl-soft-mul" "EXTRA_COMPILER_FLAGS=-g -ffunction-sections -fdata-sections -Wa
TRACE::2026-01-08.11:44:53::SCWMssOS::ll -Wextra -fno-tree-loop-distribute-patterns"

TRACE::2026-01-08.11:44:53::SCWMssOS::"Running Make libs in microblaze_0/libsrc/uartlite_v3_6/src"

TRACE::2026-01-08.11:44:53::SCWMssOS::make -C microblaze_0/libsrc/uartlite_v3_6/src -s libs  "SHELL=CMD" "COMPILER=mb-gcc" "ASSEMBLER=mb-as" "ARCHIVER=mb-ar" "COMPIL
TRACE::2026-01-08.11:44:53::SCWMssOS::ER_FLAGS=  -O2 -c -mcpu=v11.0 -mlittle-endian -mxl-soft-mul" "EXTRA_COMPILER_FLAGS=-g -ffunction-sections -fdata-sections -Wall
TRACE::2026-01-08.11:44:53::SCWMssOS:: -Wextra -fno-tree-loop-distribute-patterns"

TRACE::2026-01-08.11:44:54::SCWMssOS::"DEBUG NON_LTO_OBJECTS is ../../../lib/microblaze_interrupt_handler.o"

TRACE::2026-01-08.11:44:54::SCWMssOS::'Finished building libraries parallelly.'

TRACE::2026-01-08.11:44:54::SCWMssOS::make --no-print-directory archive

TRACE::2026-01-08.11:44:54::SCWMssOS::mb-ar -r  microblaze_0/lib/libxil.a microblaze_0/lib/xplatform_info.o microblaze_0/lib/xuartlite.o microblaze_0/lib/microblaze_
TRACE::2026-01-08.11:44:54::SCWMssOS::disable_exceptions.o microblaze_0/lib/print.o microblaze_0/lib/_exit.o microblaze_0/lib/xil_testio.o microblaze_0/lib/microblaz
TRACE::2026-01-08.11:44:54::SCWMssOS::e_disable_dcache.o microblaze_0/lib/microblaze_flush_dcache_range.o microblaze_0/lib/microblaze_flush_cache_ext.o microblaze_0/
TRACE::2026-01-08.11:44:54::SCWMssOS::lib/xbram_sinit.o microblaze_0/lib/xil_misc_psreset_api.o microblaze_0/lib/xil_cache.o microblaze_0/lib/xil_util.o microblaze_0
TRACE::2026-01-08.11:44:54::SCWMssOS::/lib/inbyte.o microblaze_0/lib/xbram_g.o microblaze_0/lib/xuartlite_stats.o microblaze_0/lib/microblaze_exception_handler.o mic
TRACE::2026-01-08.11:44:54::SCWMssOS::roblaze_0/lib/microblaze_scrub.o microblaze_0/lib/microblaze_invalidate_dcache.o microblaze_0/lib/microblaze_disable_interrupts
TRACE::2026-01-08.11:44:54::SCWMssOS::.o microblaze_0/lib/xbram_selftest.o microblaze_0/lib/microblaze_interrupt_handler.o microblaze_0/lib/microblaze_disable_icache
TRACE::2026-01-08.11:44:54::SCWMssOS::.o microblaze_0/lib/xil_mem.o microblaze_0/lib/xuartlite_intr.o microblaze_0/lib/microblaze_flush_cache_ext_range.o microblaze_
TRACE::2026-01-08.11:44:54::SCWMssOS::0/lib/xbram_intr.o microblaze_0/lib/xil_sleepcommon.o microblaze_0/lib/xil_printf.o microblaze_0/lib/xintc_g.o microblaze_0/lib
TRACE::2026-01-08.11:44:54::SCWMssOS::/xuartlite_g.o microblaze_0/lib/xintc_selftest.o microblaze_0/lib/xintc_l.o microblaze_0/lib/outbyte.o microblaze_0/lib/microbl
TRACE::2026-01-08.11:44:54::SCWMssOS::aze_invalidate_dcache_range.o microblaze_0/lib/microblaze_invalidate_cache_ext.o microblaze_0/lib/microblaze_sleep.o microblaze
TRACE::2026-01-08.11:44:54::SCWMssOS::_0/lib/hw_exception_handler.o microblaze_0/lib/xuartlite_selftest.o microblaze_0/lib/xintc_intr.o microblaze_0/lib/microblaze_u
TRACE::2026-01-08.11:44:54::SCWMssOS::pdate_dcache.o microblaze_0/lib/xil_testcache.o microblaze_0/lib/microblaze_selftest.o microblaze_0/lib/microblaze_interrupts_g
TRACE::2026-01-08.11:44:54::SCWMssOS::.o microblaze_0/lib/microblaze_enable_exceptions.o microblaze_0/lib/xio.o microblaze_0/lib/microblaze_enable_dcache.o microblaz
TRACE::2026-01-08.11:44:54::SCWMssOS::e_0/lib/xbram.o microblaze_0/lib/microblaze_invalidate_icache_range.o microblaze_0/lib/microblaze_init_dcache_range.o microblaz
TRACE::2026-01-08.11:44:54::SCWMssOS::e_0/lib/microblaze_invalidate_icache.o microblaze_0/lib/errno.o microblaze_0/lib/xuartlite_l.o microblaze_0/lib/xintc_options.o
TRACE::2026-01-08.11:44:54::SCWMssOS:: microblaze_0/lib/microblaze_invalidate_cache_ext_range.o microblaze_0/lib/xil_exception.o microblaze_0/lib/pvr.o microblaze_0/
TRACE::2026-01-08.11:44:54::SCWMssOS::lib/xil_testmem.o microblaze_0/lib/microblaze_update_icache.o microblaze_0/lib/microblaze_flush_dcache.o microblaze_0/lib/xil_c
TRACE::2026-01-08.11:44:54::SCWMssOS::locking.o microblaze_0/lib/xil_assert.o microblaze_0/lib/microblaze_enable_interrupts.o microblaze_0/lib/microblaze_enable_icac
TRACE::2026-01-08.11:44:54::SCWMssOS::he.o microblaze_0/lib/xintc.o microblaze_0/lib/xuartlite_sinit.o microblaze_0/lib/fcntl.o microblaze_0/lib/microblaze_init_icac
TRACE::2026-01-08.11:44:54::SCWMssOS::he_range.o

TRACE::2026-01-08.11:44:54::SCWMssOS::'Finished building libraries'

TRACE::2026-01-08.11:44:55::SCWMssOS::Copying to export directory.
TRACE::2026-01-08.11:44:55::SCWMssOS:: Checking if to create the Supporting Applications
TRACE::2026-01-08.11:44:55::SCWMssOS:: No Linux domain exists, trying to generate FSBL 
LOG::2026-01-08.11:44:55::SCWSystem::Completed Processing the domain standalone_domain
LOG::2026-01-08.11:44:55::SCWSystem::Completed Processing the sysconfig TMP3_Platform
LOG::2026-01-08.11:44:55::SCWPlatform::Completed generating the artifacts for system configuration TMP3_Platform
TRACE::2026-01-08.11:44:55::SCWPlatform::Started preparing the platform 
TRACE::2026-01-08.11:44:55::SCWSystem::Writing the bif file for system config TMP3_Platform
TRACE::2026-01-08.11:44:55::SCWSystem::dir created 
TRACE::2026-01-08.11:44:55::SCWSystem::Writing the bif 
TRACE::2026-01-08.11:44:55::SCWPlatform::Started writing the spfm file 
TRACE::2026-01-08.11:44:55::SCWPlatform::Started writing the xpfm file 
TRACE::2026-01-08.11:44:55::SCWPlatform::Completed generating the platform
TRACE::2026-01-08.11:44:55::SCWMssOS::Saving the mss changes C:/Users/User/Documents/GitHub/AHE_Group_G/workspace_TMP3_7.1.26_1/TMP3_Platform/microblaze_0/standalone_domain/bsp/system.mss
TRACE::2026-01-08.11:44:55::SCWMssOS::Found a swdesign opened with the mssfile.
TRACE::2026-01-08.11:44:55::SCWMssOS::Completed writemss as part of save.
TRACE::2026-01-08.11:44:55::SCWMssOS::Commit changes completed.
TRACE::2026-01-08.11:44:55::SCWPlatform::Trying to open the hw design at C:/Users/User/Documents/GitHub/AHE_Group_G/workspace_TMP3_7.1.26_1/TMP3_Platform/hw/TMP3_pmod_wrapper.xsa
TRACE::2026-01-08.11:44:55::SCWPlatform::DSA given C:/Users/User/Documents/GitHub/AHE_Group_G/workspace_TMP3_7.1.26_1/TMP3_Platform/hw/TMP3_pmod_wrapper.xsa
TRACE::2026-01-08.11:44:55::SCWPlatform::DSA absoulate path C:/Users/User/Documents/GitHub/AHE_Group_G/workspace_TMP3_7.1.26_1/TMP3_Platform/hw/TMP3_pmod_wrapper.xsa
TRACE::2026-01-08.11:44:55::SCWPlatform::DSA directory C:/Users/User/Documents/GitHub/AHE_Group_G/workspace_TMP3_7.1.26_1/TMP3_Platform/hw
TRACE::2026-01-08.11:44:55::SCWPlatform:: Platform Path C:/Users/User/Documents/GitHub/AHE_Group_G/workspace_TMP3_7.1.26_1/TMP3_Platform/hw/TMP3_pmod_wrapper.xsa
TRACE::2026-01-08.11:44:55::SCWPlatform:: Unique name xilinx:::0.0
TRACE::2026-01-08.11:44:55::SCWPlatform::Trying to set the existing hwdb with name TMP3_pmod_wrapper_1
TRACE::2026-01-08.11:44:55::SCWPlatform::Opened existing hwdb TMP3_pmod_wrapper_1
TRACE::2026-01-08.11:44:55::SCWPlatform::Found the Hw Db part of the input DSA
TRACE::2026-01-08.11:44:55::SCWMssOS::Checking the sw design at  C:/Users/User/Documents/GitHub/AHE_Group_G/workspace_TMP3_7.1.26_1/TMP3_Platform/microblaze_0/standalone_domain/bsp/system.mss
TRACE::2026-01-08.11:44:55::SCWMssOS::DEBUG:  swdes dump  C:/Users/User/Documents/GitHub/AHE_Group_G/workspace_TMP3_7.1.26_1/TMP3_Platform/microblaze_0/standalone_domain/bsp/system.mss|system||

TRACE::2026-01-08.11:44:55::SCWMssOS::Sw design exists and opened at  C:/Users/User/Documents/GitHub/AHE_Group_G/workspace_TMP3_7.1.26_1/TMP3_Platform/microblaze_0/standalone_domain/bsp/system.mss
TRACE::2026-01-08.11:44:55::SCWWriter::formatted JSON is {
	"platformName":	"TMP3_Platform",
	"sprVersion":	"2.0",
	"mode":	"gui",
	"dsaType":	"Fixed",
	"platformDesc":	"TMP3_Platform",
	"platHandOff":	"C:/Users/User/Documents/GitHub/Hardware_vhdl_ip_files/TMP3_block_7.1_1/TMP3_pmod_wrapper.xsa",
	"platIntHandOff":	"<platformDir>/hw/TMP3_pmod_wrapper.xsa",
	"deviceType":	"FPGA",
	"platIsPrebuiltAutogen":	"false",
	"platIsNoBootBsp":	"false",
	"hasFsblMakeHasChanges":	"false",
	"hasPmufwMakeHasChanges":	"false",
	"platPreBuiltFlag":	false,
	"platformSamplesDir":	"",
	"platActiveSys":	"TMP3_Platform",
	"systems":	[{
			"systemName":	"TMP3_Platform",
			"systemDesc":	"TMP3_Platform",
			"sysIsBootAutoGen":	"true",
			"systemDispName":	"TMP3_Platform",
			"sysActiveDom":	"standalone_domain",
			"sysDefaultDom":	"standalone_domain",
			"domains":	[{
					"domainName":	"standalone_domain",
					"domainDispName":	"standalone on microblaze_0",
					"domainDesc":	"standalone_domain",
					"processors":	"microblaze_0",
					"os":	"standalone",
					"sdxOs":	"standalone",
					"debugEnable":	"False",
					"domRuntimes":	["cpp"],
					"swRepo":	"",
					"mssOsVer":	"7.6",
					"mssFile":	"",
					"md5Digest":	"d6a3b57a5267393b8d497d79c2949060",
					"compatibleApp":	"",
					"domType":	"mssDomain",
					"arch":	"32-bit",
					"appSettings":	{
						"appCompilerFlags":	"",
						"appLinkerFlags":	""
					},
					"addedLibs":	[],
					"libOptions":	{
						"libsContainingOptions":	[]
					},
					"prebuiltLibs":	{
						"prebuiltIncPath":	[],
						"prebuiltLibPath":	[]
					},
					"isolation":	{
					}
				}]
		}]
}
KEYINFO::2026-01-08.11:44:55::SCWPlatform::updated the xpfm file.
TRACE::2026-01-08.11:44:55::SCWPlatform::Trying to open the hw design at C:/Users/User/Documents/GitHub/AHE_Group_G/workspace_TMP3_7.1.26_1/TMP3_Platform/hw/TMP3_pmod_wrapper.xsa
TRACE::2026-01-08.11:44:55::SCWPlatform::DSA given C:/Users/User/Documents/GitHub/AHE_Group_G/workspace_TMP3_7.1.26_1/TMP3_Platform/hw/TMP3_pmod_wrapper.xsa
TRACE::2026-01-08.11:44:55::SCWPlatform::DSA absoulate path C:/Users/User/Documents/GitHub/AHE_Group_G/workspace_TMP3_7.1.26_1/TMP3_Platform/hw/TMP3_pmod_wrapper.xsa
TRACE::2026-01-08.11:44:55::SCWPlatform::DSA directory C:/Users/User/Documents/GitHub/AHE_Group_G/workspace_TMP3_7.1.26_1/TMP3_Platform/hw
TRACE::2026-01-08.11:44:55::SCWPlatform:: Platform Path C:/Users/User/Documents/GitHub/AHE_Group_G/workspace_TMP3_7.1.26_1/TMP3_Platform/hw/TMP3_pmod_wrapper.xsa
TRACE::2026-01-08.11:44:55::SCWPlatform:: Unique name xilinx:::0.0
TRACE::2026-01-08.11:44:55::SCWPlatform::Trying to set the existing hwdb with name TMP3_pmod_wrapper_1
TRACE::2026-01-08.11:44:55::SCWPlatform::Opened existing hwdb TMP3_pmod_wrapper_1
TRACE::2026-01-08.11:44:55::SCWPlatform::Found the Hw Db part of the input DSA
TRACE::2026-01-08.11:44:55::SCWMssOS::Checking the sw design at  C:/Users/User/Documents/GitHub/AHE_Group_G/workspace_TMP3_7.1.26_1/TMP3_Platform/microblaze_0/standalone_domain/bsp/system.mss
TRACE::2026-01-08.11:44:55::SCWMssOS::DEBUG:  swdes dump  C:/Users/User/Documents/GitHub/AHE_Group_G/workspace_TMP3_7.1.26_1/TMP3_Platform/microblaze_0/standalone_domain/bsp/system.mss|system||

TRACE::2026-01-08.11:44:55::SCWMssOS::Sw design exists and opened at  C:/Users/User/Documents/GitHub/AHE_Group_G/workspace_TMP3_7.1.26_1/TMP3_Platform/microblaze_0/standalone_domain/bsp/system.mss
TRACE::2026-01-08.12:02:00::SCWMssOS::cleaning the bsp 
TRACE::2026-01-08.12:02:00::SCWMssOS::System Command Ran  C: & cd  C:/Users/User/Documents/GitHub/AHE_Group_G/workspace_TMP3_7.1.26_1/TMP3_Platform/microblaze_0/standalone_domain/bsp & make clean 
TRACE::2026-01-08.12:02:00::SCWMssOS::make -C microblaze_0/libsrc/bram_v4_7/src -s clean 

TRACE::2026-01-08.12:02:00::SCWMssOS::make -C microblaze_0/libsrc/cpu_v2_14/src -s clean 

TRACE::2026-01-08.12:02:00::SCWMssOS::make -C microblaze_0/libsrc/intc_v3_13/src -s clean 

TRACE::2026-01-08.12:02:01::SCWMssOS::make -C microblaze_0/libsrc/PmodTMP3_v1_0/src -s clean 

TRACE::2026-01-08.12:02:01::SCWMssOS::make -C microblaze_0/libsrc/standalone_v7_6/src -s clean 

TRACE::2026-01-08.12:02:01::SCWMssOS::make -C microblaze_0/libsrc/uartlite_v3_6/src -s clean 

TRACE::2026-01-08.12:02:01::SCWMssOS::rm -f microblaze_0/lib/libxil.a

LOG::2026-01-08.12:02:09::SCWPlatform::Started generating the artifacts platform TMP3_Platform
TRACE::2026-01-08.12:02:09::SCWPlatform::Sanity checking of platform is completed
LOG::2026-01-08.12:02:09::SCWPlatform::Started generating the artifacts for system configuration TMP3_Platform
LOG::2026-01-08.12:02:09::SCWSystem::Checking the domain standalone_domain
LOG::2026-01-08.12:02:09::SCWSystem::Not a boot domain 
LOG::2026-01-08.12:02:09::SCWSystem::Started Processing the domain standalone_domain
TRACE::2026-01-08.12:02:09::SCWDomain::Generating domain artifcats
TRACE::2026-01-08.12:02:09::SCWMssOS::Generating standalone artifcats
TRACE::2026-01-08.12:02:09::SCWMssOS:: Copying the user libraries. 
TRACE::2026-01-08.12:02:09::SCWPlatform::Trying to open the hw design at C:/Users/User/Documents/GitHub/AHE_Group_G/workspace_TMP3_7.1.26_1/TMP3_Platform/hw/TMP3_pmod_wrapper.xsa
TRACE::2026-01-08.12:02:09::SCWPlatform::DSA given C:/Users/User/Documents/GitHub/AHE_Group_G/workspace_TMP3_7.1.26_1/TMP3_Platform/hw/TMP3_pmod_wrapper.xsa
TRACE::2026-01-08.12:02:09::SCWPlatform::DSA absoulate path C:/Users/User/Documents/GitHub/AHE_Group_G/workspace_TMP3_7.1.26_1/TMP3_Platform/hw/TMP3_pmod_wrapper.xsa
TRACE::2026-01-08.12:02:09::SCWPlatform::DSA directory C:/Users/User/Documents/GitHub/AHE_Group_G/workspace_TMP3_7.1.26_1/TMP3_Platform/hw
TRACE::2026-01-08.12:02:09::SCWPlatform:: Platform Path C:/Users/User/Documents/GitHub/AHE_Group_G/workspace_TMP3_7.1.26_1/TMP3_Platform/hw/TMP3_pmod_wrapper.xsa
TRACE::2026-01-08.12:02:09::SCWPlatform:: Unique name xilinx:::0.0
TRACE::2026-01-08.12:02:09::SCWPlatform::Trying to set the existing hwdb with name TMP3_pmod_wrapper_1
TRACE::2026-01-08.12:02:09::SCWPlatform::Opened existing hwdb TMP3_pmod_wrapper_1
TRACE::2026-01-08.12:02:09::SCWPlatform::Found the Hw Db part of the input DSA
TRACE::2026-01-08.12:02:09::SCWMssOS::Checking the sw design at  C:/Users/User/Documents/GitHub/AHE_Group_G/workspace_TMP3_7.1.26_1/TMP3_Platform/microblaze_0/standalone_domain/bsp/system.mss
TRACE::2026-01-08.12:02:09::SCWMssOS::DEBUG:  swdes dump  C:/Users/User/Documents/GitHub/AHE_Group_G/workspace_TMP3_7.1.26_1/TMP3_Platform/microblaze_0/standalone_domain/bsp/system.mss|system||

TRACE::2026-01-08.12:02:09::SCWMssOS::Sw design exists and opened at  C:/Users/User/Documents/GitHub/AHE_Group_G/workspace_TMP3_7.1.26_1/TMP3_Platform/microblaze_0/standalone_domain/bsp/system.mss
TRACE::2026-01-08.12:02:09::SCWMssOS::Completed writing the mss file at C:/Users/User/Documents/GitHub/AHE_Group_G/workspace_TMP3_7.1.26_1/TMP3_Platform/microblaze_0/standalone_domain/bsp
TRACE::2026-01-08.12:02:09::SCWMssOS::Mss edits present, copying mssfile into export location C:/Users/User/Documents/GitHub/AHE_Group_G/workspace_TMP3_7.1.26_1/TMP3_Platform/microblaze_0/standalone_domain/bsp/system.mss
TRACE::2026-01-08.12:02:09::SCWMssOS::bsp generated is upto date with the mss file. Skipping bsp generation.
TRACE::2026-01-08.12:02:09::SCWMssOS::BSP is already built. skipping the bsp build ... 
TRACE::2026-01-08.12:02:09::SCWDomain::Building the domain as part of full build :  standalone_domain
TRACE::2026-01-08.12:02:09::SCWMssOS::doing bsp build ... 
TRACE::2026-01-08.12:02:09::SCWMssOS::System Command Ran  C: & cd  C:/Users/User/Documents/GitHub/AHE_Group_G/workspace_TMP3_7.1.26_1/TMP3_Platform/microblaze_0/standalone_domain/bsp & make 
TRACE::2026-01-08.12:02:09::SCWMssOS::make --no-print-directory seq_libs

TRACE::2026-01-08.12:02:09::SCWMssOS::"Running Make include in microblaze_0/libsrc/bram_v4_7/src"

TRACE::2026-01-08.12:02:09::SCWMssOS::make -C microblaze_0/libsrc/bram_v4_7/src -s include  "SHELL=CMD" "COMPILER=mb-gcc" "ASSEMBLER=mb-as" "ARCHIVER=mb-ar" "COMPILE
TRACE::2026-01-08.12:02:09::SCWMssOS::R_FLAGS=  -O2 -c -mcpu=v11.0 -mlittle-endian -mxl-soft-mul" "EXTRA_COMPILER_FLAGS=-g -ffunction-sections -fdata-sections -Wall 
TRACE::2026-01-08.12:02:09::SCWMssOS::-Wextra -fno-tree-loop-distribute-patterns"

TRACE::2026-01-08.12:02:09::SCWMssOS::"Running Make include in microblaze_0/libsrc/cpu_v2_14/src"

TRACE::2026-01-08.12:02:09::SCWMssOS::make -C microblaze_0/libsrc/cpu_v2_14/src -s include  "SHELL=CMD" "COMPILER=mb-gcc" "ASSEMBLER=mb-as" "ARCHIVER=mb-ar" "COMPILE
TRACE::2026-01-08.12:02:09::SCWMssOS::R_FLAGS=  -O2 -c -mcpu=v11.0 -mlittle-endian -mxl-soft-mul" "EXTRA_COMPILER_FLAGS=-g -ffunction-sections -fdata-sections -Wall 
TRACE::2026-01-08.12:02:09::SCWMssOS::-Wextra -fno-tree-loop-distribute-patterns"

TRACE::2026-01-08.12:02:09::SCWMssOS::"Running Make include in microblaze_0/libsrc/intc_v3_13/src"

TRACE::2026-01-08.12:02:09::SCWMssOS::make -C microblaze_0/libsrc/intc_v3_13/src -s include  "SHELL=CMD" "COMPILER=mb-gcc" "ASSEMBLER=mb-as" "ARCHIVER=mb-ar" "COMPIL
TRACE::2026-01-08.12:02:09::SCWMssOS::ER_FLAGS=  -O2 -c -mcpu=v11.0 -mlittle-endian -mxl-soft-mul" "EXTRA_COMPILER_FLAGS=-g -ffunction-sections -fdata-sections -Wall
TRACE::2026-01-08.12:02:09::SCWMssOS:: -Wextra -fno-tree-loop-distribute-patterns"

TRACE::2026-01-08.12:02:10::SCWMssOS::"Running Make include in microblaze_0/libsrc/PmodTMP3_v1_0/src"

TRACE::2026-01-08.12:02:10::SCWMssOS::make -C microblaze_0/libsrc/PmodTMP3_v1_0/src -s include  "SHELL=CMD" "COMPILER=mb-gcc" "ASSEMBLER=mb-as" "ARCHIVER=mb-ar" "COM
TRACE::2026-01-08.12:02:10::SCWMssOS::PILER_FLAGS=  -O2 -c -mcpu=v11.0 -mlittle-endian -mxl-soft-mul" "EXTRA_COMPILER_FLAGS=-g -ffunction-sections -fdata-sections -W
TRACE::2026-01-08.12:02:10::SCWMssOS::all -Wextra -fno-tree-loop-distribute-patterns"

TRACE::2026-01-08.12:02:10::SCWMssOS::"Running Make include in microblaze_0/libsrc/standalone_v7_6/src"

TRACE::2026-01-08.12:02:10::SCWMssOS::make -C microblaze_0/libsrc/standalone_v7_6/src -s include  "SHELL=CMD" "COMPILER=mb-gcc" "ASSEMBLER=mb-as" "ARCHIVER=mb-ar" "C
TRACE::2026-01-08.12:02:10::SCWMssOS::OMPILER_FLAGS=  -O2 -c -mcpu=v11.0 -mlittle-endian -mxl-soft-mul" "EXTRA_COMPILER_FLAGS=-g -ffunction-sections -fdata-sections 
TRACE::2026-01-08.12:02:10::SCWMssOS::-Wall -Wextra -fno-tree-loop-distribute-patterns"

TRACE::2026-01-08.12:02:10::SCWMssOS::"Running Make include in microblaze_0/libsrc/uartlite_v3_6/src"

TRACE::2026-01-08.12:02:10::SCWMssOS::make -C microblaze_0/libsrc/uartlite_v3_6/src -s include  "SHELL=CMD" "COMPILER=mb-gcc" "ASSEMBLER=mb-as" "ARCHIVER=mb-ar" "COM
TRACE::2026-01-08.12:02:10::SCWMssOS::PILER_FLAGS=  -O2 -c -mcpu=v11.0 -mlittle-endian -mxl-soft-mul" "EXTRA_COMPILER_FLAGS=-g -ffunction-sections -fdata-sections -W
TRACE::2026-01-08.12:02:10::SCWMssOS::all -Wextra -fno-tree-loop-distribute-patterns"

TRACE::2026-01-08.12:02:10::SCWMssOS::"Running Make libs in microblaze_0/libsrc/PmodTMP3_v1_0/src"

TRACE::2026-01-08.12:02:10::SCWMssOS::make -C microblaze_0/libsrc/PmodTMP3_v1_0/src -s libs  "SHELL=CMD" "COMPILER=mb-gcc" "ASSEMBLER=mb-as" "ARCHIVER=mb-ar" "COMPIL
TRACE::2026-01-08.12:02:10::SCWMssOS::ER_FLAGS=  -O2 -c -mcpu=v11.0 -mlittle-endian -mxl-soft-mul" "EXTRA_COMPILER_FLAGS=-g -ffunction-sections -fdata-sections -Wall
TRACE::2026-01-08.12:02:10::SCWMssOS:: -Wextra -fno-tree-loop-distribute-patterns"

TRACE::2026-01-08.12:02:10::SCWMssOS::"Compiling PmodTMP3"

TRACE::2026-01-08.12:02:11::SCWMssOS::'Finished building libraries sequentially.'

TRACE::2026-01-08.12:02:11::SCWMssOS::make -j 10 --no-print-directory par_libs

TRACE::2026-01-08.12:02:11::SCWMssOS::"Running Make include in microblaze_0/libsrc/bram_v4_7/src"

TRACE::2026-01-08.12:02:11::SCWMssOS::make -C microblaze_0/libsrc/bram_v4_7/src -s include  "SHELL=CMD" "COMPILER=mb-gcc" "ASSEMBLER=mb-as" "ARCHIVER=mb-ar" "COMPILE
TRACE::2026-01-08.12:02:11::SCWMssOS::R_FLAGS=  -O2 -c -mcpu=v11.0 -mlittle-endian -mxl-soft-mul" "EXTRA_COMPILER_FLAGS=-g -ffunction-sections -fdata-sections -Wall 
TRACE::2026-01-08.12:02:11::SCWMssOS::-Wextra -fno-tree-loop-distribute-patterns"

TRACE::2026-01-08.12:02:11::SCWMssOS::"Running Make include in microblaze_0/libsrc/cpu_v2_14/src"

TRACE::2026-01-08.12:02:11::SCWMssOS::make -C microblaze_0/libsrc/cpu_v2_14/src -s include  "SHELL=CMD" "COMPILER=mb-gcc" "ASSEMBLER=mb-as" "ARCHIVER=mb-ar" "COMPILE
TRACE::2026-01-08.12:02:11::SCWMssOS::R_FLAGS=  -O2 -c -mcpu=v11.0 -mlittle-endian -mxl-soft-mul" "EXTRA_COMPILER_FLAGS=-g -ffunction-sections -fdata-sections -Wall 
TRACE::2026-01-08.12:02:11::SCWMssOS::-Wextra -fno-tree-loop-distribute-patterns"

TRACE::2026-01-08.12:02:11::SCWMssOS::"Running Make include in microblaze_0/libsrc/intc_v3_13/src"

TRACE::2026-01-08.12:02:11::SCWMssOS::make -C microblaze_0/libsrc/intc_v3_13/src -s include  "SHELL=CMD" "COMPILER=mb-gcc" "ASSEMBLER=mb-as" "ARCHIVER=mb-ar" "COMPIL
TRACE::2026-01-08.12:02:11::SCWMssOS::ER_FLAGS=  -O2 -c -mcpu=v11.0 -mlittle-endian -mxl-soft-mul" "EXTRA_COMPILER_FLAGS=-g -ffunction-sections -fdata-sections -Wall
TRACE::2026-01-08.12:02:11::SCWMssOS:: -Wextra -fno-tree-loop-distribute-patterns"

TRACE::2026-01-08.12:02:11::SCWMssOS::"Running Make include in microblaze_0/libsrc/PmodTMP3_v1_0/src"

TRACE::2026-01-08.12:02:11::SCWMssOS::make -C microblaze_0/libsrc/PmodTMP3_v1_0/src -s include  "SHELL=CMD" "COMPILER=mb-gcc" "ASSEMBLER=mb-as" "ARCHIVER=mb-ar" "COM
TRACE::2026-01-08.12:02:11::SCWMssOS::PILER_FLAGS=  -O2 -c -mcpu=v11.0 -mlittle-endian -mxl-soft-mul" "EXTRA_COMPILER_FLAGS=-g -ffunction-sections -fdata-sections -W
TRACE::2026-01-08.12:02:11::SCWMssOS::all -Wextra -fno-tree-loop-distribute-patterns"

TRACE::2026-01-08.12:02:11::SCWMssOS::"Running Make include in microblaze_0/libsrc/standalone_v7_6/src"

TRACE::2026-01-08.12:02:11::SCWMssOS::make -C microblaze_0/libsrc/standalone_v7_6/src -s include  "SHELL=CMD" "COMPILER=mb-gcc" "ASSEMBLER=mb-as" "ARCHIVER=mb-ar" "C
TRACE::2026-01-08.12:02:11::SCWMssOS::OMPILER_FLAGS=  -O2 -c -mcpu=v11.0 -mlittle-endian -mxl-soft-mul" "EXTRA_COMPILER_FLAGS=-g -ffunction-sections -fdata-sections 
TRACE::2026-01-08.12:02:11::SCWMssOS::-Wall -Wextra -fno-tree-loop-distribute-patterns"

TRACE::2026-01-08.12:02:11::SCWMssOS::"Running Make include in microblaze_0/libsrc/uartlite_v3_6/src"

TRACE::2026-01-08.12:02:11::SCWMssOS::make -C microblaze_0/libsrc/uartlite_v3_6/src -s include  "SHELL=CMD" "COMPILER=mb-gcc" "ASSEMBLER=mb-as" "ARCHIVER=mb-ar" "COM
TRACE::2026-01-08.12:02:11::SCWMssOS::PILER_FLAGS=  -O2 -c -mcpu=v11.0 -mlittle-endian -mxl-soft-mul" "EXTRA_COMPILER_FLAGS=-g -ffunction-sections -fdata-sections -W
TRACE::2026-01-08.12:02:11::SCWMssOS::all -Wextra -fno-tree-loop-distribute-patterns"

TRACE::2026-01-08.12:02:12::SCWMssOS::"Running Make libs in microblaze_0/libsrc/bram_v4_7/src"

TRACE::2026-01-08.12:02:12::SCWMssOS::make -C microblaze_0/libsrc/bram_v4_7/src -s libs  "SHELL=CMD" "COMPILER=mb-gcc" "ASSEMBLER=mb-as" "ARCHIVER=mb-ar" "COMPILER_F
TRACE::2026-01-08.12:02:12::SCWMssOS::LAGS=  -O2 -c -mcpu=v11.0 -mlittle-endian -mxl-soft-mul" "EXTRA_COMPILER_FLAGS=-g -ffunction-sections -fdata-sections -Wall -We
TRACE::2026-01-08.12:02:12::SCWMssOS::xtra -fno-tree-loop-distribute-patterns"

TRACE::2026-01-08.12:02:12::SCWMssOS::"Running Make libs in microblaze_0/libsrc/cpu_v2_14/src"

TRACE::2026-01-08.12:02:12::SCWMssOS::make -C microblaze_0/libsrc/cpu_v2_14/src -s libs  "SHELL=CMD" "COMPILER=mb-gcc" "ASSEMBLER=mb-as" "ARCHIVER=mb-ar" "COMPILER_F
TRACE::2026-01-08.12:02:12::SCWMssOS::LAGS=  -O2 -c -mcpu=v11.0 -mlittle-endian -mxl-soft-mul" "EXTRA_COMPILER_FLAGS=-g -ffunction-sections -fdata-sections -Wall -We
TRACE::2026-01-08.12:02:12::SCWMssOS::xtra -fno-tree-loop-distribute-patterns"

TRACE::2026-01-08.12:02:12::SCWMssOS::"Running Make libs in microblaze_0/libsrc/intc_v3_13/src"

TRACE::2026-01-08.12:02:12::SCWMssOS::make -C microblaze_0/libsrc/intc_v3_13/src -s libs  "SHELL=CMD" "COMPILER=mb-gcc" "ASSEMBLER=mb-as" "ARCHIVER=mb-ar" "COMPILER_
TRACE::2026-01-08.12:02:12::SCWMssOS::FLAGS=  -O2 -c -mcpu=v11.0 -mlittle-endian -mxl-soft-mul" "EXTRA_COMPILER_FLAGS=-g -ffunction-sections -fdata-sections -Wall -W
TRACE::2026-01-08.12:02:12::SCWMssOS::extra -fno-tree-loop-distribute-patterns"

TRACE::2026-01-08.12:02:12::SCWMssOS::"Running Make libs in microblaze_0/libsrc/standalone_v7_6/src"

TRACE::2026-01-08.12:02:12::SCWMssOS::make -C microblaze_0/libsrc/standalone_v7_6/src -s libs  "SHELL=CMD" "COMPILER=mb-gcc" "ASSEMBLER=mb-as" "ARCHIVER=mb-ar" "COMP
TRACE::2026-01-08.12:02:12::SCWMssOS::ILER_FLAGS=  -O2 -c -mcpu=v11.0 -mlittle-endian -mxl-soft-mul" "EXTRA_COMPILER_FLAGS=-g -ffunction-sections -fdata-sections -Wa
TRACE::2026-01-08.12:02:12::SCWMssOS::ll -Wextra -fno-tree-loop-distribute-patterns"

TRACE::2026-01-08.12:02:12::SCWMssOS::"Running Make libs in microblaze_0/libsrc/uartlite_v3_6/src"

TRACE::2026-01-08.12:02:12::SCWMssOS::make -C microblaze_0/libsrc/uartlite_v3_6/src -s libs  "SHELL=CMD" "COMPILER=mb-gcc" "ASSEMBLER=mb-as" "ARCHIVER=mb-ar" "COMPIL
TRACE::2026-01-08.12:02:12::SCWMssOS::ER_FLAGS=  -O2 -c -mcpu=v11.0 -mlittle-endian -mxl-soft-mul" "EXTRA_COMPILER_FLAGS=-g -ffunction-sections -fdata-sections -Wall
TRACE::2026-01-08.12:02:12::SCWMssOS:: -Wextra -fno-tree-loop-distribute-patterns"

TRACE::2026-01-08.12:02:13::SCWMssOS::"DEBUG NON_LTO_OBJECTS is ../../../lib/microblaze_interrupt_handler.o"

TRACE::2026-01-08.12:02:13::SCWMssOS::'Finished building libraries parallelly.'

TRACE::2026-01-08.12:02:13::SCWMssOS::make --no-print-directory archive

TRACE::2026-01-08.12:02:13::SCWMssOS::mb-ar -r  microblaze_0/lib/libxil.a microblaze_0/lib/xplatform_info.o microblaze_0/lib/xuartlite.o microblaze_0/lib/microblaze_
TRACE::2026-01-08.12:02:13::SCWMssOS::disable_exceptions.o microblaze_0/lib/print.o microblaze_0/lib/_exit.o microblaze_0/lib/xil_testio.o microblaze_0/lib/microblaz
TRACE::2026-01-08.12:02:13::SCWMssOS::e_disable_dcache.o microblaze_0/lib/microblaze_flush_dcache_range.o microblaze_0/lib/microblaze_flush_cache_ext.o microblaze_0/
TRACE::2026-01-08.12:02:13::SCWMssOS::lib/xbram_sinit.o microblaze_0/lib/xil_misc_psreset_api.o microblaze_0/lib/xil_cache.o microblaze_0/lib/xil_util.o microblaze_0
TRACE::2026-01-08.12:02:13::SCWMssOS::/lib/inbyte.o microblaze_0/lib/xbram_g.o microblaze_0/lib/xuartlite_stats.o microblaze_0/lib/microblaze_exception_handler.o mic
TRACE::2026-01-08.12:02:13::SCWMssOS::roblaze_0/lib/microblaze_scrub.o microblaze_0/lib/microblaze_invalidate_dcache.o microblaze_0/lib/microblaze_disable_interrupts
TRACE::2026-01-08.12:02:13::SCWMssOS::.o microblaze_0/lib/xbram_selftest.o microblaze_0/lib/microblaze_interrupt_handler.o microblaze_0/lib/microblaze_disable_icache
TRACE::2026-01-08.12:02:13::SCWMssOS::.o microblaze_0/lib/xil_mem.o microblaze_0/lib/xuartlite_intr.o microblaze_0/lib/microblaze_flush_cache_ext_range.o microblaze_
TRACE::2026-01-08.12:02:13::SCWMssOS::0/lib/xbram_intr.o microblaze_0/lib/xil_sleepcommon.o microblaze_0/lib/xil_printf.o microblaze_0/lib/xintc_g.o microblaze_0/lib
TRACE::2026-01-08.12:02:13::SCWMssOS::/xuartlite_g.o microblaze_0/lib/xintc_selftest.o microblaze_0/lib/xintc_l.o microblaze_0/lib/outbyte.o microblaze_0/lib/microbl
TRACE::2026-01-08.12:02:13::SCWMssOS::aze_invalidate_dcache_range.o microblaze_0/lib/microblaze_invalidate_cache_ext.o microblaze_0/lib/microblaze_sleep.o microblaze
TRACE::2026-01-08.12:02:13::SCWMssOS::_0/lib/hw_exception_handler.o microblaze_0/lib/xuartlite_selftest.o microblaze_0/lib/xintc_intr.o microblaze_0/lib/microblaze_u
TRACE::2026-01-08.12:02:13::SCWMssOS::pdate_dcache.o microblaze_0/lib/xil_testcache.o microblaze_0/lib/microblaze_selftest.o microblaze_0/lib/microblaze_interrupts_g
TRACE::2026-01-08.12:02:13::SCWMssOS::.o microblaze_0/lib/microblaze_enable_exceptions.o microblaze_0/lib/xio.o microblaze_0/lib/microblaze_enable_dcache.o microblaz
TRACE::2026-01-08.12:02:13::SCWMssOS::e_0/lib/xbram.o microblaze_0/lib/microblaze_invalidate_icache_range.o microblaze_0/lib/microblaze_init_dcache_range.o microblaz
TRACE::2026-01-08.12:02:13::SCWMssOS::e_0/lib/microblaze_invalidate_icache.o microblaze_0/lib/errno.o microblaze_0/lib/xuartlite_l.o microblaze_0/lib/xintc_options.o
TRACE::2026-01-08.12:02:13::SCWMssOS:: microblaze_0/lib/microblaze_invalidate_cache_ext_range.o microblaze_0/lib/xil_exception.o microblaze_0/lib/pvr.o microblaze_0/
TRACE::2026-01-08.12:02:13::SCWMssOS::lib/xil_testmem.o microblaze_0/lib/microblaze_update_icache.o microblaze_0/lib/microblaze_flush_dcache.o microblaze_0/lib/xil_c
TRACE::2026-01-08.12:02:13::SCWMssOS::locking.o microblaze_0/lib/xil_assert.o microblaze_0/lib/microblaze_enable_interrupts.o microblaze_0/lib/microblaze_enable_icac
TRACE::2026-01-08.12:02:13::SCWMssOS::he.o microblaze_0/lib/xintc.o microblaze_0/lib/xuartlite_sinit.o microblaze_0/lib/fcntl.o microblaze_0/lib/microblaze_init_icac
TRACE::2026-01-08.12:02:13::SCWMssOS::he_range.o

TRACE::2026-01-08.12:02:13::SCWMssOS::'Finished building libraries'

TRACE::2026-01-08.12:02:13::SCWMssOS::Copying to export directory.
TRACE::2026-01-08.12:02:13::SCWMssOS:: Checking if to create the Supporting Applications
TRACE::2026-01-08.12:02:13::SCWMssOS:: No Linux domain exists, trying to generate FSBL 
LOG::2026-01-08.12:02:13::SCWSystem::Completed Processing the domain standalone_domain
LOG::2026-01-08.12:02:13::SCWSystem::Completed Processing the sysconfig TMP3_Platform
LOG::2026-01-08.12:02:13::SCWPlatform::Completed generating the artifacts for system configuration TMP3_Platform
TRACE::2026-01-08.12:02:13::SCWPlatform::Started preparing the platform 
TRACE::2026-01-08.12:02:13::SCWSystem::Writing the bif file for system config TMP3_Platform
TRACE::2026-01-08.12:02:13::SCWSystem::dir created 
TRACE::2026-01-08.12:02:13::SCWSystem::Writing the bif 
TRACE::2026-01-08.12:02:13::SCWPlatform::Started writing the spfm file 
TRACE::2026-01-08.12:02:13::SCWPlatform::Started writing the xpfm file 
TRACE::2026-01-08.12:02:13::SCWPlatform::Completed generating the platform
TRACE::2026-01-08.12:02:13::SCWMssOS::Saving the mss changes C:/Users/User/Documents/GitHub/AHE_Group_G/workspace_TMP3_7.1.26_1/TMP3_Platform/microblaze_0/standalone_domain/bsp/system.mss
TRACE::2026-01-08.12:02:13::SCWMssOS::Found a swdesign opened with the mssfile.
TRACE::2026-01-08.12:02:13::SCWMssOS::Completed writemss as part of save.
TRACE::2026-01-08.12:02:13::SCWMssOS::Commit changes completed.
TRACE::2026-01-08.12:02:13::SCWPlatform::Trying to open the hw design at C:/Users/User/Documents/GitHub/AHE_Group_G/workspace_TMP3_7.1.26_1/TMP3_Platform/hw/TMP3_pmod_wrapper.xsa
TRACE::2026-01-08.12:02:13::SCWPlatform::DSA given C:/Users/User/Documents/GitHub/AHE_Group_G/workspace_TMP3_7.1.26_1/TMP3_Platform/hw/TMP3_pmod_wrapper.xsa
TRACE::2026-01-08.12:02:13::SCWPlatform::DSA absoulate path C:/Users/User/Documents/GitHub/AHE_Group_G/workspace_TMP3_7.1.26_1/TMP3_Platform/hw/TMP3_pmod_wrapper.xsa
TRACE::2026-01-08.12:02:13::SCWPlatform::DSA directory C:/Users/User/Documents/GitHub/AHE_Group_G/workspace_TMP3_7.1.26_1/TMP3_Platform/hw
TRACE::2026-01-08.12:02:13::SCWPlatform:: Platform Path C:/Users/User/Documents/GitHub/AHE_Group_G/workspace_TMP3_7.1.26_1/TMP3_Platform/hw/TMP3_pmod_wrapper.xsa
TRACE::2026-01-08.12:02:13::SCWPlatform:: Unique name xilinx:::0.0
TRACE::2026-01-08.12:02:13::SCWPlatform::Trying to set the existing hwdb with name TMP3_pmod_wrapper_1
TRACE::2026-01-08.12:02:13::SCWPlatform::Opened existing hwdb TMP3_pmod_wrapper_1
TRACE::2026-01-08.12:02:13::SCWPlatform::Found the Hw Db part of the input DSA
TRACE::2026-01-08.12:02:13::SCWMssOS::Checking the sw design at  C:/Users/User/Documents/GitHub/AHE_Group_G/workspace_TMP3_7.1.26_1/TMP3_Platform/microblaze_0/standalone_domain/bsp/system.mss
TRACE::2026-01-08.12:02:13::SCWMssOS::DEBUG:  swdes dump  C:/Users/User/Documents/GitHub/AHE_Group_G/workspace_TMP3_7.1.26_1/TMP3_Platform/microblaze_0/standalone_domain/bsp/system.mss|system||

TRACE::2026-01-08.12:02:13::SCWMssOS::Sw design exists and opened at  C:/Users/User/Documents/GitHub/AHE_Group_G/workspace_TMP3_7.1.26_1/TMP3_Platform/microblaze_0/standalone_domain/bsp/system.mss
TRACE::2026-01-08.12:02:13::SCWWriter::formatted JSON is {
	"platformName":	"TMP3_Platform",
	"sprVersion":	"2.0",
	"mode":	"gui",
	"dsaType":	"Fixed",
	"platformDesc":	"TMP3_Platform",
	"platHandOff":	"C:/Users/User/Documents/GitHub/Hardware_vhdl_ip_files/TMP3_block_7.1_1/TMP3_pmod_wrapper.xsa",
	"platIntHandOff":	"<platformDir>/hw/TMP3_pmod_wrapper.xsa",
	"deviceType":	"FPGA",
	"platIsPrebuiltAutogen":	"false",
	"platIsNoBootBsp":	"false",
	"hasFsblMakeHasChanges":	"false",
	"hasPmufwMakeHasChanges":	"false",
	"platPreBuiltFlag":	false,
	"platformSamplesDir":	"",
	"platActiveSys":	"TMP3_Platform",
	"systems":	[{
			"systemName":	"TMP3_Platform",
			"systemDesc":	"TMP3_Platform",
			"sysIsBootAutoGen":	"true",
			"systemDispName":	"TMP3_Platform",
			"sysActiveDom":	"standalone_domain",
			"sysDefaultDom":	"standalone_domain",
			"domains":	[{
					"domainName":	"standalone_domain",
					"domainDispName":	"standalone on microblaze_0",
					"domainDesc":	"standalone_domain",
					"processors":	"microblaze_0",
					"os":	"standalone",
					"sdxOs":	"standalone",
					"debugEnable":	"False",
					"domRuntimes":	["cpp"],
					"swRepo":	"",
					"mssOsVer":	"7.6",
					"mssFile":	"",
					"md5Digest":	"d6a3b57a5267393b8d497d79c2949060",
					"compatibleApp":	"",
					"domType":	"mssDomain",
					"arch":	"32-bit",
					"appSettings":	{
						"appCompilerFlags":	"",
						"appLinkerFlags":	""
					},
					"addedLibs":	[],
					"libOptions":	{
						"libsContainingOptions":	[]
					},
					"prebuiltLibs":	{
						"prebuiltIncPath":	[],
						"prebuiltLibPath":	[]
					},
					"isolation":	{
					}
				}]
		}]
}
KEYINFO::2026-01-08.12:02:13::SCWPlatform::updated the xpfm file.
TRACE::2026-01-08.12:02:13::SCWPlatform::Trying to open the hw design at C:/Users/User/Documents/GitHub/AHE_Group_G/workspace_TMP3_7.1.26_1/TMP3_Platform/hw/TMP3_pmod_wrapper.xsa
TRACE::2026-01-08.12:02:13::SCWPlatform::DSA given C:/Users/User/Documents/GitHub/AHE_Group_G/workspace_TMP3_7.1.26_1/TMP3_Platform/hw/TMP3_pmod_wrapper.xsa
TRACE::2026-01-08.12:02:13::SCWPlatform::DSA absoulate path C:/Users/User/Documents/GitHub/AHE_Group_G/workspace_TMP3_7.1.26_1/TMP3_Platform/hw/TMP3_pmod_wrapper.xsa
TRACE::2026-01-08.12:02:13::SCWPlatform::DSA directory C:/Users/User/Documents/GitHub/AHE_Group_G/workspace_TMP3_7.1.26_1/TMP3_Platform/hw
TRACE::2026-01-08.12:02:13::SCWPlatform:: Platform Path C:/Users/User/Documents/GitHub/AHE_Group_G/workspace_TMP3_7.1.26_1/TMP3_Platform/hw/TMP3_pmod_wrapper.xsa
TRACE::2026-01-08.12:02:13::SCWPlatform:: Unique name xilinx:::0.0
TRACE::2026-01-08.12:02:13::SCWPlatform::Trying to set the existing hwdb with name TMP3_pmod_wrapper_1
TRACE::2026-01-08.12:02:13::SCWPlatform::Opened existing hwdb TMP3_pmod_wrapper_1
TRACE::2026-01-08.12:02:13::SCWPlatform::Found the Hw Db part of the input DSA
TRACE::2026-01-08.12:02:13::SCWMssOS::Checking the sw design at  C:/Users/User/Documents/GitHub/AHE_Group_G/workspace_TMP3_7.1.26_1/TMP3_Platform/microblaze_0/standalone_domain/bsp/system.mss
TRACE::2026-01-08.12:02:13::SCWMssOS::DEBUG:  swdes dump  C:/Users/User/Documents/GitHub/AHE_Group_G/workspace_TMP3_7.1.26_1/TMP3_Platform/microblaze_0/standalone_domain/bsp/system.mss|system||

TRACE::2026-01-08.12:02:13::SCWMssOS::Sw design exists and opened at  C:/Users/User/Documents/GitHub/AHE_Group_G/workspace_TMP3_7.1.26_1/TMP3_Platform/microblaze_0/standalone_domain/bsp/system.mss
TRACE::2026-01-08.12:22:03::SCWMssOS::cleaning the bsp 
TRACE::2026-01-08.12:22:03::SCWMssOS::System Command Ran  C: & cd  C:/Users/User/Documents/GitHub/AHE_Group_G/workspace_TMP3_7.1.26_1/TMP3_Platform/microblaze_0/standalone_domain/bsp & make clean 
TRACE::2026-01-08.12:22:03::SCWMssOS::make -C microblaze_0/libsrc/bram_v4_7/src -s clean 

TRACE::2026-01-08.12:22:03::SCWMssOS::make -C microblaze_0/libsrc/cpu_v2_14/src -s clean 

TRACE::2026-01-08.12:22:03::SCWMssOS::make -C microblaze_0/libsrc/intc_v3_13/src -s clean 

TRACE::2026-01-08.12:22:03::SCWMssOS::make -C microblaze_0/libsrc/PmodTMP3_v1_0/src -s clean 

TRACE::2026-01-08.12:22:03::SCWMssOS::make -C microblaze_0/libsrc/standalone_v7_6/src -s clean 

TRACE::2026-01-08.12:22:03::SCWMssOS::make -C microblaze_0/libsrc/uartlite_v3_6/src -s clean 

TRACE::2026-01-08.12:22:03::SCWMssOS::rm -f microblaze_0/lib/libxil.a

LOG::2026-01-08.12:22:11::SCWPlatform::Started generating the artifacts platform TMP3_Platform
TRACE::2026-01-08.12:22:11::SCWPlatform::Sanity checking of platform is completed
LOG::2026-01-08.12:22:11::SCWPlatform::Started generating the artifacts for system configuration TMP3_Platform
LOG::2026-01-08.12:22:11::SCWSystem::Checking the domain standalone_domain
LOG::2026-01-08.12:22:11::SCWSystem::Not a boot domain 
LOG::2026-01-08.12:22:11::SCWSystem::Started Processing the domain standalone_domain
TRACE::2026-01-08.12:22:11::SCWDomain::Generating domain artifcats
TRACE::2026-01-08.12:22:11::SCWMssOS::Generating standalone artifcats
TRACE::2026-01-08.12:22:11::SCWMssOS:: Copying the user libraries. 
TRACE::2026-01-08.12:22:11::SCWPlatform::Trying to open the hw design at C:/Users/User/Documents/GitHub/AHE_Group_G/workspace_TMP3_7.1.26_1/TMP3_Platform/hw/TMP3_pmod_wrapper.xsa
TRACE::2026-01-08.12:22:11::SCWPlatform::DSA given C:/Users/User/Documents/GitHub/AHE_Group_G/workspace_TMP3_7.1.26_1/TMP3_Platform/hw/TMP3_pmod_wrapper.xsa
TRACE::2026-01-08.12:22:11::SCWPlatform::DSA absoulate path C:/Users/User/Documents/GitHub/AHE_Group_G/workspace_TMP3_7.1.26_1/TMP3_Platform/hw/TMP3_pmod_wrapper.xsa
TRACE::2026-01-08.12:22:11::SCWPlatform::DSA directory C:/Users/User/Documents/GitHub/AHE_Group_G/workspace_TMP3_7.1.26_1/TMP3_Platform/hw
TRACE::2026-01-08.12:22:11::SCWPlatform:: Platform Path C:/Users/User/Documents/GitHub/AHE_Group_G/workspace_TMP3_7.1.26_1/TMP3_Platform/hw/TMP3_pmod_wrapper.xsa
TRACE::2026-01-08.12:22:11::SCWPlatform:: Unique name xilinx:::0.0
TRACE::2026-01-08.12:22:11::SCWPlatform::Trying to set the existing hwdb with name TMP3_pmod_wrapper_1
TRACE::2026-01-08.12:22:11::SCWPlatform::Opened existing hwdb TMP3_pmod_wrapper_1
TRACE::2026-01-08.12:22:11::SCWPlatform::Found the Hw Db part of the input DSA
TRACE::2026-01-08.12:22:11::SCWMssOS::Checking the sw design at  C:/Users/User/Documents/GitHub/AHE_Group_G/workspace_TMP3_7.1.26_1/TMP3_Platform/microblaze_0/standalone_domain/bsp/system.mss
TRACE::2026-01-08.12:22:11::SCWMssOS::DEBUG:  swdes dump  C:/Users/User/Documents/GitHub/AHE_Group_G/workspace_TMP3_7.1.26_1/TMP3_Platform/microblaze_0/standalone_domain/bsp/system.mss|system||

TRACE::2026-01-08.12:22:11::SCWMssOS::Sw design exists and opened at  C:/Users/User/Documents/GitHub/AHE_Group_G/workspace_TMP3_7.1.26_1/TMP3_Platform/microblaze_0/standalone_domain/bsp/system.mss
TRACE::2026-01-08.12:22:11::SCWMssOS::Completed writing the mss file at C:/Users/User/Documents/GitHub/AHE_Group_G/workspace_TMP3_7.1.26_1/TMP3_Platform/microblaze_0/standalone_domain/bsp
TRACE::2026-01-08.12:22:11::SCWMssOS::Mss edits present, copying mssfile into export location C:/Users/User/Documents/GitHub/AHE_Group_G/workspace_TMP3_7.1.26_1/TMP3_Platform/microblaze_0/standalone_domain/bsp/system.mss
TRACE::2026-01-08.12:22:11::SCWMssOS::bsp generated is upto date with the mss file. Skipping bsp generation.
TRACE::2026-01-08.12:22:11::SCWMssOS::BSP is already built. skipping the bsp build ... 
TRACE::2026-01-08.12:22:11::SCWDomain::Building the domain as part of full build :  standalone_domain
TRACE::2026-01-08.12:22:11::SCWMssOS::doing bsp build ... 
TRACE::2026-01-08.12:22:11::SCWMssOS::System Command Ran  C: & cd  C:/Users/User/Documents/GitHub/AHE_Group_G/workspace_TMP3_7.1.26_1/TMP3_Platform/microblaze_0/standalone_domain/bsp & make 
TRACE::2026-01-08.12:22:11::SCWMssOS::make --no-print-directory seq_libs

TRACE::2026-01-08.12:22:11::SCWMssOS::"Running Make include in microblaze_0/libsrc/bram_v4_7/src"

TRACE::2026-01-08.12:22:11::SCWMssOS::make -C microblaze_0/libsrc/bram_v4_7/src -s include  "SHELL=CMD" "COMPILER=mb-gcc" "ASSEMBLER=mb-as" "ARCHIVER=mb-ar" "COMPILE
TRACE::2026-01-08.12:22:11::SCWMssOS::R_FLAGS=  -O2 -c -mcpu=v11.0 -mlittle-endian -mxl-soft-mul" "EXTRA_COMPILER_FLAGS=-g -ffunction-sections -fdata-sections -Wall 
TRACE::2026-01-08.12:22:11::SCWMssOS::-Wextra -fno-tree-loop-distribute-patterns"

TRACE::2026-01-08.12:22:11::SCWMssOS::"Running Make include in microblaze_0/libsrc/cpu_v2_14/src"

TRACE::2026-01-08.12:22:11::SCWMssOS::make -C microblaze_0/libsrc/cpu_v2_14/src -s include  "SHELL=CMD" "COMPILER=mb-gcc" "ASSEMBLER=mb-as" "ARCHIVER=mb-ar" "COMPILE
TRACE::2026-01-08.12:22:11::SCWMssOS::R_FLAGS=  -O2 -c -mcpu=v11.0 -mlittle-endian -mxl-soft-mul" "EXTRA_COMPILER_FLAGS=-g -ffunction-sections -fdata-sections -Wall 
TRACE::2026-01-08.12:22:11::SCWMssOS::-Wextra -fno-tree-loop-distribute-patterns"

TRACE::2026-01-08.12:22:11::SCWMssOS::"Running Make include in microblaze_0/libsrc/intc_v3_13/src"

TRACE::2026-01-08.12:22:11::SCWMssOS::make -C microblaze_0/libsrc/intc_v3_13/src -s include  "SHELL=CMD" "COMPILER=mb-gcc" "ASSEMBLER=mb-as" "ARCHIVER=mb-ar" "COMPIL
TRACE::2026-01-08.12:22:11::SCWMssOS::ER_FLAGS=  -O2 -c -mcpu=v11.0 -mlittle-endian -mxl-soft-mul" "EXTRA_COMPILER_FLAGS=-g -ffunction-sections -fdata-sections -Wall
TRACE::2026-01-08.12:22:11::SCWMssOS:: -Wextra -fno-tree-loop-distribute-patterns"

TRACE::2026-01-08.12:22:11::SCWMssOS::"Running Make include in microblaze_0/libsrc/PmodTMP3_v1_0/src"

TRACE::2026-01-08.12:22:11::SCWMssOS::make -C microblaze_0/libsrc/PmodTMP3_v1_0/src -s include  "SHELL=CMD" "COMPILER=mb-gcc" "ASSEMBLER=mb-as" "ARCHIVER=mb-ar" "COM
TRACE::2026-01-08.12:22:11::SCWMssOS::PILER_FLAGS=  -O2 -c -mcpu=v11.0 -mlittle-endian -mxl-soft-mul" "EXTRA_COMPILER_FLAGS=-g -ffunction-sections -fdata-sections -W
TRACE::2026-01-08.12:22:11::SCWMssOS::all -Wextra -fno-tree-loop-distribute-patterns"

TRACE::2026-01-08.12:22:11::SCWMssOS::"Running Make include in microblaze_0/libsrc/standalone_v7_6/src"

TRACE::2026-01-08.12:22:11::SCWMssOS::make -C microblaze_0/libsrc/standalone_v7_6/src -s include  "SHELL=CMD" "COMPILER=mb-gcc" "ASSEMBLER=mb-as" "ARCHIVER=mb-ar" "C
TRACE::2026-01-08.12:22:11::SCWMssOS::OMPILER_FLAGS=  -O2 -c -mcpu=v11.0 -mlittle-endian -mxl-soft-mul" "EXTRA_COMPILER_FLAGS=-g -ffunction-sections -fdata-sections 
TRACE::2026-01-08.12:22:11::SCWMssOS::-Wall -Wextra -fno-tree-loop-distribute-patterns"

TRACE::2026-01-08.12:22:11::SCWMssOS::"Running Make include in microblaze_0/libsrc/uartlite_v3_6/src"

TRACE::2026-01-08.12:22:11::SCWMssOS::make -C microblaze_0/libsrc/uartlite_v3_6/src -s include  "SHELL=CMD" "COMPILER=mb-gcc" "ASSEMBLER=mb-as" "ARCHIVER=mb-ar" "COM
TRACE::2026-01-08.12:22:11::SCWMssOS::PILER_FLAGS=  -O2 -c -mcpu=v11.0 -mlittle-endian -mxl-soft-mul" "EXTRA_COMPILER_FLAGS=-g -ffunction-sections -fdata-sections -W
TRACE::2026-01-08.12:22:11::SCWMssOS::all -Wextra -fno-tree-loop-distribute-patterns"

TRACE::2026-01-08.12:22:11::SCWMssOS::"Running Make libs in microblaze_0/libsrc/PmodTMP3_v1_0/src"

TRACE::2026-01-08.12:22:11::SCWMssOS::make -C microblaze_0/libsrc/PmodTMP3_v1_0/src -s libs  "SHELL=CMD" "COMPILER=mb-gcc" "ASSEMBLER=mb-as" "ARCHIVER=mb-ar" "COMPIL
TRACE::2026-01-08.12:22:11::SCWMssOS::ER_FLAGS=  -O2 -c -mcpu=v11.0 -mlittle-endian -mxl-soft-mul" "EXTRA_COMPILER_FLAGS=-g -ffunction-sections -fdata-sections -Wall
TRACE::2026-01-08.12:22:11::SCWMssOS:: -Wextra -fno-tree-loop-distribute-patterns"

TRACE::2026-01-08.12:22:11::SCWMssOS::"Compiling PmodTMP3"

TRACE::2026-01-08.12:22:13::SCWMssOS::'Finished building libraries sequentially.'

TRACE::2026-01-08.12:22:13::SCWMssOS::make -j 10 --no-print-directory par_libs

TRACE::2026-01-08.12:22:13::SCWMssOS::"Running Make include in microblaze_0/libsrc/bram_v4_7/src"

TRACE::2026-01-08.12:22:13::SCWMssOS::make -C microblaze_0/libsrc/bram_v4_7/src -s include  "SHELL=CMD" "COMPILER=mb-gcc" "ASSEMBLER=mb-as" "ARCHIVER=mb-ar" "COMPILE
TRACE::2026-01-08.12:22:13::SCWMssOS::R_FLAGS=  -O2 -c -mcpu=v11.0 -mlittle-endian -mxl-soft-mul" "EXTRA_COMPILER_FLAGS=-g -ffunction-sections -fdata-sections -Wall 
TRACE::2026-01-08.12:22:13::SCWMssOS::-Wextra -fno-tree-loop-distribute-patterns"

TRACE::2026-01-08.12:22:13::SCWMssOS::"Running Make include in microblaze_0/libsrc/cpu_v2_14/src"

TRACE::2026-01-08.12:22:13::SCWMssOS::make -C microblaze_0/libsrc/cpu_v2_14/src -s include  "SHELL=CMD" "COMPILER=mb-gcc" "ASSEMBLER=mb-as" "ARCHIVER=mb-ar" "COMPILE
TRACE::2026-01-08.12:22:13::SCWMssOS::R_FLAGS=  -O2 -c -mcpu=v11.0 -mlittle-endian -mxl-soft-mul" "EXTRA_COMPILER_FLAGS=-g -ffunction-sections -fdata-sections -Wall 
TRACE::2026-01-08.12:22:13::SCWMssOS::-Wextra -fno-tree-loop-distribute-patterns"

TRACE::2026-01-08.12:22:13::SCWMssOS::"Running Make include in microblaze_0/libsrc/intc_v3_13/src"

TRACE::2026-01-08.12:22:13::SCWMssOS::make -C microblaze_0/libsrc/intc_v3_13/src -s include  "SHELL=CMD" "COMPILER=mb-gcc" "ASSEMBLER=mb-as" "ARCHIVER=mb-ar" "COMPIL
TRACE::2026-01-08.12:22:13::SCWMssOS::ER_FLAGS=  -O2 -c -mcpu=v11.0 -mlittle-endian -mxl-soft-mul" "EXTRA_COMPILER_FLAGS=-g -ffunction-sections -fdata-sections -Wall
TRACE::2026-01-08.12:22:13::SCWMssOS:: -Wextra -fno-tree-loop-distribute-patterns"

TRACE::2026-01-08.12:22:13::SCWMssOS::"Running Make include in microblaze_0/libsrc/PmodTMP3_v1_0/src"

TRACE::2026-01-08.12:22:13::SCWMssOS::make -C microblaze_0/libsrc/PmodTMP3_v1_0/src -s include  "SHELL=CMD" "COMPILER=mb-gcc" "ASSEMBLER=mb-as" "ARCHIVER=mb-ar" "COM
TRACE::2026-01-08.12:22:13::SCWMssOS::PILER_FLAGS=  -O2 -c -mcpu=v11.0 -mlittle-endian -mxl-soft-mul" "EXTRA_COMPILER_FLAGS=-g -ffunction-sections -fdata-sections -W
TRACE::2026-01-08.12:22:13::SCWMssOS::all -Wextra -fno-tree-loop-distribute-patterns"

TRACE::2026-01-08.12:22:13::SCWMssOS::"Running Make include in microblaze_0/libsrc/standalone_v7_6/src"

TRACE::2026-01-08.12:22:13::SCWMssOS::make -C microblaze_0/libsrc/standalone_v7_6/src -s include  "SHELL=CMD" "COMPILER=mb-gcc" "ASSEMBLER=mb-as" "ARCHIVER=mb-ar" "C
TRACE::2026-01-08.12:22:13::SCWMssOS::OMPILER_FLAGS=  -O2 -c -mcpu=v11.0 -mlittle-endian -mxl-soft-mul" "EXTRA_COMPILER_FLAGS=-g -ffunction-sections -fdata-sections 
TRACE::2026-01-08.12:22:13::SCWMssOS::-Wall -Wextra -fno-tree-loop-distribute-patterns"

TRACE::2026-01-08.12:22:13::SCWMssOS::"Running Make include in microblaze_0/libsrc/uartlite_v3_6/src"

TRACE::2026-01-08.12:22:13::SCWMssOS::make -C microblaze_0/libsrc/uartlite_v3_6/src -s include  "SHELL=CMD" "COMPILER=mb-gcc" "ASSEMBLER=mb-as" "ARCHIVER=mb-ar" "COM
TRACE::2026-01-08.12:22:13::SCWMssOS::PILER_FLAGS=  -O2 -c -mcpu=v11.0 -mlittle-endian -mxl-soft-mul" "EXTRA_COMPILER_FLAGS=-g -ffunction-sections -fdata-sections -W
TRACE::2026-01-08.12:22:13::SCWMssOS::all -Wextra -fno-tree-loop-distribute-patterns"

TRACE::2026-01-08.12:22:13::SCWMssOS::"Running Make libs in microblaze_0/libsrc/bram_v4_7/src"

TRACE::2026-01-08.12:22:13::SCWMssOS::make -C microblaze_0/libsrc/bram_v4_7/src -s libs  "SHELL=CMD" "COMPILER=mb-gcc" "ASSEMBLER=mb-as" "ARCHIVER=mb-ar" "COMPILER_F
TRACE::2026-01-08.12:22:13::SCWMssOS::LAGS=  -O2 -c -mcpu=v11.0 -mlittle-endian -mxl-soft-mul" "EXTRA_COMPILER_FLAGS=-g -ffunction-sections -fdata-sections -Wall -We
TRACE::2026-01-08.12:22:13::SCWMssOS::xtra -fno-tree-loop-distribute-patterns"

TRACE::2026-01-08.12:22:13::SCWMssOS::"Running Make libs in microblaze_0/libsrc/cpu_v2_14/src"

TRACE::2026-01-08.12:22:13::SCWMssOS::make -C microblaze_0/libsrc/cpu_v2_14/src -s libs  "SHELL=CMD" "COMPILER=mb-gcc" "ASSEMBLER=mb-as" "ARCHIVER=mb-ar" "COMPILER_F
TRACE::2026-01-08.12:22:13::SCWMssOS::LAGS=  -O2 -c -mcpu=v11.0 -mlittle-endian -mxl-soft-mul" "EXTRA_COMPILER_FLAGS=-g -ffunction-sections -fdata-sections -Wall -We
TRACE::2026-01-08.12:22:13::SCWMssOS::xtra -fno-tree-loop-distribute-patterns"

TRACE::2026-01-08.12:22:13::SCWMssOS::"Running Make libs in microblaze_0/libsrc/intc_v3_13/src"

TRACE::2026-01-08.12:22:13::SCWMssOS::make -C microblaze_0/libsrc/intc_v3_13/src -s libs  "SHELL=CMD" "COMPILER=mb-gcc" "ASSEMBLER=mb-as" "ARCHIVER=mb-ar" "COMPILER_
TRACE::2026-01-08.12:22:13::SCWMssOS::FLAGS=  -O2 -c -mcpu=v11.0 -mlittle-endian -mxl-soft-mul" "EXTRA_COMPILER_FLAGS=-g -ffunction-sections -fdata-sections -Wall -W
TRACE::2026-01-08.12:22:13::SCWMssOS::extra -fno-tree-loop-distribute-patterns"

TRACE::2026-01-08.12:22:13::SCWMssOS::"Running Make libs in microblaze_0/libsrc/standalone_v7_6/src"

TRACE::2026-01-08.12:22:13::SCWMssOS::make -C microblaze_0/libsrc/standalone_v7_6/src -s libs  "SHELL=CMD" "COMPILER=mb-gcc" "ASSEMBLER=mb-as" "ARCHIVER=mb-ar" "COMP
TRACE::2026-01-08.12:22:13::SCWMssOS::ILER_FLAGS=  -O2 -c -mcpu=v11.0 -mlittle-endian -mxl-soft-mul" "EXTRA_COMPILER_FLAGS=-g -ffunction-sections -fdata-sections -Wa
TRACE::2026-01-08.12:22:13::SCWMssOS::ll -Wextra -fno-tree-loop-distribute-patterns"

TRACE::2026-01-08.12:22:13::SCWMssOS::"Running Make libs in microblaze_0/libsrc/uartlite_v3_6/src"

TRACE::2026-01-08.12:22:14::SCWMssOS::make -C microblaze_0/libsrc/uartlite_v3_6/src -s libs  "SHELL=CMD" "COMPILER=mb-gcc" "ASSEMBLER=mb-as" "ARCHIVER=mb-ar" "COMPIL
TRACE::2026-01-08.12:22:14::SCWMssOS::ER_FLAGS=  -O2 -c -mcpu=v11.0 -mlittle-endian -mxl-soft-mul" "EXTRA_COMPILER_FLAGS=-g -ffunction-sections -fdata-sections -Wall
TRACE::2026-01-08.12:22:14::SCWMssOS:: -Wextra -fno-tree-loop-distribute-patterns"

TRACE::2026-01-08.12:22:15::SCWMssOS::"DEBUG NON_LTO_OBJECTS is ../../../lib/microblaze_interrupt_handler.o"

TRACE::2026-01-08.12:22:15::SCWMssOS::'Finished building libraries parallelly.'

TRACE::2026-01-08.12:22:15::SCWMssOS::make --no-print-directory archive

TRACE::2026-01-08.12:22:15::SCWMssOS::mb-ar -r  microblaze_0/lib/libxil.a microblaze_0/lib/xplatform_info.o microblaze_0/lib/xuartlite.o microblaze_0/lib/microblaze_
TRACE::2026-01-08.12:22:15::SCWMssOS::disable_exceptions.o microblaze_0/lib/print.o microblaze_0/lib/_exit.o microblaze_0/lib/xil_testio.o microblaze_0/lib/microblaz
TRACE::2026-01-08.12:22:15::SCWMssOS::e_disable_dcache.o microblaze_0/lib/microblaze_flush_dcache_range.o microblaze_0/lib/microblaze_flush_cache_ext.o microblaze_0/
TRACE::2026-01-08.12:22:15::SCWMssOS::lib/xbram_sinit.o microblaze_0/lib/xil_misc_psreset_api.o microblaze_0/lib/xil_cache.o microblaze_0/lib/xil_util.o microblaze_0
TRACE::2026-01-08.12:22:15::SCWMssOS::/lib/inbyte.o microblaze_0/lib/xbram_g.o microblaze_0/lib/xuartlite_stats.o microblaze_0/lib/microblaze_exception_handler.o mic
TRACE::2026-01-08.12:22:15::SCWMssOS::roblaze_0/lib/microblaze_scrub.o microblaze_0/lib/microblaze_invalidate_dcache.o microblaze_0/lib/microblaze_disable_interrupts
TRACE::2026-01-08.12:22:15::SCWMssOS::.o microblaze_0/lib/xbram_selftest.o microblaze_0/lib/microblaze_interrupt_handler.o microblaze_0/lib/microblaze_disable_icache
TRACE::2026-01-08.12:22:15::SCWMssOS::.o microblaze_0/lib/xil_mem.o microblaze_0/lib/xuartlite_intr.o microblaze_0/lib/microblaze_flush_cache_ext_range.o microblaze_
TRACE::2026-01-08.12:22:15::SCWMssOS::0/lib/xbram_intr.o microblaze_0/lib/xil_sleepcommon.o microblaze_0/lib/xil_printf.o microblaze_0/lib/xintc_g.o microblaze_0/lib
TRACE::2026-01-08.12:22:15::SCWMssOS::/xuartlite_g.o microblaze_0/lib/xintc_selftest.o microblaze_0/lib/xintc_l.o microblaze_0/lib/outbyte.o microblaze_0/lib/microbl
TRACE::2026-01-08.12:22:15::SCWMssOS::aze_invalidate_dcache_range.o microblaze_0/lib/microblaze_invalidate_cache_ext.o microblaze_0/lib/microblaze_sleep.o microblaze
TRACE::2026-01-08.12:22:15::SCWMssOS::_0/lib/hw_exception_handler.o microblaze_0/lib/xuartlite_selftest.o microblaze_0/lib/xintc_intr.o microblaze_0/lib/microblaze_u
TRACE::2026-01-08.12:22:15::SCWMssOS::pdate_dcache.o microblaze_0/lib/xil_testcache.o microblaze_0/lib/microblaze_selftest.o microblaze_0/lib/microblaze_interrupts_g
TRACE::2026-01-08.12:22:15::SCWMssOS::.o microblaze_0/lib/microblaze_enable_exceptions.o microblaze_0/lib/xio.o microblaze_0/lib/microblaze_enable_dcache.o microblaz
TRACE::2026-01-08.12:22:15::SCWMssOS::e_0/lib/xbram.o microblaze_0/lib/microblaze_invalidate_icache_range.o microblaze_0/lib/microblaze_init_dcache_range.o microblaz
TRACE::2026-01-08.12:22:15::SCWMssOS::e_0/lib/microblaze_invalidate_icache.o microblaze_0/lib/errno.o microblaze_0/lib/xuartlite_l.o microblaze_0/lib/xintc_options.o
TRACE::2026-01-08.12:22:15::SCWMssOS:: microblaze_0/lib/microblaze_invalidate_cache_ext_range.o microblaze_0/lib/xil_exception.o microblaze_0/lib/pvr.o microblaze_0/
TRACE::2026-01-08.12:22:15::SCWMssOS::lib/xil_testmem.o microblaze_0/lib/microblaze_update_icache.o microblaze_0/lib/microblaze_flush_dcache.o microblaze_0/lib/xil_c
TRACE::2026-01-08.12:22:15::SCWMssOS::locking.o microblaze_0/lib/xil_assert.o microblaze_0/lib/microblaze_enable_interrupts.o microblaze_0/lib/microblaze_enable_icac
TRACE::2026-01-08.12:22:15::SCWMssOS::he.o microblaze_0/lib/xintc.o microblaze_0/lib/xuartlite_sinit.o microblaze_0/lib/fcntl.o microblaze_0/lib/microblaze_init_icac
TRACE::2026-01-08.12:22:15::SCWMssOS::he_range.o

TRACE::2026-01-08.12:22:15::SCWMssOS::'Finished building libraries'

TRACE::2026-01-08.12:22:15::SCWMssOS::Copying to export directory.
TRACE::2026-01-08.12:22:15::SCWMssOS:: Checking if to create the Supporting Applications
TRACE::2026-01-08.12:22:15::SCWMssOS:: No Linux domain exists, trying to generate FSBL 
LOG::2026-01-08.12:22:15::SCWSystem::Completed Processing the domain standalone_domain
LOG::2026-01-08.12:22:15::SCWSystem::Completed Processing the sysconfig TMP3_Platform
LOG::2026-01-08.12:22:15::SCWPlatform::Completed generating the artifacts for system configuration TMP3_Platform
TRACE::2026-01-08.12:22:15::SCWPlatform::Started preparing the platform 
TRACE::2026-01-08.12:22:15::SCWSystem::Writing the bif file for system config TMP3_Platform
TRACE::2026-01-08.12:22:15::SCWSystem::dir created 
TRACE::2026-01-08.12:22:15::SCWSystem::Writing the bif 
TRACE::2026-01-08.12:22:15::SCWPlatform::Started writing the spfm file 
TRACE::2026-01-08.12:22:15::SCWPlatform::Started writing the xpfm file 
TRACE::2026-01-08.12:22:15::SCWPlatform::Completed generating the platform
TRACE::2026-01-08.12:22:15::SCWMssOS::Saving the mss changes C:/Users/User/Documents/GitHub/AHE_Group_G/workspace_TMP3_7.1.26_1/TMP3_Platform/microblaze_0/standalone_domain/bsp/system.mss
TRACE::2026-01-08.12:22:15::SCWMssOS::Found a swdesign opened with the mssfile.
TRACE::2026-01-08.12:22:15::SCWMssOS::Completed writemss as part of save.
TRACE::2026-01-08.12:22:15::SCWMssOS::Commit changes completed.
TRACE::2026-01-08.12:22:15::SCWPlatform::Trying to open the hw design at C:/Users/User/Documents/GitHub/AHE_Group_G/workspace_TMP3_7.1.26_1/TMP3_Platform/hw/TMP3_pmod_wrapper.xsa
TRACE::2026-01-08.12:22:15::SCWPlatform::DSA given C:/Users/User/Documents/GitHub/AHE_Group_G/workspace_TMP3_7.1.26_1/TMP3_Platform/hw/TMP3_pmod_wrapper.xsa
TRACE::2026-01-08.12:22:15::SCWPlatform::DSA absoulate path C:/Users/User/Documents/GitHub/AHE_Group_G/workspace_TMP3_7.1.26_1/TMP3_Platform/hw/TMP3_pmod_wrapper.xsa
TRACE::2026-01-08.12:22:15::SCWPlatform::DSA directory C:/Users/User/Documents/GitHub/AHE_Group_G/workspace_TMP3_7.1.26_1/TMP3_Platform/hw
TRACE::2026-01-08.12:22:15::SCWPlatform:: Platform Path C:/Users/User/Documents/GitHub/AHE_Group_G/workspace_TMP3_7.1.26_1/TMP3_Platform/hw/TMP3_pmod_wrapper.xsa
TRACE::2026-01-08.12:22:15::SCWPlatform:: Unique name xilinx:::0.0
TRACE::2026-01-08.12:22:15::SCWPlatform::Trying to set the existing hwdb with name TMP3_pmod_wrapper_1
TRACE::2026-01-08.12:22:15::SCWPlatform::Opened existing hwdb TMP3_pmod_wrapper_1
TRACE::2026-01-08.12:22:15::SCWPlatform::Found the Hw Db part of the input DSA
TRACE::2026-01-08.12:22:15::SCWMssOS::Checking the sw design at  C:/Users/User/Documents/GitHub/AHE_Group_G/workspace_TMP3_7.1.26_1/TMP3_Platform/microblaze_0/standalone_domain/bsp/system.mss
TRACE::2026-01-08.12:22:15::SCWMssOS::DEBUG:  swdes dump  C:/Users/User/Documents/GitHub/AHE_Group_G/workspace_TMP3_7.1.26_1/TMP3_Platform/microblaze_0/standalone_domain/bsp/system.mss|system||

TRACE::2026-01-08.12:22:15::SCWMssOS::Sw design exists and opened at  C:/Users/User/Documents/GitHub/AHE_Group_G/workspace_TMP3_7.1.26_1/TMP3_Platform/microblaze_0/standalone_domain/bsp/system.mss
TRACE::2026-01-08.12:22:15::SCWWriter::formatted JSON is {
	"platformName":	"TMP3_Platform",
	"sprVersion":	"2.0",
	"mode":	"gui",
	"dsaType":	"Fixed",
	"platformDesc":	"TMP3_Platform",
	"platHandOff":	"C:/Users/User/Documents/GitHub/Hardware_vhdl_ip_files/TMP3_block_7.1_1/TMP3_pmod_wrapper.xsa",
	"platIntHandOff":	"<platformDir>/hw/TMP3_pmod_wrapper.xsa",
	"deviceType":	"FPGA",
	"platIsPrebuiltAutogen":	"false",
	"platIsNoBootBsp":	"false",
	"hasFsblMakeHasChanges":	"false",
	"hasPmufwMakeHasChanges":	"false",
	"platPreBuiltFlag":	false,
	"platformSamplesDir":	"",
	"platActiveSys":	"TMP3_Platform",
	"systems":	[{
			"systemName":	"TMP3_Platform",
			"systemDesc":	"TMP3_Platform",
			"sysIsBootAutoGen":	"true",
			"systemDispName":	"TMP3_Platform",
			"sysActiveDom":	"standalone_domain",
			"sysDefaultDom":	"standalone_domain",
			"domains":	[{
					"domainName":	"standalone_domain",
					"domainDispName":	"standalone on microblaze_0",
					"domainDesc":	"standalone_domain",
					"processors":	"microblaze_0",
					"os":	"standalone",
					"sdxOs":	"standalone",
					"debugEnable":	"False",
					"domRuntimes":	["cpp"],
					"swRepo":	"",
					"mssOsVer":	"7.6",
					"mssFile":	"",
					"md5Digest":	"d6a3b57a5267393b8d497d79c2949060",
					"compatibleApp":	"",
					"domType":	"mssDomain",
					"arch":	"32-bit",
					"appSettings":	{
						"appCompilerFlags":	"",
						"appLinkerFlags":	""
					},
					"addedLibs":	[],
					"libOptions":	{
						"libsContainingOptions":	[]
					},
					"prebuiltLibs":	{
						"prebuiltIncPath":	[],
						"prebuiltLibPath":	[]
					},
					"isolation":	{
					}
				}]
		}]
}
KEYINFO::2026-01-08.12:22:15::SCWPlatform::updated the xpfm file.
TRACE::2026-01-08.12:22:15::SCWPlatform::Trying to open the hw design at C:/Users/User/Documents/GitHub/AHE_Group_G/workspace_TMP3_7.1.26_1/TMP3_Platform/hw/TMP3_pmod_wrapper.xsa
TRACE::2026-01-08.12:22:15::SCWPlatform::DSA given C:/Users/User/Documents/GitHub/AHE_Group_G/workspace_TMP3_7.1.26_1/TMP3_Platform/hw/TMP3_pmod_wrapper.xsa
TRACE::2026-01-08.12:22:15::SCWPlatform::DSA absoulate path C:/Users/User/Documents/GitHub/AHE_Group_G/workspace_TMP3_7.1.26_1/TMP3_Platform/hw/TMP3_pmod_wrapper.xsa
TRACE::2026-01-08.12:22:15::SCWPlatform::DSA directory C:/Users/User/Documents/GitHub/AHE_Group_G/workspace_TMP3_7.1.26_1/TMP3_Platform/hw
TRACE::2026-01-08.12:22:15::SCWPlatform:: Platform Path C:/Users/User/Documents/GitHub/AHE_Group_G/workspace_TMP3_7.1.26_1/TMP3_Platform/hw/TMP3_pmod_wrapper.xsa
TRACE::2026-01-08.12:22:15::SCWPlatform:: Unique name xilinx:::0.0
TRACE::2026-01-08.12:22:15::SCWPlatform::Trying to set the existing hwdb with name TMP3_pmod_wrapper_1
TRACE::2026-01-08.12:22:15::SCWPlatform::Opened existing hwdb TMP3_pmod_wrapper_1
TRACE::2026-01-08.12:22:15::SCWPlatform::Found the Hw Db part of the input DSA
TRACE::2026-01-08.12:22:15::SCWMssOS::Checking the sw design at  C:/Users/User/Documents/GitHub/AHE_Group_G/workspace_TMP3_7.1.26_1/TMP3_Platform/microblaze_0/standalone_domain/bsp/system.mss
TRACE::2026-01-08.12:22:15::SCWMssOS::DEBUG:  swdes dump  C:/Users/User/Documents/GitHub/AHE_Group_G/workspace_TMP3_7.1.26_1/TMP3_Platform/microblaze_0/standalone_domain/bsp/system.mss|system||

TRACE::2026-01-08.12:22:15::SCWMssOS::Sw design exists and opened at  C:/Users/User/Documents/GitHub/AHE_Group_G/workspace_TMP3_7.1.26_1/TMP3_Platform/microblaze_0/standalone_domain/bsp/system.mss
TRACE::2026-01-08.12:22:28::SCWMssOS::cleaning the bsp 
TRACE::2026-01-08.12:22:28::SCWMssOS::System Command Ran  C: & cd  C:/Users/User/Documents/GitHub/AHE_Group_G/workspace_TMP3_7.1.26_1/TMP3_Platform/microblaze_0/standalone_domain/bsp & make clean 
TRACE::2026-01-08.12:22:28::SCWMssOS::make -C microblaze_0/libsrc/bram_v4_7/src -s clean 

TRACE::2026-01-08.12:22:28::SCWMssOS::make -C microblaze_0/libsrc/cpu_v2_14/src -s clean 

TRACE::2026-01-08.12:22:28::SCWMssOS::make -C microblaze_0/libsrc/intc_v3_13/src -s clean 

TRACE::2026-01-08.12:22:28::SCWMssOS::make -C microblaze_0/libsrc/PmodTMP3_v1_0/src -s clean 

TRACE::2026-01-08.12:22:28::SCWMssOS::make -C microblaze_0/libsrc/standalone_v7_6/src -s clean 

TRACE::2026-01-08.12:22:28::SCWMssOS::make -C microblaze_0/libsrc/uartlite_v3_6/src -s clean 

TRACE::2026-01-08.12:22:29::SCWMssOS::rm -f microblaze_0/lib/libxil.a

LOG::2026-01-08.12:22:33::SCWPlatform::Started generating the artifacts platform TMP3_Platform
TRACE::2026-01-08.12:22:33::SCWPlatform::Sanity checking of platform is completed
LOG::2026-01-08.12:22:33::SCWPlatform::Started generating the artifacts for system configuration TMP3_Platform
LOG::2026-01-08.12:22:33::SCWSystem::Checking the domain standalone_domain
LOG::2026-01-08.12:22:33::SCWSystem::Not a boot domain 
LOG::2026-01-08.12:22:33::SCWSystem::Started Processing the domain standalone_domain
TRACE::2026-01-08.12:22:33::SCWDomain::Generating domain artifcats
TRACE::2026-01-08.12:22:33::SCWMssOS::Generating standalone artifcats
TRACE::2026-01-08.12:22:33::SCWMssOS:: Copying the user libraries. 
TRACE::2026-01-08.12:22:33::SCWPlatform::Trying to open the hw design at C:/Users/User/Documents/GitHub/AHE_Group_G/workspace_TMP3_7.1.26_1/TMP3_Platform/hw/TMP3_pmod_wrapper.xsa
TRACE::2026-01-08.12:22:33::SCWPlatform::DSA given C:/Users/User/Documents/GitHub/AHE_Group_G/workspace_TMP3_7.1.26_1/TMP3_Platform/hw/TMP3_pmod_wrapper.xsa
TRACE::2026-01-08.12:22:33::SCWPlatform::DSA absoulate path C:/Users/User/Documents/GitHub/AHE_Group_G/workspace_TMP3_7.1.26_1/TMP3_Platform/hw/TMP3_pmod_wrapper.xsa
TRACE::2026-01-08.12:22:33::SCWPlatform::DSA directory C:/Users/User/Documents/GitHub/AHE_Group_G/workspace_TMP3_7.1.26_1/TMP3_Platform/hw
TRACE::2026-01-08.12:22:33::SCWPlatform:: Platform Path C:/Users/User/Documents/GitHub/AHE_Group_G/workspace_TMP3_7.1.26_1/TMP3_Platform/hw/TMP3_pmod_wrapper.xsa
TRACE::2026-01-08.12:22:33::SCWPlatform:: Unique name xilinx:::0.0
TRACE::2026-01-08.12:22:33::SCWPlatform::Trying to set the existing hwdb with name TMP3_pmod_wrapper_1
TRACE::2026-01-08.12:22:33::SCWPlatform::Opened existing hwdb TMP3_pmod_wrapper_1
TRACE::2026-01-08.12:22:33::SCWPlatform::Found the Hw Db part of the input DSA
TRACE::2026-01-08.12:22:33::SCWMssOS::Checking the sw design at  C:/Users/User/Documents/GitHub/AHE_Group_G/workspace_TMP3_7.1.26_1/TMP3_Platform/microblaze_0/standalone_domain/bsp/system.mss
TRACE::2026-01-08.12:22:33::SCWMssOS::DEBUG:  swdes dump  C:/Users/User/Documents/GitHub/AHE_Group_G/workspace_TMP3_7.1.26_1/TMP3_Platform/microblaze_0/standalone_domain/bsp/system.mss|system||

TRACE::2026-01-08.12:22:33::SCWMssOS::Sw design exists and opened at  C:/Users/User/Documents/GitHub/AHE_Group_G/workspace_TMP3_7.1.26_1/TMP3_Platform/microblaze_0/standalone_domain/bsp/system.mss
TRACE::2026-01-08.12:22:33::SCWMssOS::Completed writing the mss file at C:/Users/User/Documents/GitHub/AHE_Group_G/workspace_TMP3_7.1.26_1/TMP3_Platform/microblaze_0/standalone_domain/bsp
TRACE::2026-01-08.12:22:33::SCWMssOS::Mss edits present, copying mssfile into export location C:/Users/User/Documents/GitHub/AHE_Group_G/workspace_TMP3_7.1.26_1/TMP3_Platform/microblaze_0/standalone_domain/bsp/system.mss
TRACE::2026-01-08.12:22:33::SCWMssOS::bsp generated is upto date with the mss file. Skipping bsp generation.
TRACE::2026-01-08.12:22:33::SCWMssOS::BSP is already built. skipping the bsp build ... 
TRACE::2026-01-08.12:22:33::SCWDomain::Building the domain as part of full build :  standalone_domain
TRACE::2026-01-08.12:22:33::SCWMssOS::doing bsp build ... 
TRACE::2026-01-08.12:22:33::SCWMssOS::System Command Ran  C: & cd  C:/Users/User/Documents/GitHub/AHE_Group_G/workspace_TMP3_7.1.26_1/TMP3_Platform/microblaze_0/standalone_domain/bsp & make 
TRACE::2026-01-08.12:22:33::SCWMssOS::make --no-print-directory seq_libs

TRACE::2026-01-08.12:22:34::SCWMssOS::"Running Make include in microblaze_0/libsrc/bram_v4_7/src"

TRACE::2026-01-08.12:22:34::SCWMssOS::make -C microblaze_0/libsrc/bram_v4_7/src -s include  "SHELL=CMD" "COMPILER=mb-gcc" "ASSEMBLER=mb-as" "ARCHIVER=mb-ar" "COMPILE
TRACE::2026-01-08.12:22:34::SCWMssOS::R_FLAGS=  -O2 -c -mcpu=v11.0 -mlittle-endian -mxl-soft-mul" "EXTRA_COMPILER_FLAGS=-g -ffunction-sections -fdata-sections -Wall 
TRACE::2026-01-08.12:22:34::SCWMssOS::-Wextra -fno-tree-loop-distribute-patterns"

TRACE::2026-01-08.12:22:34::SCWMssOS::"Running Make include in microblaze_0/libsrc/cpu_v2_14/src"

TRACE::2026-01-08.12:22:34::SCWMssOS::make -C microblaze_0/libsrc/cpu_v2_14/src -s include  "SHELL=CMD" "COMPILER=mb-gcc" "ASSEMBLER=mb-as" "ARCHIVER=mb-ar" "COMPILE
TRACE::2026-01-08.12:22:34::SCWMssOS::R_FLAGS=  -O2 -c -mcpu=v11.0 -mlittle-endian -mxl-soft-mul" "EXTRA_COMPILER_FLAGS=-g -ffunction-sections -fdata-sections -Wall 
TRACE::2026-01-08.12:22:34::SCWMssOS::-Wextra -fno-tree-loop-distribute-patterns"

TRACE::2026-01-08.12:22:34::SCWMssOS::"Running Make include in microblaze_0/libsrc/intc_v3_13/src"

TRACE::2026-01-08.12:22:34::SCWMssOS::make -C microblaze_0/libsrc/intc_v3_13/src -s include  "SHELL=CMD" "COMPILER=mb-gcc" "ASSEMBLER=mb-as" "ARCHIVER=mb-ar" "COMPIL
TRACE::2026-01-08.12:22:34::SCWMssOS::ER_FLAGS=  -O2 -c -mcpu=v11.0 -mlittle-endian -mxl-soft-mul" "EXTRA_COMPILER_FLAGS=-g -ffunction-sections -fdata-sections -Wall
TRACE::2026-01-08.12:22:34::SCWMssOS:: -Wextra -fno-tree-loop-distribute-patterns"

TRACE::2026-01-08.12:22:34::SCWMssOS::"Running Make include in microblaze_0/libsrc/PmodTMP3_v1_0/src"

TRACE::2026-01-08.12:22:34::SCWMssOS::make -C microblaze_0/libsrc/PmodTMP3_v1_0/src -s include  "SHELL=CMD" "COMPILER=mb-gcc" "ASSEMBLER=mb-as" "ARCHIVER=mb-ar" "COM
TRACE::2026-01-08.12:22:34::SCWMssOS::PILER_FLAGS=  -O2 -c -mcpu=v11.0 -mlittle-endian -mxl-soft-mul" "EXTRA_COMPILER_FLAGS=-g -ffunction-sections -fdata-sections -W
TRACE::2026-01-08.12:22:34::SCWMssOS::all -Wextra -fno-tree-loop-distribute-patterns"

TRACE::2026-01-08.12:22:34::SCWMssOS::"Running Make include in microblaze_0/libsrc/standalone_v7_6/src"

TRACE::2026-01-08.12:22:34::SCWMssOS::make -C microblaze_0/libsrc/standalone_v7_6/src -s include  "SHELL=CMD" "COMPILER=mb-gcc" "ASSEMBLER=mb-as" "ARCHIVER=mb-ar" "C
TRACE::2026-01-08.12:22:34::SCWMssOS::OMPILER_FLAGS=  -O2 -c -mcpu=v11.0 -mlittle-endian -mxl-soft-mul" "EXTRA_COMPILER_FLAGS=-g -ffunction-sections -fdata-sections 
TRACE::2026-01-08.12:22:34::SCWMssOS::-Wall -Wextra -fno-tree-loop-distribute-patterns"

TRACE::2026-01-08.12:22:34::SCWMssOS::"Running Make include in microblaze_0/libsrc/uartlite_v3_6/src"

TRACE::2026-01-08.12:22:34::SCWMssOS::make -C microblaze_0/libsrc/uartlite_v3_6/src -s include  "SHELL=CMD" "COMPILER=mb-gcc" "ASSEMBLER=mb-as" "ARCHIVER=mb-ar" "COM
TRACE::2026-01-08.12:22:34::SCWMssOS::PILER_FLAGS=  -O2 -c -mcpu=v11.0 -mlittle-endian -mxl-soft-mul" "EXTRA_COMPILER_FLAGS=-g -ffunction-sections -fdata-sections -W
TRACE::2026-01-08.12:22:34::SCWMssOS::all -Wextra -fno-tree-loop-distribute-patterns"

TRACE::2026-01-08.12:22:34::SCWMssOS::"Running Make libs in microblaze_0/libsrc/PmodTMP3_v1_0/src"

TRACE::2026-01-08.12:22:34::SCWMssOS::make -C microblaze_0/libsrc/PmodTMP3_v1_0/src -s libs  "SHELL=CMD" "COMPILER=mb-gcc" "ASSEMBLER=mb-as" "ARCHIVER=mb-ar" "COMPIL
TRACE::2026-01-08.12:22:34::SCWMssOS::ER_FLAGS=  -O2 -c -mcpu=v11.0 -mlittle-endian -mxl-soft-mul" "EXTRA_COMPILER_FLAGS=-g -ffunction-sections -fdata-sections -Wall
TRACE::2026-01-08.12:22:34::SCWMssOS:: -Wextra -fno-tree-loop-distribute-patterns"

TRACE::2026-01-08.12:22:34::SCWMssOS::"Compiling PmodTMP3"

TRACE::2026-01-08.12:22:35::SCWMssOS::'Finished building libraries sequentially.'

TRACE::2026-01-08.12:22:35::SCWMssOS::make -j 10 --no-print-directory par_libs

TRACE::2026-01-08.12:22:35::SCWMssOS::"Running Make include in microblaze_0/libsrc/bram_v4_7/src"

TRACE::2026-01-08.12:22:35::SCWMssOS::make -C microblaze_0/libsrc/bram_v4_7/src -s include  "SHELL=CMD" "COMPILER=mb-gcc" "ASSEMBLER=mb-as" "ARCHIVER=mb-ar" "COMPILE
TRACE::2026-01-08.12:22:35::SCWMssOS::R_FLAGS=  -O2 -c -mcpu=v11.0 -mlittle-endian -mxl-soft-mul" "EXTRA_COMPILER_FLAGS=-g -ffunction-sections -fdata-sections -Wall 
TRACE::2026-01-08.12:22:35::SCWMssOS::-Wextra -fno-tree-loop-distribute-patterns"

TRACE::2026-01-08.12:22:35::SCWMssOS::"Running Make include in microblaze_0/libsrc/cpu_v2_14/src"

TRACE::2026-01-08.12:22:35::SCWMssOS::make -C microblaze_0/libsrc/cpu_v2_14/src -s include  "SHELL=CMD" "COMPILER=mb-gcc" "ASSEMBLER=mb-as" "ARCHIVER=mb-ar" "COMPILE
TRACE::2026-01-08.12:22:35::SCWMssOS::R_FLAGS=  -O2 -c -mcpu=v11.0 -mlittle-endian -mxl-soft-mul" "EXTRA_COMPILER_FLAGS=-g -ffunction-sections -fdata-sections -Wall 
TRACE::2026-01-08.12:22:35::SCWMssOS::-Wextra -fno-tree-loop-distribute-patterns"

TRACE::2026-01-08.12:22:35::SCWMssOS::"Running Make include in microblaze_0/libsrc/intc_v3_13/src"

TRACE::2026-01-08.12:22:35::SCWMssOS::make -C microblaze_0/libsrc/intc_v3_13/src -s include  "SHELL=CMD" "COMPILER=mb-gcc" "ASSEMBLER=mb-as" "ARCHIVER=mb-ar" "COMPIL
TRACE::2026-01-08.12:22:35::SCWMssOS::ER_FLAGS=  -O2 -c -mcpu=v11.0 -mlittle-endian -mxl-soft-mul" "EXTRA_COMPILER_FLAGS=-g -ffunction-sections -fdata-sections -Wall
TRACE::2026-01-08.12:22:35::SCWMssOS:: -Wextra -fno-tree-loop-distribute-patterns"

TRACE::2026-01-08.12:22:36::SCWMssOS::"Running Make include in microblaze_0/libsrc/PmodTMP3_v1_0/src"

TRACE::2026-01-08.12:22:36::SCWMssOS::make -C microblaze_0/libsrc/PmodTMP3_v1_0/src -s include  "SHELL=CMD" "COMPILER=mb-gcc" "ASSEMBLER=mb-as" "ARCHIVER=mb-ar" "COM
TRACE::2026-01-08.12:22:36::SCWMssOS::PILER_FLAGS=  -O2 -c -mcpu=v11.0 -mlittle-endian -mxl-soft-mul" "EXTRA_COMPILER_FLAGS=-g -ffunction-sections -fdata-sections -W
TRACE::2026-01-08.12:22:36::SCWMssOS::all -Wextra -fno-tree-loop-distribute-patterns"

TRACE::2026-01-08.12:22:36::SCWMssOS::"Running Make include in microblaze_0/libsrc/standalone_v7_6/src"

TRACE::2026-01-08.12:22:36::SCWMssOS::make -C microblaze_0/libsrc/standalone_v7_6/src -s include  "SHELL=CMD" "COMPILER=mb-gcc" "ASSEMBLER=mb-as" "ARCHIVER=mb-ar" "C
TRACE::2026-01-08.12:22:36::SCWMssOS::OMPILER_FLAGS=  -O2 -c -mcpu=v11.0 -mlittle-endian -mxl-soft-mul" "EXTRA_COMPILER_FLAGS=-g -ffunction-sections -fdata-sections 
TRACE::2026-01-08.12:22:36::SCWMssOS::-Wall -Wextra -fno-tree-loop-distribute-patterns"

TRACE::2026-01-08.12:22:36::SCWMssOS::"Running Make include in microblaze_0/libsrc/uartlite_v3_6/src"

TRACE::2026-01-08.12:22:36::SCWMssOS::make -C microblaze_0/libsrc/uartlite_v3_6/src -s include  "SHELL=CMD" "COMPILER=mb-gcc" "ASSEMBLER=mb-as" "ARCHIVER=mb-ar" "COM
TRACE::2026-01-08.12:22:36::SCWMssOS::PILER_FLAGS=  -O2 -c -mcpu=v11.0 -mlittle-endian -mxl-soft-mul" "EXTRA_COMPILER_FLAGS=-g -ffunction-sections -fdata-sections -W
TRACE::2026-01-08.12:22:36::SCWMssOS::all -Wextra -fno-tree-loop-distribute-patterns"

TRACE::2026-01-08.12:22:36::SCWMssOS::"Running Make libs in microblaze_0/libsrc/bram_v4_7/src"

TRACE::2026-01-08.12:22:36::SCWMssOS::make -C microblaze_0/libsrc/bram_v4_7/src -s libs  "SHELL=CMD" "COMPILER=mb-gcc" "ASSEMBLER=mb-as" "ARCHIVER=mb-ar" "COMPILER_F
TRACE::2026-01-08.12:22:36::SCWMssOS::LAGS=  -O2 -c -mcpu=v11.0 -mlittle-endian -mxl-soft-mul" "EXTRA_COMPILER_FLAGS=-g -ffunction-sections -fdata-sections -Wall -We
TRACE::2026-01-08.12:22:36::SCWMssOS::xtra -fno-tree-loop-distribute-patterns"

TRACE::2026-01-08.12:22:36::SCWMssOS::"Running Make libs in microblaze_0/libsrc/cpu_v2_14/src"

TRACE::2026-01-08.12:22:36::SCWMssOS::make -C microblaze_0/libsrc/cpu_v2_14/src -s libs  "SHELL=CMD" "COMPILER=mb-gcc" "ASSEMBLER=mb-as" "ARCHIVER=mb-ar" "COMPILER_F
TRACE::2026-01-08.12:22:36::SCWMssOS::LAGS=  -O2 -c -mcpu=v11.0 -mlittle-endian -mxl-soft-mul" "EXTRA_COMPILER_FLAGS=-g -ffunction-sections -fdata-sections -Wall -We
TRACE::2026-01-08.12:22:36::SCWMssOS::xtra -fno-tree-loop-distribute-patterns"

TRACE::2026-01-08.12:22:36::SCWMssOS::"Running Make libs in microblaze_0/libsrc/intc_v3_13/src"

TRACE::2026-01-08.12:22:36::SCWMssOS::make -C microblaze_0/libsrc/intc_v3_13/src -s libs  "SHELL=CMD" "COMPILER=mb-gcc" "ASSEMBLER=mb-as" "ARCHIVER=mb-ar" "COMPILER_
TRACE::2026-01-08.12:22:36::SCWMssOS::FLAGS=  -O2 -c -mcpu=v11.0 -mlittle-endian -mxl-soft-mul" "EXTRA_COMPILER_FLAGS=-g -ffunction-sections -fdata-sections -Wall -W
TRACE::2026-01-08.12:22:36::SCWMssOS::extra -fno-tree-loop-distribute-patterns"

TRACE::2026-01-08.12:22:36::SCWMssOS::"Running Make libs in microblaze_0/libsrc/standalone_v7_6/src"

TRACE::2026-01-08.12:22:36::SCWMssOS::make -C microblaze_0/libsrc/standalone_v7_6/src -s libs  "SHELL=CMD" "COMPILER=mb-gcc" "ASSEMBLER=mb-as" "ARCHIVER=mb-ar" "COMP
TRACE::2026-01-08.12:22:36::SCWMssOS::ILER_FLAGS=  -O2 -c -mcpu=v11.0 -mlittle-endian -mxl-soft-mul" "EXTRA_COMPILER_FLAGS=-g -ffunction-sections -fdata-sections -Wa
TRACE::2026-01-08.12:22:36::SCWMssOS::ll -Wextra -fno-tree-loop-distribute-patterns"

TRACE::2026-01-08.12:22:36::SCWMssOS::"Running Make libs in microblaze_0/libsrc/uartlite_v3_6/src"

TRACE::2026-01-08.12:22:36::SCWMssOS::make -C microblaze_0/libsrc/uartlite_v3_6/src -s libs  "SHELL=CMD" "COMPILER=mb-gcc" "ASSEMBLER=mb-as" "ARCHIVER=mb-ar" "COMPIL
TRACE::2026-01-08.12:22:36::SCWMssOS::ER_FLAGS=  -O2 -c -mcpu=v11.0 -mlittle-endian -mxl-soft-mul" "EXTRA_COMPILER_FLAGS=-g -ffunction-sections -fdata-sections -Wall
TRACE::2026-01-08.12:22:36::SCWMssOS:: -Wextra -fno-tree-loop-distribute-patterns"

TRACE::2026-01-08.12:22:37::SCWMssOS::"DEBUG NON_LTO_OBJECTS is ../../../lib/microblaze_interrupt_handler.o"

TRACE::2026-01-08.12:22:37::SCWMssOS::'Finished building libraries parallelly.'

TRACE::2026-01-08.12:22:37::SCWMssOS::make --no-print-directory archive

TRACE::2026-01-08.12:22:37::SCWMssOS::mb-ar -r  microblaze_0/lib/libxil.a microblaze_0/lib/xplatform_info.o microblaze_0/lib/xuartlite.o microblaze_0/lib/microblaze_
TRACE::2026-01-08.12:22:37::SCWMssOS::disable_exceptions.o microblaze_0/lib/print.o microblaze_0/lib/_exit.o microblaze_0/lib/xil_testio.o microblaze_0/lib/microblaz
TRACE::2026-01-08.12:22:37::SCWMssOS::e_disable_dcache.o microblaze_0/lib/microblaze_flush_dcache_range.o microblaze_0/lib/microblaze_flush_cache_ext.o microblaze_0/
TRACE::2026-01-08.12:22:37::SCWMssOS::lib/xbram_sinit.o microblaze_0/lib/xil_misc_psreset_api.o microblaze_0/lib/xil_cache.o microblaze_0/lib/xil_util.o microblaze_0
TRACE::2026-01-08.12:22:37::SCWMssOS::/lib/inbyte.o microblaze_0/lib/xbram_g.o microblaze_0/lib/xuartlite_stats.o microblaze_0/lib/microblaze_exception_handler.o mic
TRACE::2026-01-08.12:22:37::SCWMssOS::roblaze_0/lib/microblaze_scrub.o microblaze_0/lib/microblaze_invalidate_dcache.o microblaze_0/lib/microblaze_disable_interrupts
TRACE::2026-01-08.12:22:37::SCWMssOS::.o microblaze_0/lib/xbram_selftest.o microblaze_0/lib/microblaze_interrupt_handler.o microblaze_0/lib/microblaze_disable_icache
TRACE::2026-01-08.12:22:37::SCWMssOS::.o microblaze_0/lib/xil_mem.o microblaze_0/lib/xuartlite_intr.o microblaze_0/lib/microblaze_flush_cache_ext_range.o microblaze_
TRACE::2026-01-08.12:22:37::SCWMssOS::0/lib/xbram_intr.o microblaze_0/lib/xil_sleepcommon.o microblaze_0/lib/xil_printf.o microblaze_0/lib/xintc_g.o microblaze_0/lib
TRACE::2026-01-08.12:22:37::SCWMssOS::/xuartlite_g.o microblaze_0/lib/xintc_selftest.o microblaze_0/lib/xintc_l.o microblaze_0/lib/outbyte.o microblaze_0/lib/microbl
TRACE::2026-01-08.12:22:37::SCWMssOS::aze_invalidate_dcache_range.o microblaze_0/lib/microblaze_invalidate_cache_ext.o microblaze_0/lib/microblaze_sleep.o microblaze
TRACE::2026-01-08.12:22:37::SCWMssOS::_0/lib/hw_exception_handler.o microblaze_0/lib/xuartlite_selftest.o microblaze_0/lib/xintc_intr.o microblaze_0/lib/microblaze_u
TRACE::2026-01-08.12:22:37::SCWMssOS::pdate_dcache.o microblaze_0/lib/xil_testcache.o microblaze_0/lib/microblaze_selftest.o microblaze_0/lib/microblaze_interrupts_g
TRACE::2026-01-08.12:22:37::SCWMssOS::.o microblaze_0/lib/microblaze_enable_exceptions.o microblaze_0/lib/xio.o microblaze_0/lib/microblaze_enable_dcache.o microblaz
TRACE::2026-01-08.12:22:37::SCWMssOS::e_0/lib/xbram.o microblaze_0/lib/microblaze_invalidate_icache_range.o microblaze_0/lib/microblaze_init_dcache_range.o microblaz
TRACE::2026-01-08.12:22:37::SCWMssOS::e_0/lib/microblaze_invalidate_icache.o microblaze_0/lib/errno.o microblaze_0/lib/xuartlite_l.o microblaze_0/lib/xintc_options.o
TRACE::2026-01-08.12:22:37::SCWMssOS:: microblaze_0/lib/microblaze_invalidate_cache_ext_range.o microblaze_0/lib/xil_exception.o microblaze_0/lib/pvr.o microblaze_0/
TRACE::2026-01-08.12:22:37::SCWMssOS::lib/xil_testmem.o microblaze_0/lib/microblaze_update_icache.o microblaze_0/lib/microblaze_flush_dcache.o microblaze_0/lib/xil_c
TRACE::2026-01-08.12:22:37::SCWMssOS::locking.o microblaze_0/lib/xil_assert.o microblaze_0/lib/microblaze_enable_interrupts.o microblaze_0/lib/microblaze_enable_icac
TRACE::2026-01-08.12:22:37::SCWMssOS::he.o microblaze_0/lib/xintc.o microblaze_0/lib/xuartlite_sinit.o microblaze_0/lib/fcntl.o microblaze_0/lib/microblaze_init_icac
TRACE::2026-01-08.12:22:37::SCWMssOS::he_range.o

TRACE::2026-01-08.12:22:37::SCWMssOS::'Finished building libraries'

TRACE::2026-01-08.12:22:37::SCWMssOS::Copying to export directory.
TRACE::2026-01-08.12:22:38::SCWMssOS:: Checking if to create the Supporting Applications
TRACE::2026-01-08.12:22:38::SCWMssOS:: No Linux domain exists, trying to generate FSBL 
LOG::2026-01-08.12:22:38::SCWSystem::Completed Processing the domain standalone_domain
LOG::2026-01-08.12:22:38::SCWSystem::Completed Processing the sysconfig TMP3_Platform
LOG::2026-01-08.12:22:38::SCWPlatform::Completed generating the artifacts for system configuration TMP3_Platform
TRACE::2026-01-08.12:22:38::SCWPlatform::Started preparing the platform 
TRACE::2026-01-08.12:22:38::SCWSystem::Writing the bif file for system config TMP3_Platform
TRACE::2026-01-08.12:22:38::SCWSystem::dir created 
TRACE::2026-01-08.12:22:38::SCWSystem::Writing the bif 
TRACE::2026-01-08.12:22:38::SCWPlatform::Started writing the spfm file 
TRACE::2026-01-08.12:22:38::SCWPlatform::Started writing the xpfm file 
TRACE::2026-01-08.12:22:38::SCWPlatform::Completed generating the platform
TRACE::2026-01-08.12:22:38::SCWMssOS::Saving the mss changes C:/Users/User/Documents/GitHub/AHE_Group_G/workspace_TMP3_7.1.26_1/TMP3_Platform/microblaze_0/standalone_domain/bsp/system.mss
TRACE::2026-01-08.12:22:38::SCWMssOS::Found a swdesign opened with the mssfile.
TRACE::2026-01-08.12:22:38::SCWMssOS::Completed writemss as part of save.
TRACE::2026-01-08.12:22:38::SCWMssOS::Commit changes completed.
TRACE::2026-01-08.12:22:38::SCWPlatform::Trying to open the hw design at C:/Users/User/Documents/GitHub/AHE_Group_G/workspace_TMP3_7.1.26_1/TMP3_Platform/hw/TMP3_pmod_wrapper.xsa
TRACE::2026-01-08.12:22:38::SCWPlatform::DSA given C:/Users/User/Documents/GitHub/AHE_Group_G/workspace_TMP3_7.1.26_1/TMP3_Platform/hw/TMP3_pmod_wrapper.xsa
TRACE::2026-01-08.12:22:38::SCWPlatform::DSA absoulate path C:/Users/User/Documents/GitHub/AHE_Group_G/workspace_TMP3_7.1.26_1/TMP3_Platform/hw/TMP3_pmod_wrapper.xsa
TRACE::2026-01-08.12:22:38::SCWPlatform::DSA directory C:/Users/User/Documents/GitHub/AHE_Group_G/workspace_TMP3_7.1.26_1/TMP3_Platform/hw
TRACE::2026-01-08.12:22:38::SCWPlatform:: Platform Path C:/Users/User/Documents/GitHub/AHE_Group_G/workspace_TMP3_7.1.26_1/TMP3_Platform/hw/TMP3_pmod_wrapper.xsa
TRACE::2026-01-08.12:22:38::SCWPlatform:: Unique name xilinx:::0.0
TRACE::2026-01-08.12:22:38::SCWPlatform::Trying to set the existing hwdb with name TMP3_pmod_wrapper_1
TRACE::2026-01-08.12:22:38::SCWPlatform::Opened existing hwdb TMP3_pmod_wrapper_1
TRACE::2026-01-08.12:22:38::SCWPlatform::Found the Hw Db part of the input DSA
TRACE::2026-01-08.12:22:38::SCWMssOS::Checking the sw design at  C:/Users/User/Documents/GitHub/AHE_Group_G/workspace_TMP3_7.1.26_1/TMP3_Platform/microblaze_0/standalone_domain/bsp/system.mss
TRACE::2026-01-08.12:22:38::SCWMssOS::DEBUG:  swdes dump  C:/Users/User/Documents/GitHub/AHE_Group_G/workspace_TMP3_7.1.26_1/TMP3_Platform/microblaze_0/standalone_domain/bsp/system.mss|system||

TRACE::2026-01-08.12:22:38::SCWMssOS::Sw design exists and opened at  C:/Users/User/Documents/GitHub/AHE_Group_G/workspace_TMP3_7.1.26_1/TMP3_Platform/microblaze_0/standalone_domain/bsp/system.mss
TRACE::2026-01-08.12:22:38::SCWWriter::formatted JSON is {
	"platformName":	"TMP3_Platform",
	"sprVersion":	"2.0",
	"mode":	"gui",
	"dsaType":	"Fixed",
	"platformDesc":	"TMP3_Platform",
	"platHandOff":	"C:/Users/User/Documents/GitHub/Hardware_vhdl_ip_files/TMP3_block_7.1_1/TMP3_pmod_wrapper.xsa",
	"platIntHandOff":	"<platformDir>/hw/TMP3_pmod_wrapper.xsa",
	"deviceType":	"FPGA",
	"platIsPrebuiltAutogen":	"false",
	"platIsNoBootBsp":	"false",
	"hasFsblMakeHasChanges":	"false",
	"hasPmufwMakeHasChanges":	"false",
	"platPreBuiltFlag":	false,
	"platformSamplesDir":	"",
	"platActiveSys":	"TMP3_Platform",
	"systems":	[{
			"systemName":	"TMP3_Platform",
			"systemDesc":	"TMP3_Platform",
			"sysIsBootAutoGen":	"true",
			"systemDispName":	"TMP3_Platform",
			"sysActiveDom":	"standalone_domain",
			"sysDefaultDom":	"standalone_domain",
			"domains":	[{
					"domainName":	"standalone_domain",
					"domainDispName":	"standalone on microblaze_0",
					"domainDesc":	"standalone_domain",
					"processors":	"microblaze_0",
					"os":	"standalone",
					"sdxOs":	"standalone",
					"debugEnable":	"False",
					"domRuntimes":	["cpp"],
					"swRepo":	"",
					"mssOsVer":	"7.6",
					"mssFile":	"",
					"md5Digest":	"d6a3b57a5267393b8d497d79c2949060",
					"compatibleApp":	"",
					"domType":	"mssDomain",
					"arch":	"32-bit",
					"appSettings":	{
						"appCompilerFlags":	"",
						"appLinkerFlags":	""
					},
					"addedLibs":	[],
					"libOptions":	{
						"libsContainingOptions":	[]
					},
					"prebuiltLibs":	{
						"prebuiltIncPath":	[],
						"prebuiltLibPath":	[]
					},
					"isolation":	{
					}
				}]
		}]
}
KEYINFO::2026-01-08.12:22:38::SCWPlatform::updated the xpfm file.
TRACE::2026-01-08.12:22:38::SCWPlatform::Trying to open the hw design at C:/Users/User/Documents/GitHub/AHE_Group_G/workspace_TMP3_7.1.26_1/TMP3_Platform/hw/TMP3_pmod_wrapper.xsa
TRACE::2026-01-08.12:22:38::SCWPlatform::DSA given C:/Users/User/Documents/GitHub/AHE_Group_G/workspace_TMP3_7.1.26_1/TMP3_Platform/hw/TMP3_pmod_wrapper.xsa
TRACE::2026-01-08.12:22:38::SCWPlatform::DSA absoulate path C:/Users/User/Documents/GitHub/AHE_Group_G/workspace_TMP3_7.1.26_1/TMP3_Platform/hw/TMP3_pmod_wrapper.xsa
TRACE::2026-01-08.12:22:38::SCWPlatform::DSA directory C:/Users/User/Documents/GitHub/AHE_Group_G/workspace_TMP3_7.1.26_1/TMP3_Platform/hw
TRACE::2026-01-08.12:22:38::SCWPlatform:: Platform Path C:/Users/User/Documents/GitHub/AHE_Group_G/workspace_TMP3_7.1.26_1/TMP3_Platform/hw/TMP3_pmod_wrapper.xsa
TRACE::2026-01-08.12:22:38::SCWPlatform:: Unique name xilinx:::0.0
TRACE::2026-01-08.12:22:38::SCWPlatform::Trying to set the existing hwdb with name TMP3_pmod_wrapper_1
TRACE::2026-01-08.12:22:38::SCWPlatform::Opened existing hwdb TMP3_pmod_wrapper_1
TRACE::2026-01-08.12:22:38::SCWPlatform::Found the Hw Db part of the input DSA
TRACE::2026-01-08.12:22:38::SCWMssOS::Checking the sw design at  C:/Users/User/Documents/GitHub/AHE_Group_G/workspace_TMP3_7.1.26_1/TMP3_Platform/microblaze_0/standalone_domain/bsp/system.mss
TRACE::2026-01-08.12:22:38::SCWMssOS::DEBUG:  swdes dump  C:/Users/User/Documents/GitHub/AHE_Group_G/workspace_TMP3_7.1.26_1/TMP3_Platform/microblaze_0/standalone_domain/bsp/system.mss|system||

TRACE::2026-01-08.12:22:38::SCWMssOS::Sw design exists and opened at  C:/Users/User/Documents/GitHub/AHE_Group_G/workspace_TMP3_7.1.26_1/TMP3_Platform/microblaze_0/standalone_domain/bsp/system.mss
TRACE::2026-01-08.12:41:46::SCWMssOS::cleaning the bsp 
TRACE::2026-01-08.12:41:46::SCWMssOS::System Command Ran  C: & cd  C:/Users/User/Documents/GitHub/AHE_Group_G/workspace_TMP3_7.1.26_1/TMP3_Platform/microblaze_0/standalone_domain/bsp & make clean 
TRACE::2026-01-08.12:41:46::SCWMssOS::make -C microblaze_0/libsrc/bram_v4_7/src -s clean 

TRACE::2026-01-08.12:41:46::SCWMssOS::make -C microblaze_0/libsrc/cpu_v2_14/src -s clean 

TRACE::2026-01-08.12:41:46::SCWMssOS::make -C microblaze_0/libsrc/intc_v3_13/src -s clean 

TRACE::2026-01-08.12:41:47::SCWMssOS::make -C microblaze_0/libsrc/PmodTMP3_v1_0/src -s clean 

TRACE::2026-01-08.12:41:47::SCWMssOS::make -C microblaze_0/libsrc/standalone_v7_6/src -s clean 

TRACE::2026-01-08.12:41:47::SCWMssOS::make -C microblaze_0/libsrc/uartlite_v3_6/src -s clean 

TRACE::2026-01-08.12:41:47::SCWMssOS::rm -f microblaze_0/lib/libxil.a

LOG::2026-01-08.12:41:53::SCWPlatform::Started generating the artifacts platform TMP3_Platform
TRACE::2026-01-08.12:41:53::SCWPlatform::Sanity checking of platform is completed
LOG::2026-01-08.12:41:53::SCWPlatform::Started generating the artifacts for system configuration TMP3_Platform
LOG::2026-01-08.12:41:53::SCWSystem::Checking the domain standalone_domain
LOG::2026-01-08.12:41:53::SCWSystem::Not a boot domain 
LOG::2026-01-08.12:41:53::SCWSystem::Started Processing the domain standalone_domain
TRACE::2026-01-08.12:41:53::SCWDomain::Generating domain artifcats
TRACE::2026-01-08.12:41:53::SCWMssOS::Generating standalone artifcats
TRACE::2026-01-08.12:41:53::SCWMssOS:: Copying the user libraries. 
TRACE::2026-01-08.12:41:53::SCWPlatform::Trying to open the hw design at C:/Users/User/Documents/GitHub/AHE_Group_G/workspace_TMP3_7.1.26_1/TMP3_Platform/hw/TMP3_pmod_wrapper.xsa
TRACE::2026-01-08.12:41:53::SCWPlatform::DSA given C:/Users/User/Documents/GitHub/AHE_Group_G/workspace_TMP3_7.1.26_1/TMP3_Platform/hw/TMP3_pmod_wrapper.xsa
TRACE::2026-01-08.12:41:53::SCWPlatform::DSA absoulate path C:/Users/User/Documents/GitHub/AHE_Group_G/workspace_TMP3_7.1.26_1/TMP3_Platform/hw/TMP3_pmod_wrapper.xsa
TRACE::2026-01-08.12:41:53::SCWPlatform::DSA directory C:/Users/User/Documents/GitHub/AHE_Group_G/workspace_TMP3_7.1.26_1/TMP3_Platform/hw
TRACE::2026-01-08.12:41:53::SCWPlatform:: Platform Path C:/Users/User/Documents/GitHub/AHE_Group_G/workspace_TMP3_7.1.26_1/TMP3_Platform/hw/TMP3_pmod_wrapper.xsa
TRACE::2026-01-08.12:41:53::SCWPlatform:: Unique name xilinx:::0.0
TRACE::2026-01-08.12:41:53::SCWPlatform::Trying to set the existing hwdb with name TMP3_pmod_wrapper_1
TRACE::2026-01-08.12:41:53::SCWPlatform::Opened existing hwdb TMP3_pmod_wrapper_1
TRACE::2026-01-08.12:41:53::SCWPlatform::Found the Hw Db part of the input DSA
TRACE::2026-01-08.12:41:53::SCWMssOS::Checking the sw design at  C:/Users/User/Documents/GitHub/AHE_Group_G/workspace_TMP3_7.1.26_1/TMP3_Platform/microblaze_0/standalone_domain/bsp/system.mss
TRACE::2026-01-08.12:41:53::SCWMssOS::DEBUG:  swdes dump  C:/Users/User/Documents/GitHub/AHE_Group_G/workspace_TMP3_7.1.26_1/TMP3_Platform/microblaze_0/standalone_domain/bsp/system.mss|system||

TRACE::2026-01-08.12:41:53::SCWMssOS::Sw design exists and opened at  C:/Users/User/Documents/GitHub/AHE_Group_G/workspace_TMP3_7.1.26_1/TMP3_Platform/microblaze_0/standalone_domain/bsp/system.mss
TRACE::2026-01-08.12:41:53::SCWMssOS::Completed writing the mss file at C:/Users/User/Documents/GitHub/AHE_Group_G/workspace_TMP3_7.1.26_1/TMP3_Platform/microblaze_0/standalone_domain/bsp
TRACE::2026-01-08.12:41:53::SCWMssOS::Mss edits present, copying mssfile into export location C:/Users/User/Documents/GitHub/AHE_Group_G/workspace_TMP3_7.1.26_1/TMP3_Platform/microblaze_0/standalone_domain/bsp/system.mss
TRACE::2026-01-08.12:41:53::SCWMssOS::bsp generated is upto date with the mss file. Skipping bsp generation.
TRACE::2026-01-08.12:41:53::SCWMssOS::BSP is already built. skipping the bsp build ... 
TRACE::2026-01-08.12:41:53::SCWDomain::Building the domain as part of full build :  standalone_domain
TRACE::2026-01-08.12:41:53::SCWMssOS::doing bsp build ... 
TRACE::2026-01-08.12:41:53::SCWMssOS::System Command Ran  C: & cd  C:/Users/User/Documents/GitHub/AHE_Group_G/workspace_TMP3_7.1.26_1/TMP3_Platform/microblaze_0/standalone_domain/bsp & make 
TRACE::2026-01-08.12:41:53::SCWMssOS::make --no-print-directory seq_libs

TRACE::2026-01-08.12:41:53::SCWMssOS::"Running Make include in microblaze_0/libsrc/bram_v4_7/src"

TRACE::2026-01-08.12:41:53::SCWMssOS::make -C microblaze_0/libsrc/bram_v4_7/src -s include  "SHELL=CMD" "COMPILER=mb-gcc" "ASSEMBLER=mb-as" "ARCHIVER=mb-ar" "COMPILE
TRACE::2026-01-08.12:41:53::SCWMssOS::R_FLAGS=  -O2 -c -mcpu=v11.0 -mlittle-endian -mxl-soft-mul" "EXTRA_COMPILER_FLAGS=-g -ffunction-sections -fdata-sections -Wall 
TRACE::2026-01-08.12:41:53::SCWMssOS::-Wextra -fno-tree-loop-distribute-patterns"

TRACE::2026-01-08.12:41:53::SCWMssOS::"Running Make include in microblaze_0/libsrc/cpu_v2_14/src"

TRACE::2026-01-08.12:41:53::SCWMssOS::make -C microblaze_0/libsrc/cpu_v2_14/src -s include  "SHELL=CMD" "COMPILER=mb-gcc" "ASSEMBLER=mb-as" "ARCHIVER=mb-ar" "COMPILE
TRACE::2026-01-08.12:41:53::SCWMssOS::R_FLAGS=  -O2 -c -mcpu=v11.0 -mlittle-endian -mxl-soft-mul" "EXTRA_COMPILER_FLAGS=-g -ffunction-sections -fdata-sections -Wall 
TRACE::2026-01-08.12:41:53::SCWMssOS::-Wextra -fno-tree-loop-distribute-patterns"

TRACE::2026-01-08.12:41:53::SCWMssOS::"Running Make include in microblaze_0/libsrc/intc_v3_13/src"

TRACE::2026-01-08.12:41:53::SCWMssOS::make -C microblaze_0/libsrc/intc_v3_13/src -s include  "SHELL=CMD" "COMPILER=mb-gcc" "ASSEMBLER=mb-as" "ARCHIVER=mb-ar" "COMPIL
TRACE::2026-01-08.12:41:53::SCWMssOS::ER_FLAGS=  -O2 -c -mcpu=v11.0 -mlittle-endian -mxl-soft-mul" "EXTRA_COMPILER_FLAGS=-g -ffunction-sections -fdata-sections -Wall
TRACE::2026-01-08.12:41:53::SCWMssOS:: -Wextra -fno-tree-loop-distribute-patterns"

TRACE::2026-01-08.12:41:54::SCWMssOS::"Running Make include in microblaze_0/libsrc/PmodTMP3_v1_0/src"

TRACE::2026-01-08.12:41:54::SCWMssOS::make -C microblaze_0/libsrc/PmodTMP3_v1_0/src -s include  "SHELL=CMD" "COMPILER=mb-gcc" "ASSEMBLER=mb-as" "ARCHIVER=mb-ar" "COM
TRACE::2026-01-08.12:41:54::SCWMssOS::PILER_FLAGS=  -O2 -c -mcpu=v11.0 -mlittle-endian -mxl-soft-mul" "EXTRA_COMPILER_FLAGS=-g -ffunction-sections -fdata-sections -W
TRACE::2026-01-08.12:41:54::SCWMssOS::all -Wextra -fno-tree-loop-distribute-patterns"

TRACE::2026-01-08.12:41:54::SCWMssOS::"Running Make include in microblaze_0/libsrc/standalone_v7_6/src"

TRACE::2026-01-08.12:41:54::SCWMssOS::make -C microblaze_0/libsrc/standalone_v7_6/src -s include  "SHELL=CMD" "COMPILER=mb-gcc" "ASSEMBLER=mb-as" "ARCHIVER=mb-ar" "C
TRACE::2026-01-08.12:41:54::SCWMssOS::OMPILER_FLAGS=  -O2 -c -mcpu=v11.0 -mlittle-endian -mxl-soft-mul" "EXTRA_COMPILER_FLAGS=-g -ffunction-sections -fdata-sections 
TRACE::2026-01-08.12:41:54::SCWMssOS::-Wall -Wextra -fno-tree-loop-distribute-patterns"

TRACE::2026-01-08.12:41:54::SCWMssOS::"Running Make include in microblaze_0/libsrc/uartlite_v3_6/src"

TRACE::2026-01-08.12:41:54::SCWMssOS::make -C microblaze_0/libsrc/uartlite_v3_6/src -s include  "SHELL=CMD" "COMPILER=mb-gcc" "ASSEMBLER=mb-as" "ARCHIVER=mb-ar" "COM
TRACE::2026-01-08.12:41:54::SCWMssOS::PILER_FLAGS=  -O2 -c -mcpu=v11.0 -mlittle-endian -mxl-soft-mul" "EXTRA_COMPILER_FLAGS=-g -ffunction-sections -fdata-sections -W
TRACE::2026-01-08.12:41:54::SCWMssOS::all -Wextra -fno-tree-loop-distribute-patterns"

TRACE::2026-01-08.12:41:54::SCWMssOS::"Running Make libs in microblaze_0/libsrc/PmodTMP3_v1_0/src"

TRACE::2026-01-08.12:41:54::SCWMssOS::make -C microblaze_0/libsrc/PmodTMP3_v1_0/src -s libs  "SHELL=CMD" "COMPILER=mb-gcc" "ASSEMBLER=mb-as" "ARCHIVER=mb-ar" "COMPIL
TRACE::2026-01-08.12:41:54::SCWMssOS::ER_FLAGS=  -O2 -c -mcpu=v11.0 -mlittle-endian -mxl-soft-mul" "EXTRA_COMPILER_FLAGS=-g -ffunction-sections -fdata-sections -Wall
TRACE::2026-01-08.12:41:54::SCWMssOS:: -Wextra -fno-tree-loop-distribute-patterns"

TRACE::2026-01-08.12:41:54::SCWMssOS::"Compiling PmodTMP3"

TRACE::2026-01-08.12:41:55::SCWMssOS::'Finished building libraries sequentially.'

TRACE::2026-01-08.12:41:55::SCWMssOS::make -j 10 --no-print-directory par_libs

TRACE::2026-01-08.12:41:55::SCWMssOS::"Running Make include in microblaze_0/libsrc/bram_v4_7/src"

TRACE::2026-01-08.12:41:55::SCWMssOS::make -C microblaze_0/libsrc/bram_v4_7/src -s include  "SHELL=CMD" "COMPILER=mb-gcc" "ASSEMBLER=mb-as" "ARCHIVER=mb-ar" "COMPILE
TRACE::2026-01-08.12:41:55::SCWMssOS::R_FLAGS=  -O2 -c -mcpu=v11.0 -mlittle-endian -mxl-soft-mul" "EXTRA_COMPILER_FLAGS=-g -ffunction-sections -fdata-sections -Wall 
TRACE::2026-01-08.12:41:55::SCWMssOS::-Wextra -fno-tree-loop-distribute-patterns"

TRACE::2026-01-08.12:41:55::SCWMssOS::"Running Make include in microblaze_0/libsrc/cpu_v2_14/src"

TRACE::2026-01-08.12:41:55::SCWMssOS::make -C microblaze_0/libsrc/cpu_v2_14/src -s include  "SHELL=CMD" "COMPILER=mb-gcc" "ASSEMBLER=mb-as" "ARCHIVER=mb-ar" "COMPILE
TRACE::2026-01-08.12:41:55::SCWMssOS::R_FLAGS=  -O2 -c -mcpu=v11.0 -mlittle-endian -mxl-soft-mul" "EXTRA_COMPILER_FLAGS=-g -ffunction-sections -fdata-sections -Wall 
TRACE::2026-01-08.12:41:55::SCWMssOS::-Wextra -fno-tree-loop-distribute-patterns"

TRACE::2026-01-08.12:41:55::SCWMssOS::"Running Make include in microblaze_0/libsrc/intc_v3_13/src"

TRACE::2026-01-08.12:41:55::SCWMssOS::make -C microblaze_0/libsrc/intc_v3_13/src -s include  "SHELL=CMD" "COMPILER=mb-gcc" "ASSEMBLER=mb-as" "ARCHIVER=mb-ar" "COMPIL
TRACE::2026-01-08.12:41:55::SCWMssOS::ER_FLAGS=  -O2 -c -mcpu=v11.0 -mlittle-endian -mxl-soft-mul" "EXTRA_COMPILER_FLAGS=-g -ffunction-sections -fdata-sections -Wall
TRACE::2026-01-08.12:41:55::SCWMssOS:: -Wextra -fno-tree-loop-distribute-patterns"

TRACE::2026-01-08.12:41:55::SCWMssOS::"Running Make include in microblaze_0/libsrc/PmodTMP3_v1_0/src"

TRACE::2026-01-08.12:41:55::SCWMssOS::make -C microblaze_0/libsrc/PmodTMP3_v1_0/src -s include  "SHELL=CMD" "COMPILER=mb-gcc" "ASSEMBLER=mb-as" "ARCHIVER=mb-ar" "COM
TRACE::2026-01-08.12:41:55::SCWMssOS::PILER_FLAGS=  -O2 -c -mcpu=v11.0 -mlittle-endian -mxl-soft-mul" "EXTRA_COMPILER_FLAGS=-g -ffunction-sections -fdata-sections -W
TRACE::2026-01-08.12:41:55::SCWMssOS::all -Wextra -fno-tree-loop-distribute-patterns"

TRACE::2026-01-08.12:41:55::SCWMssOS::"Running Make include in microblaze_0/libsrc/standalone_v7_6/src"

TRACE::2026-01-08.12:41:55::SCWMssOS::make -C microblaze_0/libsrc/standalone_v7_6/src -s include  "SHELL=CMD" "COMPILER=mb-gcc" "ASSEMBLER=mb-as" "ARCHIVER=mb-ar" "C
TRACE::2026-01-08.12:41:55::SCWMssOS::OMPILER_FLAGS=  -O2 -c -mcpu=v11.0 -mlittle-endian -mxl-soft-mul" "EXTRA_COMPILER_FLAGS=-g -ffunction-sections -fdata-sections 
TRACE::2026-01-08.12:41:55::SCWMssOS::-Wall -Wextra -fno-tree-loop-distribute-patterns"

TRACE::2026-01-08.12:41:55::SCWMssOS::"Running Make include in microblaze_0/libsrc/uartlite_v3_6/src"

TRACE::2026-01-08.12:41:55::SCWMssOS::make -C microblaze_0/libsrc/uartlite_v3_6/src -s include  "SHELL=CMD" "COMPILER=mb-gcc" "ASSEMBLER=mb-as" "ARCHIVER=mb-ar" "COM
TRACE::2026-01-08.12:41:55::SCWMssOS::PILER_FLAGS=  -O2 -c -mcpu=v11.0 -mlittle-endian -mxl-soft-mul" "EXTRA_COMPILER_FLAGS=-g -ffunction-sections -fdata-sections -W
TRACE::2026-01-08.12:41:55::SCWMssOS::all -Wextra -fno-tree-loop-distribute-patterns"

TRACE::2026-01-08.12:41:56::SCWMssOS::"Running Make libs in microblaze_0/libsrc/bram_v4_7/src"

TRACE::2026-01-08.12:41:56::SCWMssOS::make -C microblaze_0/libsrc/bram_v4_7/src -s libs  "SHELL=CMD" "COMPILER=mb-gcc" "ASSEMBLER=mb-as" "ARCHIVER=mb-ar" "COMPILER_F
TRACE::2026-01-08.12:41:56::SCWMssOS::LAGS=  -O2 -c -mcpu=v11.0 -mlittle-endian -mxl-soft-mul" "EXTRA_COMPILER_FLAGS=-g -ffunction-sections -fdata-sections -Wall -We
TRACE::2026-01-08.12:41:56::SCWMssOS::xtra -fno-tree-loop-distribute-patterns"

TRACE::2026-01-08.12:41:56::SCWMssOS::"Running Make libs in microblaze_0/libsrc/cpu_v2_14/src"

TRACE::2026-01-08.12:41:56::SCWMssOS::make -C microblaze_0/libsrc/cpu_v2_14/src -s libs  "SHELL=CMD" "COMPILER=mb-gcc" "ASSEMBLER=mb-as" "ARCHIVER=mb-ar" "COMPILER_F
TRACE::2026-01-08.12:41:56::SCWMssOS::LAGS=  -O2 -c -mcpu=v11.0 -mlittle-endian -mxl-soft-mul" "EXTRA_COMPILER_FLAGS=-g -ffunction-sections -fdata-sections -Wall -We
TRACE::2026-01-08.12:41:56::SCWMssOS::xtra -fno-tree-loop-distribute-patterns"

TRACE::2026-01-08.12:41:56::SCWMssOS::"Running Make libs in microblaze_0/libsrc/intc_v3_13/src"

TRACE::2026-01-08.12:41:56::SCWMssOS::make -C microblaze_0/libsrc/intc_v3_13/src -s libs  "SHELL=CMD" "COMPILER=mb-gcc" "ASSEMBLER=mb-as" "ARCHIVER=mb-ar" "COMPILER_
TRACE::2026-01-08.12:41:56::SCWMssOS::FLAGS=  -O2 -c -mcpu=v11.0 -mlittle-endian -mxl-soft-mul" "EXTRA_COMPILER_FLAGS=-g -ffunction-sections -fdata-sections -Wall -W
TRACE::2026-01-08.12:41:56::SCWMssOS::extra -fno-tree-loop-distribute-patterns"

TRACE::2026-01-08.12:41:56::SCWMssOS::"Running Make libs in microblaze_0/libsrc/standalone_v7_6/src"

TRACE::2026-01-08.12:41:56::SCWMssOS::make -C microblaze_0/libsrc/standalone_v7_6/src -s libs  "SHELL=CMD" "COMPILER=mb-gcc" "ASSEMBLER=mb-as" "ARCHIVER=mb-ar" "COMP
TRACE::2026-01-08.12:41:56::SCWMssOS::ILER_FLAGS=  -O2 -c -mcpu=v11.0 -mlittle-endian -mxl-soft-mul" "EXTRA_COMPILER_FLAGS=-g -ffunction-sections -fdata-sections -Wa
TRACE::2026-01-08.12:41:56::SCWMssOS::ll -Wextra -fno-tree-loop-distribute-patterns"

TRACE::2026-01-08.12:41:56::SCWMssOS::"Running Make libs in microblaze_0/libsrc/uartlite_v3_6/src"

TRACE::2026-01-08.12:41:56::SCWMssOS::make -C microblaze_0/libsrc/uartlite_v3_6/src -s libs  "SHELL=CMD" "COMPILER=mb-gcc" "ASSEMBLER=mb-as" "ARCHIVER=mb-ar" "COMPIL
TRACE::2026-01-08.12:41:56::SCWMssOS::ER_FLAGS=  -O2 -c -mcpu=v11.0 -mlittle-endian -mxl-soft-mul" "EXTRA_COMPILER_FLAGS=-g -ffunction-sections -fdata-sections -Wall
TRACE::2026-01-08.12:41:56::SCWMssOS:: -Wextra -fno-tree-loop-distribute-patterns"

TRACE::2026-01-08.12:41:57::SCWMssOS::"DEBUG NON_LTO_OBJECTS is ../../../lib/microblaze_interrupt_handler.o"

TRACE::2026-01-08.12:41:57::SCWMssOS::'Finished building libraries parallelly.'

TRACE::2026-01-08.12:41:57::SCWMssOS::make --no-print-directory archive

TRACE::2026-01-08.12:41:57::SCWMssOS::mb-ar -r  microblaze_0/lib/libxil.a microblaze_0/lib/xplatform_info.o microblaze_0/lib/xuartlite.o microblaze_0/lib/microblaze_
TRACE::2026-01-08.12:41:57::SCWMssOS::disable_exceptions.o microblaze_0/lib/print.o microblaze_0/lib/_exit.o microblaze_0/lib/xil_testio.o microblaze_0/lib/microblaz
TRACE::2026-01-08.12:41:57::SCWMssOS::e_disable_dcache.o microblaze_0/lib/microblaze_flush_dcache_range.o microblaze_0/lib/microblaze_flush_cache_ext.o microblaze_0/
TRACE::2026-01-08.12:41:57::SCWMssOS::lib/xbram_sinit.o microblaze_0/lib/xil_misc_psreset_api.o microblaze_0/lib/xil_cache.o microblaze_0/lib/xil_util.o microblaze_0
TRACE::2026-01-08.12:41:57::SCWMssOS::/lib/inbyte.o microblaze_0/lib/xbram_g.o microblaze_0/lib/xuartlite_stats.o microblaze_0/lib/microblaze_exception_handler.o mic
TRACE::2026-01-08.12:41:57::SCWMssOS::roblaze_0/lib/microblaze_scrub.o microblaze_0/lib/microblaze_invalidate_dcache.o microblaze_0/lib/microblaze_disable_interrupts
TRACE::2026-01-08.12:41:57::SCWMssOS::.o microblaze_0/lib/xbram_selftest.o microblaze_0/lib/microblaze_interrupt_handler.o microblaze_0/lib/microblaze_disable_icache
TRACE::2026-01-08.12:41:57::SCWMssOS::.o microblaze_0/lib/xil_mem.o microblaze_0/lib/xuartlite_intr.o microblaze_0/lib/microblaze_flush_cache_ext_range.o microblaze_
TRACE::2026-01-08.12:41:57::SCWMssOS::0/lib/xbram_intr.o microblaze_0/lib/xil_sleepcommon.o microblaze_0/lib/xil_printf.o microblaze_0/lib/xintc_g.o microblaze_0/lib
TRACE::2026-01-08.12:41:57::SCWMssOS::/xuartlite_g.o microblaze_0/lib/xintc_selftest.o microblaze_0/lib/xintc_l.o microblaze_0/lib/outbyte.o microblaze_0/lib/microbl
TRACE::2026-01-08.12:41:57::SCWMssOS::aze_invalidate_dcache_range.o microblaze_0/lib/microblaze_invalidate_cache_ext.o microblaze_0/lib/microblaze_sleep.o microblaze
TRACE::2026-01-08.12:41:57::SCWMssOS::_0/lib/hw_exception_handler.o microblaze_0/lib/xuartlite_selftest.o microblaze_0/lib/xintc_intr.o microblaze_0/lib/microblaze_u
TRACE::2026-01-08.12:41:57::SCWMssOS::pdate_dcache.o microblaze_0/lib/xil_testcache.o microblaze_0/lib/microblaze_selftest.o microblaze_0/lib/microblaze_interrupts_g
TRACE::2026-01-08.12:41:57::SCWMssOS::.o microblaze_0/lib/microblaze_enable_exceptions.o microblaze_0/lib/xio.o microblaze_0/lib/microblaze_enable_dcache.o microblaz
TRACE::2026-01-08.12:41:57::SCWMssOS::e_0/lib/xbram.o microblaze_0/lib/microblaze_invalidate_icache_range.o microblaze_0/lib/microblaze_init_dcache_range.o microblaz
TRACE::2026-01-08.12:41:57::SCWMssOS::e_0/lib/microblaze_invalidate_icache.o microblaze_0/lib/errno.o microblaze_0/lib/xuartlite_l.o microblaze_0/lib/xintc_options.o
TRACE::2026-01-08.12:41:57::SCWMssOS:: microblaze_0/lib/microblaze_invalidate_cache_ext_range.o microblaze_0/lib/xil_exception.o microblaze_0/lib/pvr.o microblaze_0/
TRACE::2026-01-08.12:41:57::SCWMssOS::lib/xil_testmem.o microblaze_0/lib/microblaze_update_icache.o microblaze_0/lib/microblaze_flush_dcache.o microblaze_0/lib/xil_c
TRACE::2026-01-08.12:41:57::SCWMssOS::locking.o microblaze_0/lib/xil_assert.o microblaze_0/lib/microblaze_enable_interrupts.o microblaze_0/lib/microblaze_enable_icac
TRACE::2026-01-08.12:41:57::SCWMssOS::he.o microblaze_0/lib/xintc.o microblaze_0/lib/xuartlite_sinit.o microblaze_0/lib/fcntl.o microblaze_0/lib/microblaze_init_icac
TRACE::2026-01-08.12:41:57::SCWMssOS::he_range.o

TRACE::2026-01-08.12:41:57::SCWMssOS::'Finished building libraries'

TRACE::2026-01-08.12:41:57::SCWMssOS::Copying to export directory.
TRACE::2026-01-08.12:41:57::SCWMssOS:: Checking if to create the Supporting Applications
TRACE::2026-01-08.12:41:57::SCWMssOS:: No Linux domain exists, trying to generate FSBL 
LOG::2026-01-08.12:41:57::SCWSystem::Completed Processing the domain standalone_domain
LOG::2026-01-08.12:41:57::SCWSystem::Completed Processing the sysconfig TMP3_Platform
LOG::2026-01-08.12:41:57::SCWPlatform::Completed generating the artifacts for system configuration TMP3_Platform
TRACE::2026-01-08.12:41:57::SCWPlatform::Started preparing the platform 
TRACE::2026-01-08.12:41:57::SCWSystem::Writing the bif file for system config TMP3_Platform
TRACE::2026-01-08.12:41:57::SCWSystem::dir created 
TRACE::2026-01-08.12:41:57::SCWSystem::Writing the bif 
TRACE::2026-01-08.12:41:57::SCWPlatform::Started writing the spfm file 
TRACE::2026-01-08.12:41:57::SCWPlatform::Started writing the xpfm file 
TRACE::2026-01-08.12:41:57::SCWPlatform::Completed generating the platform
TRACE::2026-01-08.12:41:57::SCWMssOS::Saving the mss changes C:/Users/User/Documents/GitHub/AHE_Group_G/workspace_TMP3_7.1.26_1/TMP3_Platform/microblaze_0/standalone_domain/bsp/system.mss
TRACE::2026-01-08.12:41:57::SCWMssOS::Found a swdesign opened with the mssfile.
TRACE::2026-01-08.12:41:57::SCWMssOS::Completed writemss as part of save.
TRACE::2026-01-08.12:41:57::SCWMssOS::Commit changes completed.
TRACE::2026-01-08.12:41:57::SCWPlatform::Trying to open the hw design at C:/Users/User/Documents/GitHub/AHE_Group_G/workspace_TMP3_7.1.26_1/TMP3_Platform/hw/TMP3_pmod_wrapper.xsa
TRACE::2026-01-08.12:41:57::SCWPlatform::DSA given C:/Users/User/Documents/GitHub/AHE_Group_G/workspace_TMP3_7.1.26_1/TMP3_Platform/hw/TMP3_pmod_wrapper.xsa
TRACE::2026-01-08.12:41:57::SCWPlatform::DSA absoulate path C:/Users/User/Documents/GitHub/AHE_Group_G/workspace_TMP3_7.1.26_1/TMP3_Platform/hw/TMP3_pmod_wrapper.xsa
TRACE::2026-01-08.12:41:57::SCWPlatform::DSA directory C:/Users/User/Documents/GitHub/AHE_Group_G/workspace_TMP3_7.1.26_1/TMP3_Platform/hw
TRACE::2026-01-08.12:41:57::SCWPlatform:: Platform Path C:/Users/User/Documents/GitHub/AHE_Group_G/workspace_TMP3_7.1.26_1/TMP3_Platform/hw/TMP3_pmod_wrapper.xsa
TRACE::2026-01-08.12:41:57::SCWPlatform:: Unique name xilinx:::0.0
TRACE::2026-01-08.12:41:57::SCWPlatform::Trying to set the existing hwdb with name TMP3_pmod_wrapper_1
TRACE::2026-01-08.12:41:57::SCWPlatform::Opened existing hwdb TMP3_pmod_wrapper_1
TRACE::2026-01-08.12:41:57::SCWPlatform::Found the Hw Db part of the input DSA
TRACE::2026-01-08.12:41:57::SCWMssOS::Checking the sw design at  C:/Users/User/Documents/GitHub/AHE_Group_G/workspace_TMP3_7.1.26_1/TMP3_Platform/microblaze_0/standalone_domain/bsp/system.mss
TRACE::2026-01-08.12:41:57::SCWMssOS::DEBUG:  swdes dump  C:/Users/User/Documents/GitHub/AHE_Group_G/workspace_TMP3_7.1.26_1/TMP3_Platform/microblaze_0/standalone_domain/bsp/system.mss|system||

TRACE::2026-01-08.12:41:57::SCWMssOS::Sw design exists and opened at  C:/Users/User/Documents/GitHub/AHE_Group_G/workspace_TMP3_7.1.26_1/TMP3_Platform/microblaze_0/standalone_domain/bsp/system.mss
TRACE::2026-01-08.12:41:57::SCWWriter::formatted JSON is {
	"platformName":	"TMP3_Platform",
	"sprVersion":	"2.0",
	"mode":	"gui",
	"dsaType":	"Fixed",
	"platformDesc":	"TMP3_Platform",
	"platHandOff":	"C:/Users/User/Documents/GitHub/Hardware_vhdl_ip_files/TMP3_block_7.1_1/TMP3_pmod_wrapper.xsa",
	"platIntHandOff":	"<platformDir>/hw/TMP3_pmod_wrapper.xsa",
	"deviceType":	"FPGA",
	"platIsPrebuiltAutogen":	"false",
	"platIsNoBootBsp":	"false",
	"hasFsblMakeHasChanges":	"false",
	"hasPmufwMakeHasChanges":	"false",
	"platPreBuiltFlag":	false,
	"platformSamplesDir":	"",
	"platActiveSys":	"TMP3_Platform",
	"systems":	[{
			"systemName":	"TMP3_Platform",
			"systemDesc":	"TMP3_Platform",
			"sysIsBootAutoGen":	"true",
			"systemDispName":	"TMP3_Platform",
			"sysActiveDom":	"standalone_domain",
			"sysDefaultDom":	"standalone_domain",
			"domains":	[{
					"domainName":	"standalone_domain",
					"domainDispName":	"standalone on microblaze_0",
					"domainDesc":	"standalone_domain",
					"processors":	"microblaze_0",
					"os":	"standalone",
					"sdxOs":	"standalone",
					"debugEnable":	"False",
					"domRuntimes":	["cpp"],
					"swRepo":	"",
					"mssOsVer":	"7.6",
					"mssFile":	"",
					"md5Digest":	"d6a3b57a5267393b8d497d79c2949060",
					"compatibleApp":	"",
					"domType":	"mssDomain",
					"arch":	"32-bit",
					"appSettings":	{
						"appCompilerFlags":	"",
						"appLinkerFlags":	""
					},
					"addedLibs":	[],
					"libOptions":	{
						"libsContainingOptions":	[]
					},
					"prebuiltLibs":	{
						"prebuiltIncPath":	[],
						"prebuiltLibPath":	[]
					},
					"isolation":	{
					}
				}]
		}]
}
KEYINFO::2026-01-08.12:41:57::SCWPlatform::updated the xpfm file.
TRACE::2026-01-08.12:41:57::SCWPlatform::Trying to open the hw design at C:/Users/User/Documents/GitHub/AHE_Group_G/workspace_TMP3_7.1.26_1/TMP3_Platform/hw/TMP3_pmod_wrapper.xsa
TRACE::2026-01-08.12:41:57::SCWPlatform::DSA given C:/Users/User/Documents/GitHub/AHE_Group_G/workspace_TMP3_7.1.26_1/TMP3_Platform/hw/TMP3_pmod_wrapper.xsa
TRACE::2026-01-08.12:41:57::SCWPlatform::DSA absoulate path C:/Users/User/Documents/GitHub/AHE_Group_G/workspace_TMP3_7.1.26_1/TMP3_Platform/hw/TMP3_pmod_wrapper.xsa
TRACE::2026-01-08.12:41:57::SCWPlatform::DSA directory C:/Users/User/Documents/GitHub/AHE_Group_G/workspace_TMP3_7.1.26_1/TMP3_Platform/hw
TRACE::2026-01-08.12:41:57::SCWPlatform:: Platform Path C:/Users/User/Documents/GitHub/AHE_Group_G/workspace_TMP3_7.1.26_1/TMP3_Platform/hw/TMP3_pmod_wrapper.xsa
TRACE::2026-01-08.12:41:57::SCWPlatform:: Unique name xilinx:::0.0
TRACE::2026-01-08.12:41:57::SCWPlatform::Trying to set the existing hwdb with name TMP3_pmod_wrapper_1
TRACE::2026-01-08.12:41:57::SCWPlatform::Opened existing hwdb TMP3_pmod_wrapper_1
TRACE::2026-01-08.12:41:57::SCWPlatform::Found the Hw Db part of the input DSA
TRACE::2026-01-08.12:41:57::SCWMssOS::Checking the sw design at  C:/Users/User/Documents/GitHub/AHE_Group_G/workspace_TMP3_7.1.26_1/TMP3_Platform/microblaze_0/standalone_domain/bsp/system.mss
TRACE::2026-01-08.12:41:57::SCWMssOS::DEBUG:  swdes dump  C:/Users/User/Documents/GitHub/AHE_Group_G/workspace_TMP3_7.1.26_1/TMP3_Platform/microblaze_0/standalone_domain/bsp/system.mss|system||

TRACE::2026-01-08.12:41:57::SCWMssOS::Sw design exists and opened at  C:/Users/User/Documents/GitHub/AHE_Group_G/workspace_TMP3_7.1.26_1/TMP3_Platform/microblaze_0/standalone_domain/bsp/system.mss
