2026-01-02 12:50:14 [debug] : --------------------------------------------------------------------------------- 
2026-01-02 12:50:14 [debug] : C:\Users\User\Documents\GitHub\AHE_Group_G\Project_workspace 
2026-01-02 12:50:14 [debug] : --------------------------------------------------------------------------------- 
2026-01-02 12:50:14 [debug] : [Logger] Previous user logs are stored in the file - C:\Users\User\Documents\GitHub\AHE_Group_G\Project_Work\Vitis_workspace\_ide\logs\ide.log 
2026-01-02 12:50:14 [debug] : [Logger] Previous debug logs are stored in the file - C:\Users\User\Documents\GitHub\AHE_Group_G\Project_Work\Vitis_workspace\_ide\.wsdata\ide_verbose.log 
2026-01-02 12:50:14 [debug] : Frontend v.configure: 64.3 ms [Finished 1.925 s after frontend start] 
2026-01-02 12:50:14 [debug] : Frontend $.configure: 0.1 ms [Finished 1.925 s after frontend start] 
2026-01-02 12:50:14 [debug] : RIGEL SERVER 12:50:14 INFO  : created .gitignore file for the project C:\Users\User\Documents\GitHub\AHE_Group_G\Project_workspace
12:50:14 INFO  : updated workspace path: C:\Users\User\Documents\GitHub\AHE_Group_G\Project_workspace 
2026-01-02 12:50:14 [debug] : Application UI init preferences 
2026-01-02 12:50:14 [debug] : [Bootgen Output] Adding listeners to bootgen service. 
2026-01-02 12:50:14 [debug] : A command editor.action.toggleStickyScroll is already registered. 
2026-01-02 12:50:14 [debug] : A command rigel.edit.config is already registered. 
2026-01-02 12:50:14 [debug] : Frontend commands.onStart: 25.2 ms [Finished 1.951 s after frontend start] 
2026-01-02 12:50:14 [debug] : [Application Examples Provider] Templates model update completed. 
2026-01-02 12:50:14 [debug] : [Application Examples Provider] common calling method completed. 
2026-01-02 12:50:14 [debug] : [Application Examples Provider] refresh completed. 
2026-01-02 12:50:14 [debug] : Event posted using notification server in backend. {"0":{"wrappers_":{},"arrayIndexOffset_":-1,"array":["ee296bcc-944b-4452-8735-8f42f2c17e08",null,53,null,null,null,null,"list-reports"],"pivot_":1.7976931348623157e+308,"convertedPrimitiveFields_":{}}}
2026-01-02 12:50:14 [debug] : Linked preference "workbench.colorCustomizations" not found. 
2026-01-02 12:50:14 [debug] : [Application Examples Provider]  updating the embedded templates on workspace event. 
2026-01-02 12:50:14 [debug] : [Repository Server] Executing method:getEmbeddedExampleTemplateTree with connection:(object). {"0":"request:","1":{"wrappers_":null,"arrayIndexOffset_":-1,"array":[],"pivot_":1.7976931348623157e+308,"convertedPrimitiveFields_":{}}}
2026-01-02 12:50:14 [debug] : [Application Examples Provider] refresh requested. 
2026-01-02 12:50:14 [debug] : Received event from notification service: ON_DID_UPDATE_WORKSPACE. 
2026-01-02 12:50:14 [debug] : [Logger Client] log levelchanged to  {"0":"Info"}
2026-01-02 12:50:14 [debug] : [Logger UI]  Update Log Level  called 
2026-01-02 12:50:14 [debug] : [Application Examples Provider] common calling method requested. 
2026-01-02 12:50:14 [debug] : [Application Examples Provider] Repositories model update requested. 
2026-01-02 12:50:14 [debug] : [Application Examples Provider] Repositories model update completed. 
2026-01-02 12:50:14 [debug] : [Application Examples Provider] Templates model update requested. 
2026-01-02 12:50:14 [debug] : [Repository Service] Executing method:getEmbeddedExampleTemplateTree from frontend. {"0":"request:"}
2026-01-02 12:50:14 [debug] : Application UI init preferences 
2026-01-02 12:50:14 [debug] : Frontend keybindings.onStart took longer than the expected maximum 100 milliseconds: 214.0 ms [Finished 2.165 s after frontend start] 
2026-01-02 12:50:14 [debug] : Frontend menus.onStart: 9.2 ms [Finished 2.175 s after frontend start] 
2026-01-02 12:50:14 [debug] : Frontend l.onStart: 7.3 ms [Finished 2.182 s after frontend start] 
2026-01-02 12:50:14 [debug] : Frontend l.onStart: 0.5 ms [Finished 2.183 s after frontend start] 
2026-01-02 12:50:14 [debug] : Frontend d.onStart: 26.4 ms [Finished 2.210 s after frontend start] 
2026-01-02 12:50:14 [debug] : Frontend u.onStart: 4.4 ms [Finished 2.214 s after frontend start] 
2026-01-02 12:50:14 [debug] : Frontend Q.onStart: 0.2 ms [Finished 2.215 s after frontend start] 
2026-01-02 12:50:14 [debug] : Frontend a.onStart: 0.8 ms [Finished 2.216 s after frontend start] 
2026-01-02 12:50:14 [debug] : Frontend a.onStart: 5.4 ms [Finished 2.221 s after frontend start] 
2026-01-02 12:50:14 [debug] : Frontend n.onStart: 0.1 ms [Finished 2.222 s after frontend start] 
2026-01-02 12:50:14 [debug] : Frontend l.onStart: 0.3 ms [Finished 2.222 s after frontend start] 
2026-01-02 12:50:14 [debug] : Frontend u.onStart: 1.3 ms [Finished 2.224 s after frontend start] 
2026-01-02 12:50:14 [debug] : Frontend a.onStart: 0.1 ms [Finished 2.224 s after frontend start] 
2026-01-02 12:50:14 [debug] : Frontend $.onStart: 0.3 ms [Finished 2.224 s after frontend start] 
2026-01-02 12:50:14 [debug] : Frontend f.onStart: 0.1 ms [Finished 2.224 s after frontend start] 
2026-01-02 12:50:14 [debug] : Frontend u.onStart: 0.2 ms [Finished 2.225 s after frontend start] 
2026-01-02 12:50:14 [debug] : Frontend l.onStart: 0.2 ms [Finished 2.225 s after frontend start] 
2026-01-02 12:50:14 [debug] : Frontend u.onStart: 0.1 ms [Finished 2.225 s after frontend start] 
2026-01-02 12:50:14 [debug] : Frontend n.onStart: 0.0 ms [Finished 2.225 s after frontend start] 
2026-01-02 12:50:14 [debug] : Frontend g.onStart: 0.1 ms [Finished 2.225 s after frontend start] 
2026-01-02 12:50:14 [debug] : Frontend _.onStart: 0.2 ms [Finished 2.226 s after frontend start] 
2026-01-02 12:50:14 [debug] : Frontend c.onStart: 0.1 ms [Finished 2.226 s after frontend start] 
2026-01-02 12:50:14 [debug] : Frontend v.onStart: 0.1 ms [Finished 2.226 s after frontend start] 
2026-01-02 12:50:14 [debug] : Frontend _.onStart: 0.0 ms [Finished 2.226 s after frontend start] 
2026-01-02 12:50:14 [debug] : Frontend $.onStart: 0.1 ms [Finished 2.227 s after frontend start] 
2026-01-02 12:50:14 [debug] : Frontend E.onStart: 0.2 ms [Finished 2.227 s after frontend start] 
2026-01-02 12:50:14 [debug] : Frontend v.onStart: 0.2 ms [Finished 2.227 s after frontend start] 
2026-01-02 12:50:14 [debug] : Frontend $.onStart: 0.1 ms [Finished 2.228 s after frontend start] 
2026-01-02 12:50:14 [debug] : Frontend g.onStart: 0.2 ms [Finished 2.228 s after frontend start] 
2026-01-02 12:50:14 [debug] : Frontend d.onStart: 0.1 ms [Finished 2.228 s after frontend start] 
2026-01-02 12:50:14 [debug] : Frontend h.onStart: 0.1 ms [Finished 2.228 s after frontend start] 
2026-01-02 12:50:14 [debug] : Frontend a.onStart: 0.1 ms [Finished 2.228 s after frontend start] 
2026-01-02 12:50:14 [debug] : Frontend C.onStart: 0.1 ms [Finished 2.229 s after frontend start] 
2026-01-02 12:50:14 [debug] : Frontend Object.onStart: 0.2 ms [Finished 2.229 s after frontend start] 
2026-01-02 12:50:14 [debug] : Frontend a.onStart: 0.1 ms [Finished 2.230 s after frontend start] 
2026-01-02 12:50:14 [debug] : [Feature Registry] Reading early access data from C:\Xilinx\2025.1\Vitis\vitis-server\scripts\early-access\early-access.json 
2026-01-02 12:50:14 [debug] : Frontend x.onStart: 29.9 ms [Finished 2.260 s after frontend start] 
2026-01-02 12:50:14 [debug] : [Feature Registry] Reading early access data from C:\Xilinx\2025.1\Vitis\vitis-server\scripts\early-access\early-access.json 
2026-01-02 12:50:14 [debug] : [Feature Registry] Reading early access data from C:\Xilinx\2025.1\Vitis\vitis-server\scripts\early-access\early-access.json 
2026-01-02 12:50:14 [debug] : Frontend d.onStart: 0.2 ms [Finished 2.260 s after frontend start] 
2026-01-02 12:50:14 [debug] : Frontend l.onStart: 0.3 ms [Finished 2.261 s after frontend start] 
2026-01-02 12:50:14 [debug] : Frontend U.onStart: 0.0 ms [Finished 2.261 s after frontend start] 
2026-01-02 12:50:14 [debug] : Frontend g.onStart: 0.2 ms [Finished 2.261 s after frontend start] 
2026-01-02 12:50:14 [debug] : Frontend n.onStart: 0.2 ms [Finished 2.261 s after frontend start] 
2026-01-02 12:50:14 [debug] : Frontend a.onStart: 0.1 ms [Finished 2.261 s after frontend start] 
2026-01-02 12:50:14 [debug] : Frontend g.onStart: 0.2 ms [Finished 2.262 s after frontend start] 
2026-01-02 12:50:14 [debug] : Frontend d.onStart: 0.1 ms [Finished 2.262 s after frontend start] 
2026-01-02 12:50:14 [debug] : Frontend c.onStart: 0.1 ms [Finished 2.262 s after frontend start] 
2026-01-02 12:50:14 [debug] : Frontend y.onStart: 0.2 ms [Finished 2.262 s after frontend start] 
2026-01-02 12:50:14 [debug] : Frontend w.onStart: 0.2 ms [Finished 2.263 s after frontend start] 
2026-01-02 12:50:14 [debug] : Frontend B.onStart: 0.5 ms [Finished 2.263 s after frontend start] 
2026-01-02 12:50:14 [debug] : Start frontend contributions: 608.2 ms [Finished 2.263 s after frontend start] 
2026-01-02 12:50:14 [debug] : Changed application state from 'init' to 'started_contributions'. 
2026-01-02 12:50:14 [debug] : Changed application state from 'started_contributions' to 'attached_shell'. 
2026-01-02 12:50:14 [debug] : >>> Restoring the layout state... 
2026-01-02 12:50:14 [debug] : Received event from notification service: ON_DID_REFRESH_WORKSPACE_SUMMARIES. 
2026-01-02 12:50:14 [debug] : [ProjectCache] fetching projects for project-cache 
2026-01-02 12:50:14 [debug] : Received event from notification service: ON_START_ANALYSIS_PROGRESS. 
2026-01-02 12:50:14 [debug] : Event posted using notification server in backend. {"0":{"wrappers_":{},"arrayIndexOffset_":-1,"array":["8bbdc875-987e-44e0-a3a1-b4933160d68b",null,54,null,null,null,null,"list-reports"],"pivot_":1.7976931348623157e+308,"convertedPrimitiveFields_":{}}}
2026-01-02 12:50:15 [debug] : [Logger UI]  Update Log Level success {"0":{"success":true,"error":""}}
2026-01-02 12:50:15 [debug] : [19ddbabe-e3ec-4299-91d9-53962a761c3f] Waiting for backend deployment: 93.3 ms [Finished 2.323 s after frontend start] 
2026-01-02 12:50:15 [debug] : [ProjectDecorator] tree decoration updated 
2026-01-02 12:50:15 [debug] : [ProjectCache] Project location updated to undefined 
2026-01-02 12:50:15 [debug] : [ProjectDecorator] tree decoration updated 
2026-01-02 12:50:15 [debug] : Received event from notification service: ON_STOP_ANALYSIS_PROGRESS. 
2026-01-02 12:50:15 [debug] : MonacoEditorModel.fireDidChangeContent - enter - {
  "changes": [
    {
      "range": {
        "startLineNumber": 2,
        "startColumn": 47,
        "endLineNumber": 2,
        "endColumn": 52
      },
      "rangeLength": 5,
      "text": "false",
      "rangeOffset": 49,
      "forceMoveMarkers": false
    }
  ],
  "eol": "\r\n",
  "isEolChange": false,
  "versionId": 2,
  "isUndoing": false,
  "isRedoing": false,
  "isFlush": false
} {"0":"user-storage:/user/settings.json"}
2026-01-02 12:50:15 [debug] : MonacoEditorModel.markAsDirty - enter {"0":"user-storage:/user/settings.json"}
2026-01-02 12:50:15 [debug] : MonacoEditorModel.cancelSync {"0":"user-storage:/user/settings.json"}
2026-01-02 12:50:15 [debug] : MonacoEditorModel.markAsDirty - exit {"0":"user-storage:/user/settings.json"}
2026-01-02 12:50:15 [debug] : MonacoEditorModel.fireDidChangeContent - exit {"0":"user-storage:/user/settings.json"}
2026-01-02 12:50:15 [debug] : MonacoEditorModel.cancelSave {"0":"user-storage:/user/settings.json"}
2026-01-02 12:50:15 [debug] : MonacoEditorModel.fireDidChangeContent - enter - {
  "changes": [
    {
      "range": {
        "startLineNumber": 3,
        "startColumn": 29,
        "endLineNumber": 3,
        "endColumn": 37
      },
      "rangeLength": 8,
      "text": "\"custom\"",
      "rangeOffset": 85,
      "forceMoveMarkers": false
    }
  ],
  "eol": "\r\n",
  "isEolChange": false,
  "versionId": 3,
  "isUndoing": false,
  "isRedoing": false,
  "isFlush": false
} {"0":"user-storage:/user/settings.json"}
2026-01-02 12:50:15 [debug] : MonacoEditorModel.markAsDirty - enter {"0":"user-storage:/user/settings.json"}
2026-01-02 12:50:15 [debug] : MonacoEditorModel.cancelSync {"0":"user-storage:/user/settings.json"}
2026-01-02 12:50:15 [debug] : MonacoEditorModel.markAsDirty - exit {"0":"user-storage:/user/settings.json"}
2026-01-02 12:50:15 [debug] : MonacoEditorModel.fireDidChangeContent - exit {"0":"user-storage:/user/settings.json"}
2026-01-02 12:50:15 [debug] : MonacoEditorModel.cancelSave {"0":"user-storage:/user/settings.json"}
2026-01-02 12:50:15 [debug] : MonacoEditorModel.cancelSave {"0":"user-storage:/user/settings.json"}
2026-01-02 12:50:15 [debug] : RIGEL SERVER 12:50:15 INFO  : Embedded Template List generated successfully 
2026-01-02 12:50:15 [debug] : RIGEL SERVER 12:50:15 INFO  : cmd.exe, /C, empyro.bat repo -st   C:\Xilinx\2025.1\Vitis\data\embeddedsw 
2026-01-02 12:50:15 [debug] : [19ddbabe-e3ec-4299-91d9-53962a761c3f] Sync of 18 plugins: 225.5 ms [Finished 2.549 s after frontend start] 
2026-01-02 12:50:15 [debug] : <<< Nothing to restore. 
2026-01-02 12:50:15 [debug] : Frontend A.initializeLayout: 13.2 ms [Finished 2.569 s after frontend start] 
2026-01-02 12:50:15 [debug] : Frontend v.initializeLayout: 2.9 ms [Finished 2.572 s after frontend start] 
2026-01-02 12:50:15 [debug] : Frontend d.initializeLayout: 2.3 ms [Finished 2.574 s after frontend start] 
2026-01-02 12:50:15 [debug] : Frontend Object.initializeLayout: 0.0 ms [Finished 2.574 s after frontend start] 
2026-01-02 12:50:15 [debug] : Frontend g.initializeLayout: 2.8 ms [Finished 2.577 s after frontend start] 
2026-01-02 12:50:15 [debug] : Frontend C.initializeLayout: 6.5 ms [Finished 2.584 s after frontend start] 
2026-01-02 12:50:15 [debug] : [hosted-plugin: 10504] PLUGIN_HOST(10504) starting instance 
2026-01-02 12:50:15 [debug] : Frontend C.initializeLayout: 3.6 ms [Finished 2.587 s after frontend start] 
2026-01-02 12:50:15 [debug] : Frontend c.initializeLayout: 2.8 ms [Finished 2.590 s after frontend start] 
2026-01-02 12:50:15 [debug] : Frontend E.initializeLayout: 15.4 ms [Finished 2.606 s after frontend start] 
2026-01-02 12:50:15 [debug] : [Repository Examples UI] in on initialize layout method. 
2026-01-02 12:50:15 [debug] : [hosted-plugin: 10504] [Object: null prototype] {} 
2026-01-02 12:50:15 [debug] : Frontend R.initializeLayout: 4.8 ms [Finished 2.611 s after frontend start] 
2026-01-02 12:50:15 [debug] : Frontend u.initializeLayout: 2.9 ms [Finished 2.614 s after frontend start] 
2026-01-02 12:50:15 [debug] : Frontend h.initializeLayout: 0.0 ms [Finished 2.614 s after frontend start] 
2026-01-02 12:50:15 [debug] : Frontend D.initializeLayout: 12.5 ms [Finished 2.627 s after frontend start] 
2026-01-02 12:50:15 [debug] : [Application Examples Provider] Templates model update completed. 
2026-01-02 12:50:15 [debug] : [Application Examples Provider] common calling method completed. 
2026-01-02 12:50:15 [debug] : [Application Examples Provider] refresh completed. 
2026-01-02 12:50:15 [debug] : Failed to parse markers data: {"0":"SyntaxError: Unexpected end of JSON input\n    at JSON.parse (<anonymous>)\n    at _.setMarkersFromWorkspace (file:///C:/Xilinx/2025.1/Vitis/ide/electron-app/win64/resources/app/lib/frontend/bundle.js:2:18349719)"}
2026-01-02 12:50:15 [debug] : Frontend U.initializeLayout took longer than the expected maximum 100 milliseconds: 153.5 ms [Finished 2.780 s after frontend start] 
2026-01-02 12:50:15 [debug] : [Library Api Contribution] in on initialize layout method. 
2026-01-02 12:50:15 [debug] : Frontend $.initializeLayout: 5.2 ms [Finished 2.786 s after frontend start] 
2026-01-02 12:50:15 [debug] : MonacoEditorModel.cancelSync {"0":"user-storage:/user/settings.json"}
2026-01-02 12:50:15 [debug] : MonacoEditorModel.cancelSave {"0":"user-storage:/user/settings.json"}
2026-01-02 12:50:15 [debug] : Initialize the workbench layout: 593.2 ms [Finished 2.871 s after frontend start] 
2026-01-02 12:50:15 [debug] : Changed application state from 'attached_shell' to 'initialized_layout'. 
2026-01-02 12:50:15 [debug] : Frontend f.onDidInitializeLayout: 0.1 ms [Finished 2.871 s after frontend start] 
2026-01-02 12:50:15 [debug] : [19ddbabe-e3ec-4299-91d9-53962a761c3f] Loading plugin contributions 
2026-01-02 12:50:15 [debug] : [19ddbabe-e3ec-4299-91d9-53962a761c3f][eclipse-cdt.serial-monitor]: Loaded contributions. 
2026-01-02 12:50:15 [debug] : [19ddbabe-e3ec-4299-91d9-53962a761c3f][vscode.json-language-features]: Loaded contributions. 
2026-01-02 12:50:15 [debug] : [19ddbabe-e3ec-4299-91d9-53962a761c3f][pkief.material-icon-theme]: Loaded contributions. 
2026-01-02 12:50:15 [debug] : [19ddbabe-e3ec-4299-91d9-53962a761c3f][vscode.git-base]: Loaded contributions. 
2026-01-02 12:50:15 [debug] : Failed to register a menu item for plugin eamodio.gitlens contributed to editor/context/copy {"0":{"command":"gitlens.copyRemoteFileUrlToClipboard","group":"1_gitlens@1","when":"editorTextFocus && gitlens:activeFileStatus =~ /blameable/ && config.gitlens.menus.editor.clipboard"},"1":"Error: Could not find submenu with id editor/context/copy\n    at d.getMenuNode (file:///C:/Xilinx/2025.1/Vitis/ide/electron-app/win64/resources/app/lib/frontend/bundle.js:2:2858055)\n    at file:///C:/Xilinx/2025.1/Vitis/ide/electron-app/win64/resources/app/lib/frontend/bundle.js:2:8391210\n    at Array.forEach (<anonymous>)\n    at c.handle (file:///C:/Xilinx/2025.1/Vitis/ide/electron-app/win64/resources/app/lib/frontend/bundle.js:2:8391099)\n    at c.handle (file:///C:/Xilinx/2025.1/Vitis/ide/electron-app/win64/resources/app/lib/frontend/bundle.js:2:21801587)\n    at file:///C:/Xilinx/2025.1/Vitis/ide/electron-app/win64/resources/app/lib/frontend/bundle.js:2:8456416\n    at o (file:///C:/Xilinx/2025.1/Vitis/ide/electron-app/win64/resources/app/lib/frontend/bundle.js:2:8453884)\n    at P.handleContributions (file:///C:/Xilinx/2025.1/Vitis/ide/electron-app/win64/resources/app/lib/frontend/bundle.js:2:8456371)\n    at n.handleContributions (file:///C:/Xilinx/2025.1/Vitis/ide/electron-app/win64/resources/app/lib/frontend/bundle.js:2:8226131)\n    at n.loadContributions (file:///C:/Xilinx/2025.1/Vitis/ide/electron-app/win64/resources/app/lib/frontend/bundle.js:2:8242540)"}
2026-01-02 12:50:15 [debug] : Failed to register a menu item for plugin eamodio.gitlens contributed to editor/context/copy {"0":{"command":"gitlens.copyRemoteFileUrlFrom","group":"1_gitlens@2","when":"editorTextFocus && gitlens:activeFileStatus =~ /blameable/ && config.gitlens.menus.editor.clipboard"},"1":"Error: Could not find submenu with id editor/context/copy\n    at d.getMenuNode (file:///C:/Xilinx/2025.1/Vitis/ide/electron-app/win64/resources/app/lib/frontend/bundle.js:2:2858055)\n    at file:///C:/Xilinx/2025.1/Vitis/ide/electron-app/win64/resources/app/lib/frontend/bundle.js:2:8391210\n    at Array.forEach (<anonymous>)\n    at c.handle (file:///C:/Xilinx/2025.1/Vitis/ide/electron-app/win64/resources/app/lib/frontend/bundle.js:2:8391099)\n    at c.handle (file:///C:/Xilinx/2025.1/Vitis/ide/electron-app/win64/resources/app/lib/frontend/bundle.js:2:21801587)\n    at file:///C:/Xilinx/2025.1/Vitis/ide/electron-app/win64/resources/app/lib/frontend/bundle.js:2:8456416\n    at o (file:///C:/Xilinx/2025.1/Vitis/ide/electron-app/win64/resources/app/lib/frontend/bundle.js:2:8453884)\n    at P.handleContributions (file:///C:/Xilinx/2025.1/Vitis/ide/electron-app/win64/resources/app/lib/frontend/bundle.js:2:8456371)\n    at n.handleContributions (file:///C:/Xilinx/2025.1/Vitis/ide/electron-app/win64/resources/app/lib/frontend/bundle.js:2:8226131)\n    at n.loadContributions (file:///C:/Xilinx/2025.1/Vitis/ide/electron-app/win64/resources/app/lib/frontend/bundle.js:2:8242540)"}
2026-01-02 12:50:15 [debug] : Failed to register a menu item for plugin eamodio.gitlens contributed to editor/context/copy {"0":{"command":"gitlens.copyRemoteCommitUrl","group":"1_gitlens@3","when":"editorTextFocus && gitlens:activeFileStatus =~ /blameable/ && config.gitlens.menus.editor.clipboard"},"1":"Error: Could not find submenu with id editor/context/copy\n    at d.getMenuNode (file:///C:/Xilinx/2025.1/Vitis/ide/electron-app/win64/resources/app/lib/frontend/bundle.js:2:2858055)\n    at file:///C:/Xilinx/2025.1/Vitis/ide/electron-app/win64/resources/app/lib/frontend/bundle.js:2:8391210\n    at Array.forEach (<anonymous>)\n    at c.handle (file:///C:/Xilinx/2025.1/Vitis/ide/electron-app/win64/resources/app/lib/frontend/bundle.js:2:8391099)\n    at c.handle (file:///C:/Xilinx/2025.1/Vitis/ide/electron-app/win64/resources/app/lib/frontend/bundle.js:2:21801587)\n    at file:///C:/Xilinx/2025.1/Vitis/ide/electron-app/win64/resources/app/lib/frontend/bundle.js:2:8456416\n    at o (file:///C:/Xilinx/2025.1/Vitis/ide/electron-app/win64/resources/app/lib/frontend/bundle.js:2:8453884)\n    at P.handleContributions (file:///C:/Xilinx/2025.1/Vitis/ide/electron-app/win64/resources/app/lib/frontend/bundle.js:2:8456371)\n    at n.handleContributions (file:///C:/Xilinx/2025.1/Vitis/ide/electron-app/win64/resources/app/lib/frontend/bundle.js:2:8226131)\n    at n.loadContributions (file:///C:/Xilinx/2025.1/Vitis/ide/electron-app/win64/resources/app/lib/frontend/bundle.js:2:8242540)"}
2026-01-02 12:50:15 [debug] : Failed to register a menu item for plugin eamodio.gitlens contributed to editor/context/copy {"0":{"command":"gitlens.copyShaToClipboard","group":"2_gitlens@1","when":"editorTextFocus && gitlens:activeFileStatus =~ /blameable/ && config.gitlens.menus.editor.clipboard"},"1":"Error: Could not find submenu with id editor/context/copy\n    at d.getMenuNode (file:///C:/Xilinx/2025.1/Vitis/ide/electron-app/win64/resources/app/lib/frontend/bundle.js:2:2858055)\n    at file:///C:/Xilinx/2025.1/Vitis/ide/electron-app/win64/resources/app/lib/frontend/bundle.js:2:8391210\n    at Array.forEach (<anonymous>)\n    at c.handle (file:///C:/Xilinx/2025.1/Vitis/ide/electron-app/win64/resources/app/lib/frontend/bundle.js:2:8391099)\n    at c.handle (file:///C:/Xilinx/2025.1/Vitis/ide/electron-app/win64/resources/app/lib/frontend/bundle.js:2:21801587)\n    at file:///C:/Xilinx/2025.1/Vitis/ide/electron-app/win64/resources/app/lib/frontend/bundle.js:2:8456416\n    at o (file:///C:/Xilinx/2025.1/Vitis/ide/electron-app/win64/resources/app/lib/frontend/bundle.js:2:8453884)\n    at P.handleContributions (file:///C:/Xilinx/2025.1/Vitis/ide/electron-app/win64/resources/app/lib/frontend/bundle.js:2:8456371)\n    at n.handleContributions (file:///C:/Xilinx/2025.1/Vitis/ide/electron-app/win64/resources/app/lib/frontend/bundle.js:2:8226131)\n    at n.loadContributions (file:///C:/Xilinx/2025.1/Vitis/ide/electron-app/win64/resources/app/lib/frontend/bundle.js:2:8242540)"}
2026-01-02 12:50:15 [debug] : Failed to register a menu item for plugin eamodio.gitlens contributed to editor/context/copy {"0":{"command":"gitlens.copyMessageToClipboard","group":"2_gitlens@2","when":"editorTextFocus && gitlens:activeFileStatus =~ /blameable/ && config.gitlens.menus.editor.clipboard"},"1":"Error: Could not find submenu with id editor/context/copy\n    at d.getMenuNode (file:///C:/Xilinx/2025.1/Vitis/ide/electron-app/win64/resources/app/lib/frontend/bundle.js:2:2858055)\n    at file:///C:/Xilinx/2025.1/Vitis/ide/electron-app/win64/resources/app/lib/frontend/bundle.js:2:8391210\n    at Array.forEach (<anonymous>)\n    at c.handle (file:///C:/Xilinx/2025.1/Vitis/ide/electron-app/win64/resources/app/lib/frontend/bundle.js:2:8391099)\n    at c.handle (file:///C:/Xilinx/2025.1/Vitis/ide/electron-app/win64/resources/app/lib/frontend/bundle.js:2:21801587)\n    at file:///C:/Xilinx/2025.1/Vitis/ide/electron-app/win64/resources/app/lib/frontend/bundle.js:2:8456416\n    at o (file:///C:/Xilinx/2025.1/Vitis/ide/electron-app/win64/resources/app/lib/frontend/bundle.js:2:8453884)\n    at P.handleContributions (file:///C:/Xilinx/2025.1/Vitis/ide/electron-app/win64/resources/app/lib/frontend/bundle.js:2:8456371)\n    at n.handleContributions (file:///C:/Xilinx/2025.1/Vitis/ide/electron-app/win64/resources/app/lib/frontend/bundle.js:2:8226131)\n    at n.loadContributions (file:///C:/Xilinx/2025.1/Vitis/ide/electron-app/win64/resources/app/lib/frontend/bundle.js:2:8242540)"}
2026-01-02 12:50:15 [debug] : Failed to register a menu item for plugin eamodio.gitlens contributed to git.commit {"0":{"command":"gitlens.addAuthors","group":"4_gitlens@1","when":"gitlens:enabled && !gitlens:readonly && config.gitlens.menus.scm.authors"},"1":"Error: Could not find submenu with id git.commit\n    at d.getMenuNode (file:///C:/Xilinx/2025.1/Vitis/ide/electron-app/win64/resources/app/lib/frontend/bundle.js:2:2858055)\n    at file:///C:/Xilinx/2025.1/Vitis/ide/electron-app/win64/resources/app/lib/frontend/bundle.js:2:8391210\n    at Array.forEach (<anonymous>)\n    at c.handle (file:///C:/Xilinx/2025.1/Vitis/ide/electron-app/win64/resources/app/lib/frontend/bundle.js:2:8391099)\n    at c.handle (file:///C:/Xilinx/2025.1/Vitis/ide/electron-app/win64/resources/app/lib/frontend/bundle.js:2:21801587)\n    at file:///C:/Xilinx/2025.1/Vitis/ide/electron-app/win64/resources/app/lib/frontend/bundle.js:2:8456416\n    at o (file:///C:/Xilinx/2025.1/Vitis/ide/electron-app/win64/resources/app/lib/frontend/bundle.js:2:8453884)\n    at P.handleContributions (file:///C:/Xilinx/2025.1/Vitis/ide/electron-app/win64/resources/app/lib/frontend/bundle.js:2:8456371)\n    at n.handleContributions (file:///C:/Xilinx/2025.1/Vitis/ide/electron-app/win64/resources/app/lib/frontend/bundle.js:2:8226131)\n    at n.loadContributions (file:///C:/Xilinx/2025.1/Vitis/ide/electron-app/win64/resources/app/lib/frontend/bundle.js:2:8242540)"}
2026-01-02 12:50:15 [debug] : Failed to register a menu item for plugin eamodio.gitlens contributed to menuBar/edit/copy {"0":{"command":"gitlens.copyRemoteFileUrlToClipboard","group":"1_gitlens@1","when":"gitlens:activeFileStatus =~ /blameable/ && config.gitlens.menus.editor.clipboard"},"1":"Error: Could not find submenu with id menuBar/edit/copy\n    at d.getMenuNode (file:///C:/Xilinx/2025.1/Vitis/ide/electron-app/win64/resources/app/lib/frontend/bundle.js:2:2858055)\n    at file:///C:/Xilinx/2025.1/Vitis/ide/electron-app/win64/resources/app/lib/frontend/bundle.js:2:8391210\n    at Array.forEach (<anonymous>)\n    at c.handle (file:///C:/Xilinx/2025.1/Vitis/ide/electron-app/win64/resources/app/lib/frontend/bundle.js:2:8391099)\n    at c.handle (file:///C:/Xilinx/2025.1/Vitis/ide/electron-app/win64/resources/app/lib/frontend/bundle.js:2:21801587)\n    at file:///C:/Xilinx/2025.1/Vitis/ide/electron-app/win64/resources/app/lib/frontend/bundle.js:2:8456416\n    at o (file:///C:/Xilinx/2025.1/Vitis/ide/electron-app/win64/resources/app/lib/frontend/bundle.js:2:8453884)\n    at P.handleContributions (file:///C:/Xilinx/2025.1/Vitis/ide/electron-app/win64/resources/app/lib/frontend/bundle.js:2:8456371)\n    at n.handleContributions (file:///C:/Xilinx/2025.1/Vitis/ide/electron-app/win64/resources/app/lib/frontend/bundle.js:2:8226131)\n    at n.loadContributions (file:///C:/Xilinx/2025.1/Vitis/ide/electron-app/win64/resources/app/lib/frontend/bundle.js:2:8242540)"}
2026-01-02 12:50:15 [debug] : Failed to register a menu item for plugin eamodio.gitlens contributed to menuBar/edit/copy {"0":{"command":"gitlens.copyRemoteFileUrlFrom","group":"1_gitlens@2","when":"gitlens:activeFileStatus =~ /blameable/ && config.gitlens.menus.editor.clipboard"},"1":"Error: Could not find submenu with id menuBar/edit/copy\n    at d.getMenuNode (file:///C:/Xilinx/2025.1/Vitis/ide/electron-app/win64/resources/app/lib/frontend/bundle.js:2:2858055)\n    at file:///C:/Xilinx/2025.1/Vitis/ide/electron-app/win64/resources/app/lib/frontend/bundle.js:2:8391210\n    at Array.forEach (<anonymous>)\n    at c.handle (file:///C:/Xilinx/2025.1/Vitis/ide/electron-app/win64/resources/app/lib/frontend/bundle.js:2:8391099)\n    at c.handle (file:///C:/Xilinx/2025.1/Vitis/ide/electron-app/win64/resources/app/lib/frontend/bundle.js:2:21801587)\n    at file:///C:/Xilinx/2025.1/Vitis/ide/electron-app/win64/resources/app/lib/frontend/bundle.js:2:8456416\n    at o (file:///C:/Xilinx/2025.1/Vitis/ide/electron-app/win64/resources/app/lib/frontend/bundle.js:2:8453884)\n    at P.handleContributions (file:///C:/Xilinx/2025.1/Vitis/ide/electron-app/win64/resources/app/lib/frontend/bundle.js:2:8456371)\n    at n.handleContributions (file:///C:/Xilinx/2025.1/Vitis/ide/electron-app/win64/resources/app/lib/frontend/bundle.js:2:8226131)\n    at n.loadContributions (file:///C:/Xilinx/2025.1/Vitis/ide/electron-app/win64/resources/app/lib/frontend/bundle.js:2:8242540)"}
2026-01-02 12:50:15 [debug] : [19ddbabe-e3ec-4299-91d9-53962a761c3f][eamodio.gitlens]: Loaded contributions. 
2026-01-02 12:50:15 [debug] : [19ddbabe-e3ec-4299-91d9-53962a761c3f][amd.tcf-debug]: Loaded contributions. 
2026-01-02 12:50:15 [debug] : [19ddbabe-e3ec-4299-91d9-53962a761c3f][twxs.cmake]: Loaded contributions. 
2026-01-02 12:50:15 [debug] : [19ddbabe-e3ec-4299-91d9-53962a761c3f][amd.vitis-config]: Loaded contributions. 
2026-01-02 12:50:15 [debug] : [19ddbabe-e3ec-4299-91d9-53962a761c3f][amd.vitis-hls-l1-library]: Loaded contributions. 
2026-01-02 12:50:15 [debug] : [19ddbabe-e3ec-4299-91d9-53962a761c3f][amd.vitis-hls-pragma]: Loaded contributions. 
2026-01-02 12:50:15 [debug] : [19ddbabe-e3ec-4299-91d9-53962a761c3f][amd.vitis-hls-verilog-vhdl-support]: Loaded contributions. 
2026-01-02 12:50:15 [debug] : [19ddbabe-e3ec-4299-91d9-53962a761c3f][amd.vitis-output]: Loaded contributions. 
2026-01-02 12:50:15 [debug] : [19ddbabe-e3ec-4299-91d9-53962a761c3f][vscode.cpp]: Loaded contributions. 
2026-01-02 12:50:15 [debug] : [19ddbabe-e3ec-4299-91d9-53962a761c3f][vscode.json]: Loaded contributions. 
2026-01-02 12:50:15 [debug] : [19ddbabe-e3ec-4299-91d9-53962a761c3f][llvm-vs-code-extensions.vscode-clangd]: Loaded contributions. 
2026-01-02 12:50:15 [debug] : [19ddbabe-e3ec-4299-91d9-53962a761c3f][webfreak.debug]: Loaded contributions. 
2026-01-02 12:50:15 [debug] : Failed to register a menu item for plugin vscode.git contributed to scm/sourceControl/title {"0":{"command":"git.reopenClosedRepositories","group":"navigation@1","when":"git.closedRepositoryCount > 0"},"1":"Error: Could not find submenu with id scm/sourceControl/title\n    at d.getMenuNode (file:///C:/Xilinx/2025.1/Vitis/ide/electron-app/win64/resources/app/lib/frontend/bundle.js:2:2858055)\n    at file:///C:/Xilinx/2025.1/Vitis/ide/electron-app/win64/resources/app/lib/frontend/bundle.js:2:8391210\n    at Array.forEach (<anonymous>)\n    at c.handle (file:///C:/Xilinx/2025.1/Vitis/ide/electron-app/win64/resources/app/lib/frontend/bundle.js:2:8391099)\n    at c.handle (file:///C:/Xilinx/2025.1/Vitis/ide/electron-app/win64/resources/app/lib/frontend/bundle.js:2:21801587)\n    at file:///C:/Xilinx/2025.1/Vitis/ide/electron-app/win64/resources/app/lib/frontend/bundle.js:2:8456416\n    at o (file:///C:/Xilinx/2025.1/Vitis/ide/electron-app/win64/resources/app/lib/frontend/bundle.js:2:8453884)\n    at P.handleContributions (file:///C:/Xilinx/2025.1/Vitis/ide/electron-app/win64/resources/app/lib/frontend/bundle.js:2:8456371)\n    at n.handleContributions (file:///C:/Xilinx/2025.1/Vitis/ide/electron-app/win64/resources/app/lib/frontend/bundle.js:2:8226131)\n    at n.loadContributions (file:///C:/Xilinx/2025.1/Vitis/ide/electron-app/win64/resources/app/lib/frontend/bundle.js:2:8242540)"}
2026-01-02 12:50:15 [debug] : Failed to register a menu item for plugin vscode.git contributed to scm/sourceControl {"0":{"command":"git.close","group":"navigation@1","when":"scmProvider == git"},"1":"Error: Could not find submenu with id scm/sourceControl\n    at d.getMenuNode (file:///C:/Xilinx/2025.1/Vitis/ide/electron-app/win64/resources/app/lib/frontend/bundle.js:2:2858055)\n    at file:///C:/Xilinx/2025.1/Vitis/ide/electron-app/win64/resources/app/lib/frontend/bundle.js:2:8391210\n    at Array.forEach (<anonymous>)\n    at c.handle (file:///C:/Xilinx/2025.1/Vitis/ide/electron-app/win64/resources/app/lib/frontend/bundle.js:2:8391099)\n    at c.handle (file:///C:/Xilinx/2025.1/Vitis/ide/electron-app/win64/resources/app/lib/frontend/bundle.js:2:21801587)\n    at file:///C:/Xilinx/2025.1/Vitis/ide/electron-app/win64/resources/app/lib/frontend/bundle.js:2:8456416\n    at o (file:///C:/Xilinx/2025.1/Vitis/ide/electron-app/win64/resources/app/lib/frontend/bundle.js:2:8453884)\n    at P.handleContributions (file:///C:/Xilinx/2025.1/Vitis/ide/electron-app/win64/resources/app/lib/frontend/bundle.js:2:8456371)\n    at n.handleContributions (file:///C:/Xilinx/2025.1/Vitis/ide/electron-app/win64/resources/app/lib/frontend/bundle.js:2:8226131)\n    at n.loadContributions (file:///C:/Xilinx/2025.1/Vitis/ide/electron-app/win64/resources/app/lib/frontend/bundle.js:2:8242540)"}
2026-01-02 12:50:15 [debug] : Failed to register a menu item for plugin vscode.git contributed to scm/sourceControl {"0":{"command":"git.closeOtherRepositories","group":"navigation@2","when":"scmProvider == git && gitOpenRepositoryCount > 1"},"1":"Error: Could not find submenu with id scm/sourceControl\n    at d.getMenuNode (file:///C:/Xilinx/2025.1/Vitis/ide/electron-app/win64/resources/app/lib/frontend/bundle.js:2:2858055)\n    at file:///C:/Xilinx/2025.1/Vitis/ide/electron-app/win64/resources/app/lib/frontend/bundle.js:2:8391210\n    at Array.forEach (<anonymous>)\n    at c.handle (file:///C:/Xilinx/2025.1/Vitis/ide/electron-app/win64/resources/app/lib/frontend/bundle.js:2:8391099)\n    at c.handle (file:///C:/Xilinx/2025.1/Vitis/ide/electron-app/win64/resources/app/lib/frontend/bundle.js:2:21801587)\n    at file:///C:/Xilinx/2025.1/Vitis/ide/electron-app/win64/resources/app/lib/frontend/bundle.js:2:8456416\n    at o (file:///C:/Xilinx/2025.1/Vitis/ide/electron-app/win64/resources/app/lib/frontend/bundle.js:2:8453884)\n    at P.handleContributions (file:///C:/Xilinx/2025.1/Vitis/ide/electron-app/win64/resources/app/lib/frontend/bundle.js:2:8456371)\n    at n.handleContributions (file:///C:/Xilinx/2025.1/Vitis/ide/electron-app/win64/resources/app/lib/frontend/bundle.js:2:8226131)\n    at n.loadContributions (file:///C:/Xilinx/2025.1/Vitis/ide/electron-app/win64/resources/app/lib/frontend/bundle.js:2:8242540)"}
2026-01-02 12:50:15 [debug] : Failed to register a menu item for plugin vscode.git contributed to scm/history/title {"0":{"command":"git.fetchAll","group":"navigation@999","when":"scmProvider == git"},"1":"Error: Could not find submenu with id scm/history/title\n    at d.getMenuNode (file:///C:/Xilinx/2025.1/Vitis/ide/electron-app/win64/resources/app/lib/frontend/bundle.js:2:2858055)\n    at file:///C:/Xilinx/2025.1/Vitis/ide/electron-app/win64/resources/app/lib/frontend/bundle.js:2:8391210\n    at Array.forEach (<anonymous>)\n    at c.handle (file:///C:/Xilinx/2025.1/Vitis/ide/electron-app/win64/resources/app/lib/frontend/bundle.js:2:8391099)\n    at c.handle (file:///C:/Xilinx/2025.1/Vitis/ide/electron-app/win64/resources/app/lib/frontend/bundle.js:2:21801587)\n    at file:///C:/Xilinx/2025.1/Vitis/ide/electron-app/win64/resources/app/lib/frontend/bundle.js:2:8456416\n    at o (file:///C:/Xilinx/2025.1/Vitis/ide/electron-app/win64/resources/app/lib/frontend/bundle.js:2:8453884)\n    at P.handleContributions (file:///C:/Xilinx/2025.1/Vitis/ide/electron-app/win64/resources/app/lib/frontend/bundle.js:2:8456371)\n    at n.handleContributions (file:///C:/Xilinx/2025.1/Vitis/ide/electron-app/win64/resources/app/lib/frontend/bundle.js:2:8226131)\n    at n.loadContributions (file:///C:/Xilinx/2025.1/Vitis/ide/electron-app/win64/resources/app/lib/frontend/bundle.js:2:8242540)"}
2026-01-02 12:50:15 [debug] : Failed to register a menu item for plugin vscode.git contributed to scm/historyItem/context {"0":{"command":"git.createTag","group":"1_create@1","when":"scmProvider == git"},"1":"Error: Could not find submenu with id scm/historyItem/context\n    at d.getMenuNode (file:///C:/Xilinx/2025.1/Vitis/ide/electron-app/win64/resources/app/lib/frontend/bundle.js:2:2858055)\n    at file:///C:/Xilinx/2025.1/Vitis/ide/electron-app/win64/resources/app/lib/frontend/bundle.js:2:8391210\n    at Array.forEach (<anonymous>)\n    at c.handle (file:///C:/Xilinx/2025.1/Vitis/ide/electron-app/win64/resources/app/lib/frontend/bundle.js:2:8391099)\n    at c.handle (file:///C:/Xilinx/2025.1/Vitis/ide/electron-app/win64/resources/app/lib/frontend/bundle.js:2:21801587)\n    at file:///C:/Xilinx/2025.1/Vitis/ide/electron-app/win64/resources/app/lib/frontend/bundle.js:2:8456416\n    at o (file:///C:/Xilinx/2025.1/Vitis/ide/electron-app/win64/resources/app/lib/frontend/bundle.js:2:8453884)\n    at P.handleContributions (file:///C:/Xilinx/2025.1/Vitis/ide/electron-app/win64/resources/app/lib/frontend/bundle.js:2:8456371)\n    at n.handleContributions (file:///C:/Xilinx/2025.1/Vitis/ide/electron-app/win64/resources/app/lib/frontend/bundle.js:2:8226131)\n    at n.loadContributions (file:///C:/Xilinx/2025.1/Vitis/ide/electron-app/win64/resources/app/lib/frontend/bundle.js:2:8242540)"}
2026-01-02 12:50:15 [debug] : Failed to register a menu item for plugin vscode.git contributed to scm/historyItem/context {"0":{"command":"git.branch","group":"1_create@2","when":"scmProvider == git"},"1":"Error: Could not find submenu with id scm/historyItem/context\n    at d.getMenuNode (file:///C:/Xilinx/2025.1/Vitis/ide/electron-app/win64/resources/app/lib/frontend/bundle.js:2:2858055)\n    at file:///C:/Xilinx/2025.1/Vitis/ide/electron-app/win64/resources/app/lib/frontend/bundle.js:2:8391210\n    at Array.forEach (<anonymous>)\n    at c.handle (file:///C:/Xilinx/2025.1/Vitis/ide/electron-app/win64/resources/app/lib/frontend/bundle.js:2:8391099)\n    at c.handle (file:///C:/Xilinx/2025.1/Vitis/ide/electron-app/win64/resources/app/lib/frontend/bundle.js:2:21801587)\n    at file:///C:/Xilinx/2025.1/Vitis/ide/electron-app/win64/resources/app/lib/frontend/bundle.js:2:8456416\n    at o (file:///C:/Xilinx/2025.1/Vitis/ide/electron-app/win64/resources/app/lib/frontend/bundle.js:2:8453884)\n    at P.handleContributions (file:///C:/Xilinx/2025.1/Vitis/ide/electron-app/win64/resources/app/lib/frontend/bundle.js:2:8456371)\n    at n.handleContributions (file:///C:/Xilinx/2025.1/Vitis/ide/electron-app/win64/resources/app/lib/frontend/bundle.js:2:8226131)\n    at n.loadContributions (file:///C:/Xilinx/2025.1/Vitis/ide/electron-app/win64/resources/app/lib/frontend/bundle.js:2:8242540)"}
2026-01-02 12:50:15 [debug] : Failed to register a menu item for plugin vscode.git contributed to scm/historyItem/context {"0":{"command":"git.cherryPickRef","group":"2_modify@1","when":"scmProvider == git"},"1":"Error: Could not find submenu with id scm/historyItem/context\n    at d.getMenuNode (file:///C:/Xilinx/2025.1/Vitis/ide/electron-app/win64/resources/app/lib/frontend/bundle.js:2:2858055)\n    at file:///C:/Xilinx/2025.1/Vitis/ide/electron-app/win64/resources/app/lib/frontend/bundle.js:2:8391210\n    at Array.forEach (<anonymous>)\n    at c.handle (file:///C:/Xilinx/2025.1/Vitis/ide/electron-app/win64/resources/app/lib/frontend/bundle.js:2:8391099)\n    at c.handle (file:///C:/Xilinx/2025.1/Vitis/ide/electron-app/win64/resources/app/lib/frontend/bundle.js:2:21801587)\n    at file:///C:/Xilinx/2025.1/Vitis/ide/electron-app/win64/resources/app/lib/frontend/bundle.js:2:8456416\n    at o (file:///C:/Xilinx/2025.1/Vitis/ide/electron-app/win64/resources/app/lib/frontend/bundle.js:2:8453884)\n    at P.handleContributions (file:///C:/Xilinx/2025.1/Vitis/ide/electron-app/win64/resources/app/lib/frontend/bundle.js:2:8456371)\n    at n.handleContributions (file:///C:/Xilinx/2025.1/Vitis/ide/electron-app/win64/resources/app/lib/frontend/bundle.js:2:8226131)\n    at n.loadContributions (file:///C:/Xilinx/2025.1/Vitis/ide/electron-app/win64/resources/app/lib/frontend/bundle.js:2:8242540)"}
2026-01-02 12:50:15 [debug] : Failed to register a menu item for plugin vscode.git contributed to scm/historyItem/context {"0":{"command":"git.checkoutRefDetached","group":"2_modify@2","when":"scmProvider == git"},"1":"Error: Could not find submenu with id scm/historyItem/context\n    at d.getMenuNode (file:///C:/Xilinx/2025.1/Vitis/ide/electron-app/win64/resources/app/lib/frontend/bundle.js:2:2858055)\n    at file:///C:/Xilinx/2025.1/Vitis/ide/electron-app/win64/resources/app/lib/frontend/bundle.js:2:8391210\n    at Array.forEach (<anonymous>)\n    at c.handle (file:///C:/Xilinx/2025.1/Vitis/ide/electron-app/win64/resources/app/lib/frontend/bundle.js:2:8391099)\n    at c.handle (file:///C:/Xilinx/2025.1/Vitis/ide/electron-app/win64/resources/app/lib/frontend/bundle.js:2:21801587)\n    at file:///C:/Xilinx/2025.1/Vitis/ide/electron-app/win64/resources/app/lib/frontend/bundle.js:2:8456416\n    at o (file:///C:/Xilinx/2025.1/Vitis/ide/electron-app/win64/resources/app/lib/frontend/bundle.js:2:8453884)\n    at P.handleContributions (file:///C:/Xilinx/2025.1/Vitis/ide/electron-app/win64/resources/app/lib/frontend/bundle.js:2:8456371)\n    at n.handleContributions (file:///C:/Xilinx/2025.1/Vitis/ide/electron-app/win64/resources/app/lib/frontend/bundle.js:2:8226131)\n    at n.loadContributions (file:///C:/Xilinx/2025.1/Vitis/ide/electron-app/win64/resources/app/lib/frontend/bundle.js:2:8242540)"}
2026-01-02 12:50:15 [debug] : Failed to register a menu item for plugin vscode.git contributed to scm/historyItem/context {"0":{"command":"git.copyCommitId","group":"9_copy@1","when":"scmProvider == git && !listMultiSelection"},"1":"Error: Could not find submenu with id scm/historyItem/context\n    at d.getMenuNode (file:///C:/Xilinx/2025.1/Vitis/ide/electron-app/win64/resources/app/lib/frontend/bundle.js:2:2858055)\n    at file:///C:/Xilinx/2025.1/Vitis/ide/electron-app/win64/resources/app/lib/frontend/bundle.js:2:8391210\n    at Array.forEach (<anonymous>)\n    at c.handle (file:///C:/Xilinx/2025.1/Vitis/ide/electron-app/win64/resources/app/lib/frontend/bundle.js:2:8391099)\n    at c.handle (file:///C:/Xilinx/2025.1/Vitis/ide/electron-app/win64/resources/app/lib/frontend/bundle.js:2:21801587)\n    at file:///C:/Xilinx/2025.1/Vitis/ide/electron-app/win64/resources/app/lib/frontend/bundle.js:2:8456416\n    at o (file:///C:/Xilinx/2025.1/Vitis/ide/electron-app/win64/resources/app/lib/frontend/bundle.js:2:8453884)\n    at P.handleContributions (file:///C:/Xilinx/2025.1/Vitis/ide/electron-app/win64/resources/app/lib/frontend/bundle.js:2:8456371)\n    at n.handleContributions (file:///C:/Xilinx/2025.1/Vitis/ide/electron-app/win64/resources/app/lib/frontend/bundle.js:2:8226131)\n    at n.loadContributions (file:///C:/Xilinx/2025.1/Vitis/ide/electron-app/win64/resources/app/lib/frontend/bundle.js:2:8242540)"}
2026-01-02 12:50:15 [debug] : Failed to register a menu item for plugin vscode.git contributed to scm/historyItem/context {"0":{"command":"git.copyCommitMessage","group":"9_copy@2","when":"scmProvider == git && !listMultiSelection"},"1":"Error: Could not find submenu with id scm/historyItem/context\n    at d.getMenuNode (file:///C:/Xilinx/2025.1/Vitis/ide/electron-app/win64/resources/app/lib/frontend/bundle.js:2:2858055)\n    at file:///C:/Xilinx/2025.1/Vitis/ide/electron-app/win64/resources/app/lib/frontend/bundle.js:2:8391210\n    at Array.forEach (<anonymous>)\n    at c.handle (file:///C:/Xilinx/2025.1/Vitis/ide/electron-app/win64/resources/app/lib/frontend/bundle.js:2:8391099)\n    at c.handle (file:///C:/Xilinx/2025.1/Vitis/ide/electron-app/win64/resources/app/lib/frontend/bundle.js:2:21801587)\n    at file:///C:/Xilinx/2025.1/Vitis/ide/electron-app/win64/resources/app/lib/frontend/bundle.js:2:8456416\n    at o (file:///C:/Xilinx/2025.1/Vitis/ide/electron-app/win64/resources/app/lib/frontend/bundle.js:2:8453884)\n    at P.handleContributions (file:///C:/Xilinx/2025.1/Vitis/ide/electron-app/win64/resources/app/lib/frontend/bundle.js:2:8456371)\n    at n.handleContributions (file:///C:/Xilinx/2025.1/Vitis/ide/electron-app/win64/resources/app/lib/frontend/bundle.js:2:8226131)\n    at n.loadContributions (file:///C:/Xilinx/2025.1/Vitis/ide/electron-app/win64/resources/app/lib/frontend/bundle.js:2:8242540)"}
2026-01-02 12:50:15 [debug] : Failed to register a menu item for plugin vscode.git contributed to editor/content {"0":{"command":"git.acceptMerge","when":"isMergeResultEditor && mergeEditorBaseUri =~ /^(git|file):/ && mergeEditorResultUri in git.mergeChanges"},"1":"Error: Could not find submenu with id editor/content\n    at d.getMenuNode (file:///C:/Xilinx/2025.1/Vitis/ide/electron-app/win64/resources/app/lib/frontend/bundle.js:2:2858055)\n    at file:///C:/Xilinx/2025.1/Vitis/ide/electron-app/win64/resources/app/lib/frontend/bundle.js:2:8391210\n    at Array.forEach (<anonymous>)\n    at c.handle (file:///C:/Xilinx/2025.1/Vitis/ide/electron-app/win64/resources/app/lib/frontend/bundle.js:2:8391099)\n    at c.handle (file:///C:/Xilinx/2025.1/Vitis/ide/electron-app/win64/resources/app/lib/frontend/bundle.js:2:21801587)\n    at file:///C:/Xilinx/2025.1/Vitis/ide/electron-app/win64/resources/app/lib/frontend/bundle.js:2:8456416\n    at o (file:///C:/Xilinx/2025.1/Vitis/ide/electron-app/win64/resources/app/lib/frontend/bundle.js:2:8453884)\n    at P.handleContributions (file:///C:/Xilinx/2025.1/Vitis/ide/electron-app/win64/resources/app/lib/frontend/bundle.js:2:8456371)\n    at n.handleContributions (file:///C:/Xilinx/2025.1/Vitis/ide/electron-app/win64/resources/app/lib/frontend/bundle.js:2:8226131)\n    at n.loadContributions (file:///C:/Xilinx/2025.1/Vitis/ide/electron-app/win64/resources/app/lib/frontend/bundle.js:2:8242540)"}
2026-01-02 12:50:15 [debug] : Failed to register a menu item for plugin vscode.git contributed to editor/content {"0":{"command":"git.openMergeEditor","group":"navigation@-10","when":"config.git.enabled && !git.missing && !isInDiffEditor && !isMergeEditor && resource in git.mergeChanges"},"1":"Error: Could not find submenu with id editor/content\n    at d.getMenuNode (file:///C:/Xilinx/2025.1/Vitis/ide/electron-app/win64/resources/app/lib/frontend/bundle.js:2:2858055)\n    at file:///C:/Xilinx/2025.1/Vitis/ide/electron-app/win64/resources/app/lib/frontend/bundle.js:2:8391210\n    at Array.forEach (<anonymous>)\n    at c.handle (file:///C:/Xilinx/2025.1/Vitis/ide/electron-app/win64/resources/app/lib/frontend/bundle.js:2:8391099)\n    at c.handle (file:///C:/Xilinx/2025.1/Vitis/ide/electron-app/win64/resources/app/lib/frontend/bundle.js:2:21801587)\n    at file:///C:/Xilinx/2025.1/Vitis/ide/electron-app/win64/resources/app/lib/frontend/bundle.js:2:8456416\n    at o (file:///C:/Xilinx/2025.1/Vitis/ide/electron-app/win64/resources/app/lib/frontend/bundle.js:2:8453884)\n    at P.handleContributions (file:///C:/Xilinx/2025.1/Vitis/ide/electron-app/win64/resources/app/lib/frontend/bundle.js:2:8456371)\n    at n.handleContributions (file:///C:/Xilinx/2025.1/Vitis/ide/electron-app/win64/resources/app/lib/frontend/bundle.js:2:8226131)\n    at n.loadContributions (file:///C:/Xilinx/2025.1/Vitis/ide/electron-app/win64/resources/app/lib/frontend/bundle.js:2:8242540)"}
2026-01-02 12:50:15 [debug] : Failed to register a menu item for plugin vscode.git contributed to multiDiffEditor/resource/title {"0":{"command":"git.stageFile","group":"navigation","when":"scmProvider == git && scmResourceGroup == workingTree"},"1":"Error: Could not find submenu with id multiDiffEditor/resource/title\n    at d.getMenuNode (file:///C:/Xilinx/2025.1/Vitis/ide/electron-app/win64/resources/app/lib/frontend/bundle.js:2:2858055)\n    at file:///C:/Xilinx/2025.1/Vitis/ide/electron-app/win64/resources/app/lib/frontend/bundle.js:2:8391210\n    at Array.forEach (<anonymous>)\n    at c.handle (file:///C:/Xilinx/2025.1/Vitis/ide/electron-app/win64/resources/app/lib/frontend/bundle.js:2:8391099)\n    at c.handle (file:///C:/Xilinx/2025.1/Vitis/ide/electron-app/win64/resources/app/lib/frontend/bundle.js:2:21801587)\n    at file:///C:/Xilinx/2025.1/Vitis/ide/electron-app/win64/resources/app/lib/frontend/bundle.js:2:8456416\n    at o (file:///C:/Xilinx/2025.1/Vitis/ide/electron-app/win64/resources/app/lib/frontend/bundle.js:2:8453884)\n    at P.handleContributions (file:///C:/Xilinx/2025.1/Vitis/ide/electron-app/win64/resources/app/lib/frontend/bundle.js:2:8456371)\n    at n.handleContributions (file:///C:/Xilinx/2025.1/Vitis/ide/electron-app/win64/resources/app/lib/frontend/bundle.js:2:8226131)\n    at n.loadContributions (file:///C:/Xilinx/2025.1/Vitis/ide/electron-app/win64/resources/app/lib/frontend/bundle.js:2:8242540)"}
2026-01-02 12:50:15 [debug] : Failed to register a menu item for plugin vscode.git contributed to multiDiffEditor/resource/title {"0":{"command":"git.stageFile","group":"navigation","when":"scmProvider == git && scmResourceGroup == untracked"},"1":"Error: Could not find submenu with id multiDiffEditor/resource/title\n    at d.getMenuNode (file:///C:/Xilinx/2025.1/Vitis/ide/electron-app/win64/resources/app/lib/frontend/bundle.js:2:2858055)\n    at file:///C:/Xilinx/2025.1/Vitis/ide/electron-app/win64/resources/app/lib/frontend/bundle.js:2:8391210\n    at Array.forEach (<anonymous>)\n    at c.handle (file:///C:/Xilinx/2025.1/Vitis/ide/electron-app/win64/resources/app/lib/frontend/bundle.js:2:8391099)\n    at c.handle (file:///C:/Xilinx/2025.1/Vitis/ide/electron-app/win64/resources/app/lib/frontend/bundle.js:2:21801587)\n    at file:///C:/Xilinx/2025.1/Vitis/ide/electron-app/win64/resources/app/lib/frontend/bundle.js:2:8456416\n    at o (file:///C:/Xilinx/2025.1/Vitis/ide/electron-app/win64/resources/app/lib/frontend/bundle.js:2:8453884)\n    at P.handleContributions (file:///C:/Xilinx/2025.1/Vitis/ide/electron-app/win64/resources/app/lib/frontend/bundle.js:2:8456371)\n    at n.handleContributions (file:///C:/Xilinx/2025.1/Vitis/ide/electron-app/win64/resources/app/lib/frontend/bundle.js:2:8226131)\n    at n.loadContributions (file:///C:/Xilinx/2025.1/Vitis/ide/electron-app/win64/resources/app/lib/frontend/bundle.js:2:8242540)"}
2026-01-02 12:50:15 [debug] : Failed to register a menu item for plugin vscode.git contributed to multiDiffEditor/resource/title {"0":{"command":"git.unstageFile","group":"navigation","when":"scmProvider == git && scmResourceGroup == index"},"1":"Error: Could not find submenu with id multiDiffEditor/resource/title\n    at d.getMenuNode (file:///C:/Xilinx/2025.1/Vitis/ide/electron-app/win64/resources/app/lib/frontend/bundle.js:2:2858055)\n    at file:///C:/Xilinx/2025.1/Vitis/ide/electron-app/win64/resources/app/lib/frontend/bundle.js:2:8391210\n    at Array.forEach (<anonymous>)\n    at c.handle (file:///C:/Xilinx/2025.1/Vitis/ide/electron-app/win64/resources/app/lib/frontend/bundle.js:2:8391099)\n    at c.handle (file:///C:/Xilinx/2025.1/Vitis/ide/electron-app/win64/resources/app/lib/frontend/bundle.js:2:21801587)\n    at file:///C:/Xilinx/2025.1/Vitis/ide/electron-app/win64/resources/app/lib/frontend/bundle.js:2:8456416\n    at o (file:///C:/Xilinx/2025.1/Vitis/ide/electron-app/win64/resources/app/lib/frontend/bundle.js:2:8453884)\n    at P.handleContributions (file:///C:/Xilinx/2025.1/Vitis/ide/electron-app/win64/resources/app/lib/frontend/bundle.js:2:8456371)\n    at n.handleContributions (file:///C:/Xilinx/2025.1/Vitis/ide/electron-app/win64/resources/app/lib/frontend/bundle.js:2:8226131)\n    at n.loadContributions (file:///C:/Xilinx/2025.1/Vitis/ide/electron-app/win64/resources/app/lib/frontend/bundle.js:2:8242540)"}
2026-01-02 12:50:15 [debug] : Failed to register a menu item for plugin vscode.git contributed to diffEditor/gutter/hunk {"0":{"command":"git.diff.stageHunk","group":"primary@10","when":"diffEditorOriginalUri =~ /^git\\:.*%22ref%22%3A%22~%22%7D$/"},"1":"Error: Could not find submenu with id diffEditor/gutter/hunk\n    at d.getMenuNode (file:///C:/Xilinx/2025.1/Vitis/ide/electron-app/win64/resources/app/lib/frontend/bundle.js:2:2858055)\n    at file:///C:/Xilinx/2025.1/Vitis/ide/electron-app/win64/resources/app/lib/frontend/bundle.js:2:8391210\n    at Array.forEach (<anonymous>)\n    at c.handle (file:///C:/Xilinx/2025.1/Vitis/ide/electron-app/win64/resources/app/lib/frontend/bundle.js:2:8391099)\n    at c.handle (file:///C:/Xilinx/2025.1/Vitis/ide/electron-app/win64/resources/app/lib/frontend/bundle.js:2:21801587)\n    at file:///C:/Xilinx/2025.1/Vitis/ide/electron-app/win64/resources/app/lib/frontend/bundle.js:2:8456416\n    at o (file:///C:/Xilinx/2025.1/Vitis/ide/electron-app/win64/resources/app/lib/frontend/bundle.js:2:8453884)\n    at P.handleContributions (file:///C:/Xilinx/2025.1/Vitis/ide/electron-app/win64/resources/app/lib/frontend/bundle.js:2:8456371)\n    at n.handleContributions (file:///C:/Xilinx/2025.1/Vitis/ide/electron-app/win64/resources/app/lib/frontend/bundle.js:2:8226131)\n    at n.loadContributions (file:///C:/Xilinx/2025.1/Vitis/ide/electron-app/win64/resources/app/lib/frontend/bundle.js:2:8242540)"}
2026-01-02 12:50:15 [debug] : Failed to register a menu item for plugin vscode.git contributed to diffEditor/gutter/selection {"0":{"command":"git.diff.stageSelection","group":"primary@10","when":"diffEditorOriginalUri =~ /^git\\:.*%22ref%22%3A%22~%22%7D$/"},"1":"Error: Could not find submenu with id diffEditor/gutter/selection\n    at d.getMenuNode (file:///C:/Xilinx/2025.1/Vitis/ide/electron-app/win64/resources/app/lib/frontend/bundle.js:2:2858055)\n    at file:///C:/Xilinx/2025.1/Vitis/ide/electron-app/win64/resources/app/lib/frontend/bundle.js:2:8391210\n    at Array.forEach (<anonymous>)\n    at c.handle (file:///C:/Xilinx/2025.1/Vitis/ide/electron-app/win64/resources/app/lib/frontend/bundle.js:2:8391099)\n    at c.handle (file:///C:/Xilinx/2025.1/Vitis/ide/electron-app/win64/resources/app/lib/frontend/bundle.js:2:21801587)\n    at file:///C:/Xilinx/2025.1/Vitis/ide/electron-app/win64/resources/app/lib/frontend/bundle.js:2:8456416\n    at o (file:///C:/Xilinx/2025.1/Vitis/ide/electron-app/win64/resources/app/lib/frontend/bundle.js:2:8453884)\n    at P.handleContributions (file:///C:/Xilinx/2025.1/Vitis/ide/electron-app/win64/resources/app/lib/frontend/bundle.js:2:8456371)\n    at n.handleContributions (file:///C:/Xilinx/2025.1/Vitis/ide/electron-app/win64/resources/app/lib/frontend/bundle.js:2:8226131)\n    at n.loadContributions (file:///C:/Xilinx/2025.1/Vitis/ide/electron-app/win64/resources/app/lib/frontend/bundle.js:2:8242540)"}
2026-01-02 12:50:15 [debug] : [19ddbabe-e3ec-4299-91d9-53962a761c3f][vscode.git]: Loaded contributions. 
2026-01-02 12:50:15 [debug] : [19ddbabe-e3ec-4299-91d9-53962a761c3f][vscode.make]: Loaded contributions. 
2026-01-02 12:50:15 [debug] : [19ddbabe-e3ec-4299-91d9-53962a761c3f] Load contributions of 18 plugins: 348.6 ms [Finished 3.224 s after frontend start] 
2026-01-02 12:50:15 [debug] : Frontend c.onDidInitializeLayout: 0.5 ms [Finished 3.225 s after frontend start] 
2026-01-02 12:50:15 [debug] : Frontend n.onDidInitializeLayout: 1.6 ms [Finished 3.229 s after frontend start] 
2026-01-02 12:50:15 [debug] : Frontend x.onDidInitializeLayout: 21.7 ms [Finished 3.253 s after frontend start] 
2026-01-02 12:50:15 [debug] : Frontend h.onDidInitializeLayout: 0.3 ms [Finished 3.266 s after frontend start] 
2026-01-02 12:50:15 [debug] : Error: view container is disposed
    at get containerLayout (file:///C:/Xilinx/2025.1/Vitis/ide/electron-app/win64/resources/app/lib/frontend/bundle.js:2:2734612)
    at n.getParts (file:///C:/Xilinx/2025.1/Vitis/ide/electron-app/win64/resources/app/lib/frontend/bundle.js:2:2734370)
    at n.getTrackableWidgets (file:///C:/Xilinx/2025.1/Vitis/ide/electron-app/win64/resources/app/lib/frontend/bundle.js:2:2737767)
    at n.prepareViewContainer (file:///C:/Xilinx/2025.1/Vitis/ide/electron-app/win64/resources/app/lib/frontend/bundle.js:2:8580709)
    at async file:///C:/Xilinx/2025.1/Vitis/ide/electron-app/win64/resources/app/lib/frontend/bundle.js:2:8582989
    at async Promise.all (index 1)
    at async n.initWidgets (file:///C:/Xilinx/2025.1/Vitis/ide/electron-app/win64/resources/app/lib/frontend/bundle.js:2:8583836)
    at async n.afterLoadContributions (file:///C:/Xilinx/2025.1/Vitis/ide/electron-app/win64/resources/app/lib/frontend/bundle.js:2:8225999)
    at async n.doLoad (file:///C:/Xilinx/2025.1/Vitis/ide/electron-app/win64/resources/app/lib/frontend/bundle.js:2:8240408)
    at async d.withProgress (file:///C:/Xilinx/2025.1/Vitis/ide/electron-app/win64/resources/app/lib/frontend/bundle.js:2:2899608) 
2026-01-02 12:50:16 [debug] : 'cpp' language is remapped from 'source.cpp.embedded.macro' to 'source.cpp' scope 
2026-01-02 12:50:16 [debug] : a registered grammar configuration for 'cpp' language is overridden 
2026-01-02 12:50:16 [debug] : MonacoEditorModel.fireDidChangeContent - enter - {
  "changes": [
    {
      "range": {
        "startLineNumber": 4,
        "startColumn": 29,
        "endLineNumber": 14,
        "endColumn": 6
      },
      "rangeLength": 310,
      "text": "{\r\n        \"**/.git/objects/**\": true,\r\n        \"**/.git/subtree-cache/**\": true,\r\n        \"**/_build/**\": true,\r\n        \"**/build/**\": true,\r\n        \"**/export/**\": true,\r\n        \"**/hls/impl/**\": true,\r\n        \"**/hls/syth/**\": true,\r\n        \"**/hls/syn/**\": true,\r\n        \"**/hls/csim/**\": true\r\n    }",
      "rangeOffset": 124,
      "forceMoveMarkers": false
    }
  ],
  "eol": "\r\n",
  "isEolChange": false,
  "versionId": 2,
  "isUndoing": false,
  "isRedoing": false,
  "isFlush": false
} {"0":"user-storage:/user/settings.json"}
2026-01-02 12:50:16 [debug] : MonacoEditorModel.markAsDirty - enter {"0":"user-storage:/user/settings.json"}
2026-01-02 12:50:16 [debug] : MonacoEditorModel.cancelSync {"0":"user-storage:/user/settings.json"}
2026-01-02 12:50:16 [debug] : MonacoEditorModel.markAsDirty - exit {"0":"user-storage:/user/settings.json"}
2026-01-02 12:50:16 [debug] : MonacoEditorModel.fireDidChangeContent - exit {"0":"user-storage:/user/settings.json"}
2026-01-02 12:50:16 [debug] : MonacoEditorModel.cancelSave {"0":"user-storage:/user/settings.json"}
2026-01-02 12:50:16 [debug] : MonacoEditorModel.cancelSave {"0":"user-storage:/user/settings.json"}
2026-01-02 12:50:16 [debug] : Frontend U.onDidInitializeLayout took longer than the expected maximum 100 milliseconds: 247.2 ms [Finished 3.513 s after frontend start] 
2026-01-02 12:50:16 [debug] : Frontend D.onDidInitializeLayout: 0.0 ms [Finished 3.513 s after frontend start] 
2026-01-02 12:50:16 [debug] : Frontend D.onDidInitializeLayout: 1.8 ms [Finished 3.515 s after frontend start] 
2026-01-02 12:50:16 [debug] : Frontend C.onDidInitializeLayout: 0.1 ms [Finished 3.515 s after frontend start] 
2026-01-02 12:50:16 [debug] : Frontend v.onDidInitializeLayout: 0.1 ms [Finished 3.516 s after frontend start] 
2026-01-02 12:50:16 [debug] : getTasks(): about to return task information for 0 tasks 
2026-01-02 12:50:16 [debug] : MonacoEditorModel.cancelSync {"0":"user-storage:/user/settings.json"}
2026-01-02 12:50:16 [debug] : MonacoEditorModel.cancelSave {"0":"user-storage:/user/settings.json"}
2026-01-02 12:50:16 [debug] : [hosted-plugin: 10504] PLUGIN_HOST(10504): PluginManagerExtImpl/init() 
2026-01-02 12:50:16 [debug] : [hosted-plugin: 10504] PLUGIN_HOST(10504): initializing(serial-monitor@1.0.2 with C:\Xilinx\2025.1\Vitis\ide\electron-app\win64\resources\app\lib\backend\plugin-vscode-init) 
2026-01-02 12:50:16 [debug] : [hosted-plugin: 10504] PLUGIN_HOST(10504): initializing(json-language-features@1.88.1 with C:\Xilinx\2025.1\Vitis\ide\electron-app\win64\resources\app\lib\backend\plugin-vscode-init) 
2026-01-02 12:50:16 [debug] : [hosted-plugin: 10504] PLUGIN_HOST(10504): initializing(material-icon-theme@5.15.0 with C:\Xilinx\2025.1\Vitis\ide\electron-app\win64\resources\app\lib\backend\plugin-vscode-init) 
2026-01-02 12:50:16 [debug] : [hosted-plugin: 10504] PLUGIN_HOST(10504): initializing(git-base@1.95.3 with C:\Xilinx\2025.1\Vitis\ide\electron-app\win64\resources\app\lib\backend\plugin-vscode-init) 
2026-01-02 12:50:16 [debug] : [hosted-plugin: 10504] PLUGIN_HOST(10504): initializing(gitlens@11.7.0 with C:\Xilinx\2025.1\Vitis\ide\electron-app\win64\resources\app\lib\backend\plugin-vscode-init) 
2026-01-02 12:50:16 [debug] : [hosted-plugin: 10504] PLUGIN_HOST(10504): initializing(tcf-debug@0.0.1 with C:\Xilinx\2025.1\Vitis\ide\electron-app\win64\resources\app\lib\backend\plugin-vscode-init) 
2026-01-02 12:50:16 [debug] : [hosted-plugin: 10504] Debugger contribution has been registered: tcf-debug 
2026-01-02 12:50:16 [debug] : [hosted-plugin: 10504] PLUGIN_HOST(10504): initializing(cmake@0.0.17 with C:\Xilinx\2025.1\Vitis\ide\electron-app\win64\resources\app\lib\backend\plugin-vscode-init) 
2026-01-02 12:50:16 [debug] : [hosted-plugin: 10504] PLUGIN_HOST(10504): initializing(vitis-config@0.0.1 with C:\Xilinx\2025.1\Vitis\ide\electron-app\win64\resources\app\lib\backend\plugin-vscode-init) 
2026-01-02 12:50:16 [debug] : [hosted-plugin: 10504] PLUGIN_HOST(10504): initializing(vitis-hls-l1-library@0.0.1 with C:\Xilinx\2025.1\Vitis\ide\electron-app\win64\resources\app\lib\backend\plugin-vscode-init) 
2026-01-02 12:50:16 [debug] : [hosted-plugin: 10504] PLUGIN_HOST(10504): initializing(vitis-hls-pragma@0.6.0 with C:\Xilinx\2025.1\Vitis\ide\electron-app\win64\resources\app\lib\backend\plugin-vscode-init) 
2026-01-02 12:50:16 [debug] : [hosted-plugin: 10504] PLUGIN_HOST(10504): initializing(vitis-hls-verilog-vhdl-support@0.0.1 with C:\Xilinx\2025.1\Vitis\ide\electron-app\win64\resources\app\lib\backend\plugin-vscode-init) 
2026-01-02 12:50:16 [debug] : [hosted-plugin: 10504] PLUGIN_HOST(10504): initializing(vitis-output@0.0.1 with C:\Xilinx\2025.1\Vitis\ide\electron-app\win64\resources\app\lib\backend\plugin-vscode-init) 
2026-01-02 12:50:16 [debug] : [hosted-plugin: 10504] PLUGIN_HOST(10504): initializing(cpp@1.88.1 with C:\Xilinx\2025.1\Vitis\ide\electron-app\win64\resources\app\lib\backend\plugin-vscode-init) 
2026-01-02 12:50:16 [debug] : [hosted-plugin: 10504] PLUGIN_HOST(10504): initializing(json@1.88.1 with C:\Xilinx\2025.1\Vitis\ide\electron-app\win64\resources\app\lib\backend\plugin-vscode-init) 
2026-01-02 12:50:16 [debug] : [hosted-plugin: 10504] PLUGIN_HOST(10504): initializing(vscode-clangd@0.1.33 with C:\Xilinx\2025.1\Vitis\ide\electron-app\win64\resources\app\lib\backend\plugin-vscode-init) 
2026-01-02 12:50:16 [debug] : [hosted-plugin: 10504] PLUGIN_HOST(10504): initializing(debug@0.27.0 with C:\Xilinx\2025.1\Vitis\ide\electron-app\win64\resources\app\lib\backend\plugin-vscode-init) 
2026-01-02 12:50:16 [debug] : [hosted-plugin: 10504] Debugger contribution has been registered: gdb 
2026-01-02 12:50:16 [debug] : [hosted-plugin: 10504] Debugger contribution has been registered: lldb-mi 
2026-01-02 12:50:16 [debug] : [hosted-plugin: 10504] Debugger contribution has been registered: mago-mi 
2026-01-02 12:50:16 [debug] : [hosted-plugin: 10504] PLUGIN_HOST(10504): initializing(git@1.95.3 with C:\Xilinx\2025.1\Vitis\ide\electron-app\win64\resources\app\lib\backend\plugin-vscode-init) 
2026-01-02 12:50:16 [debug] : [hosted-plugin: 10504] PLUGIN_HOST(10504): initializing(make@1.88.1 with C:\Xilinx\2025.1\Vitis\ide\electron-app\win64\resources\app\lib\backend\plugin-vscode-init) 
2026-01-02 12:50:16 [debug] : [hosted-plugin: 10504] Unsupported activation events: oncommand:gitlens.copyCurrentBranch, please open an issue: https://github.com/eclipse-theia/theia/issues/new 
2026-01-02 12:50:16 [debug] : [hosted-plugin: 10504] Unsupported activation events: onEditSession:file, please open an issue: https://github.com/eclipse-theia/theia/issues/new 
2026-01-02 12:50:16 [debug] : [hosted-plugin: 10504] PLUGIN_HOST(10504): PluginManagerExtImpl/loadPlugin(C:\Xilinx\2025.1\Vitis\ide\electron-app\win64\resources\app\plugins\vscode-builtin-json-language-features\extension\client\dist\node\jsonClientMain) 
2026-01-02 12:50:16 [debug] : [hosted-plugin: 10504] PLUGIN_HOST(10504): PluginManagerExtImpl/loadPlugin(C:\Xilinx\2025.1\Vitis\ide\electron-app\win64\resources\app\plugins\vscode.git-base\extension\dist\extension.js) 
2026-01-02 12:50:16 [debug] : [hosted-plugin: 10504] calling activation function on Git Base (built-in) 
2026-01-02 12:50:16 [debug] : [hosted-plugin: 10504] PLUGIN_HOST(10504): PluginManagerExtImpl/loadPlugin(C:\Xilinx\2025.1\Vitis\ide\electron-app\win64\resources\app\plugins\vscode.git\extension\dist\main) 
2026-01-02 12:50:16 [debug] : [hosted-plugin: 10504] calling activation function on Git (built-in) 
2026-01-02 12:50:16 [debug] : [19ddbabe-e3ec-4299-91d9-53962a761c3f] Starting plugins. 
2026-01-02 12:50:16 [debug] : [19ddbabe-e3ec-4299-91d9-53962a761c3f][eclipse-cdt.serial-monitor]: Started plugin. 
2026-01-02 12:50:16 [debug] : [19ddbabe-e3ec-4299-91d9-53962a761c3f][vscode.json-language-features]: Started plugin. 
2026-01-02 12:50:16 [debug] : [19ddbabe-e3ec-4299-91d9-53962a761c3f][pkief.material-icon-theme]: Started plugin. 
2026-01-02 12:50:16 [debug] : [19ddbabe-e3ec-4299-91d9-53962a761c3f][vscode.git-base]: Started plugin. 
2026-01-02 12:50:16 [debug] : [19ddbabe-e3ec-4299-91d9-53962a761c3f][eamodio.gitlens]: Started plugin. 
2026-01-02 12:50:16 [debug] : [19ddbabe-e3ec-4299-91d9-53962a761c3f][amd.tcf-debug]: Started plugin. 
2026-01-02 12:50:16 [debug] : [19ddbabe-e3ec-4299-91d9-53962a761c3f][twxs.cmake]: Started plugin. 
2026-01-02 12:50:16 [debug] : [19ddbabe-e3ec-4299-91d9-53962a761c3f][amd.vitis-config]: Started plugin. 
2026-01-02 12:50:16 [debug] : [19ddbabe-e3ec-4299-91d9-53962a761c3f][amd.vitis-hls-l1-library]: Started plugin. 
2026-01-02 12:50:16 [debug] : [19ddbabe-e3ec-4299-91d9-53962a761c3f][amd.vitis-hls-pragma]: Started plugin. 
2026-01-02 12:50:16 [debug] : [19ddbabe-e3ec-4299-91d9-53962a761c3f][amd.vitis-hls-verilog-vhdl-support]: Started plugin. 
2026-01-02 12:50:16 [debug] : [19ddbabe-e3ec-4299-91d9-53962a761c3f][amd.vitis-output]: Started plugin. 
2026-01-02 12:50:16 [debug] : [19ddbabe-e3ec-4299-91d9-53962a761c3f][vscode.cpp]: Started plugin. 
2026-01-02 12:50:16 [debug] : [19ddbabe-e3ec-4299-91d9-53962a761c3f][vscode.json]: Started plugin. 
2026-01-02 12:50:16 [debug] : [19ddbabe-e3ec-4299-91d9-53962a761c3f][llvm-vs-code-extensions.vscode-clangd]: Started plugin. 
2026-01-02 12:50:16 [debug] : [19ddbabe-e3ec-4299-91d9-53962a761c3f][webfreak.debug]: Started plugin. 
2026-01-02 12:50:16 [debug] : [19ddbabe-e3ec-4299-91d9-53962a761c3f][vscode.git]: Started plugin. 
2026-01-02 12:50:16 [debug] : [19ddbabe-e3ec-4299-91d9-53962a761c3f][vscode.make]: Started plugin. 
2026-01-02 12:50:16 [debug] : [hosted-plugin: 10504] PLUGIN_HOST(10504): PluginManagerExtImpl/loadPlugin(C:\Xilinx\2025.1\Vitis\ide\electron-app\win64\resources\app\plugins\eamodio-gitlens\extension\dist\gitlens) 
2026-01-02 12:50:16 [debug] : [hosted-plugin: 10504] PLUGIN_HOST(10504): PluginManagerExtImpl/loadPlugin(C:\Xilinx\2025.1\Vitis\ide\electron-app\win64\resources\app\plugins\vscode-material-icon-theme\extension\dist\extension\desktop\extension.cjs) 
2026-01-02 12:50:16 [debug] : [hosted-plugin: 10504] PLUGIN_HOST(10504): PluginManagerExtImpl/loadPlugin(C:\Xilinx\2025.1\Vitis\ide\electron-app\win64\resources\app\plugins\eclipse-cdt.serial-monitor\extension\dist\desktop\extension.js) 
2026-01-02 12:50:16 [debug] : [hosted-plugin: 10504] calling activation function on Web and Desktop Serial Monitor 
2026-01-02 12:50:16 [debug] : [hosted-plugin: 10504] [INFO] 2026-01-02T11:50:16.977Z - Translations initialized. 
2026-01-02 12:50:16 [debug] : [hosted-plugin: 10504] [INFO] 2026-01-02T11:50:16.979Z - Extension activated! 
2026-01-02 12:50:16 [debug] : [hosted-plugin: 10504] calling activation function on Material Icon Theme 
2026-01-02 12:50:16 [debug] : [hosted-plugin: 10504] calling activation function on JSON Language Features (built-in) 
2026-01-02 12:50:17 [debug] : [hosted-plugin: 10504] calling activation function on GitLens — Git supercharged 
2026-01-02 12:50:17 [debug] : Frontend application start: 2612.6 ms [Finished 50656.689 s after backend start] 
2026-01-02 12:50:17 [debug] : Replace loading indicator with ready workbench UI (animation): 867.1 ms [Finished 4.385 s after frontend start] 
2026-01-02 12:50:17 [debug] : Changed application state from 'initialized_layout' to 'ready'. 
2026-01-02 12:50:17 [debug] : [19ddbabe-e3ec-4299-91d9-53962a761c3f] Start of 18 plugins: 1115.5 ms [Finished 4.415 s after frontend start] 
2026-01-02 12:50:17 [debug] : [ProjectCache] fetching projects for project-cache 
2026-01-02 12:50:17 [debug] : [ProjectDecorator] tree decoration updated 
2026-01-02 12:50:17 [debug] : [ProjectCache] Project location updated to undefined 
2026-01-02 12:50:17 [debug] : [ProjectDecorator] tree decoration updated 
2026-01-02 12:50:17 [debug] : RIGEL SERVER 12:50:17 INFO  : [INFO]: Initializing repositories 
2026-01-02 12:50:17 [debug] : RIGEL SERVER 12:50:17 INFO  : [INFO]: Successfully set the EmbeddedSW path, refer .repo.yaml for more details.
12:50:17 INFO  : Successfully created repository data at C:\Users\User\Documents\GitHub\AHE_Group_G\Project_workspace/_ide\.wsdata 
2026-01-02 12:50:17 [debug] : RIGEL SERVER 12:50:17 INFO  : cmd.exe, /C, empyro.bat get_template_data -d C:\Users\User\AppData\Local\Temp\rigel_lopper_User2624121721526555256 -r C:\Users\User\Documents\GitHub\AHE_Group_G\Project_workspace\_ide\.wsdata\.repo.yaml 
2026-01-02 12:50:17 [debug] : [ProjectCache] fetching projects for project-cache 
2026-01-02 12:50:17 [debug] : [ProjectDecorator] tree decoration updated 
2026-01-02 12:50:17 [debug] : [ProjectCache] Project location updated to undefined 
2026-01-02 12:50:17 [debug] : [ProjectDecorator] tree decoration updated 
2026-01-02 12:50:18 [debug] : RIGEL SERVER 12:50:18 INFO  : Embedded Template List generated successfully 
2026-01-02 12:50:18 [debug] : [Application Examples Provider] Templates model update completed. 
2026-01-02 12:50:18 [debug] : [Application Examples Provider] common calling method completed. 
2026-01-02 12:50:18 [debug] : [Application Examples Provider] refresh completed. 
2026-01-02 12:50:19 [debug] : [hosted-plugin: 10504] PLUGIN_HOST(10504): PluginManagerExtImpl/loadPlugin(C:\Xilinx\2025.1\Vitis\ide\electron-app\win64\resources\app\plugins\vitis-output-0.0.1\extension\lib\extension.js) 
2026-01-02 12:50:19 [debug] : [hosted-plugin: 10504] calling activation function on amd.vitis-output 
2026-01-02 12:50:37 [debug] : socked closed 
2026-01-02 12:50:37 [debug] : closing connection for 1 
2026-01-02 12:50:37 [debug] : Closing channel on service path '/localization-server'. 
2026-01-02 12:50:37 [debug] : Closing channel on service path '/os'. 
2026-01-02 12:50:37 [debug] : Closing channel on service path '/services/commands'. 
2026-01-02 12:50:37 [debug] : Closing channel on service path '/services/keyboard'. 
2026-01-02 12:50:37 [debug] : Closing channel on service path '/services/logger'. 
2026-01-02 12:50:37 [debug] : Closing channel on service path '/services/messageService'. 
2026-01-02 12:50:37 [debug] : Closing channel on service path '/services/ChannelCloseService'. 
2026-01-02 12:50:37 [debug] : Closing channel on service path '/services/startup-workspace'. 
2026-01-02 12:50:37 [debug] : Closing channel on service path '/services/rigel-workspace'. 
2026-01-02 12:50:37 [debug] : Closing channel on service path '/services/remote-filesystem'. 
2026-01-02 12:50:37 [debug] : Closing channel on service path '/services/envs'. 
2026-01-02 12:50:37 [debug] : Closing channel on service path '/services/workspace'. 
2026-01-02 12:50:37 [debug] : Closing channel on service path '/services/stopwatch'. 
2026-01-02 12:50:37 [debug] : Closing channel on service path '/services/rigel-utils'. 
2026-01-02 12:50:37 [debug] : [Rigel Utils Server] Disposing objects in backend. 
2026-01-02 12:50:37 [debug] : Closing channel on service path '/services/application'. 
2026-01-02 12:50:37 [debug] : Closing channel on service path '/services/i18n'. 
2026-01-02 12:50:37 [debug] : Closing channel on service path '/services/quickInput'. 
2026-01-02 12:50:37 [debug] : Closing channel on service path '/services/project'. 
2026-01-02 12:50:37 [debug] : Closing channel on service path '/services/component'. 
2026-01-02 12:50:37 [debug] : Closing channel on service path '/services/feature-registry'. 
2026-01-02 12:50:37 [debug] : Closing channel on service path '/services/debugger'. 
2026-01-02 12:50:37 [debug] : Closing channel on service path '/services/debug'. 
2026-01-02 12:50:37 [debug] : Closing channel on service path '/services/shell-terminal'. 
2026-01-02 12:50:37 [debug] : Closing channel on service path '/services/quickPick'. 
2026-01-02 12:50:37 [debug] : Closing channel on service path '/services/task'. 
2026-01-02 12:50:37 [debug] : a client has disconnected - removed from list: 
2026-01-02 12:50:37 [debug] : Closing channel on service path '/services/search'. 
2026-01-02 12:50:37 [debug] : Closing channel on service path '/services/hostedPlugin'. 
2026-01-02 12:50:37 [debug] : Closing channel on service path '/services/plugin-ext'. 
2026-01-02 12:50:37 [debug] : Closing channel on service path '/services/plugin-paths'. 
2026-01-02 12:50:37 [debug] : Closing channel on service path '/services/vsx-environment'. 
2026-01-02 12:50:37 [debug] : Closing channel on service path '/services/request-service'. 
2026-01-02 12:50:37 [debug] : Closing channel on service path '/services/cli-preferences'. 
2026-01-02 12:50:37 [debug] : Closing channel on service path '/services/server'. 
2026-01-02 12:50:37 [debug] : Closing channel on service path '/services/repository'. 
2026-01-02 12:50:37 [debug] : [Repository Server] Disposing objects in backend. 
2026-01-02 12:50:37 [debug] : Closing channel on service path '/services/program_flash'. 
2026-01-02 12:50:37 [debug] : [Program Flash Server] Disposing objects in backend. 
2026-01-02 12:50:37 [debug] : Closing channel on service path '/services/build'. 
2026-01-02 12:50:37 [debug] : [Build Server] Disposing objects in backend. 
2026-01-02 12:50:37 [debug] : Closing channel on service path 'services/rigel-backend-helper'. 
2026-01-02 12:50:37 [debug] : Closing channel on service path '/services/aie'. 
2026-01-02 12:50:37 [debug] : [AIE Server] Disposing objects in backend. 
2026-01-02 12:50:37 [debug] : Closing channel on service path '/services/analysis'. 
2026-01-02 12:50:37 [debug] : Closing channel on service path '/services/notification'. 
2026-01-02 12:50:37 [debug] : Closing channel on service path '/services/recent-summaries'. 
2026-01-02 12:50:37 [debug] : Closing channel on service path '/services/platform'. 
2026-01-02 12:50:37 [debug] : Closing channel on service path '/services/hls/l1library/service'. 
2026-01-02 12:50:37 [debug] : Closing channel on service path '/services/elf-reader'. 
2026-01-02 12:50:37 [debug] : [Elf Reader Server] Disposing objects in backend. 
2026-01-02 12:50:37 [debug] : Closing channel on service path '/services/rigel_explorer'. 
2026-01-02 12:50:37 [debug] : Closing channel on service path '/services/linker-script'. 
2026-01-02 12:50:37 [debug] : Closing channel on service path '/services/rigel-logger'. 
2026-01-02 12:50:37 [debug] : [Logger Server] Disposing objects in backend. 
2026-01-02 12:50:37 [debug] : Closing channel on service path '/services/vitis-hls'. 
2026-01-02 12:50:37 [debug] : Closing channel on service path '/services/device'. 
2026-01-02 12:50:37 [debug] : Closing channel on service path '/services/vcxx'. 
2026-01-02 12:50:37 [debug] : [Rigel Vcxx Server] Disposing objects in backend. 
2026-01-02 12:50:37 [debug] : Closing channel on service path '/services/mini-browser-service'. 
2026-01-02 12:50:37 [debug] : Closing channel on service path '/services/hls/report'. 
2026-01-02 12:50:37 [debug] : Closing channel on service path '/services/hls/common/data/info'. 
2026-01-02 12:50:37 [debug] : Closing channel on service path '/services/flow_navigator'. 
2026-01-02 12:50:37 [debug] : Closing channel on service path '/services/hls/common/file/service'. 
2026-01-02 12:50:37 [debug] : Closing channel on service path '/services/hls/dataflow/info'. 
2026-01-02 12:50:37 [debug] : Closing channel on service path '/services/hls/directive'. 
2026-01-02 12:50:37 [debug] : Closing channel on service path '/services/hls_flow'. 
2026-01-02 12:50:37 [debug] : [Hls Flow Server] Disposing objects in backend. 
2026-01-02 12:50:37 [debug] : Closing channel on service path '/services/project-utils'. 
2026-01-02 12:50:37 [debug] : Closing channel on service path '/services/bootgen'. 
2026-01-02 12:50:37 [debug] : Closing channel on service path '/services/cdo-utils'. 
2026-01-02 12:50:37 [debug] : Closing channel on service path '/services/report-model'. 
2026-01-02 12:50:37 [debug] : Closing channel on service path '/services/hls/wave/open'. 
2026-01-02 12:50:37 [debug] : Closing channel on service path '/services/search-in-workspace'. 
2026-01-02 12:50:37 [debug] : Closing channel on service path '/services/keyStore'. 
2026-01-02 12:50:37 [debug] : Closing channel on service path '/services/languagePackService'. 
2026-01-02 12:50:37 [debug] : Uncaught Exception:  {"0":"Error: spawn wmic.exe ENOENT"}
2026-01-02 12:50:37 [debug] : Error: spawn wmic.exe ENOENT
    at ChildProcess._handle.onexit (node:internal/child_process:286:19)
    at onErrorNT (node:internal/child_process:484:16)
    at process.processTicksAndRejections (node:internal/process/task_queues:82:21) 
2026-01-02 12:50:37 [debug] : Uncaught Exception:  {"0":"TypeError: Cannot read properties of undefined (reading 'forEach')"}
2026-01-02 12:50:37 [debug] : TypeError: Cannot read properties of undefined (reading 'forEach')
    at Stream.<anonymous> (C:\Xilinx\2025.1\Vitis\ide\electron-app\win64\resources\app\lib\backend\6.js:2:505721)
    at Stream.emit (node:events:519:28)
    at Stream.o (C:\Xilinx\2025.1\Vitis\ide\electron-app\win64\resources\app\lib\backend\6.js:2:2735199)
    at Stream.emit (node:events:531:35)
    at g (C:\Xilinx\2025.1\Vitis\ide\electron-app\win64\resources\app\lib\backend\6.js:2:2063454)
    at r.write (C:\Xilinx\2025.1\Vitis\ide\electron-app\win64\resources\app\lib\backend\6.js:2:2063811)
    at Stream.ondata (node:internal/streams/legacy:21:31)
    at Stream.emit (node:events:519:28)
    at c (C:\Xilinx\2025.1\Vitis\ide\electron-app\win64\resources\app\lib\backend\6.js:2:2784493)
    at l.queue.l.push (C:\Xilinx\2025.1\Vitis\ide\electron-app\win64\resources\app\lib\backend\6.js:2:2784710)
    at l (C:\Xilinx\2025.1\Vitis\ide\electron-app\win64\resources\app\lib\backend\6.js:2:2730257)
    at Stream.<anonymous> (C:\Xilinx\2025.1\Vitis\ide\electron-app\win64\resources\app\lib\backend\6.js:2:2730519)
    at l.end (C:\Xilinx\2025.1\Vitis\ide\electron-app\win64\resources\app\lib\backend\6.js:2:2784911)
    at Socket.onend (node:internal/streams/readable:946:10)
    at Object.onceWrapper (node:events:633:28)
    at Socket.emit (node:events:531:35) 
2026-01-02 12:52:03 [debug] : --------------------------------------------------------------------------------- 
2026-01-02 12:52:03 [debug] : C:\Users\User\Documents\GitHub\AHE_Group_G\Project_workspace 
2026-01-02 12:52:03 [debug] : --------------------------------------------------------------------------------- 
2026-01-02 12:52:03 [debug] : [Logger] Previous user logs are stored in the file - C:\Users\User\.Xilinx\Vitis\2025.1\logs\ide.log 
2026-01-02 12:52:03 [debug] : [Logger] Previous debug logs are stored in the file - C:\Users\User\.Xilinx\Vitis\2025.1\.wsdata\ide_verbose.log 
2026-01-02 12:52:03 [debug] : RIGEL SERVER 12:52:03 INFO  : created .gitignore file for the project C:\Users\User\Documents\GitHub\AHE_Group_G\Project_workspace 
2026-01-02 12:52:03 [debug] : RIGEL SERVER 12:52:03 INFO  : updated workspace path: C:\Users\User\Documents\GitHub\AHE_Group_G\Project_workspace 
2026-01-02 12:52:03 [debug] : Linked preference "workbench.colorCustomizations" not found. 
2026-01-02 12:52:03 [debug] : [Application Examples Provider] Templates model update completed. 
2026-01-02 12:52:03 [debug] : [Application Examples Provider] common calling method completed. 
2026-01-02 12:52:03 [debug] : [Application Examples Provider] refresh completed. 
2026-01-02 12:52:03 [debug] : [Application Examples Provider] Templates model update completed. 
2026-01-02 12:52:03 [debug] : [Application Examples Provider] common calling method completed. 
2026-01-02 12:52:03 [debug] : [Application Examples Provider] refresh completed. 
2026-01-02 12:52:03 [debug] : Application UI init preferences 
2026-01-02 12:52:03 [debug] : Frontend keybindings.onStart took longer than the expected maximum 100 milliseconds: 224.7 ms [Finished 1.557 s after frontend start] 
2026-01-02 12:52:03 [debug] : Frontend menus.onStart: 6.6 ms [Finished 1.563 s after frontend start] 
2026-01-02 12:52:03 [debug] : Frontend l.onStart: 8.5 ms [Finished 1.572 s after frontend start] 
2026-01-02 12:52:03 [debug] : Frontend l.onStart: 0.4 ms [Finished 1.573 s after frontend start] 
2026-01-02 12:52:03 [debug] : Frontend d.onStart: 26.1 ms [Finished 1.599 s after frontend start] 
2026-01-02 12:52:03 [debug] : Frontend u.onStart: 5.3 ms [Finished 1.605 s after frontend start] 
2026-01-02 12:52:04 [debug] : Frontend Q.onStart: 0.1 ms [Finished 1.605 s after frontend start] 
2026-01-02 12:52:04 [debug] : Frontend a.onStart: 0.8 ms [Finished 1.606 s after frontend start] 
2026-01-02 12:52:04 [debug] : Frontend a.onStart: 5.7 ms [Finished 1.612 s after frontend start] 
2026-01-02 12:52:04 [debug] : Frontend n.onStart: 0.1 ms [Finished 1.613 s after frontend start] 
2026-01-02 12:52:04 [debug] : Frontend l.onStart: 0.2 ms [Finished 1.613 s after frontend start] 
2026-01-02 12:52:04 [debug] : Frontend u.onStart: 1.1 ms [Finished 1.614 s after frontend start] 
2026-01-02 12:52:04 [debug] : Frontend a.onStart: 0.1 ms [Finished 1.615 s after frontend start] 
2026-01-02 12:52:04 [debug] : Frontend $.onStart: 0.3 ms [Finished 1.615 s after frontend start] 
2026-01-02 12:52:04 [debug] : Frontend f.onStart: 0.0 ms [Finished 1.615 s after frontend start] 
2026-01-02 12:52:04 [debug] : Frontend u.onStart: 0.4 ms [Finished 1.616 s after frontend start] 
2026-01-02 12:52:04 [debug] : Frontend l.onStart: 0.3 ms [Finished 1.616 s after frontend start] 
2026-01-02 12:52:04 [debug] : Frontend u.onStart: 0.0 ms [Finished 1.616 s after frontend start] 
2026-01-02 12:52:04 [debug] : Frontend n.onStart: 0.1 ms [Finished 1.617 s after frontend start] 
2026-01-02 12:52:04 [debug] : Frontend g.onStart: 0.2 ms [Finished 1.617 s after frontend start] 
2026-01-02 12:52:04 [debug] : Frontend _.onStart: 0.3 ms [Finished 1.617 s after frontend start] 
2026-01-02 12:52:04 [debug] : Frontend c.onStart: 0.0 ms [Finished 1.618 s after frontend start] 
2026-01-02 12:52:04 [debug] : Frontend v.onStart: 0.1 ms [Finished 1.618 s after frontend start] 
2026-01-02 12:52:04 [debug] : Frontend _.onStart: 0.2 ms [Finished 1.618 s after frontend start] 
2026-01-02 12:52:04 [debug] : Frontend $.onStart: 0.3 ms [Finished 1.619 s after frontend start] 
2026-01-02 12:52:04 [debug] : Frontend E.onStart: 0.3 ms [Finished 1.619 s after frontend start] 
2026-01-02 12:52:04 [debug] : Frontend v.onStart: 0.2 ms [Finished 1.620 s after frontend start] 
2026-01-02 12:52:04 [debug] : Frontend $.onStart: 0.3 ms [Finished 1.620 s after frontend start] 
2026-01-02 12:52:04 [debug] : Frontend g.onStart: 0.3 ms [Finished 1.621 s after frontend start] 
2026-01-02 12:52:04 [debug] : Frontend d.onStart: 0.2 ms [Finished 1.621 s after frontend start] 
2026-01-02 12:52:04 [debug] : Frontend h.onStart: 0.0 ms [Finished 1.621 s after frontend start] 
2026-01-02 12:52:04 [debug] : Frontend a.onStart: 0.1 ms [Finished 1.622 s after frontend start] 
2026-01-02 12:52:04 [debug] : Frontend C.onStart: 0.1 ms [Finished 1.622 s after frontend start] 
2026-01-02 12:52:04 [debug] : Frontend Object.onStart: 0.2 ms [Finished 1.622 s after frontend start] 
2026-01-02 12:52:04 [debug] : Frontend a.onStart: 0.1 ms [Finished 1.623 s after frontend start] 
2026-01-02 12:52:04 [debug] : Frontend x.onStart: 32.7 ms [Finished 1.656 s after frontend start] 
2026-01-02 12:52:04 [debug] : Frontend d.onStart: 0.3 ms [Finished 1.656 s after frontend start] 
2026-01-02 12:52:04 [debug] : [Feature Registry] Reading early access data from C:\Xilinx\2025.1\Vitis\vitis-server\scripts\early-access\early-access.json 
2026-01-02 12:52:04 [debug] : [Feature Registry] Reading early access data from C:\Xilinx\2025.1\Vitis\vitis-server\scripts\early-access\early-access.json 
2026-01-02 12:52:04 [debug] : [Feature Registry] Reading early access data from C:\Xilinx\2025.1\Vitis\vitis-server\scripts\early-access\early-access.json 
2026-01-02 12:52:04 [debug] : Frontend l.onStart: 0.3 ms [Finished 1.657 s after frontend start] 
2026-01-02 12:52:04 [debug] : Frontend U.onStart: 0.0 ms [Finished 1.657 s after frontend start] 
2026-01-02 12:52:04 [debug] : Frontend g.onStart: 0.0 ms [Finished 1.657 s after frontend start] 
2026-01-02 12:52:04 [debug] : Frontend n.onStart: 0.1 ms [Finished 1.657 s after frontend start] 
2026-01-02 12:52:04 [debug] : Frontend a.onStart: 0.1 ms [Finished 1.657 s after frontend start] 
2026-01-02 12:52:04 [debug] : Frontend g.onStart: 0.1 ms [Finished 1.658 s after frontend start] 
2026-01-02 12:52:04 [debug] : Frontend d.onStart: 0.2 ms [Finished 1.658 s after frontend start] 
2026-01-02 12:52:04 [debug] : Frontend c.onStart: 0.1 ms [Finished 1.658 s after frontend start] 
2026-01-02 12:52:04 [debug] : Frontend y.onStart: 0.1 ms [Finished 1.658 s after frontend start] 
2026-01-02 12:52:04 [debug] : Frontend w.onStart: 0.1 ms [Finished 1.658 s after frontend start] 
2026-01-02 12:52:04 [debug] : Frontend B.onStart: 0.1 ms [Finished 1.659 s after frontend start] 
2026-01-02 12:52:04 [debug] : Start frontend contributions: 635.8 ms [Finished 1.659 s after frontend start] 
2026-01-02 12:52:04 [debug] : Changed application state from 'init' to 'started_contributions'. 
2026-01-02 12:52:04 [debug] : Changed application state from 'started_contributions' to 'attached_shell'. 
2026-01-02 12:52:04 [debug] : >>> Restoring the layout state... 
2026-01-02 12:52:04 [debug] : Received event from notification service: ON_START_ANALYSIS_PROGRESS. 
2026-01-02 12:52:04 [debug] : Event posted using notification server in backend. {"0":{"wrappers_":{},"arrayIndexOffset_":-1,"array":["7970fc06-a2ea-4231-a296-858fb9f04ca9",null,54,null,null,null,null,"list-reports"],"pivot_":1.7976931348623157e+308,"convertedPrimitiveFields_":{}}}
2026-01-02 12:52:04 [debug] : [Application Examples Provider]  updating the embedded templates on workspace event. 
2026-01-02 12:52:04 [debug] : [Application Examples Provider] refresh requested. 
2026-01-02 12:52:04 [debug] : Received event from notification service: ON_DID_UPDATE_WORKSPACE. 
2026-01-02 12:52:04 [debug] : [Logger Client] log levelchanged to  {"0":"Info"}
2026-01-02 12:52:04 [debug] : [Logger UI]  Update Log Level  called 
2026-01-02 12:52:04 [debug] : [Application Examples Provider] common calling method requested. 
2026-01-02 12:52:04 [debug] : [Application Examples Provider] Repositories model update requested. 
2026-01-02 12:52:04 [debug] : [Application Examples Provider] Repositories model update completed. 
2026-01-02 12:52:04 [debug] : [Repository Server] Executing method:getEmbeddedExampleTemplateTree with connection:(object). {"0":"request:","1":{"wrappers_":null,"arrayIndexOffset_":-1,"array":[],"pivot_":1.7976931348623157e+308,"convertedPrimitiveFields_":{}}}
2026-01-02 12:52:04 [debug] : [Application Examples Provider] Templates model update requested. 
2026-01-02 12:52:04 [debug] : [Repository Service] Executing method:getEmbeddedExampleTemplateTree from frontend. {"0":"request:"}
2026-01-02 12:52:04 [debug] : Received event from notification service: ON_DID_REFRESH_WORKSPACE_SUMMARIES. 
2026-01-02 12:52:04 [debug] : [ProjectCache] fetching projects for project-cache 
2026-01-02 12:52:04 [debug] : [de2b698f-4bc2-44a0-89f0-cf6eb3e65b83] Waiting for backend deployment: 114.9 ms [Finished 1.738 s after frontend start] 
2026-01-02 12:52:04 [debug] : Received event from notification service: ON_STOP_ANALYSIS_PROGRESS. 
2026-01-02 12:52:04 [debug] : MonacoEditorModel.fireDidChangeContent - enter - {
  "changes": [
    {
      "range": {
        "startLineNumber": 2,
        "startColumn": 47,
        "endLineNumber": 2,
        "endColumn": 52
      },
      "rangeLength": 5,
      "text": "false",
      "rangeOffset": 49,
      "forceMoveMarkers": false
    }
  ],
  "eol": "\r\n",
  "isEolChange": false,
  "versionId": 2,
  "isUndoing": false,
  "isRedoing": false,
  "isFlush": false
} {"0":"user-storage:/user/settings.json"}
2026-01-02 12:52:04 [debug] : MonacoEditorModel.markAsDirty - enter {"0":"user-storage:/user/settings.json"}
2026-01-02 12:52:04 [debug] : MonacoEditorModel.cancelSync {"0":"user-storage:/user/settings.json"}
2026-01-02 12:52:04 [debug] : MonacoEditorModel.markAsDirty - exit {"0":"user-storage:/user/settings.json"}
2026-01-02 12:52:04 [debug] : MonacoEditorModel.fireDidChangeContent - exit {"0":"user-storage:/user/settings.json"}
2026-01-02 12:52:04 [debug] : MonacoEditorModel.cancelSave {"0":"user-storage:/user/settings.json"}
2026-01-02 12:52:04 [debug] : MonacoEditorModel.fireDidChangeContent - enter - {
  "changes": [
    {
      "range": {
        "startLineNumber": 3,
        "startColumn": 29,
        "endLineNumber": 3,
        "endColumn": 37
      },
      "rangeLength": 8,
      "text": "\"custom\"",
      "rangeOffset": 85,
      "forceMoveMarkers": false
    }
  ],
  "eol": "\r\n",
  "isEolChange": false,
  "versionId": 3,
  "isUndoing": false,
  "isRedoing": false,
  "isFlush": false
} {"0":"user-storage:/user/settings.json"}
2026-01-02 12:52:04 [debug] : MonacoEditorModel.markAsDirty - enter {"0":"user-storage:/user/settings.json"}
2026-01-02 12:52:04 [debug] : MonacoEditorModel.cancelSync {"0":"user-storage:/user/settings.json"}
2026-01-02 12:52:04 [debug] : MonacoEditorModel.markAsDirty - exit {"0":"user-storage:/user/settings.json"}
2026-01-02 12:52:04 [debug] : MonacoEditorModel.fireDidChangeContent - exit {"0":"user-storage:/user/settings.json"}
2026-01-02 12:52:04 [debug] : MonacoEditorModel.cancelSave {"0":"user-storage:/user/settings.json"}
2026-01-02 12:52:04 [debug] : MonacoEditorModel.cancelSave {"0":"user-storage:/user/settings.json"}
2026-01-02 12:52:04 [debug] : [ProjectDecorator] tree decoration updated 
2026-01-02 12:52:04 [debug] : [ProjectCache] Project location updated to undefined 
2026-01-02 12:52:04 [debug] : [ProjectDecorator] tree decoration updated 
2026-01-02 12:52:04 [debug] : [Logger UI]  Update Log Level success {"0":{"success":true,"error":""}}
2026-01-02 12:52:04 [debug] : [de2b698f-4bc2-44a0-89f0-cf6eb3e65b83] Sync of 18 plugins: 214.8 ms [Finished 1.952 s after frontend start] 
2026-01-02 12:52:04 [debug] : <<< Nothing to restore. 
2026-01-02 12:52:04 [debug] : Frontend A.initializeLayout: 11.3 ms [Finished 1.968 s after frontend start] 
2026-01-02 12:52:04 [debug] : [hosted-plugin: 5156] PLUGIN_HOST(5156) starting instance 
2026-01-02 12:52:04 [debug] : Frontend v.initializeLayout: 3.7 ms [Finished 1.971 s after frontend start] 
2026-01-02 12:52:04 [debug] : Frontend d.initializeLayout: 2.7 ms [Finished 1.974 s after frontend start] 
2026-01-02 12:52:04 [debug] : Frontend Object.initializeLayout: 0.0 ms [Finished 1.974 s after frontend start] 
2026-01-02 12:52:04 [debug] : Frontend g.initializeLayout: 3.3 ms [Finished 1.978 s after frontend start] 
2026-01-02 12:52:04 [debug] : Frontend C.initializeLayout: 9.1 ms [Finished 1.987 s after frontend start] 
2026-01-02 12:52:04 [debug] : [hosted-plugin: 5156] [Object: null prototype] {} 
2026-01-02 12:52:04 [debug] : Frontend C.initializeLayout: 3.5 ms [Finished 1.990 s after frontend start] 
2026-01-02 12:52:04 [debug] : Frontend c.initializeLayout: 3.2 ms [Finished 1.994 s after frontend start] 
2026-01-02 12:52:04 [debug] : Frontend E.initializeLayout: 17.6 ms [Finished 2.011 s after frontend start] 
2026-01-02 12:52:04 [debug] : [Repository Examples UI] in on initialize layout method. 
2026-01-02 12:52:04 [debug] : Frontend R.initializeLayout: 4.2 ms [Finished 2.016 s after frontend start] 
2026-01-02 12:52:04 [debug] : Frontend u.initializeLayout: 2.7 ms [Finished 2.018 s after frontend start] 
2026-01-02 12:52:04 [debug] : Frontend h.initializeLayout: 0.1 ms [Finished 2.018 s after frontend start] 
2026-01-02 12:52:04 [debug] : Frontend D.initializeLayout: 11.2 ms [Finished 2.030 s after frontend start] 
2026-01-02 12:52:04 [debug] : Frontend U.initializeLayout took longer than the expected maximum 100 milliseconds: 160.1 ms [Finished 2.190 s after frontend start] 
2026-01-02 12:52:04 [debug] : [Library Api Contribution] in on initialize layout method. 
2026-01-02 12:52:04 [debug] : Frontend $.initializeLayout: 5.4 ms [Finished 2.195 s after frontend start] 
2026-01-02 12:52:04 [debug] : MonacoEditorModel.cancelSync {"0":"user-storage:/user/settings.json"}
2026-01-02 12:52:04 [debug] : MonacoEditorModel.cancelSave {"0":"user-storage:/user/settings.json"}
2026-01-02 12:52:04 [debug] : Initialize the workbench layout: 591.2 ms [Finished 2.267 s after frontend start] 
2026-01-02 12:52:05 [debug] : Changed application state from 'attached_shell' to 'initialized_layout'. 
2026-01-02 12:52:05 [debug] : Frontend f.onDidInitializeLayout: 0.1 ms [Finished 2.268 s after frontend start] 
2026-01-02 12:52:05 [debug] : [de2b698f-4bc2-44a0-89f0-cf6eb3e65b83] Loading plugin contributions 
2026-01-02 12:52:05 [debug] : [de2b698f-4bc2-44a0-89f0-cf6eb3e65b83][eclipse-cdt.serial-monitor]: Loaded contributions. 
2026-01-02 12:52:05 [debug] : [de2b698f-4bc2-44a0-89f0-cf6eb3e65b83][vscode.json-language-features]: Loaded contributions. 
2026-01-02 12:52:05 [debug] : [de2b698f-4bc2-44a0-89f0-cf6eb3e65b83][pkief.material-icon-theme]: Loaded contributions. 
2026-01-02 12:52:05 [debug] : [de2b698f-4bc2-44a0-89f0-cf6eb3e65b83][vscode.git-base]: Loaded contributions. 
2026-01-02 12:52:05 [debug] : Failed to register a menu item for plugin eamodio.gitlens contributed to editor/context/copy {"0":{"command":"gitlens.copyRemoteFileUrlToClipboard","group":"1_gitlens@1","when":"editorTextFocus && gitlens:activeFileStatus =~ /blameable/ && config.gitlens.menus.editor.clipboard"},"1":"Error: Could not find submenu with id editor/context/copy\n    at d.getMenuNode (file:///C:/Xilinx/2025.1/Vitis/ide/electron-app/win64/resources/app/lib/frontend/bundle.js:2:2858055)\n    at file:///C:/Xilinx/2025.1/Vitis/ide/electron-app/win64/resources/app/lib/frontend/bundle.js:2:8391210\n    at Array.forEach (<anonymous>)\n    at c.handle (file:///C:/Xilinx/2025.1/Vitis/ide/electron-app/win64/resources/app/lib/frontend/bundle.js:2:8391099)\n    at c.handle (file:///C:/Xilinx/2025.1/Vitis/ide/electron-app/win64/resources/app/lib/frontend/bundle.js:2:21801587)\n    at file:///C:/Xilinx/2025.1/Vitis/ide/electron-app/win64/resources/app/lib/frontend/bundle.js:2:8456416\n    at o (file:///C:/Xilinx/2025.1/Vitis/ide/electron-app/win64/resources/app/lib/frontend/bundle.js:2:8453884)\n    at P.handleContributions (file:///C:/Xilinx/2025.1/Vitis/ide/electron-app/win64/resources/app/lib/frontend/bundle.js:2:8456371)\n    at n.handleContributions (file:///C:/Xilinx/2025.1/Vitis/ide/electron-app/win64/resources/app/lib/frontend/bundle.js:2:8226131)\n    at n.loadContributions (file:///C:/Xilinx/2025.1/Vitis/ide/electron-app/win64/resources/app/lib/frontend/bundle.js:2:8242540)"}
2026-01-02 12:52:05 [debug] : Failed to register a menu item for plugin eamodio.gitlens contributed to editor/context/copy {"0":{"command":"gitlens.copyRemoteFileUrlFrom","group":"1_gitlens@2","when":"editorTextFocus && gitlens:activeFileStatus =~ /blameable/ && config.gitlens.menus.editor.clipboard"},"1":"Error: Could not find submenu with id editor/context/copy\n    at d.getMenuNode (file:///C:/Xilinx/2025.1/Vitis/ide/electron-app/win64/resources/app/lib/frontend/bundle.js:2:2858055)\n    at file:///C:/Xilinx/2025.1/Vitis/ide/electron-app/win64/resources/app/lib/frontend/bundle.js:2:8391210\n    at Array.forEach (<anonymous>)\n    at c.handle (file:///C:/Xilinx/2025.1/Vitis/ide/electron-app/win64/resources/app/lib/frontend/bundle.js:2:8391099)\n    at c.handle (file:///C:/Xilinx/2025.1/Vitis/ide/electron-app/win64/resources/app/lib/frontend/bundle.js:2:21801587)\n    at file:///C:/Xilinx/2025.1/Vitis/ide/electron-app/win64/resources/app/lib/frontend/bundle.js:2:8456416\n    at o (file:///C:/Xilinx/2025.1/Vitis/ide/electron-app/win64/resources/app/lib/frontend/bundle.js:2:8453884)\n    at P.handleContributions (file:///C:/Xilinx/2025.1/Vitis/ide/electron-app/win64/resources/app/lib/frontend/bundle.js:2:8456371)\n    at n.handleContributions (file:///C:/Xilinx/2025.1/Vitis/ide/electron-app/win64/resources/app/lib/frontend/bundle.js:2:8226131)\n    at n.loadContributions (file:///C:/Xilinx/2025.1/Vitis/ide/electron-app/win64/resources/app/lib/frontend/bundle.js:2:8242540)"}
2026-01-02 12:52:05 [debug] : Failed to register a menu item for plugin eamodio.gitlens contributed to editor/context/copy {"0":{"command":"gitlens.copyRemoteCommitUrl","group":"1_gitlens@3","when":"editorTextFocus && gitlens:activeFileStatus =~ /blameable/ && config.gitlens.menus.editor.clipboard"},"1":"Error: Could not find submenu with id editor/context/copy\n    at d.getMenuNode (file:///C:/Xilinx/2025.1/Vitis/ide/electron-app/win64/resources/app/lib/frontend/bundle.js:2:2858055)\n    at file:///C:/Xilinx/2025.1/Vitis/ide/electron-app/win64/resources/app/lib/frontend/bundle.js:2:8391210\n    at Array.forEach (<anonymous>)\n    at c.handle (file:///C:/Xilinx/2025.1/Vitis/ide/electron-app/win64/resources/app/lib/frontend/bundle.js:2:8391099)\n    at c.handle (file:///C:/Xilinx/2025.1/Vitis/ide/electron-app/win64/resources/app/lib/frontend/bundle.js:2:21801587)\n    at file:///C:/Xilinx/2025.1/Vitis/ide/electron-app/win64/resources/app/lib/frontend/bundle.js:2:8456416\n    at o (file:///C:/Xilinx/2025.1/Vitis/ide/electron-app/win64/resources/app/lib/frontend/bundle.js:2:8453884)\n    at P.handleContributions (file:///C:/Xilinx/2025.1/Vitis/ide/electron-app/win64/resources/app/lib/frontend/bundle.js:2:8456371)\n    at n.handleContributions (file:///C:/Xilinx/2025.1/Vitis/ide/electron-app/win64/resources/app/lib/frontend/bundle.js:2:8226131)\n    at n.loadContributions (file:///C:/Xilinx/2025.1/Vitis/ide/electron-app/win64/resources/app/lib/frontend/bundle.js:2:8242540)"}
2026-01-02 12:52:05 [debug] : Failed to register a menu item for plugin eamodio.gitlens contributed to editor/context/copy {"0":{"command":"gitlens.copyShaToClipboard","group":"2_gitlens@1","when":"editorTextFocus && gitlens:activeFileStatus =~ /blameable/ && config.gitlens.menus.editor.clipboard"},"1":"Error: Could not find submenu with id editor/context/copy\n    at d.getMenuNode (file:///C:/Xilinx/2025.1/Vitis/ide/electron-app/win64/resources/app/lib/frontend/bundle.js:2:2858055)\n    at file:///C:/Xilinx/2025.1/Vitis/ide/electron-app/win64/resources/app/lib/frontend/bundle.js:2:8391210\n    at Array.forEach (<anonymous>)\n    at c.handle (file:///C:/Xilinx/2025.1/Vitis/ide/electron-app/win64/resources/app/lib/frontend/bundle.js:2:8391099)\n    at c.handle (file:///C:/Xilinx/2025.1/Vitis/ide/electron-app/win64/resources/app/lib/frontend/bundle.js:2:21801587)\n    at file:///C:/Xilinx/2025.1/Vitis/ide/electron-app/win64/resources/app/lib/frontend/bundle.js:2:8456416\n    at o (file:///C:/Xilinx/2025.1/Vitis/ide/electron-app/win64/resources/app/lib/frontend/bundle.js:2:8453884)\n    at P.handleContributions (file:///C:/Xilinx/2025.1/Vitis/ide/electron-app/win64/resources/app/lib/frontend/bundle.js:2:8456371)\n    at n.handleContributions (file:///C:/Xilinx/2025.1/Vitis/ide/electron-app/win64/resources/app/lib/frontend/bundle.js:2:8226131)\n    at n.loadContributions (file:///C:/Xilinx/2025.1/Vitis/ide/electron-app/win64/resources/app/lib/frontend/bundle.js:2:8242540)"}
2026-01-02 12:52:05 [debug] : Failed to register a menu item for plugin eamodio.gitlens contributed to editor/context/copy {"0":{"command":"gitlens.copyMessageToClipboard","group":"2_gitlens@2","when":"editorTextFocus && gitlens:activeFileStatus =~ /blameable/ && config.gitlens.menus.editor.clipboard"},"1":"Error: Could not find submenu with id editor/context/copy\n    at d.getMenuNode (file:///C:/Xilinx/2025.1/Vitis/ide/electron-app/win64/resources/app/lib/frontend/bundle.js:2:2858055)\n    at file:///C:/Xilinx/2025.1/Vitis/ide/electron-app/win64/resources/app/lib/frontend/bundle.js:2:8391210\n    at Array.forEach (<anonymous>)\n    at c.handle (file:///C:/Xilinx/2025.1/Vitis/ide/electron-app/win64/resources/app/lib/frontend/bundle.js:2:8391099)\n    at c.handle (file:///C:/Xilinx/2025.1/Vitis/ide/electron-app/win64/resources/app/lib/frontend/bundle.js:2:21801587)\n    at file:///C:/Xilinx/2025.1/Vitis/ide/electron-app/win64/resources/app/lib/frontend/bundle.js:2:8456416\n    at o (file:///C:/Xilinx/2025.1/Vitis/ide/electron-app/win64/resources/app/lib/frontend/bundle.js:2:8453884)\n    at P.handleContributions (file:///C:/Xilinx/2025.1/Vitis/ide/electron-app/win64/resources/app/lib/frontend/bundle.js:2:8456371)\n    at n.handleContributions (file:///C:/Xilinx/2025.1/Vitis/ide/electron-app/win64/resources/app/lib/frontend/bundle.js:2:8226131)\n    at n.loadContributions (file:///C:/Xilinx/2025.1/Vitis/ide/electron-app/win64/resources/app/lib/frontend/bundle.js:2:8242540)"}
2026-01-02 12:52:05 [debug] : Failed to register a menu item for plugin eamodio.gitlens contributed to git.commit {"0":{"command":"gitlens.addAuthors","group":"4_gitlens@1","when":"gitlens:enabled && !gitlens:readonly && config.gitlens.menus.scm.authors"},"1":"Error: Could not find submenu with id git.commit\n    at d.getMenuNode (file:///C:/Xilinx/2025.1/Vitis/ide/electron-app/win64/resources/app/lib/frontend/bundle.js:2:2858055)\n    at file:///C:/Xilinx/2025.1/Vitis/ide/electron-app/win64/resources/app/lib/frontend/bundle.js:2:8391210\n    at Array.forEach (<anonymous>)\n    at c.handle (file:///C:/Xilinx/2025.1/Vitis/ide/electron-app/win64/resources/app/lib/frontend/bundle.js:2:8391099)\n    at c.handle (file:///C:/Xilinx/2025.1/Vitis/ide/electron-app/win64/resources/app/lib/frontend/bundle.js:2:21801587)\n    at file:///C:/Xilinx/2025.1/Vitis/ide/electron-app/win64/resources/app/lib/frontend/bundle.js:2:8456416\n    at o (file:///C:/Xilinx/2025.1/Vitis/ide/electron-app/win64/resources/app/lib/frontend/bundle.js:2:8453884)\n    at P.handleContributions (file:///C:/Xilinx/2025.1/Vitis/ide/electron-app/win64/resources/app/lib/frontend/bundle.js:2:8456371)\n    at n.handleContributions (file:///C:/Xilinx/2025.1/Vitis/ide/electron-app/win64/resources/app/lib/frontend/bundle.js:2:8226131)\n    at n.loadContributions (file:///C:/Xilinx/2025.1/Vitis/ide/electron-app/win64/resources/app/lib/frontend/bundle.js:2:8242540)"}
2026-01-02 12:52:05 [debug] : Failed to register a menu item for plugin eamodio.gitlens contributed to menuBar/edit/copy {"0":{"command":"gitlens.copyRemoteFileUrlToClipboard","group":"1_gitlens@1","when":"gitlens:activeFileStatus =~ /blameable/ && config.gitlens.menus.editor.clipboard"},"1":"Error: Could not find submenu with id menuBar/edit/copy\n    at d.getMenuNode (file:///C:/Xilinx/2025.1/Vitis/ide/electron-app/win64/resources/app/lib/frontend/bundle.js:2:2858055)\n    at file:///C:/Xilinx/2025.1/Vitis/ide/electron-app/win64/resources/app/lib/frontend/bundle.js:2:8391210\n    at Array.forEach (<anonymous>)\n    at c.handle (file:///C:/Xilinx/2025.1/Vitis/ide/electron-app/win64/resources/app/lib/frontend/bundle.js:2:8391099)\n    at c.handle (file:///C:/Xilinx/2025.1/Vitis/ide/electron-app/win64/resources/app/lib/frontend/bundle.js:2:21801587)\n    at file:///C:/Xilinx/2025.1/Vitis/ide/electron-app/win64/resources/app/lib/frontend/bundle.js:2:8456416\n    at o (file:///C:/Xilinx/2025.1/Vitis/ide/electron-app/win64/resources/app/lib/frontend/bundle.js:2:8453884)\n    at P.handleContributions (file:///C:/Xilinx/2025.1/Vitis/ide/electron-app/win64/resources/app/lib/frontend/bundle.js:2:8456371)\n    at n.handleContributions (file:///C:/Xilinx/2025.1/Vitis/ide/electron-app/win64/resources/app/lib/frontend/bundle.js:2:8226131)\n    at n.loadContributions (file:///C:/Xilinx/2025.1/Vitis/ide/electron-app/win64/resources/app/lib/frontend/bundle.js:2:8242540)"}
2026-01-02 12:52:05 [debug] : Failed to register a menu item for plugin eamodio.gitlens contributed to menuBar/edit/copy {"0":{"command":"gitlens.copyRemoteFileUrlFrom","group":"1_gitlens@2","when":"gitlens:activeFileStatus =~ /blameable/ && config.gitlens.menus.editor.clipboard"},"1":"Error: Could not find submenu with id menuBar/edit/copy\n    at d.getMenuNode (file:///C:/Xilinx/2025.1/Vitis/ide/electron-app/win64/resources/app/lib/frontend/bundle.js:2:2858055)\n    at file:///C:/Xilinx/2025.1/Vitis/ide/electron-app/win64/resources/app/lib/frontend/bundle.js:2:8391210\n    at Array.forEach (<anonymous>)\n    at c.handle (file:///C:/Xilinx/2025.1/Vitis/ide/electron-app/win64/resources/app/lib/frontend/bundle.js:2:8391099)\n    at c.handle (file:///C:/Xilinx/2025.1/Vitis/ide/electron-app/win64/resources/app/lib/frontend/bundle.js:2:21801587)\n    at file:///C:/Xilinx/2025.1/Vitis/ide/electron-app/win64/resources/app/lib/frontend/bundle.js:2:8456416\n    at o (file:///C:/Xilinx/2025.1/Vitis/ide/electron-app/win64/resources/app/lib/frontend/bundle.js:2:8453884)\n    at P.handleContributions (file:///C:/Xilinx/2025.1/Vitis/ide/electron-app/win64/resources/app/lib/frontend/bundle.js:2:8456371)\n    at n.handleContributions (file:///C:/Xilinx/2025.1/Vitis/ide/electron-app/win64/resources/app/lib/frontend/bundle.js:2:8226131)\n    at n.loadContributions (file:///C:/Xilinx/2025.1/Vitis/ide/electron-app/win64/resources/app/lib/frontend/bundle.js:2:8242540)"}
2026-01-02 12:52:05 [debug] : [de2b698f-4bc2-44a0-89f0-cf6eb3e65b83][eamodio.gitlens]: Loaded contributions. 
2026-01-02 12:52:05 [debug] : [de2b698f-4bc2-44a0-89f0-cf6eb3e65b83][amd.tcf-debug]: Loaded contributions. 
2026-01-02 12:52:05 [debug] : [de2b698f-4bc2-44a0-89f0-cf6eb3e65b83][twxs.cmake]: Loaded contributions. 
2026-01-02 12:52:05 [debug] : [de2b698f-4bc2-44a0-89f0-cf6eb3e65b83][amd.vitis-config]: Loaded contributions. 
2026-01-02 12:52:05 [debug] : [de2b698f-4bc2-44a0-89f0-cf6eb3e65b83][amd.vitis-hls-l1-library]: Loaded contributions. 
2026-01-02 12:52:05 [debug] : [de2b698f-4bc2-44a0-89f0-cf6eb3e65b83][amd.vitis-hls-pragma]: Loaded contributions. 
2026-01-02 12:52:05 [debug] : [de2b698f-4bc2-44a0-89f0-cf6eb3e65b83][amd.vitis-hls-verilog-vhdl-support]: Loaded contributions. 
2026-01-02 12:52:05 [debug] : [de2b698f-4bc2-44a0-89f0-cf6eb3e65b83][amd.vitis-output]: Loaded contributions. 
2026-01-02 12:52:05 [debug] : [de2b698f-4bc2-44a0-89f0-cf6eb3e65b83][vscode.cpp]: Loaded contributions. 
2026-01-02 12:52:05 [debug] : [de2b698f-4bc2-44a0-89f0-cf6eb3e65b83][vscode.json]: Loaded contributions. 
2026-01-02 12:52:05 [debug] : [de2b698f-4bc2-44a0-89f0-cf6eb3e65b83][llvm-vs-code-extensions.vscode-clangd]: Loaded contributions. 
2026-01-02 12:52:05 [debug] : [de2b698f-4bc2-44a0-89f0-cf6eb3e65b83][webfreak.debug]: Loaded contributions. 
2026-01-02 12:52:05 [debug] : Failed to register a menu item for plugin vscode.git contributed to scm/sourceControl/title {"0":{"command":"git.reopenClosedRepositories","group":"navigation@1","when":"git.closedRepositoryCount > 0"},"1":"Error: Could not find submenu with id scm/sourceControl/title\n    at d.getMenuNode (file:///C:/Xilinx/2025.1/Vitis/ide/electron-app/win64/resources/app/lib/frontend/bundle.js:2:2858055)\n    at file:///C:/Xilinx/2025.1/Vitis/ide/electron-app/win64/resources/app/lib/frontend/bundle.js:2:8391210\n    at Array.forEach (<anonymous>)\n    at c.handle (file:///C:/Xilinx/2025.1/Vitis/ide/electron-app/win64/resources/app/lib/frontend/bundle.js:2:8391099)\n    at c.handle (file:///C:/Xilinx/2025.1/Vitis/ide/electron-app/win64/resources/app/lib/frontend/bundle.js:2:21801587)\n    at file:///C:/Xilinx/2025.1/Vitis/ide/electron-app/win64/resources/app/lib/frontend/bundle.js:2:8456416\n    at o (file:///C:/Xilinx/2025.1/Vitis/ide/electron-app/win64/resources/app/lib/frontend/bundle.js:2:8453884)\n    at P.handleContributions (file:///C:/Xilinx/2025.1/Vitis/ide/electron-app/win64/resources/app/lib/frontend/bundle.js:2:8456371)\n    at n.handleContributions (file:///C:/Xilinx/2025.1/Vitis/ide/electron-app/win64/resources/app/lib/frontend/bundle.js:2:8226131)\n    at n.loadContributions (file:///C:/Xilinx/2025.1/Vitis/ide/electron-app/win64/resources/app/lib/frontend/bundle.js:2:8242540)"}
2026-01-02 12:52:05 [debug] : Failed to register a menu item for plugin vscode.git contributed to scm/sourceControl {"0":{"command":"git.close","group":"navigation@1","when":"scmProvider == git"},"1":"Error: Could not find submenu with id scm/sourceControl\n    at d.getMenuNode (file:///C:/Xilinx/2025.1/Vitis/ide/electron-app/win64/resources/app/lib/frontend/bundle.js:2:2858055)\n    at file:///C:/Xilinx/2025.1/Vitis/ide/electron-app/win64/resources/app/lib/frontend/bundle.js:2:8391210\n    at Array.forEach (<anonymous>)\n    at c.handle (file:///C:/Xilinx/2025.1/Vitis/ide/electron-app/win64/resources/app/lib/frontend/bundle.js:2:8391099)\n    at c.handle (file:///C:/Xilinx/2025.1/Vitis/ide/electron-app/win64/resources/app/lib/frontend/bundle.js:2:21801587)\n    at file:///C:/Xilinx/2025.1/Vitis/ide/electron-app/win64/resources/app/lib/frontend/bundle.js:2:8456416\n    at o (file:///C:/Xilinx/2025.1/Vitis/ide/electron-app/win64/resources/app/lib/frontend/bundle.js:2:8453884)\n    at P.handleContributions (file:///C:/Xilinx/2025.1/Vitis/ide/electron-app/win64/resources/app/lib/frontend/bundle.js:2:8456371)\n    at n.handleContributions (file:///C:/Xilinx/2025.1/Vitis/ide/electron-app/win64/resources/app/lib/frontend/bundle.js:2:8226131)\n    at n.loadContributions (file:///C:/Xilinx/2025.1/Vitis/ide/electron-app/win64/resources/app/lib/frontend/bundle.js:2:8242540)"}
2026-01-02 12:52:05 [debug] : Failed to register a menu item for plugin vscode.git contributed to scm/sourceControl {"0":{"command":"git.closeOtherRepositories","group":"navigation@2","when":"scmProvider == git && gitOpenRepositoryCount > 1"},"1":"Error: Could not find submenu with id scm/sourceControl\n    at d.getMenuNode (file:///C:/Xilinx/2025.1/Vitis/ide/electron-app/win64/resources/app/lib/frontend/bundle.js:2:2858055)\n    at file:///C:/Xilinx/2025.1/Vitis/ide/electron-app/win64/resources/app/lib/frontend/bundle.js:2:8391210\n    at Array.forEach (<anonymous>)\n    at c.handle (file:///C:/Xilinx/2025.1/Vitis/ide/electron-app/win64/resources/app/lib/frontend/bundle.js:2:8391099)\n    at c.handle (file:///C:/Xilinx/2025.1/Vitis/ide/electron-app/win64/resources/app/lib/frontend/bundle.js:2:21801587)\n    at file:///C:/Xilinx/2025.1/Vitis/ide/electron-app/win64/resources/app/lib/frontend/bundle.js:2:8456416\n    at o (file:///C:/Xilinx/2025.1/Vitis/ide/electron-app/win64/resources/app/lib/frontend/bundle.js:2:8453884)\n    at P.handleContributions (file:///C:/Xilinx/2025.1/Vitis/ide/electron-app/win64/resources/app/lib/frontend/bundle.js:2:8456371)\n    at n.handleContributions (file:///C:/Xilinx/2025.1/Vitis/ide/electron-app/win64/resources/app/lib/frontend/bundle.js:2:8226131)\n    at n.loadContributions (file:///C:/Xilinx/2025.1/Vitis/ide/electron-app/win64/resources/app/lib/frontend/bundle.js:2:8242540)"}
2026-01-02 12:52:05 [debug] : Failed to register a menu item for plugin vscode.git contributed to scm/history/title {"0":{"command":"git.fetchAll","group":"navigation@999","when":"scmProvider == git"},"1":"Error: Could not find submenu with id scm/history/title\n    at d.getMenuNode (file:///C:/Xilinx/2025.1/Vitis/ide/electron-app/win64/resources/app/lib/frontend/bundle.js:2:2858055)\n    at file:///C:/Xilinx/2025.1/Vitis/ide/electron-app/win64/resources/app/lib/frontend/bundle.js:2:8391210\n    at Array.forEach (<anonymous>)\n    at c.handle (file:///C:/Xilinx/2025.1/Vitis/ide/electron-app/win64/resources/app/lib/frontend/bundle.js:2:8391099)\n    at c.handle (file:///C:/Xilinx/2025.1/Vitis/ide/electron-app/win64/resources/app/lib/frontend/bundle.js:2:21801587)\n    at file:///C:/Xilinx/2025.1/Vitis/ide/electron-app/win64/resources/app/lib/frontend/bundle.js:2:8456416\n    at o (file:///C:/Xilinx/2025.1/Vitis/ide/electron-app/win64/resources/app/lib/frontend/bundle.js:2:8453884)\n    at P.handleContributions (file:///C:/Xilinx/2025.1/Vitis/ide/electron-app/win64/resources/app/lib/frontend/bundle.js:2:8456371)\n    at n.handleContributions (file:///C:/Xilinx/2025.1/Vitis/ide/electron-app/win64/resources/app/lib/frontend/bundle.js:2:8226131)\n    at n.loadContributions (file:///C:/Xilinx/2025.1/Vitis/ide/electron-app/win64/resources/app/lib/frontend/bundle.js:2:8242540)"}
2026-01-02 12:52:05 [debug] : Failed to register a menu item for plugin vscode.git contributed to scm/historyItem/context {"0":{"command":"git.createTag","group":"1_create@1","when":"scmProvider == git"},"1":"Error: Could not find submenu with id scm/historyItem/context\n    at d.getMenuNode (file:///C:/Xilinx/2025.1/Vitis/ide/electron-app/win64/resources/app/lib/frontend/bundle.js:2:2858055)\n    at file:///C:/Xilinx/2025.1/Vitis/ide/electron-app/win64/resources/app/lib/frontend/bundle.js:2:8391210\n    at Array.forEach (<anonymous>)\n    at c.handle (file:///C:/Xilinx/2025.1/Vitis/ide/electron-app/win64/resources/app/lib/frontend/bundle.js:2:8391099)\n    at c.handle (file:///C:/Xilinx/2025.1/Vitis/ide/electron-app/win64/resources/app/lib/frontend/bundle.js:2:21801587)\n    at file:///C:/Xilinx/2025.1/Vitis/ide/electron-app/win64/resources/app/lib/frontend/bundle.js:2:8456416\n    at o (file:///C:/Xilinx/2025.1/Vitis/ide/electron-app/win64/resources/app/lib/frontend/bundle.js:2:8453884)\n    at P.handleContributions (file:///C:/Xilinx/2025.1/Vitis/ide/electron-app/win64/resources/app/lib/frontend/bundle.js:2:8456371)\n    at n.handleContributions (file:///C:/Xilinx/2025.1/Vitis/ide/electron-app/win64/resources/app/lib/frontend/bundle.js:2:8226131)\n    at n.loadContributions (file:///C:/Xilinx/2025.1/Vitis/ide/electron-app/win64/resources/app/lib/frontend/bundle.js:2:8242540)"}
2026-01-02 12:52:05 [debug] : Failed to register a menu item for plugin vscode.git contributed to scm/historyItem/context {"0":{"command":"git.branch","group":"1_create@2","when":"scmProvider == git"},"1":"Error: Could not find submenu with id scm/historyItem/context\n    at d.getMenuNode (file:///C:/Xilinx/2025.1/Vitis/ide/electron-app/win64/resources/app/lib/frontend/bundle.js:2:2858055)\n    at file:///C:/Xilinx/2025.1/Vitis/ide/electron-app/win64/resources/app/lib/frontend/bundle.js:2:8391210\n    at Array.forEach (<anonymous>)\n    at c.handle (file:///C:/Xilinx/2025.1/Vitis/ide/electron-app/win64/resources/app/lib/frontend/bundle.js:2:8391099)\n    at c.handle (file:///C:/Xilinx/2025.1/Vitis/ide/electron-app/win64/resources/app/lib/frontend/bundle.js:2:21801587)\n    at file:///C:/Xilinx/2025.1/Vitis/ide/electron-app/win64/resources/app/lib/frontend/bundle.js:2:8456416\n    at o (file:///C:/Xilinx/2025.1/Vitis/ide/electron-app/win64/resources/app/lib/frontend/bundle.js:2:8453884)\n    at P.handleContributions (file:///C:/Xilinx/2025.1/Vitis/ide/electron-app/win64/resources/app/lib/frontend/bundle.js:2:8456371)\n    at n.handleContributions (file:///C:/Xilinx/2025.1/Vitis/ide/electron-app/win64/resources/app/lib/frontend/bundle.js:2:8226131)\n    at n.loadContributions (file:///C:/Xilinx/2025.1/Vitis/ide/electron-app/win64/resources/app/lib/frontend/bundle.js:2:8242540)"}
2026-01-02 12:52:05 [debug] : Failed to register a menu item for plugin vscode.git contributed to scm/historyItem/context {"0":{"command":"git.cherryPickRef","group":"2_modify@1","when":"scmProvider == git"},"1":"Error: Could not find submenu with id scm/historyItem/context\n    at d.getMenuNode (file:///C:/Xilinx/2025.1/Vitis/ide/electron-app/win64/resources/app/lib/frontend/bundle.js:2:2858055)\n    at file:///C:/Xilinx/2025.1/Vitis/ide/electron-app/win64/resources/app/lib/frontend/bundle.js:2:8391210\n    at Array.forEach (<anonymous>)\n    at c.handle (file:///C:/Xilinx/2025.1/Vitis/ide/electron-app/win64/resources/app/lib/frontend/bundle.js:2:8391099)\n    at c.handle (file:///C:/Xilinx/2025.1/Vitis/ide/electron-app/win64/resources/app/lib/frontend/bundle.js:2:21801587)\n    at file:///C:/Xilinx/2025.1/Vitis/ide/electron-app/win64/resources/app/lib/frontend/bundle.js:2:8456416\n    at o (file:///C:/Xilinx/2025.1/Vitis/ide/electron-app/win64/resources/app/lib/frontend/bundle.js:2:8453884)\n    at P.handleContributions (file:///C:/Xilinx/2025.1/Vitis/ide/electron-app/win64/resources/app/lib/frontend/bundle.js:2:8456371)\n    at n.handleContributions (file:///C:/Xilinx/2025.1/Vitis/ide/electron-app/win64/resources/app/lib/frontend/bundle.js:2:8226131)\n    at n.loadContributions (file:///C:/Xilinx/2025.1/Vitis/ide/electron-app/win64/resources/app/lib/frontend/bundle.js:2:8242540)"}
2026-01-02 12:52:05 [debug] : Failed to register a menu item for plugin vscode.git contributed to scm/historyItem/context {"0":{"command":"git.checkoutRefDetached","group":"2_modify@2","when":"scmProvider == git"},"1":"Error: Could not find submenu with id scm/historyItem/context\n    at d.getMenuNode (file:///C:/Xilinx/2025.1/Vitis/ide/electron-app/win64/resources/app/lib/frontend/bundle.js:2:2858055)\n    at file:///C:/Xilinx/2025.1/Vitis/ide/electron-app/win64/resources/app/lib/frontend/bundle.js:2:8391210\n    at Array.forEach (<anonymous>)\n    at c.handle (file:///C:/Xilinx/2025.1/Vitis/ide/electron-app/win64/resources/app/lib/frontend/bundle.js:2:8391099)\n    at c.handle (file:///C:/Xilinx/2025.1/Vitis/ide/electron-app/win64/resources/app/lib/frontend/bundle.js:2:21801587)\n    at file:///C:/Xilinx/2025.1/Vitis/ide/electron-app/win64/resources/app/lib/frontend/bundle.js:2:8456416\n    at o (file:///C:/Xilinx/2025.1/Vitis/ide/electron-app/win64/resources/app/lib/frontend/bundle.js:2:8453884)\n    at P.handleContributions (file:///C:/Xilinx/2025.1/Vitis/ide/electron-app/win64/resources/app/lib/frontend/bundle.js:2:8456371)\n    at n.handleContributions (file:///C:/Xilinx/2025.1/Vitis/ide/electron-app/win64/resources/app/lib/frontend/bundle.js:2:8226131)\n    at n.loadContributions (file:///C:/Xilinx/2025.1/Vitis/ide/electron-app/win64/resources/app/lib/frontend/bundle.js:2:8242540)"}
2026-01-02 12:52:05 [debug] : Failed to register a menu item for plugin vscode.git contributed to scm/historyItem/context {"0":{"command":"git.copyCommitId","group":"9_copy@1","when":"scmProvider == git && !listMultiSelection"},"1":"Error: Could not find submenu with id scm/historyItem/context\n    at d.getMenuNode (file:///C:/Xilinx/2025.1/Vitis/ide/electron-app/win64/resources/app/lib/frontend/bundle.js:2:2858055)\n    at file:///C:/Xilinx/2025.1/Vitis/ide/electron-app/win64/resources/app/lib/frontend/bundle.js:2:8391210\n    at Array.forEach (<anonymous>)\n    at c.handle (file:///C:/Xilinx/2025.1/Vitis/ide/electron-app/win64/resources/app/lib/frontend/bundle.js:2:8391099)\n    at c.handle (file:///C:/Xilinx/2025.1/Vitis/ide/electron-app/win64/resources/app/lib/frontend/bundle.js:2:21801587)\n    at file:///C:/Xilinx/2025.1/Vitis/ide/electron-app/win64/resources/app/lib/frontend/bundle.js:2:8456416\n    at o (file:///C:/Xilinx/2025.1/Vitis/ide/electron-app/win64/resources/app/lib/frontend/bundle.js:2:8453884)\n    at P.handleContributions (file:///C:/Xilinx/2025.1/Vitis/ide/electron-app/win64/resources/app/lib/frontend/bundle.js:2:8456371)\n    at n.handleContributions (file:///C:/Xilinx/2025.1/Vitis/ide/electron-app/win64/resources/app/lib/frontend/bundle.js:2:8226131)\n    at n.loadContributions (file:///C:/Xilinx/2025.1/Vitis/ide/electron-app/win64/resources/app/lib/frontend/bundle.js:2:8242540)"}
2026-01-02 12:52:05 [debug] : Failed to register a menu item for plugin vscode.git contributed to scm/historyItem/context {"0":{"command":"git.copyCommitMessage","group":"9_copy@2","when":"scmProvider == git && !listMultiSelection"},"1":"Error: Could not find submenu with id scm/historyItem/context\n    at d.getMenuNode (file:///C:/Xilinx/2025.1/Vitis/ide/electron-app/win64/resources/app/lib/frontend/bundle.js:2:2858055)\n    at file:///C:/Xilinx/2025.1/Vitis/ide/electron-app/win64/resources/app/lib/frontend/bundle.js:2:8391210\n    at Array.forEach (<anonymous>)\n    at c.handle (file:///C:/Xilinx/2025.1/Vitis/ide/electron-app/win64/resources/app/lib/frontend/bundle.js:2:8391099)\n    at c.handle (file:///C:/Xilinx/2025.1/Vitis/ide/electron-app/win64/resources/app/lib/frontend/bundle.js:2:21801587)\n    at file:///C:/Xilinx/2025.1/Vitis/ide/electron-app/win64/resources/app/lib/frontend/bundle.js:2:8456416\n    at o (file:///C:/Xilinx/2025.1/Vitis/ide/electron-app/win64/resources/app/lib/frontend/bundle.js:2:8453884)\n    at P.handleContributions (file:///C:/Xilinx/2025.1/Vitis/ide/electron-app/win64/resources/app/lib/frontend/bundle.js:2:8456371)\n    at n.handleContributions (file:///C:/Xilinx/2025.1/Vitis/ide/electron-app/win64/resources/app/lib/frontend/bundle.js:2:8226131)\n    at n.loadContributions (file:///C:/Xilinx/2025.1/Vitis/ide/electron-app/win64/resources/app/lib/frontend/bundle.js:2:8242540)"}
2026-01-02 12:52:05 [debug] : Failed to register a menu item for plugin vscode.git contributed to editor/content {"0":{"command":"git.acceptMerge","when":"isMergeResultEditor && mergeEditorBaseUri =~ /^(git|file):/ && mergeEditorResultUri in git.mergeChanges"},"1":"Error: Could not find submenu with id editor/content\n    at d.getMenuNode (file:///C:/Xilinx/2025.1/Vitis/ide/electron-app/win64/resources/app/lib/frontend/bundle.js:2:2858055)\n    at file:///C:/Xilinx/2025.1/Vitis/ide/electron-app/win64/resources/app/lib/frontend/bundle.js:2:8391210\n    at Array.forEach (<anonymous>)\n    at c.handle (file:///C:/Xilinx/2025.1/Vitis/ide/electron-app/win64/resources/app/lib/frontend/bundle.js:2:8391099)\n    at c.handle (file:///C:/Xilinx/2025.1/Vitis/ide/electron-app/win64/resources/app/lib/frontend/bundle.js:2:21801587)\n    at file:///C:/Xilinx/2025.1/Vitis/ide/electron-app/win64/resources/app/lib/frontend/bundle.js:2:8456416\n    at o (file:///C:/Xilinx/2025.1/Vitis/ide/electron-app/win64/resources/app/lib/frontend/bundle.js:2:8453884)\n    at P.handleContributions (file:///C:/Xilinx/2025.1/Vitis/ide/electron-app/win64/resources/app/lib/frontend/bundle.js:2:8456371)\n    at n.handleContributions (file:///C:/Xilinx/2025.1/Vitis/ide/electron-app/win64/resources/app/lib/frontend/bundle.js:2:8226131)\n    at n.loadContributions (file:///C:/Xilinx/2025.1/Vitis/ide/electron-app/win64/resources/app/lib/frontend/bundle.js:2:8242540)"}
2026-01-02 12:52:05 [debug] : Failed to register a menu item for plugin vscode.git contributed to editor/content {"0":{"command":"git.openMergeEditor","group":"navigation@-10","when":"config.git.enabled && !git.missing && !isInDiffEditor && !isMergeEditor && resource in git.mergeChanges"},"1":"Error: Could not find submenu with id editor/content\n    at d.getMenuNode (file:///C:/Xilinx/2025.1/Vitis/ide/electron-app/win64/resources/app/lib/frontend/bundle.js:2:2858055)\n    at file:///C:/Xilinx/2025.1/Vitis/ide/electron-app/win64/resources/app/lib/frontend/bundle.js:2:8391210\n    at Array.forEach (<anonymous>)\n    at c.handle (file:///C:/Xilinx/2025.1/Vitis/ide/electron-app/win64/resources/app/lib/frontend/bundle.js:2:8391099)\n    at c.handle (file:///C:/Xilinx/2025.1/Vitis/ide/electron-app/win64/resources/app/lib/frontend/bundle.js:2:21801587)\n    at file:///C:/Xilinx/2025.1/Vitis/ide/electron-app/win64/resources/app/lib/frontend/bundle.js:2:8456416\n    at o (file:///C:/Xilinx/2025.1/Vitis/ide/electron-app/win64/resources/app/lib/frontend/bundle.js:2:8453884)\n    at P.handleContributions (file:///C:/Xilinx/2025.1/Vitis/ide/electron-app/win64/resources/app/lib/frontend/bundle.js:2:8456371)\n    at n.handleContributions (file:///C:/Xilinx/2025.1/Vitis/ide/electron-app/win64/resources/app/lib/frontend/bundle.js:2:8226131)\n    at n.loadContributions (file:///C:/Xilinx/2025.1/Vitis/ide/electron-app/win64/resources/app/lib/frontend/bundle.js:2:8242540)"}
2026-01-02 12:52:05 [debug] : Failed to register a menu item for plugin vscode.git contributed to multiDiffEditor/resource/title {"0":{"command":"git.stageFile","group":"navigation","when":"scmProvider == git && scmResourceGroup == workingTree"},"1":"Error: Could not find submenu with id multiDiffEditor/resource/title\n    at d.getMenuNode (file:///C:/Xilinx/2025.1/Vitis/ide/electron-app/win64/resources/app/lib/frontend/bundle.js:2:2858055)\n    at file:///C:/Xilinx/2025.1/Vitis/ide/electron-app/win64/resources/app/lib/frontend/bundle.js:2:8391210\n    at Array.forEach (<anonymous>)\n    at c.handle (file:///C:/Xilinx/2025.1/Vitis/ide/electron-app/win64/resources/app/lib/frontend/bundle.js:2:8391099)\n    at c.handle (file:///C:/Xilinx/2025.1/Vitis/ide/electron-app/win64/resources/app/lib/frontend/bundle.js:2:21801587)\n    at file:///C:/Xilinx/2025.1/Vitis/ide/electron-app/win64/resources/app/lib/frontend/bundle.js:2:8456416\n    at o (file:///C:/Xilinx/2025.1/Vitis/ide/electron-app/win64/resources/app/lib/frontend/bundle.js:2:8453884)\n    at P.handleContributions (file:///C:/Xilinx/2025.1/Vitis/ide/electron-app/win64/resources/app/lib/frontend/bundle.js:2:8456371)\n    at n.handleContributions (file:///C:/Xilinx/2025.1/Vitis/ide/electron-app/win64/resources/app/lib/frontend/bundle.js:2:8226131)\n    at n.loadContributions (file:///C:/Xilinx/2025.1/Vitis/ide/electron-app/win64/resources/app/lib/frontend/bundle.js:2:8242540)"}
2026-01-02 12:52:05 [debug] : Failed to register a menu item for plugin vscode.git contributed to multiDiffEditor/resource/title {"0":{"command":"git.stageFile","group":"navigation","when":"scmProvider == git && scmResourceGroup == untracked"},"1":"Error: Could not find submenu with id multiDiffEditor/resource/title\n    at d.getMenuNode (file:///C:/Xilinx/2025.1/Vitis/ide/electron-app/win64/resources/app/lib/frontend/bundle.js:2:2858055)\n    at file:///C:/Xilinx/2025.1/Vitis/ide/electron-app/win64/resources/app/lib/frontend/bundle.js:2:8391210\n    at Array.forEach (<anonymous>)\n    at c.handle (file:///C:/Xilinx/2025.1/Vitis/ide/electron-app/win64/resources/app/lib/frontend/bundle.js:2:8391099)\n    at c.handle (file:///C:/Xilinx/2025.1/Vitis/ide/electron-app/win64/resources/app/lib/frontend/bundle.js:2:21801587)\n    at file:///C:/Xilinx/2025.1/Vitis/ide/electron-app/win64/resources/app/lib/frontend/bundle.js:2:8456416\n    at o (file:///C:/Xilinx/2025.1/Vitis/ide/electron-app/win64/resources/app/lib/frontend/bundle.js:2:8453884)\n    at P.handleContributions (file:///C:/Xilinx/2025.1/Vitis/ide/electron-app/win64/resources/app/lib/frontend/bundle.js:2:8456371)\n    at n.handleContributions (file:///C:/Xilinx/2025.1/Vitis/ide/electron-app/win64/resources/app/lib/frontend/bundle.js:2:8226131)\n    at n.loadContributions (file:///C:/Xilinx/2025.1/Vitis/ide/electron-app/win64/resources/app/lib/frontend/bundle.js:2:8242540)"}
2026-01-02 12:52:05 [debug] : Failed to register a menu item for plugin vscode.git contributed to multiDiffEditor/resource/title {"0":{"command":"git.unstageFile","group":"navigation","when":"scmProvider == git && scmResourceGroup == index"},"1":"Error: Could not find submenu with id multiDiffEditor/resource/title\n    at d.getMenuNode (file:///C:/Xilinx/2025.1/Vitis/ide/electron-app/win64/resources/app/lib/frontend/bundle.js:2:2858055)\n    at file:///C:/Xilinx/2025.1/Vitis/ide/electron-app/win64/resources/app/lib/frontend/bundle.js:2:8391210\n    at Array.forEach (<anonymous>)\n    at c.handle (file:///C:/Xilinx/2025.1/Vitis/ide/electron-app/win64/resources/app/lib/frontend/bundle.js:2:8391099)\n    at c.handle (file:///C:/Xilinx/2025.1/Vitis/ide/electron-app/win64/resources/app/lib/frontend/bundle.js:2:21801587)\n    at file:///C:/Xilinx/2025.1/Vitis/ide/electron-app/win64/resources/app/lib/frontend/bundle.js:2:8456416\n    at o (file:///C:/Xilinx/2025.1/Vitis/ide/electron-app/win64/resources/app/lib/frontend/bundle.js:2:8453884)\n    at P.handleContributions (file:///C:/Xilinx/2025.1/Vitis/ide/electron-app/win64/resources/app/lib/frontend/bundle.js:2:8456371)\n    at n.handleContributions (file:///C:/Xilinx/2025.1/Vitis/ide/electron-app/win64/resources/app/lib/frontend/bundle.js:2:8226131)\n    at n.loadContributions (file:///C:/Xilinx/2025.1/Vitis/ide/electron-app/win64/resources/app/lib/frontend/bundle.js:2:8242540)"}
2026-01-02 12:52:05 [debug] : Failed to register a menu item for plugin vscode.git contributed to diffEditor/gutter/hunk {"0":{"command":"git.diff.stageHunk","group":"primary@10","when":"diffEditorOriginalUri =~ /^git\\:.*%22ref%22%3A%22~%22%7D$/"},"1":"Error: Could not find submenu with id diffEditor/gutter/hunk\n    at d.getMenuNode (file:///C:/Xilinx/2025.1/Vitis/ide/electron-app/win64/resources/app/lib/frontend/bundle.js:2:2858055)\n    at file:///C:/Xilinx/2025.1/Vitis/ide/electron-app/win64/resources/app/lib/frontend/bundle.js:2:8391210\n    at Array.forEach (<anonymous>)\n    at c.handle (file:///C:/Xilinx/2025.1/Vitis/ide/electron-app/win64/resources/app/lib/frontend/bundle.js:2:8391099)\n    at c.handle (file:///C:/Xilinx/2025.1/Vitis/ide/electron-app/win64/resources/app/lib/frontend/bundle.js:2:21801587)\n    at file:///C:/Xilinx/2025.1/Vitis/ide/electron-app/win64/resources/app/lib/frontend/bundle.js:2:8456416\n    at o (file:///C:/Xilinx/2025.1/Vitis/ide/electron-app/win64/resources/app/lib/frontend/bundle.js:2:8453884)\n    at P.handleContributions (file:///C:/Xilinx/2025.1/Vitis/ide/electron-app/win64/resources/app/lib/frontend/bundle.js:2:8456371)\n    at n.handleContributions (file:///C:/Xilinx/2025.1/Vitis/ide/electron-app/win64/resources/app/lib/frontend/bundle.js:2:8226131)\n    at n.loadContributions (file:///C:/Xilinx/2025.1/Vitis/ide/electron-app/win64/resources/app/lib/frontend/bundle.js:2:8242540)"}
2026-01-02 12:52:05 [debug] : Failed to register a menu item for plugin vscode.git contributed to diffEditor/gutter/selection {"0":{"command":"git.diff.stageSelection","group":"primary@10","when":"diffEditorOriginalUri =~ /^git\\:.*%22ref%22%3A%22~%22%7D$/"},"1":"Error: Could not find submenu with id diffEditor/gutter/selection\n    at d.getMenuNode (file:///C:/Xilinx/2025.1/Vitis/ide/electron-app/win64/resources/app/lib/frontend/bundle.js:2:2858055)\n    at file:///C:/Xilinx/2025.1/Vitis/ide/electron-app/win64/resources/app/lib/frontend/bundle.js:2:8391210\n    at Array.forEach (<anonymous>)\n    at c.handle (file:///C:/Xilinx/2025.1/Vitis/ide/electron-app/win64/resources/app/lib/frontend/bundle.js:2:8391099)\n    at c.handle (file:///C:/Xilinx/2025.1/Vitis/ide/electron-app/win64/resources/app/lib/frontend/bundle.js:2:21801587)\n    at file:///C:/Xilinx/2025.1/Vitis/ide/electron-app/win64/resources/app/lib/frontend/bundle.js:2:8456416\n    at o (file:///C:/Xilinx/2025.1/Vitis/ide/electron-app/win64/resources/app/lib/frontend/bundle.js:2:8453884)\n    at P.handleContributions (file:///C:/Xilinx/2025.1/Vitis/ide/electron-app/win64/resources/app/lib/frontend/bundle.js:2:8456371)\n    at n.handleContributions (file:///C:/Xilinx/2025.1/Vitis/ide/electron-app/win64/resources/app/lib/frontend/bundle.js:2:8226131)\n    at n.loadContributions (file:///C:/Xilinx/2025.1/Vitis/ide/electron-app/win64/resources/app/lib/frontend/bundle.js:2:8242540)"}
2026-01-02 12:52:05 [debug] : [de2b698f-4bc2-44a0-89f0-cf6eb3e65b83][vscode.git]: Loaded contributions. 
2026-01-02 12:52:05 [debug] : [de2b698f-4bc2-44a0-89f0-cf6eb3e65b83][vscode.make]: Loaded contributions. 
2026-01-02 12:52:05 [debug] : [de2b698f-4bc2-44a0-89f0-cf6eb3e65b83] Load contributions of 18 plugins: 335.7 ms [Finished 2.607 s after frontend start] 
2026-01-02 12:52:05 [debug] : Frontend c.onDidInitializeLayout: 0.7 ms [Finished 2.608 s after frontend start] 
2026-01-02 12:52:05 [debug] : Frontend n.onDidInitializeLayout: 2.5 ms [Finished 2.613 s after frontend start] 
2026-01-02 12:52:05 [debug] : Frontend x.onDidInitializeLayout: 20.3 ms [Finished 2.635 s after frontend start] 
2026-01-02 12:52:05 [debug] : Frontend h.onDidInitializeLayout: 0.4 ms [Finished 2.650 s after frontend start] 
2026-01-02 12:52:05 [debug] : Error: view container is disposed
    at get containerLayout (file:///C:/Xilinx/2025.1/Vitis/ide/electron-app/win64/resources/app/lib/frontend/bundle.js:2:2734612)
    at n.getParts (file:///C:/Xilinx/2025.1/Vitis/ide/electron-app/win64/resources/app/lib/frontend/bundle.js:2:2734370)
    at n.getTrackableWidgets (file:///C:/Xilinx/2025.1/Vitis/ide/electron-app/win64/resources/app/lib/frontend/bundle.js:2:2737767)
    at n.prepareViewContainer (file:///C:/Xilinx/2025.1/Vitis/ide/electron-app/win64/resources/app/lib/frontend/bundle.js:2:8580709)
    at async file:///C:/Xilinx/2025.1/Vitis/ide/electron-app/win64/resources/app/lib/frontend/bundle.js:2:8582989
    at async Promise.all (index 1)
    at async n.initWidgets (file:///C:/Xilinx/2025.1/Vitis/ide/electron-app/win64/resources/app/lib/frontend/bundle.js:2:8583836)
    at async n.afterLoadContributions (file:///C:/Xilinx/2025.1/Vitis/ide/electron-app/win64/resources/app/lib/frontend/bundle.js:2:8225999)
    at async n.doLoad (file:///C:/Xilinx/2025.1/Vitis/ide/electron-app/win64/resources/app/lib/frontend/bundle.js:2:8240408)
    at async d.withProgress (file:///C:/Xilinx/2025.1/Vitis/ide/electron-app/win64/resources/app/lib/frontend/bundle.js:2:2899608) 
2026-01-02 12:52:05 [debug] : 'cpp' language is remapped from 'source.cpp.embedded.macro' to 'source.cpp' scope 
2026-01-02 12:52:05 [debug] : a registered grammar configuration for 'cpp' language is overridden 
2026-01-02 12:52:05 [debug] : MonacoEditorModel.fireDidChangeContent - enter - {
  "changes": [
    {
      "range": {
        "startLineNumber": 4,
        "startColumn": 29,
        "endLineNumber": 14,
        "endColumn": 6
      },
      "rangeLength": 310,
      "text": "{\r\n        \"**/.git/objects/**\": true,\r\n        \"**/.git/subtree-cache/**\": true,\r\n        \"**/_build/**\": true,\r\n        \"**/build/**\": true,\r\n        \"**/export/**\": true,\r\n        \"**/hls/impl/**\": true,\r\n        \"**/hls/syth/**\": true,\r\n        \"**/hls/syn/**\": true,\r\n        \"**/hls/csim/**\": true\r\n    }",
      "rangeOffset": 124,
      "forceMoveMarkers": false
    }
  ],
  "eol": "\r\n",
  "isEolChange": false,
  "versionId": 2,
  "isUndoing": false,
  "isRedoing": false,
  "isFlush": false
} {"0":"user-storage:/user/settings.json"}
2026-01-02 12:52:05 [debug] : MonacoEditorModel.markAsDirty - enter {"0":"user-storage:/user/settings.json"}
2026-01-02 12:52:05 [debug] : MonacoEditorModel.cancelSync {"0":"user-storage:/user/settings.json"}
2026-01-02 12:52:05 [debug] : MonacoEditorModel.markAsDirty - exit {"0":"user-storage:/user/settings.json"}
2026-01-02 12:52:05 [debug] : MonacoEditorModel.fireDidChangeContent - exit {"0":"user-storage:/user/settings.json"}
2026-01-02 12:52:05 [debug] : MonacoEditorModel.cancelSave {"0":"user-storage:/user/settings.json"}
2026-01-02 12:52:05 [debug] : MonacoEditorModel.cancelSave {"0":"user-storage:/user/settings.json"}
2026-01-02 12:52:05 [debug] : Frontend U.onDidInitializeLayout took longer than the expected maximum 100 milliseconds: 265.2 ms [Finished 2.916 s after frontend start] 
2026-01-02 12:52:05 [debug] : Frontend D.onDidInitializeLayout: 0.0 ms [Finished 2.916 s after frontend start] 
2026-01-02 12:52:05 [debug] : Frontend D.onDidInitializeLayout: 1.1 ms [Finished 2.917 s after frontend start] 
2026-01-02 12:52:05 [debug] : Frontend C.onDidInitializeLayout: 0.1 ms [Finished 2.917 s after frontend start] 
2026-01-02 12:52:05 [debug] : Frontend v.onDidInitializeLayout: 0.1 ms [Finished 2.917 s after frontend start] 
2026-01-02 12:52:05 [debug] : getTasks(): about to return task information for 0 tasks 
2026-01-02 12:52:05 [debug] : MonacoEditorModel.cancelSync {"0":"user-storage:/user/settings.json"}
2026-01-02 12:52:05 [debug] : MonacoEditorModel.cancelSave {"0":"user-storage:/user/settings.json"}
2026-01-02 12:52:05 [debug] : [hosted-plugin: 5156] PLUGIN_HOST(5156): PluginManagerExtImpl/init() 
2026-01-02 12:52:05 [debug] : [hosted-plugin: 5156] PLUGIN_HOST(5156): initializing(serial-monitor@1.0.2 with C:\Xilinx\2025.1\Vitis\ide\electron-app\win64\resources\app\lib\backend\plugin-vscode-init) 
2026-01-02 12:52:05 [debug] : [hosted-plugin: 5156] PLUGIN_HOST(5156): initializing(json-language-features@1.88.1 with C:\Xilinx\2025.1\Vitis\ide\electron-app\win64\resources\app\lib\backend\plugin-vscode-init) 
2026-01-02 12:52:05 [debug] : [hosted-plugin: 5156] PLUGIN_HOST(5156): initializing(material-icon-theme@5.15.0 with C:\Xilinx\2025.1\Vitis\ide\electron-app\win64\resources\app\lib\backend\plugin-vscode-init) 
2026-01-02 12:52:05 [debug] : [hosted-plugin: 5156] PLUGIN_HOST(5156): initializing(git-base@1.95.3 with C:\Xilinx\2025.1\Vitis\ide\electron-app\win64\resources\app\lib\backend\plugin-vscode-init) 
2026-01-02 12:52:05 [debug] : [hosted-plugin: 5156] PLUGIN_HOST(5156): initializing(gitlens@11.7.0 with C:\Xilinx\2025.1\Vitis\ide\electron-app\win64\resources\app\lib\backend\plugin-vscode-init) 
2026-01-02 12:52:05 [debug] : [hosted-plugin: 5156] PLUGIN_HOST(5156): initializing(tcf-debug@0.0.1 with C:\Xilinx\2025.1\Vitis\ide\electron-app\win64\resources\app\lib\backend\plugin-vscode-init) 
2026-01-02 12:52:05 [debug] : [hosted-plugin: 5156] Debugger contribution has been registered: tcf-debug 
2026-01-02 12:52:05 [debug] : [hosted-plugin: 5156] PLUGIN_HOST(5156): initializing(cmake@0.0.17 with C:\Xilinx\2025.1\Vitis\ide\electron-app\win64\resources\app\lib\backend\plugin-vscode-init) 
2026-01-02 12:52:05 [debug] : [hosted-plugin: 5156] PLUGIN_HOST(5156): initializing(vitis-config@0.0.1 with C:\Xilinx\2025.1\Vitis\ide\electron-app\win64\resources\app\lib\backend\plugin-vscode-init) 
2026-01-02 12:52:05 [debug] : [hosted-plugin: 5156] PLUGIN_HOST(5156): initializing(vitis-hls-l1-library@0.0.1 with C:\Xilinx\2025.1\Vitis\ide\electron-app\win64\resources\app\lib\backend\plugin-vscode-init) 
2026-01-02 12:52:05 [debug] : [hosted-plugin: 5156] PLUGIN_HOST(5156): initializing(vitis-hls-pragma@0.6.0 with C:\Xilinx\2025.1\Vitis\ide\electron-app\win64\resources\app\lib\backend\plugin-vscode-init) 
2026-01-02 12:52:05 [debug] : [hosted-plugin: 5156] PLUGIN_HOST(5156): initializing(vitis-hls-verilog-vhdl-support@0.0.1 with C:\Xilinx\2025.1\Vitis\ide\electron-app\win64\resources\app\lib\backend\plugin-vscode-init) 
2026-01-02 12:52:05 [debug] : [hosted-plugin: 5156] PLUGIN_HOST(5156): initializing(vitis-output@0.0.1 with C:\Xilinx\2025.1\Vitis\ide\electron-app\win64\resources\app\lib\backend\plugin-vscode-init) 
2026-01-02 12:52:05 [debug] : [hosted-plugin: 5156] PLUGIN_HOST(5156): initializing(cpp@1.88.1 with C:\Xilinx\2025.1\Vitis\ide\electron-app\win64\resources\app\lib\backend\plugin-vscode-init) 
2026-01-02 12:52:05 [debug] : [hosted-plugin: 5156] PLUGIN_HOST(5156): initializing(json@1.88.1 with C:\Xilinx\2025.1\Vitis\ide\electron-app\win64\resources\app\lib\backend\plugin-vscode-init) 
2026-01-02 12:52:05 [debug] : [hosted-plugin: 5156] PLUGIN_HOST(5156): initializing(vscode-clangd@0.1.33 with C:\Xilinx\2025.1\Vitis\ide\electron-app\win64\resources\app\lib\backend\plugin-vscode-init) 
2026-01-02 12:52:05 [debug] : [hosted-plugin: 5156] PLUGIN_HOST(5156): initializing(debug@0.27.0 with C:\Xilinx\2025.1\Vitis\ide\electron-app\win64\resources\app\lib\backend\plugin-vscode-init) 
2026-01-02 12:52:05 [debug] : [hosted-plugin: 5156] Debugger contribution has been registered: gdb 
2026-01-02 12:52:05 [debug] : [hosted-plugin: 5156] Debugger contribution has been registered: lldb-mi 
2026-01-02 12:52:05 [debug] : [hosted-plugin: 5156] Debugger contribution has been registered: mago-mi 
2026-01-02 12:52:05 [debug] : [hosted-plugin: 5156] PLUGIN_HOST(5156): initializing(git@1.95.3 with C:\Xilinx\2025.1\Vitis\ide\electron-app\win64\resources\app\lib\backend\plugin-vscode-init) 
2026-01-02 12:52:05 [debug] : [hosted-plugin: 5156] PLUGIN_HOST(5156): initializing(make@1.88.1 with C:\Xilinx\2025.1\Vitis\ide\electron-app\win64\resources\app\lib\backend\plugin-vscode-init) 
2026-01-02 12:52:05 [debug] : [hosted-plugin: 5156] Unsupported activation events: oncommand:gitlens.copyCurrentBranch, please open an issue: https://github.com/eclipse-theia/theia/issues/new 
2026-01-02 12:52:05 [debug] : [hosted-plugin: 5156] Unsupported activation events: onEditSession:file, please open an issue: https://github.com/eclipse-theia/theia/issues/new 
2026-01-02 12:52:05 [debug] : [hosted-plugin: 5156] PLUGIN_HOST(5156): PluginManagerExtImpl/loadPlugin(C:\Xilinx\2025.1\Vitis\ide\electron-app\win64\resources\app\plugins\vscode-builtin-json-language-features\extension\client\dist\node\jsonClientMain) 
2026-01-02 12:52:05 [debug] : [hosted-plugin: 5156] PLUGIN_HOST(5156): PluginManagerExtImpl/loadPlugin(C:\Xilinx\2025.1\Vitis\ide\electron-app\win64\resources\app\plugins\vscode.git-base\extension\dist\extension.js) 
2026-01-02 12:52:05 [debug] : [hosted-plugin: 5156] calling activation function on Git Base (built-in) 
2026-01-02 12:52:05 [debug] : [hosted-plugin: 5156] PLUGIN_HOST(5156): PluginManagerExtImpl/loadPlugin(C:\Xilinx\2025.1\Vitis\ide\electron-app\win64\resources\app\plugins\vscode.git\extension\dist\main) 
2026-01-02 12:52:05 [debug] : RIGEL SERVER 12:52:05 INFO  : [INFO]: Initializing repositories 
2026-01-02 12:52:05 [debug] : RIGEL SERVER 12:52:05 INFO  : [INFO]: Successfully set the EmbeddedSW path, refer .repo.yaml for more details.
12:52:05 INFO  : Successfully created repository data at C:\Users\User\AppData\Local\Temp\rigel_lopper_User8133625277555789728 
2026-01-02 12:52:05 [debug] : RIGEL SERVER 12:52:05 INFO  : cmd.exe, /C, empyro.bat get_template_data -d C:\Users\User\AppData\Local\Temp\rigel_lopper_User3583692445147225709 -r C:\Users\User\AppData\Local\Temp\rigel_lopper_User8133625277555789728\.repo.yaml 
2026-01-02 12:52:05 [debug] : [hosted-plugin: 5156] calling activation function on Git (built-in) 
2026-01-02 12:52:06 [debug] : [de2b698f-4bc2-44a0-89f0-cf6eb3e65b83] Starting plugins. 
2026-01-02 12:52:06 [debug] : [de2b698f-4bc2-44a0-89f0-cf6eb3e65b83][eclipse-cdt.serial-monitor]: Started plugin. 
2026-01-02 12:52:06 [debug] : [de2b698f-4bc2-44a0-89f0-cf6eb3e65b83][vscode.json-language-features]: Started plugin. 
2026-01-02 12:52:06 [debug] : [de2b698f-4bc2-44a0-89f0-cf6eb3e65b83][pkief.material-icon-theme]: Started plugin. 
2026-01-02 12:52:06 [debug] : [de2b698f-4bc2-44a0-89f0-cf6eb3e65b83][vscode.git-base]: Started plugin. 
2026-01-02 12:52:06 [debug] : [de2b698f-4bc2-44a0-89f0-cf6eb3e65b83][eamodio.gitlens]: Started plugin. 
2026-01-02 12:52:06 [debug] : [de2b698f-4bc2-44a0-89f0-cf6eb3e65b83][amd.tcf-debug]: Started plugin. 
2026-01-02 12:52:06 [debug] : [de2b698f-4bc2-44a0-89f0-cf6eb3e65b83][twxs.cmake]: Started plugin. 
2026-01-02 12:52:06 [debug] : [de2b698f-4bc2-44a0-89f0-cf6eb3e65b83][amd.vitis-config]: Started plugin. 
2026-01-02 12:52:06 [debug] : [de2b698f-4bc2-44a0-89f0-cf6eb3e65b83][amd.vitis-hls-l1-library]: Started plugin. 
2026-01-02 12:52:06 [debug] : [de2b698f-4bc2-44a0-89f0-cf6eb3e65b83][amd.vitis-hls-pragma]: Started plugin. 
2026-01-02 12:52:06 [debug] : [de2b698f-4bc2-44a0-89f0-cf6eb3e65b83][amd.vitis-hls-verilog-vhdl-support]: Started plugin. 
2026-01-02 12:52:06 [debug] : [de2b698f-4bc2-44a0-89f0-cf6eb3e65b83][amd.vitis-output]: Started plugin. 
2026-01-02 12:52:06 [debug] : [de2b698f-4bc2-44a0-89f0-cf6eb3e65b83][vscode.cpp]: Started plugin. 
2026-01-02 12:52:06 [debug] : [de2b698f-4bc2-44a0-89f0-cf6eb3e65b83][vscode.json]: Started plugin. 
2026-01-02 12:52:06 [debug] : [de2b698f-4bc2-44a0-89f0-cf6eb3e65b83][llvm-vs-code-extensions.vscode-clangd]: Started plugin. 
2026-01-02 12:52:06 [debug] : [de2b698f-4bc2-44a0-89f0-cf6eb3e65b83][webfreak.debug]: Started plugin. 
2026-01-02 12:52:06 [debug] : [de2b698f-4bc2-44a0-89f0-cf6eb3e65b83][vscode.git]: Started plugin. 
2026-01-02 12:52:06 [debug] : [de2b698f-4bc2-44a0-89f0-cf6eb3e65b83][vscode.make]: Started plugin. 
2026-01-02 12:52:06 [debug] : [hosted-plugin: 5156] PLUGIN_HOST(5156): PluginManagerExtImpl/loadPlugin(C:\Xilinx\2025.1\Vitis\ide\electron-app\win64\resources\app\plugins\eamodio-gitlens\extension\dist\gitlens) 
2026-01-02 12:52:06 [debug] : Frontend application start: 2597.3 ms [Finished 53.661 s after backend start] 
2026-01-02 12:52:06 [debug] : Replace loading indicator with ready workbench UI (animation): 817.4 ms [Finished 3.736 s after frontend start] 
2026-01-02 12:52:06 [debug] : Changed application state from 'initialized_layout' to 'ready'. 
2026-01-02 12:52:06 [debug] : [hosted-plugin: 5156] PLUGIN_HOST(5156): PluginManagerExtImpl/loadPlugin(C:\Xilinx\2025.1\Vitis\ide\electron-app\win64\resources\app\plugins\vscode-material-icon-theme\extension\dist\extension\desktop\extension.cjs) 
2026-01-02 12:52:06 [debug] : [hosted-plugin: 5156] PLUGIN_HOST(5156): PluginManagerExtImpl/loadPlugin(C:\Xilinx\2025.1\Vitis\ide\electron-app\win64\resources\app\plugins\eclipse-cdt.serial-monitor\extension\dist\desktop\extension.js) 
2026-01-02 12:52:06 [debug] : [hosted-plugin: 5156] calling activation function on Web and Desktop Serial Monitor 
2026-01-02 12:52:06 [debug] : [hosted-plugin: 5156] [INFO] 2026-01-02T11:52:06.212Z - Translations initialized. 
2026-01-02 12:52:06 [debug] : [hosted-plugin: 5156] [INFO] 2026-01-02T11:52:06.215Z - Extension activated! 
2026-01-02 12:52:06 [debug] : [hosted-plugin: 5156] calling activation function on Material Icon Theme 
2026-01-02 12:52:06 [debug] : [hosted-plugin: 5156] calling activation function on JSON Language Features (built-in) 
2026-01-02 12:52:06 [debug] : [hosted-plugin: 5156] calling activation function on GitLens — Git supercharged 
2026-01-02 12:52:06 [debug] : [de2b698f-4bc2-44a0-89f0-cf6eb3e65b83] Start of 18 plugins: 1251.3 ms [Finished 3.934 s after frontend start] 
2026-01-02 12:52:06 [debug] : [ProjectCache] fetching projects for project-cache 
2026-01-02 12:52:06 [debug] : [ProjectDecorator] tree decoration updated 
2026-01-02 12:52:06 [debug] : [ProjectCache] Project location updated to undefined 
2026-01-02 12:52:06 [debug] : [ProjectDecorator] tree decoration updated 
2026-01-02 12:52:06 [debug] : RIGEL SERVER 12:52:06 INFO  : Embedded Template List generated successfully 
2026-01-02 12:52:06 [debug] : RIGEL SERVER 12:52:06 INFO  : cmd.exe, /C, empyro.bat get_template_data -d C:\Users\User\AppData\Local\Temp\rigel_lopper_User2694669366110679804 -r C:\Users\User\Documents\GitHub\AHE_Group_G\Project_workspace\_ide\.wsdata\.repo.yaml 
2026-01-02 12:52:06 [debug] : [Application Examples Provider] Templates model update completed. 
2026-01-02 12:52:06 [debug] : [Application Examples Provider] common calling method completed. 
2026-01-02 12:52:06 [debug] : [Application Examples Provider] refresh completed. 
2026-01-02 12:52:07 [debug] : [ProjectCache] fetching projects for project-cache 
2026-01-02 12:52:07 [debug] : [ProjectDecorator] tree decoration updated 
2026-01-02 12:52:07 [debug] : [ProjectCache] Project location updated to undefined 
2026-01-02 12:52:07 [debug] : [ProjectDecorator] tree decoration updated 
2026-01-02 12:52:07 [debug] : RIGEL SERVER 12:52:07 INFO  : Embedded Template List generated successfully 
2026-01-02 12:52:07 [debug] : [Application Examples Provider] Templates model update completed. 
2026-01-02 12:52:07 [debug] : [Application Examples Provider] common calling method completed. 
2026-01-02 12:52:07 [debug] : [Application Examples Provider] refresh completed. 
2026-01-02 12:52:08 [debug] : [hosted-plugin: 5156] PLUGIN_HOST(5156): PluginManagerExtImpl/loadPlugin(C:\Xilinx\2025.1\Vitis\ide\electron-app\win64\resources\app\plugins\vitis-output-0.0.1\extension\lib\extension.js) 
2026-01-02 12:52:08 [debug] : [hosted-plugin: 5156] calling activation function on amd.vitis-output 
2026-01-02 12:53:38 [debug] : [Platform Server] Executing method:[getProcessorOSList] with connection:(object). {"0":"request:","1":{"wrappers_":{"6":[{"wrappers_":null,"arrayIndexOffset_":-1,"array":["VITIS_SDT_REPO",null],"pivot_":1.7976931348623157e+308,"convertedPrimitiveFields_":{}},{"wrappers_":null,"arrayIndexOffset_":-1,"array":["VITIS_SDT_BOARD_DTS",null],"pivot_":1.7976931348623157e+308,"convertedPrimitiveFields_":{}},{"wrappers_":null,"arrayIndexOffset_":-1,"array":["VITIS_SDT_INCLUDE_DTS",null],"pivot_":1.7976931348623157e+308,"convertedPrimitiveFields_":{}},{"wrappers_":null,"arrayIndexOffset_":-1,"array":["-dt_overlay","0"],"pivot_":1.7976931348623157e+308,"convertedPrimitiveFields_":{}},{"wrappers_":null,"arrayIndexOffset_":-1,"array":["custom_dtsi",null],"pivot_":1.7976931348623157e+308,"convertedPrimitiveFields_":{}}]},"arrayIndexOffset_":-1,"array":["C:\\Users\\User\\Documents\\GitHub\\Hardware_vhdl_ip_files\\nexys_tmp3_hw\\nexys_tmp3_wrapper.xsa",null,[],[],null,[["VITIS_SDT_REPO",null],["VITIS_SDT_BOARD_DTS",null],["VITIS_SDT_INCLUDE_DTS",null],["-dt_overlay","0"],["custom_dtsi",null]]],"pivot_":1.7976931348623157e+308,"convertedPrimitiveFields_":{}}}
2026-01-02 12:53:38 [debug] : RIGEL SERVER 12:53:38 INFO  : Using sdt generation script from C:\Xilinx\2025.1\Vitis\vitis-server\scripts\platformutil.tcl 
2026-01-02 12:53:38 [debug] : RIGEL SERVER 12:53:38 INFO  : cmd.exe, /C, sdtgen.bat C:\Xilinx\2025.1\Vitis\vitis-server\scripts\platformutil.tcl C:\Users\User\Documents\GitHub\Hardware_vhdl_ip_files\nexys_tmp3_hw\nexys_tmp3_wrapper.xsa C:\Users\User\Documents\GitHub\AHE_Group_G\Project_workspace\.rigel_lopper_temp_platform\nexys_tmp3_wrapper\hw\sdt 
2026-01-02 12:53:47 [debug] : RIGEL SERVER 12:53:47 INFO  : -xsa C:\Users\User\Documents\GitHub\Hardware_vhdl_ip_files\nexys_tmp3_hw\nexys_tmp3_wrapper.xsa 
2026-01-02 12:53:47 [debug] : RIGEL SERVER 12:53:47 INFO  : -dir C:\Users\User\Documents\GitHub\AHE_Group_G\Project_workspace\.rigel_lopper_temp_platform\nexys_tmp3_wrapper\hw\sdt
12:53:47 INFO  : -board_dts 
2026-01-02 12:53:47 [debug] : RIGEL SERVER 12:53:47 INFO  : -include_dts 
12:53:47 INFO  : -repo C:/Xilinx/2025.1/Vitis/data/system-device-tree-xlnx 
2026-01-02 12:53:47 [debug] : RIGEL SERVER 12:53:47 INFO  : -zocl disable 
2026-01-02 12:53:47 [debug] : RIGEL SERVER 12:53:47 INFO  : INFO: [Hsi 55-2053] elapsed time for repository (C:/Xilinx/2025.1/Vitis/data/embeddedsw) loading 4 seconds
12:53:47 INFO  : SDT generated successfully 
2026-01-02 12:53:47 [debug] : RIGEL SERVER 12:53:47 INFO  : Lopper command for cpu List generation: lopper.bat --enhanced --werror -f -O C:\Users\User\Documents\GitHub\AHE_Group_G\Project_workspace\.rigel_lopper -i lop-cpu-oslist.dts C:\Users\User\Documents\GitHub\AHE_Group_G\Project_workspace\.rigel_lopper_temp_platform\nexys_tmp3_wrapper\hw\sdt\system-top.dts 
2026-01-02 12:53:47 [debug] : RIGEL SERVER 12:53:47 INFO  : cmd.exe, /C, lopper.bat --enhanced --werror -f -O C:\Users\User\Documents\GitHub\AHE_Group_G\Project_workspace\.rigel_lopper -i lop-cpu-oslist.dts C:\Users\User\Documents\GitHub\AHE_Group_G\Project_workspace\.rigel_lopper_temp_platform\nexys_tmp3_wrapper\hw\sdt\system-top.dts 
2026-01-02 12:53:49 [debug] : RIGEL SERVER 12:53:49 INFO  : CPU List generated successfully 
2026-01-02 12:53:55 [debug] : [Platform Server] Executing method:[createPlatformProject] with connection:(object). {"0":"request:","1":{"wrappers_":{"19":[{"wrappers_":null,"arrayIndexOffset_":-1,"array":["VITIS_SDT_REPO",null],"pivot_":1.7976931348623157e+308,"convertedPrimitiveFields_":{}},{"wrappers_":null,"arrayIndexOffset_":-1,"array":["VITIS_SDT_BOARD_DTS",null],"pivot_":1.7976931348623157e+308,"convertedPrimitiveFields_":{}},{"wrappers_":null,"arrayIndexOffset_":-1,"array":["VITIS_SDT_INCLUDE_DTS",null],"pivot_":1.7976931348623157e+308,"convertedPrimitiveFields_":{}},{"wrappers_":null,"arrayIndexOffset_":-1,"array":["-dt_overlay","0"],"pivot_":1.7976931348623157e+308,"convertedPrimitiveFields_":{}}]},"arrayIndexOffset_":-1,"array":["Nexys_TMP3_Platform",null,"C:\\Users\\User\\Documents\\GitHub\\AHE_Group_G\\Project_workspace\\Nexys_TMP3_Platform","C:\\Users\\User\\Documents\\GitHub\\Hardware_vhdl_ip_files\\nexys_tmp3_hw\\nexys_tmp3_wrapper.xsa","microblaze_0","standalone",null,null,null,null,null,null,null,true,null,"",null,null,[["VITIS_SDT_REPO",null],["VITIS_SDT_BOARD_DTS",null],["VITIS_SDT_INCLUDE_DTS",null],["-dt_overlay","0"]],null,1],"pivot_":1.7976931348623157e+308,"convertedPrimitiveFields_":{}}}
2026-01-02 12:53:55 [debug] : [Platform Server] Create platform Nexys_TMP3_Platform requested with internal id '90b2e6dc-7179-4792-ae1c-dd20b35d3d18'. 
2026-01-02 12:53:55 [debug] : RIGEL SERVER 12:53:55 INFO  : Platform Nexys_TMP3_Platform creation started. 
2026-01-02 12:53:55 [debug] : [Platform Output] Creating Nexys_TMP3_Platform platform with id '90b2e6dc-7179-4792-ae1c-dd20b35d3d18' started. 
2026-01-02 12:53:55 [debug] : RIGEL SERVER 12:53:55 INFO  : Lopper command for cpu List generation: lopper.bat --enhanced --werror -f -O C:\Users\User\Documents\GitHub\AHE_Group_G\Project_workspace\.rigel_lopper -i lop-cpu-oslist.dts C:\Users\User\Documents\GitHub\AHE_Group_G\Project_workspace\Nexys_TMP3_Platform\hw\sdt\system-top.dts 
2026-01-02 12:53:55 [debug] : RIGEL SERVER 12:53:55 INFO  : cmd.exe, /C, lopper.bat --enhanced --werror -f -O C:\Users\User\Documents\GitHub\AHE_Group_G\Project_workspace\.rigel_lopper -i lop-cpu-oslist.dts C:\Users\User\Documents\GitHub\AHE_Group_G\Project_workspace\Nexys_TMP3_Platform\hw\sdt\system-top.dts 
2026-01-02 12:53:56 [debug] : RIGEL SERVER 12:53:56 INFO  : CPU List generated successfully 
2026-01-02 12:53:56 [debug] : RIGEL SERVER 12:53:56 INFO  : SDT generated successfully. 
2026-01-02 12:53:56 [debug] : Received event from notification service: ON_DID_CREATE_COMPONENT. 
2026-01-02 12:53:56 [debug] : RIGEL SERVER 12:53:56 INFO  : created .gitignore file for the project C:\Users\User\Documents\GitHub\AHE_Group_G\Project_workspace\Nexys_TMP3_Platform 
2026-01-02 12:53:56 [debug] : RIGEL SERVER 12:53:56 INFO  : lopper command to generate BSP :empyro.bat create_bsp -w C:\Users\User\Documents\GitHub\AHE_Group_G\Project_workspace\Nexys_TMP3_Platform\microblaze_0\standalone_microblaze_0\bsp -p microblaze_0 -o standalone -s C:\Users\User\Documents\GitHub\AHE_Group_G\Project_workspace\Nexys_TMP3_Platform\hw\sdt\system-top.dts -t empty_application -r C:\Users\User\Documents\GitHub\AHE_Group_G\Project_workspace\_ide\.wsdata\.repo.yaml 
2026-01-02 12:53:56 [debug] : RIGEL SERVER 12:53:56 INFO  : cmd.exe, /C, empyro.bat create_bsp -w C:\Users\User\Documents\GitHub\AHE_Group_G\Project_workspace\Nexys_TMP3_Platform\microblaze_0\standalone_microblaze_0\bsp -p microblaze_0 -o standalone -s C:\Users\User\Documents\GitHub\AHE_Group_G\Project_workspace\Nexys_TMP3_Platform\hw\sdt\system-top.dts -t empty_application -r C:\Users\User\Documents\GitHub\AHE_Group_G\Project_workspace\_ide\.wsdata\.repo.yaml 
2026-01-02 12:54:10 [debug] : RIGEL SERVER 12:54:10 INFO  : [INFO]: Starting domain creation 
2026-01-02 12:54:10 [debug] : RIGEL SERVER 12:54:10 INFO  : [INFO]: Generating Domain-specific DTS for microblaze_0
12:54:10 INFO  : [INFO]: Generating required metadata from domain specific DT
12:54:10 INFO  : [INFO]: Successfully created Domain at C:\Users\User\Documents\GitHub\AHE_Group_G\Project_workspace\Nexys_TMP3_Platform\microblaze_0\standalone_microblaze_0\bsp 
2026-01-02 12:54:10 [debug] : RIGEL SERVER 12:54:10 INFO  : Successfully Generated Domain C:\Users\User\Documents\GitHub\AHE_Group_G\Project_workspace\Nexys_TMP3_Platform\microblaze_0\standalone_microblaze_0\bsp 
2026-01-02 12:54:10 [debug] : RIGEL SERVER 12:54:10 INFO  : Domain standalone_microblaze_0 added successfully. 
2026-01-02 12:54:10 [debug] : Received event from notification service: ON_UPDATE_PLATFORM_STATUS. 
2026-01-02 12:54:10 [debug] : RIGEL SERVER 12:54:10 INFO  : Platform creation finished successfully. 
2026-01-02 12:54:10 [debug] : Received event from notification service: ON_DID_UPDATE_COMPONENT. 
2026-01-02 12:54:10 [debug] : RIGEL SERVER 12:54:10 INFO  : Platform Quick Build initiated. 
2026-01-02 12:54:10 [debug] : Received event from notification service: ON_UPDATE_PLATFORM_STATUS. 
2026-01-02 12:54:10 [debug] : Received event from notification service: ON_DID_OPEN_COMPONENT. 
2026-01-02 12:54:10 [debug] : Received event from notification service: ON_DID_BUILD_START. 
2026-01-02 12:54:10 [debug] : RIGEL SERVER 12:54:10 INFO  : Generating Export directory 
2026-01-02 12:54:10 [debug] : Received event from notification service: ON_UPDATE_FLOWNAVIGATOR_STATUS. 
2026-01-02 12:54:10 [debug] : RIGEL SERVER 12:54:10 INFO  : Generated platform metadata for creating application(s) based on platform Nexys_TMP3_Platform. 
2026-01-02 12:54:10 [debug] : [Platform Server] Creating platform Nexys_TMP3_Platform  completed on 'Nexys_TMP3_Platform' with internal id '90b2e6dc-7179-4792-ae1c-dd20b35d3d18'. 
2026-01-02 12:54:10 [debug] : [Platform Server] Creating platform Nexys_TMP3_Platform  status event - label: Nexys_TMP3_Platform, status_code:0, status_details:. 
2026-01-02 12:54:10 [debug] : [Platform Server] Creating platform Nexys_TMP3_Platform  output steam finished on 'Nexys_TMP3_Platform' with internal id '90b2e6dc-7179-4792-ae1c-dd20b35d3d18'. 
2026-01-02 12:54:10 [info] : [Platform Server] Creating platform Nexys_TMP3_Platform  output stream finished - Nexys_TMP3_Platform. 
2026-01-02 12:54:10 [debug] : Received event from notification service: ON_DID_MODIFY_PLATFORM_REPOS. 
2026-01-02 12:54:10 [debug] : [Platform Output] Creating Nexys_TMP3_Platform platform with id '90b2e6dc-7179-4792-ae1c-dd20b35d3d18' completed. 
2026-01-02 12:54:10 [debug] : [Platform Output] Deleting and canceling the build task with id '90b2e6dc-7179-4792-ae1c-dd20b35d3d18'. 
2026-01-02 12:54:10 [debug] : Received event from notification service: ON_DID_BUILD_STOP. 
2026-01-02 12:54:10 [debug] : Received event from notification service: ON_UPDATE_FLOWNAVIGATOR_STATUS. 
2026-01-02 12:54:10 [debug] : Received event from notification service: ON_DID_UPDATE_COMPONENT. 
2026-01-02 12:54:10 [debug] : [ProjectCache] fetching projects for project-cache 
2026-01-02 12:54:10 [debug] : [Component Provider] updating project C:\Users\User\Documents\GitHub\AHE_Group_G\Project_workspace\Nexys_TMP3_Platform 
2026-01-02 12:54:10 [debug] : [ProjectDecorator] tree decoration updated 
2026-01-02 12:54:10 [debug] : [ProjectCache] Project location updated to C:\Users\User\Documents\GitHub\AHE_Group_G\Project_workspace\Nexys_TMP3_Platform 
2026-01-02 12:54:10 [debug] : [ProjectDecorator] tree decoration updated 
2026-01-02 12:54:10 [debug] : [Platform Provider] updating project C:\Users\User\Documents\GitHub\AHE_Group_G\Project_workspace\Nexys_TMP3_Platform 
2026-01-02 12:54:10 [debug] : [ProjectDecorator] tree decoration updated 
2026-01-02 12:54:10 [debug] : [ProjectCache] Project location updated to C:\Users\User\Documents\GitHub\AHE_Group_G\Project_workspace\Nexys_TMP3_Platform 
2026-01-02 12:54:10 [debug] : [Component Provider] project updated C:\Users\User\Documents\GitHub\AHE_Group_G\Project_workspace\Nexys_TMP3_Platform 
2026-01-02 12:54:10 [debug] : [Platform Provider] project updated C:\Users\User\Documents\GitHub\AHE_Group_G\Project_workspace\Nexys_TMP3_Platform {"0":{"platformName":"Nexys_TMP3_Platform","platformDescription":"","platformLocation":"C:\\Users\\User\\Documents\\GitHub\\AHE_Group_G\\Project_workspace\\Nexys_TMP3_Platform","xsaPath":"C:\\Users\\User\\Documents\\GitHub\\Hardware_vhdl_ip_files\\nexys_tmp3_hw\\nexys_tmp3_wrapper.xsa","xsapathinplatform":"Nexys_TMP3_Platform\\hw\\nexys_tmp3_wrapper.xsa","isCustomFsbl":false,"fsblPath":"","pmufwElf":"","supportedFamily":"fpga","flow":3,"emulationXsaPath":"","emulationXsaPathInPlatform":"","stdGenHooksList":[]}}
2026-01-02 12:54:10 [debug] : [Platform Server] Executing method:[listDomains] with connection:(object). {"0":"request:","1":{"wrappers_":null,"arrayIndexOffset_":-1,"array":["C:\\Users\\User\\Documents\\GitHub\\AHE_Group_G\\Project_workspace\\Nexys_TMP3_Platform"],"pivot_":1.7976931348623157e+308,"convertedPrimitiveFields_":{}}}
2026-01-02 12:54:10 [debug] : [Platform Server] Executing method:[getPartFromXSA] with connection:(object). {"0":"request:","1":{"wrappers_":null,"arrayIndexOffset_":-1,"array":["C:\\Users\\User\\Documents\\GitHub\\AHE_Group_G\\Project_workspace\\Nexys_TMP3_Platform"],"pivot_":1.7976931348623157e+308,"convertedPrimitiveFields_":{}}}
2026-01-02 12:54:17 [debug] : [Platform Server] Executing method:[generatePlatform] with connection:(object). {"0":"request:","1":"C:\\Users\\User\\Documents\\GitHub\\AHE_Group_G\\Project_workspace\\Nexys_TMP3_Platform"}
2026-01-02 12:54:17 [debug] : [Platform Server] Generate platform requested for Nexys_TMP3_Platform with internal id '432b4181-8395-417d-a4ba-02e69fcdc345'. 
2026-01-02 12:54:18 [debug] : Received event from notification service: ON_DID_OPEN_COMPONENT. 
2026-01-02 12:54:18 [debug] : Received event from notification service: ON_DID_BUILD_START. 
2026-01-02 12:54:18 [debug] : Received event from notification service: ON_UPDATE_FLOWNAVIGATOR_STATUS. 
2026-01-02 12:54:18 [debug] : [Platform Server] Executing method:[getPartFromXSA] with connection:(object). {"0":"request:","1":{"wrappers_":null,"arrayIndexOffset_":-1,"array":["C:\\Users\\User\\Documents\\GitHub\\AHE_Group_G\\Project_workspace\\Nexys_TMP3_Platform"],"pivot_":1.7976931348623157e+308,"convertedPrimitiveFields_":{}}}
2026-01-02 12:54:18 [debug] : RIGEL SERVER 12:54:18 INFO  : BSP build will be initiated for Domain standalone_microblaze_0 
2026-01-02 12:54:18 [debug] : RIGEL SERVER 12:54:18 INFO  : Generating BSP for the domain C:\Users\User\Documents\GitHub\AHE_Group_G\Project_workspace\Nexys_TMP3_Platform\microblaze_0\standalone_microblaze_0\bsp 
2026-01-02 12:54:18 [debug] : RIGEL SERVER 12:54:18 INFO  : lopper command to reconfigure BSP :empyro.bat reconfig_bsp -d C:\Users\User\Documents\GitHub\AHE_Group_G\Project_workspace\Nexys_TMP3_Platform\microblaze_0\standalone_microblaze_0\bsp 
2026-01-02 12:54:18 [debug] : RIGEL SERVER 12:54:18 INFO  : cmd.exe, /C, empyro.bat reconfig_bsp -d C:\Users\User\Documents\GitHub\AHE_Group_G\Project_workspace\Nexys_TMP3_Platform\microblaze_0\standalone_microblaze_0\bsp 
2026-01-02 12:54:18 [debug] : RIGEL SERVER 12:54:18 INFO  : Domain reconfigured successfully 
2026-01-02 12:54:18 [debug] : RIGEL SERVER 12:54:18 INFO  : Generating BSP for the domain C:\Users\User\Documents\GitHub\AHE_Group_G\Project_workspace\Nexys_TMP3_Platform\microblaze_0\standalone_microblaze_0\bsp 
2026-01-02 12:54:18 [debug] : RIGEL SERVER 12:54:18 INFO  : lopper command to build BSP :empyro.bat build_bsp -d C:\Users\User\Documents\GitHub\AHE_Group_G\Project_workspace\Nexys_TMP3_Platform\microblaze_0\standalone_microblaze_0\bsp 
2026-01-02 12:54:18 [debug] : RIGEL SERVER 12:54:18 INFO  : cmd.exe, /C, empyro.bat build_bsp -d C:\Users\User\Documents\GitHub\AHE_Group_G\Project_workspace\Nexys_TMP3_Platform\microblaze_0\standalone_microblaze_0\bsp 
2026-01-02 12:54:19 [debug] : [Platform Output] Generate Nexys_TMP3_Platform platform with id '432b4181-8395-417d-a4ba-02e69fcdc345' started. 
2026-01-02 12:54:22 [debug] : RIGEL SERVER 12:54:22 INFO  : Domain build successfully 
2026-01-02 12:54:22 [debug] : RIGEL SERVER 12:54:22 INFO  : Generating Export directory 
2026-01-02 12:54:22 [debug] : Received event from notification service: ON_DID_UPDATE_COMPONENT. 
2026-01-02 12:54:22 [debug] : Received event from notification service: ON_UPDATE_PLATFORM_STATUS. 
2026-01-02 12:54:22 [debug] : [Platform Server] Generate platform completed on 'Nexys_TMP3_Platform' with internal id '432b4181-8395-417d-a4ba-02e69fcdc345'. 
2026-01-02 12:54:22 [debug] : [Platform Server] Generate platform status event - label: Nexys_TMP3_Platform, status_code:0, status_details:. 
2026-01-02 12:54:22 [debug] : [Platform Server] Generate platform output steam finished on 'Nexys_TMP3_Platform' with internal id '432b4181-8395-417d-a4ba-02e69fcdc345'. 
2026-01-02 12:54:22 [info] : [Platform Server] Generate platform output stream finished - Nexys_TMP3_Platform. 
2026-01-02 12:54:22 [debug] : RIGEL SERVER 12:54:22 INFO  : Platform Build Finished successfully. 
2026-01-02 12:54:22 [debug] : Received event from notification service: ON_DID_MODIFY_PLATFORM_REPOS. 
2026-01-02 12:54:22 [debug] : [Platform Output] Generate Nexys_TMP3_Platform platform with id '432b4181-8395-417d-a4ba-02e69fcdc345' completed. 
2026-01-02 12:54:22 [debug] : [Platform Output] Deleting and canceling the build task with id '432b4181-8395-417d-a4ba-02e69fcdc345'. 
2026-01-02 12:54:22 [debug] : Received event from notification service: ON_DID_BUILD_STOP. 
2026-01-02 12:54:22 [debug] : Received event from notification service: ON_UPDATE_FLOWNAVIGATOR_STATUS. 
2026-01-02 12:54:22 [debug] : [Platform Server] Executing method:[getPartFromXSA] with connection:(object). {"0":"request:","1":{"wrappers_":null,"arrayIndexOffset_":-1,"array":["C:\\Users\\User\\Documents\\GitHub\\AHE_Group_G\\Project_workspace\\Nexys_TMP3_Platform"],"pivot_":1.7976931348623157e+308,"convertedPrimitiveFields_":{}}}
2026-01-02 12:56:55 [debug] : Widget was activated, but did not accept focus after 2000ms: Examples-widget 
2026-01-02 12:57:33 [debug] : [Repository Server] Executing method:listPlatforms with connection:(object). {"0":"request:","1":{"name":"","repoPath":"","ignoreCertifiedRequisite":false,"requisite":{"supportedPlatformsList":[],"unsupportedPlatformsList":[],"certifiedPlatformsList":[],"supportedPlatformTypesList":["EMBEDDED","EMBEDDED_VPP_LINK_GENERATED","EMBEDDED_ACCEL"],"runtimesList":[],"osListList":["standalone"],"processorListList":["psu_cortexa53","psu_cortexr5","psv_cortexa72","psv_cortexr5","psx_cortexa78","cortexa78","psx_cortexr52","cortexr52","ps7_cortexa9","microblaze","microblaze_riscv"],"aieTypeListList":[],"filterDfxPlatforms":false},"flowList":[2,3,4]}}
2026-01-02 12:57:33 [debug] : [Repository Service] Executing method:listPlatforms from frontend. {"0":"request:","1":{"name":"","repoPath":"","ignoreCertifiedRequisite":false,"requisite":{"supportedPlatformsList":[],"unsupportedPlatformsList":[],"certifiedPlatformsList":[],"supportedPlatformTypesList":["EMBEDDED","EMBEDDED_VPP_LINK_GENERATED","EMBEDDED_ACCEL"],"runtimesList":[],"osListList":["standalone"],"processorListList":["psu_cortexa53","psu_cortexr5","psv_cortexa72","psv_cortexr5","psx_cortexa78","cortexa78","psx_cortexr52","cortexr52","ps7_cortexa9","microblaze","microblaze_riscv"],"aieTypeListList":[],"filterDfxPlatforms":false},"flowList":[2,3,4]}}
2026-01-02 12:57:33 [debug] : [Repository Server] Executing method:listRepoPaths with connection:(object). {"0":"request:","1":{"name":""}}
2026-01-02 12:57:33 [debug] : [Repository Service] Executing method:listRepoPaths from frontend. {"0":"request:","1":{"name":""}}
2026-01-02 12:57:33 [debug] : [Repository Service] Executing method:listRepoPaths from frontend. {"0":"request:","1":{"name":""}}
2026-01-02 12:57:33 [debug] : [Repository Server] Executing method:listRepoPaths with connection:(object). {"0":"request:","1":{"name":""}}
2026-01-02 12:57:33 [debug] : [Repository Server] Executing method:listPlatforms with connection:(object). {"0":"request:","1":{"name":"","repoPath":"","ignoreCertifiedRequisite":true,"requisite":{"supportedPlatformsList":[],"unsupportedPlatformsList":[],"certifiedPlatformsList":[],"supportedPlatformTypesList":["EMBEDDED","EMBEDDED_VPP_LINK_GENERATED","EMBEDDED_ACCEL"],"runtimesList":[],"osListList":["standalone"],"processorListList":["psu_cortexa53","psu_cortexr5","psv_cortexa72","psv_cortexr5","psx_cortexa78","cortexa78","psx_cortexr52","cortexr52","ps7_cortexa9","microblaze","microblaze_riscv"],"aieTypeListList":[],"filterDfxPlatforms":false},"flowList":[2,3,4]}}
2026-01-02 12:57:33 [debug] : [Repository Service] Executing method:listPlatforms from frontend. {"0":"request:","1":{"name":"","repoPath":"","ignoreCertifiedRequisite":true,"requisite":{"supportedPlatformsList":[],"unsupportedPlatformsList":[],"certifiedPlatformsList":[],"supportedPlatformTypesList":["EMBEDDED","EMBEDDED_VPP_LINK_GENERATED","EMBEDDED_ACCEL"],"runtimesList":[],"osListList":["standalone"],"processorListList":["psu_cortexa53","psu_cortexr5","psv_cortexa72","psv_cortexr5","psx_cortexa78","cortexa78","psx_cortexr52","cortexr52","ps7_cortexa9","microblaze","microblaze_riscv"],"aieTypeListList":[],"filterDfxPlatforms":false},"flowList":[2,3,4]}}
2026-01-02 12:57:33 [debug] : [Repository Service] Executing method:listPlatforms from frontend. {"0":"request:","1":{"name":"","repoPath":"","ignoreCertifiedRequisite":true,"requisite":{"supportedPlatformsList":[],"unsupportedPlatformsList":[],"certifiedPlatformsList":[],"supportedPlatformTypesList":["EMBEDDED","EMBEDDED_VPP_LINK_GENERATED","EMBEDDED_ACCEL"],"runtimesList":[],"osListList":["standalone"],"processorListList":["psu_cortexa53","psu_cortexr5","psv_cortexa72","psv_cortexr5","psx_cortexa78","cortexa78","psx_cortexr52","cortexr52","ps7_cortexa9","microblaze","microblaze_riscv"],"aieTypeListList":[],"filterDfxPlatforms":false},"flowList":[2,3,4]}}
2026-01-02 12:57:33 [debug] : [Repository Server] Executing method:listPlatforms with connection:(object). {"0":"request:","1":{"name":"","repoPath":"","ignoreCertifiedRequisite":true,"requisite":{"supportedPlatformsList":[],"unsupportedPlatformsList":[],"certifiedPlatformsList":[],"supportedPlatformTypesList":["EMBEDDED","EMBEDDED_VPP_LINK_GENERATED","EMBEDDED_ACCEL"],"runtimesList":[],"osListList":["standalone"],"processorListList":["psu_cortexa53","psu_cortexr5","psv_cortexa72","psv_cortexr5","psx_cortexa78","cortexa78","psx_cortexr52","cortexr52","ps7_cortexa9","microblaze","microblaze_riscv"],"aieTypeListList":[],"filterDfxPlatforms":false},"flowList":[2,3,4]}}
2026-01-02 12:59:00 [debug] : [Repository Server] Executing method:validatePlatform with connection:(object). {"0":"request:","1":{"platformPath":"C:\\Users\\User\\Documents\\GitHub\\AHE_Group_G\\Project_workspace\\Nexys_TMP3_Platform\\export\\Nexys_TMP3_Platform\\Nexys_TMP3_Platform.xpfm"}}
2026-01-02 12:59:00 [debug] : [Repository Service] Executing method:validatePlatform from frontend. {"0":"request:","1":{"platformPath":"C:\\Users\\User\\Documents\\GitHub\\AHE_Group_G\\Project_workspace\\Nexys_TMP3_Platform\\export\\Nexys_TMP3_Platform\\Nexys_TMP3_Platform.xpfm"}}
2026-01-02 12:59:00 [debug] : [Repository Server] Executing method:getFilteredPlatformDomains with connection:(object). {"0":"request:","1":{"platformPath":"C:\\Users\\User\\Documents\\GitHub\\AHE_Group_G\\Project_workspace\\Nexys_TMP3_Platform\\export\\Nexys_TMP3_Platform\\Nexys_TMP3_Platform.xpfm","supportedOsList":["standalone"],"supportedCputypeList":["psu_cortexa53","psu_cortexr5","psv_cortexa72","psv_cortexr5","psx_cortexa78","cortexa78","psx_cortexr52","cortexr52","ps7_cortexa9","microblaze","microblaze_riscv"]}}
2026-01-02 12:59:00 [debug] : [Repository Service] Executing method:getFilteredPlatformDomains from frontend. {"0":"request:"}
2026-01-02 12:59:00 [debug] : [Platform Server] Executing method:[validateBSP] with connection:(object). {"0":"request:","1":{"wrappers_":{},"arrayIndexOffset_":-1,"array":["C:\\Users\\User\\Documents\\GitHub\\AHE_Group_G\\Project_workspace\\Nexys_TMP3_Platform\\export\\Nexys_TMP3_Platform\\Nexys_TMP3_Platform.xpfm","standalone_microblaze_0","hello_world"],"pivot_":1.7976931348623157e+308,"convertedPrimitiveFields_":{}}}
2026-01-02 12:59:00 [debug] : RIGEL SERVER 12:59:00 INFO  : cmd.exe, /C, empyro.bat validate_bsp -t hello_world -d C:\Users\User\Documents\GitHub\AHE_Group_G\Project_workspace\Nexys_TMP3_Platform\export\Nexys_TMP3_Platform\sw\standalone_microblaze_0 -r C:\Users\User\Documents\GitHub\AHE_Group_G\Project_workspace\_ide\.wsdata\.repo.yaml 
2026-01-02 12:59:03 [debug] : RIGEL SERVER 12:59:03 ERROR : [baremetal_validate_comp_xlnx.py][ERROR]: ERROR: hello_world requires at least one serial hardware instance to be present 
2026-01-02 12:59:03 [debug] : RIGEL SERVER 12:59:03 ERROR : ERROR: hello_world requires at least one serial hardware instance to be present 
2026-01-02 12:59:03 [debug] : RIGEL SERVER 12:59:03 ERROR : [ERROR]: Command 'lopper -O C:\Users\User\Documents\GitHub\AHE_Group_G\Project_workspace\Nexys_TMP3_Platform\export\Nexys_TMP3_Platform\sw\standalone_microblaze_0 -i C:\Users\User\Documents\GitHub\AHE_Group_G\Project_workspace\Nexys_TMP3_Platform\export\Nexys_TMP3_Platform\sw\standalone_microblaze_0\lop-config.dts -f C:\Users\User\Documents\GitHub\AHE_Group_G\Project_workspace\Nexys_TMP3_Platform\export\Nexys_TMP3_Platform\sw\standalone_microblaze_0\hw_artifacts\microblaze_0_baremetal.dts' returned non-zero exit status 1. 
2026-01-02 12:59:03 [debug] : RIGEL SERVER 12:59:03 ERROR : [ERROR]: HW validation assist failed 
2026-01-02 12:59:03 [debug] : RIGEL SERVER 12:59:03 ERROR : Invalid Template  'hello_world' selected for Domain 'standalone_microblaze_0'. 
2026-01-02 12:59:30 [debug] : [Repository Server] Executing method:validatePlatform with connection:(object). {"0":"request:","1":{"platformPath":"C:\\Users\\User\\Documents\\GitHub\\AHE_Group_G\\Project_workspace\\Nexys_TMP3_Platform\\export\\Nexys_TMP3_Platform\\Nexys_TMP3_Platform.xpfm"}}
2026-01-02 12:59:30 [debug] : [Repository Service] Executing method:validatePlatform from frontend. {"0":"request:","1":{"platformPath":"C:\\Users\\User\\Documents\\GitHub\\AHE_Group_G\\Project_workspace\\Nexys_TMP3_Platform\\export\\Nexys_TMP3_Platform\\Nexys_TMP3_Platform.xpfm"}}
2026-01-02 12:59:30 [debug] : [Repository Server] Executing method:getFilteredPlatformDomains with connection:(object). {"0":"request:","1":{"platformPath":"C:\\Users\\User\\Documents\\GitHub\\AHE_Group_G\\Project_workspace\\Nexys_TMP3_Platform\\export\\Nexys_TMP3_Platform\\Nexys_TMP3_Platform.xpfm","supportedOsList":["standalone"],"supportedCputypeList":["psu_cortexa53","psu_cortexr5","psv_cortexa72","psv_cortexr5","psx_cortexa78","cortexa78","psx_cortexr52","cortexr52","ps7_cortexa9","microblaze","microblaze_riscv"]}}
2026-01-02 12:59:30 [debug] : [Repository Service] Executing method:getFilteredPlatformDomains from frontend. {"0":"request:"}
2026-01-02 13:13:30 [debug] : socked closed 
2026-01-02 13:13:30 [debug] : closing connection for 1 
2026-01-02 13:13:30 [debug] : Closing channel on service path '/localization-server'. 
2026-01-02 13:13:30 [debug] : Closing channel on service path '/os'. 
2026-01-02 13:13:30 [debug] : Closing channel on service path '/services/commands'. 
2026-01-02 13:13:30 [debug] : Closing channel on service path '/services/keyboard'. 
2026-01-02 13:13:30 [debug] : Closing channel on service path '/services/logger'. 
2026-01-02 13:13:30 [debug] : Closing channel on service path '/services/messageService'. 
2026-01-02 13:13:30 [debug] : Closing channel on service path '/services/ChannelCloseService'. 
2026-01-02 13:13:30 [debug] : Closing channel on service path '/services/startup-workspace'. 
2026-01-02 13:13:30 [debug] : Closing channel on service path '/services/rigel-workspace'. 
2026-01-02 13:13:30 [debug] : Closing channel on service path '/services/remote-filesystem'. 
2026-01-02 13:13:30 [debug] : Closing channel on service path '/services/envs'. 
2026-01-02 13:13:30 [debug] : Closing channel on service path '/services/workspace'. 
2026-01-02 13:13:30 [debug] : Closing channel on service path '/services/stopwatch'. 
2026-01-02 13:13:30 [debug] : Closing channel on service path '/services/rigel-utils'. 
2026-01-02 13:13:30 [debug] : [Rigel Utils Server] Disposing objects in backend. 
2026-01-02 13:13:30 [debug] : Closing channel on service path '/services/application'. 
2026-01-02 13:13:30 [debug] : Closing channel on service path '/services/i18n'. 
2026-01-02 13:13:30 [debug] : Closing channel on service path '/services/quickInput'. 
2026-01-02 13:13:30 [debug] : Closing channel on service path '/services/project'. 
2026-01-02 13:13:30 [debug] : Closing channel on service path '/services/component'. 
2026-01-02 13:13:30 [debug] : Closing channel on service path '/services/feature-registry'. 
2026-01-02 13:13:30 [debug] : Closing channel on service path '/services/debugger'. 
2026-01-02 13:13:30 [debug] : Closing channel on service path '/services/debug'. 
2026-01-02 13:13:30 [debug] : Closing channel on service path '/services/shell-terminal'. 
2026-01-02 13:13:30 [debug] : Closing channel on service path '/services/quickPick'. 
2026-01-02 13:13:30 [debug] : Closing channel on service path '/services/task'. 
2026-01-02 13:13:30 [debug] : a client has disconnected - removed from list: 
2026-01-02 13:13:30 [debug] : Closing channel on service path '/services/search'. 
2026-01-02 13:13:30 [debug] : Closing channel on service path '/services/hostedPlugin'. 
2026-01-02 13:13:30 [debug] : Closing channel on service path '/services/plugin-ext'. 
2026-01-02 13:13:30 [debug] : Closing channel on service path '/services/plugin-paths'. 
2026-01-02 13:13:30 [debug] : Closing channel on service path '/services/vsx-environment'. 
2026-01-02 13:13:30 [debug] : Closing channel on service path '/services/request-service'. 
2026-01-02 13:13:30 [debug] : Closing channel on service path '/services/cli-preferences'. 
2026-01-02 13:13:30 [debug] : Closing channel on service path '/services/server'. 
2026-01-02 13:13:30 [debug] : Closing channel on service path '/services/repository'. 
2026-01-02 13:13:30 [debug] : [Repository Server] Disposing objects in backend. 
2026-01-02 13:13:30 [debug] : Closing channel on service path '/services/program_flash'. 
2026-01-02 13:13:30 [debug] : [Program Flash Server] Disposing objects in backend. 
2026-01-02 13:13:30 [debug] : Closing channel on service path '/services/build'. 
2026-01-02 13:13:30 [debug] : [Build Server] Disposing objects in backend. 
2026-01-02 13:13:30 [debug] : Closing channel on service path 'services/rigel-backend-helper'. 
2026-01-02 13:13:30 [debug] : Closing channel on service path '/services/aie'. 
2026-01-02 13:13:30 [debug] : [AIE Server] Disposing objects in backend. 
2026-01-02 13:13:30 [debug] : Closing channel on service path '/services/analysis'. 
2026-01-02 13:13:30 [debug] : Closing channel on service path '/services/notification'. 
2026-01-02 13:13:30 [debug] : Closing channel on service path '/services/recent-summaries'. 
2026-01-02 13:13:30 [debug] : Closing channel on service path '/services/platform'. 
2026-01-02 13:13:30 [debug] : Closing channel on service path '/services/hls/l1library/service'. 
2026-01-02 13:13:30 [debug] : Closing channel on service path '/services/elf-reader'. 
2026-01-02 13:13:30 [debug] : [Elf Reader Server] Disposing objects in backend. 
2026-01-02 13:13:30 [debug] : Closing channel on service path '/services/rigel_explorer'. 
2026-01-02 13:13:30 [debug] : Closing channel on service path '/services/linker-script'. 
2026-01-02 13:13:30 [debug] : Closing channel on service path '/services/rigel-logger'. 
2026-01-02 13:13:30 [debug] : [Logger Server] Disposing objects in backend. 
2026-01-02 13:13:30 [debug] : Closing channel on service path '/services/vitis-hls'. 
2026-01-02 13:13:30 [debug] : Closing channel on service path '/services/device'. 
2026-01-02 13:13:30 [debug] : Closing channel on service path '/services/vcxx'. 
2026-01-02 13:13:30 [debug] : [Rigel Vcxx Server] Disposing objects in backend. 
2026-01-02 13:13:30 [debug] : Closing channel on service path '/services/mini-browser-service'. 
2026-01-02 13:13:30 [debug] : Closing channel on service path '/services/hls/report'. 
2026-01-02 13:13:30 [debug] : Closing channel on service path '/services/hls/common/data/info'. 
2026-01-02 13:13:30 [debug] : Closing channel on service path '/services/flow_navigator'. 
2026-01-02 13:13:30 [debug] : Closing channel on service path '/services/hls/common/file/service'. 
2026-01-02 13:13:30 [debug] : Closing channel on service path '/services/hls/dataflow/info'. 
2026-01-02 13:13:30 [debug] : Closing channel on service path '/services/hls/directive'. 
2026-01-02 13:13:30 [debug] : Closing channel on service path '/services/hls_flow'. 
2026-01-02 13:13:30 [debug] : [Hls Flow Server] Disposing objects in backend. 
2026-01-02 13:13:30 [debug] : Closing channel on service path '/services/project-utils'. 
2026-01-02 13:13:30 [debug] : Closing channel on service path '/services/bootgen'. 
2026-01-02 13:13:30 [debug] : Closing channel on service path '/services/cdo-utils'. 
2026-01-02 13:13:30 [debug] : Closing channel on service path '/services/report-model'. 
2026-01-02 13:13:30 [debug] : Closing channel on service path '/services/hls/wave/open'. 
2026-01-02 13:13:30 [debug] : Closing channel on service path '/services/search-in-workspace'. 
2026-01-02 13:13:30 [debug] : Closing channel on service path '/services/keyStore'. 
2026-01-02 13:13:30 [debug] : Closing channel on service path '/services/languagePackService'. 
2026-01-02 13:13:30 [debug] : Uncaught Exception:  {"0":"Error: spawn wmic.exe ENOENT"}
2026-01-02 13:13:30 [debug] : Error: spawn wmic.exe ENOENT
    at ChildProcess._handle.onexit (node:internal/child_process:286:19)
    at onErrorNT (node:internal/child_process:484:16)
    at process.processTicksAndRejections (node:internal/process/task_queues:82:21) 
2026-01-02 13:13:30 [debug] : Uncaught Exception:  {"0":"TypeError: Cannot read properties of undefined (reading 'forEach')"}
2026-01-02 13:13:30 [debug] : TypeError: Cannot read properties of undefined (reading 'forEach')
    at Stream.<anonymous> (C:\Xilinx\2025.1\Vitis\ide\electron-app\win64\resources\app\lib\backend\6.js:2:505721)
    at Stream.emit (node:events:519:28)
    at Stream.o (C:\Xilinx\2025.1\Vitis\ide\electron-app\win64\resources\app\lib\backend\6.js:2:2735199)
    at Stream.emit (node:events:531:35)
    at g (C:\Xilinx\2025.1\Vitis\ide\electron-app\win64\resources\app\lib\backend\6.js:2:2063454)
    at r.write (C:\Xilinx\2025.1\Vitis\ide\electron-app\win64\resources\app\lib\backend\6.js:2:2063811)
    at Stream.ondata (node:internal/streams/legacy:21:31)
    at Stream.emit (node:events:519:28)
    at c (C:\Xilinx\2025.1\Vitis\ide\electron-app\win64\resources\app\lib\backend\6.js:2:2784493)
    at l.queue.l.push (C:\Xilinx\2025.1\Vitis\ide\electron-app\win64\resources\app\lib\backend\6.js:2:2784710)
    at l (C:\Xilinx\2025.1\Vitis\ide\electron-app\win64\resources\app\lib\backend\6.js:2:2730257)
    at Stream.<anonymous> (C:\Xilinx\2025.1\Vitis\ide\electron-app\win64\resources\app\lib\backend\6.js:2:2730519)
    at l.end (C:\Xilinx\2025.1\Vitis\ide\electron-app\win64\resources\app\lib\backend\6.js:2:2784911)
    at Socket.onend (node:internal/streams/readable:946:10)
    at Object.onceWrapper (node:events:633:28)
    at Socket.emit (node:events:531:35) 
2026-01-02 14:57:16 [debug] : Reconnecting failed for 1 
2026-01-02 14:57:16 [debug] : creating connection for 1 
2026-01-02 14:57:16 [debug] : [Workspace Server] Connection established from backend to the frontend client. 
2026-01-02 14:57:16 [debug] : [Rigel Utils Server] Connection established from backend to the frontend client. 
2026-01-02 14:57:16 [debug] : [Debugger Server] Connection established from backend to the frontend client. 
2026-01-02 14:57:16 [debug] : a client has connected - adding it to the list: 
2026-01-02 14:57:16 [debug] : [Repository Server] Connection established from backend to the frontend client. 
2026-01-02 14:57:16 [debug] : [Program Flash Server] Connection established from backend to the frontend client. 
2026-01-02 14:57:16 [debug] : [Build Server] Connection established from backend to the frontend client. 
2026-01-02 14:57:16 [debug] : [AIE Server] Connection established from backend to the frontend client. 
2026-01-02 14:57:16 [debug] : [Platform Server] Connection established from backend to the frontend client. 
2026-01-02 14:57:16 [debug] : [Elf Reader Server] Connection established from backend to the frontend client. 
2026-01-02 14:57:16 [debug] : [Logger Server] Connection established from backend to the frontend client. 
2026-01-02 14:57:16 [debug] : [Rigel Vcxx Server] Connection established from backend to the frontend client. 
2026-01-02 14:57:16 [debug] : [Hls Flow Server] Connection established from backend to the frontend client. 
2026-01-02 14:57:16 [debug] : [Workspace Server] Initializing the frontend client. 
2026-01-02 14:57:16 [debug] : [Rigel Utils Server] Initializing the frontend client. 
2026-01-02 14:57:16 [debug] : [Debugger Server] Initializing the frontend client. 
2026-01-02 14:57:16 [debug] : [Repository Server] Initializing the frontend client. 
2026-01-02 14:57:16 [debug] : [Logger Server] Initializing the frontend client. 
2026-01-02 14:57:16 [debug] : [Rigel Vcxx Server] Initializing the frontend client. 
2026-01-02 14:57:16 [debug] : [Hls Flow Server] Initializing the frontend client. 
2026-01-02 14:57:16 [debug] : reconnect failed on J05sdOW-36ajx3PCAAAF 
2026-01-02 14:57:16 [debug] : [de2b698f-4bc2-44a0-89f0-cf6eb3e65b83][vscode.make]: Disconnected. 
2026-01-02 14:57:16 [debug] : [de2b698f-4bc2-44a0-89f0-cf6eb3e65b83][vscode.git]: Disconnected. 
2026-01-02 14:57:16 [debug] : [de2b698f-4bc2-44a0-89f0-cf6eb3e65b83][webfreak.debug]: Disconnected. 
2026-01-02 14:57:16 [debug] : [de2b698f-4bc2-44a0-89f0-cf6eb3e65b83][llvm-vs-code-extensions.vscode-clangd]: Disconnected. 
2026-01-02 14:57:16 [debug] : [de2b698f-4bc2-44a0-89f0-cf6eb3e65b83][vscode.json]: Disconnected. 
2026-01-02 14:57:16 [debug] : [de2b698f-4bc2-44a0-89f0-cf6eb3e65b83][vscode.cpp]: Disconnected. 
2026-01-02 14:57:16 [debug] : [de2b698f-4bc2-44a0-89f0-cf6eb3e65b83][amd.vitis-output]: Disconnected. 
2026-01-02 14:57:16 [debug] : [de2b698f-4bc2-44a0-89f0-cf6eb3e65b83][amd.vitis-hls-verilog-vhdl-support]: Disconnected. 
2026-01-02 14:57:16 [debug] : [de2b698f-4bc2-44a0-89f0-cf6eb3e65b83][amd.vitis-hls-pragma]: Disconnected. 
2026-01-02 14:57:16 [debug] : [de2b698f-4bc2-44a0-89f0-cf6eb3e65b83][amd.vitis-hls-l1-library]: Disconnected. 
2026-01-02 14:57:16 [debug] : [de2b698f-4bc2-44a0-89f0-cf6eb3e65b83][amd.vitis-config]: Disconnected. 
2026-01-02 14:57:16 [debug] : [de2b698f-4bc2-44a0-89f0-cf6eb3e65b83][twxs.cmake]: Disconnected. 
2026-01-02 14:57:16 [debug] : [de2b698f-4bc2-44a0-89f0-cf6eb3e65b83][amd.tcf-debug]: Disconnected. 
2026-01-02 14:57:16 [debug] : [de2b698f-4bc2-44a0-89f0-cf6eb3e65b83][eamodio.gitlens]: Disconnected. 
2026-01-02 14:57:16 [debug] : [de2b698f-4bc2-44a0-89f0-cf6eb3e65b83][vscode.git-base]: Disconnected. 
2026-01-02 14:57:16 [debug] : [de2b698f-4bc2-44a0-89f0-cf6eb3e65b83][pkief.material-icon-theme]: Disconnected. 
2026-01-02 14:57:16 [debug] : [de2b698f-4bc2-44a0-89f0-cf6eb3e65b83][vscode.json-language-features]: Disconnected. 
2026-01-02 14:57:16 [debug] : [de2b698f-4bc2-44a0-89f0-cf6eb3e65b83][eclipse-cdt.serial-monitor]: Disconnected. 
2026-01-02 14:57:16 [debug] : sending initial connect on undefined 
2026-01-02 14:57:16 [debug] : sending reconnect on s_AXgtwY7ZX2bRFDAAAH 
2026-01-02 14:57:16 [debug] : initial connect received on s_AXgtwY7ZX2bRFDAAAH 
2026-01-02 14:57:16 [debug] : [de2b698f-4bc2-44a0-89f0-cf6eb3e65b83] Waiting for backend deployment: 49.4 ms [Finished 7515.039 s after frontend start] 
2026-01-02 14:57:16 [debug] : [de2b698f-4bc2-44a0-89f0-cf6eb3e65b83] Loading plugin contributions 
2026-01-02 14:57:16 [debug] : [ProjectCache] fetching projects for project-cache 
2026-01-02 14:57:16 [debug] : [ProjectDecorator] tree decoration updated 
2026-01-02 14:57:16 [debug] : [Platform Provider] updating project C:\Users\User\Documents\GitHub\AHE_Group_G\Project_workspace\Nexys_TMP3_Platform 
2026-01-02 14:57:16 [debug] : [Platform Provider] project updated C:\Users\User\Documents\GitHub\AHE_Group_G\Project_workspace\Nexys_TMP3_Platform {"0":{"platformName":"Nexys_TMP3_Platform","platformDescription":"","platformLocation":"C:\\Users\\User\\Documents\\GitHub\\AHE_Group_G\\Project_workspace\\Nexys_TMP3_Platform","xsaPath":"C:\\Users\\User\\Documents\\GitHub\\Hardware_vhdl_ip_files\\nexys_tmp3_hw\\nexys_tmp3_wrapper.xsa","xsapathinplatform":"Nexys_TMP3_Platform\\hw\\nexys_tmp3_wrapper.xsa","isCustomFsbl":false,"fsblPath":"","pmufwElf":"","supportedFamily":"fpga","flow":3,"emulationXsaPath":"","emulationXsaPathInPlatform":"","stdGenHooksList":[]}}
2026-01-02 14:57:16 [debug] : getTasks(): about to return task information for 0 tasks 
2026-01-02 14:57:16 [debug] : [Platform Server] Executing method:[listDomains] with connection:(object). {"0":"request:","1":{"wrappers_":null,"arrayIndexOffset_":-1,"array":["C:\\Users\\User\\Documents\\GitHub\\AHE_Group_G\\Project_workspace\\Nexys_TMP3_Platform"],"pivot_":1.7976931348623157e+308,"convertedPrimitiveFields_":{}}}
2026-01-02 14:57:17 [debug] : [Platform Server] Executing method:[getPartFromXSA] with connection:(object). {"0":"request:","1":{"wrappers_":null,"arrayIndexOffset_":-1,"array":["C:\\Users\\User\\Documents\\GitHub\\AHE_Group_G\\Project_workspace\\Nexys_TMP3_Platform"],"pivot_":1.7976931348623157e+308,"convertedPrimitiveFields_":{}}}
2026-01-02 14:57:17 [debug] : [hosted-plugin: 15148] PLUGIN_HOST(15148) starting instance 
2026-01-02 14:57:17 [debug] : [hosted-plugin: 15148] [Object: null prototype] {} 
2026-01-02 14:57:17 [debug] : Error: No reply handler for reply with id: 1
    at l.handleReply (file:///C:/Xilinx/2025.1/Vitis/ide/electron-app/win64/resources/app/lib/frontend/bundle.js:2:2870572)
    at l.handleMessage (file:///C:/Xilinx/2025.1/Vitis/ide/electron-app/win64/resources/app/lib/frontend/bundle.js:2:2870311)
    at file:///C:/Xilinx/2025.1/Vitis/ide/electron-app/win64/resources/app/lib/frontend/bundle.js:2:2869783
    at file:///C:/Xilinx/2025.1/Vitis/ide/electron-app/win64/resources/app/lib/frontend/bundle.js:2:2817303
    at s.invoke (file:///C:/Xilinx/2025.1/Vitis/ide/electron-app/win64/resources/app/lib/frontend/bundle.js:2:2817393)
    at a.fire (file:///C:/Xilinx/2025.1/Vitis/ide/electron-app/win64/resources/app/lib/frontend/bundle.js:2:2819196)
    at d.handleMessages (file:///C:/Xilinx/2025.1/Vitis/ide/electron-app/win64/resources/app/lib/frontend/bundle.js:2:8216579)
    at file:///C:/Xilinx/2025.1/Vitis/ide/electron-app/win64/resources/app/lib/frontend/bundle.js:2:8215788
    at file:///C:/Xilinx/2025.1/Vitis/ide/electron-app/win64/resources/app/lib/frontend/bundle.js:2:2817303
    at s.invoke (file:///C:/Xilinx/2025.1/Vitis/ide/electron-app/win64/resources/app/lib/frontend/bundle.js:2:2817393) 
2026-01-02 14:57:17 [debug] : Error: No reply handler for reply with id: 2
    at l.handleReply (file:///C:/Xilinx/2025.1/Vitis/ide/electron-app/win64/resources/app/lib/frontend/bundle.js:2:2870572)
    at l.handleMessage (file:///C:/Xilinx/2025.1/Vitis/ide/electron-app/win64/resources/app/lib/frontend/bundle.js:2:2870311)
    at file:///C:/Xilinx/2025.1/Vitis/ide/electron-app/win64/resources/app/lib/frontend/bundle.js:2:2869783
    at file:///C:/Xilinx/2025.1/Vitis/ide/electron-app/win64/resources/app/lib/frontend/bundle.js:2:2817303
    at s.invoke (file:///C:/Xilinx/2025.1/Vitis/ide/electron-app/win64/resources/app/lib/frontend/bundle.js:2:2817393)
    at a.fire (file:///C:/Xilinx/2025.1/Vitis/ide/electron-app/win64/resources/app/lib/frontend/bundle.js:2:2819196)
    at d.handleMessages (file:///C:/Xilinx/2025.1/Vitis/ide/electron-app/win64/resources/app/lib/frontend/bundle.js:2:8216579)
    at file:///C:/Xilinx/2025.1/Vitis/ide/electron-app/win64/resources/app/lib/frontend/bundle.js:2:8215788
    at file:///C:/Xilinx/2025.1/Vitis/ide/electron-app/win64/resources/app/lib/frontend/bundle.js:2:2817303
    at s.invoke (file:///C:/Xilinx/2025.1/Vitis/ide/electron-app/win64/resources/app/lib/frontend/bundle.js:2:2817393) 
2026-01-02 14:57:17 [debug] : Error: No reply handler for reply with id: 3
    at l.handleReply (file:///C:/Xilinx/2025.1/Vitis/ide/electron-app/win64/resources/app/lib/frontend/bundle.js:2:2870572)
    at l.handleMessage (file:///C:/Xilinx/2025.1/Vitis/ide/electron-app/win64/resources/app/lib/frontend/bundle.js:2:2870311)
    at file:///C:/Xilinx/2025.1/Vitis/ide/electron-app/win64/resources/app/lib/frontend/bundle.js:2:2869783
    at file:///C:/Xilinx/2025.1/Vitis/ide/electron-app/win64/resources/app/lib/frontend/bundle.js:2:2817303
    at s.invoke (file:///C:/Xilinx/2025.1/Vitis/ide/electron-app/win64/resources/app/lib/frontend/bundle.js:2:2817393)
    at a.fire (file:///C:/Xilinx/2025.1/Vitis/ide/electron-app/win64/resources/app/lib/frontend/bundle.js:2:2819196)
    at d.handleMessages (file:///C:/Xilinx/2025.1/Vitis/ide/electron-app/win64/resources/app/lib/frontend/bundle.js:2:8216579)
    at file:///C:/Xilinx/2025.1/Vitis/ide/electron-app/win64/resources/app/lib/frontend/bundle.js:2:8215788
    at file:///C:/Xilinx/2025.1/Vitis/ide/electron-app/win64/resources/app/lib/frontend/bundle.js:2:2817303
    at s.invoke (file:///C:/Xilinx/2025.1/Vitis/ide/electron-app/win64/resources/app/lib/frontend/bundle.js:2:2817393) 
2026-01-02 14:57:17 [debug] : Error: No reply handler for reply with id: 4
    at l.handleReply (file:///C:/Xilinx/2025.1/Vitis/ide/electron-app/win64/resources/app/lib/frontend/bundle.js:2:2870572)
    at l.handleMessage (file:///C:/Xilinx/2025.1/Vitis/ide/electron-app/win64/resources/app/lib/frontend/bundle.js:2:2870311)
    at file:///C:/Xilinx/2025.1/Vitis/ide/electron-app/win64/resources/app/lib/frontend/bundle.js:2:2869783
    at file:///C:/Xilinx/2025.1/Vitis/ide/electron-app/win64/resources/app/lib/frontend/bundle.js:2:2817303
    at s.invoke (file:///C:/Xilinx/2025.1/Vitis/ide/electron-app/win64/resources/app/lib/frontend/bundle.js:2:2817393)
    at a.fire (file:///C:/Xilinx/2025.1/Vitis/ide/electron-app/win64/resources/app/lib/frontend/bundle.js:2:2819196)
    at d.handleMessages (file:///C:/Xilinx/2025.1/Vitis/ide/electron-app/win64/resources/app/lib/frontend/bundle.js:2:8216579)
    at file:///C:/Xilinx/2025.1/Vitis/ide/electron-app/win64/resources/app/lib/frontend/bundle.js:2:8215788
    at file:///C:/Xilinx/2025.1/Vitis/ide/electron-app/win64/resources/app/lib/frontend/bundle.js:2:2817303
    at s.invoke (file:///C:/Xilinx/2025.1/Vitis/ide/electron-app/win64/resources/app/lib/frontend/bundle.js:2:2817393) 
2026-01-02 14:57:17 [debug] : Error: No reply handler for reply with id: 5
    at l.handleReply (file:///C:/Xilinx/2025.1/Vitis/ide/electron-app/win64/resources/app/lib/frontend/bundle.js:2:2870572)
    at l.handleMessage (file:///C:/Xilinx/2025.1/Vitis/ide/electron-app/win64/resources/app/lib/frontend/bundle.js:2:2870311)
    at file:///C:/Xilinx/2025.1/Vitis/ide/electron-app/win64/resources/app/lib/frontend/bundle.js:2:2869783
    at file:///C:/Xilinx/2025.1/Vitis/ide/electron-app/win64/resources/app/lib/frontend/bundle.js:2:2817303
    at s.invoke (file:///C:/Xilinx/2025.1/Vitis/ide/electron-app/win64/resources/app/lib/frontend/bundle.js:2:2817393)
    at a.fire (file:///C:/Xilinx/2025.1/Vitis/ide/electron-app/win64/resources/app/lib/frontend/bundle.js:2:2819196)
    at d.handleMessages (file:///C:/Xilinx/2025.1/Vitis/ide/electron-app/win64/resources/app/lib/frontend/bundle.js:2:8216579)
    at file:///C:/Xilinx/2025.1/Vitis/ide/electron-app/win64/resources/app/lib/frontend/bundle.js:2:8215788
    at file:///C:/Xilinx/2025.1/Vitis/ide/electron-app/win64/resources/app/lib/frontend/bundle.js:2:2817303
    at s.invoke (file:///C:/Xilinx/2025.1/Vitis/ide/electron-app/win64/resources/app/lib/frontend/bundle.js:2:2817393) 
2026-01-02 14:57:17 [debug] : Error: No reply handler for reply with id: 6
    at l.handleReply (file:///C:/Xilinx/2025.1/Vitis/ide/electron-app/win64/resources/app/lib/frontend/bundle.js:2:2870572)
    at l.handleMessage (file:///C:/Xilinx/2025.1/Vitis/ide/electron-app/win64/resources/app/lib/frontend/bundle.js:2:2870311)
    at file:///C:/Xilinx/2025.1/Vitis/ide/electron-app/win64/resources/app/lib/frontend/bundle.js:2:2869783
    at file:///C:/Xilinx/2025.1/Vitis/ide/electron-app/win64/resources/app/lib/frontend/bundle.js:2:2817303
    at s.invoke (file:///C:/Xilinx/2025.1/Vitis/ide/electron-app/win64/resources/app/lib/frontend/bundle.js:2:2817393)
    at a.fire (file:///C:/Xilinx/2025.1/Vitis/ide/electron-app/win64/resources/app/lib/frontend/bundle.js:2:2819196)
    at d.handleMessages (file:///C:/Xilinx/2025.1/Vitis/ide/electron-app/win64/resources/app/lib/frontend/bundle.js:2:8216579)
    at file:///C:/Xilinx/2025.1/Vitis/ide/electron-app/win64/resources/app/lib/frontend/bundle.js:2:8215788
    at file:///C:/Xilinx/2025.1/Vitis/ide/electron-app/win64/resources/app/lib/frontend/bundle.js:2:2817303
    at s.invoke (file:///C:/Xilinx/2025.1/Vitis/ide/electron-app/win64/resources/app/lib/frontend/bundle.js:2:2817393) 
2026-01-02 14:57:17 [debug] : Error: No reply handler for reply with id: 7
    at l.handleReply (file:///C:/Xilinx/2025.1/Vitis/ide/electron-app/win64/resources/app/lib/frontend/bundle.js:2:2870572)
    at l.handleMessage (file:///C:/Xilinx/2025.1/Vitis/ide/electron-app/win64/resources/app/lib/frontend/bundle.js:2:2870311)
    at file:///C:/Xilinx/2025.1/Vitis/ide/electron-app/win64/resources/app/lib/frontend/bundle.js:2:2869783
    at file:///C:/Xilinx/2025.1/Vitis/ide/electron-app/win64/resources/app/lib/frontend/bundle.js:2:2817303
    at s.invoke (file:///C:/Xilinx/2025.1/Vitis/ide/electron-app/win64/resources/app/lib/frontend/bundle.js:2:2817393)
    at a.fire (file:///C:/Xilinx/2025.1/Vitis/ide/electron-app/win64/resources/app/lib/frontend/bundle.js:2:2819196)
    at d.handleMessages (file:///C:/Xilinx/2025.1/Vitis/ide/electron-app/win64/resources/app/lib/frontend/bundle.js:2:8216579)
    at file:///C:/Xilinx/2025.1/Vitis/ide/electron-app/win64/resources/app/lib/frontend/bundle.js:2:8215788
    at file:///C:/Xilinx/2025.1/Vitis/ide/electron-app/win64/resources/app/lib/frontend/bundle.js:2:2817303
    at s.invoke (file:///C:/Xilinx/2025.1/Vitis/ide/electron-app/win64/resources/app/lib/frontend/bundle.js:2:2817393) 
2026-01-02 14:57:17 [debug] : Error: No reply handler for reply with id: 8
    at l.handleReply (file:///C:/Xilinx/2025.1/Vitis/ide/electron-app/win64/resources/app/lib/frontend/bundle.js:2:2870572)
    at l.handleMessage (file:///C:/Xilinx/2025.1/Vitis/ide/electron-app/win64/resources/app/lib/frontend/bundle.js:2:2870311)
    at file:///C:/Xilinx/2025.1/Vitis/ide/electron-app/win64/resources/app/lib/frontend/bundle.js:2:2869783
    at file:///C:/Xilinx/2025.1/Vitis/ide/electron-app/win64/resources/app/lib/frontend/bundle.js:2:2817303
    at s.invoke (file:///C:/Xilinx/2025.1/Vitis/ide/electron-app/win64/resources/app/lib/frontend/bundle.js:2:2817393)
    at a.fire (file:///C:/Xilinx/2025.1/Vitis/ide/electron-app/win64/resources/app/lib/frontend/bundle.js:2:2819196)
    at d.handleMessages (file:///C:/Xilinx/2025.1/Vitis/ide/electron-app/win64/resources/app/lib/frontend/bundle.js:2:8216579)
    at file:///C:/Xilinx/2025.1/Vitis/ide/electron-app/win64/resources/app/lib/frontend/bundle.js:2:8215788
    at file:///C:/Xilinx/2025.1/Vitis/ide/electron-app/win64/resources/app/lib/frontend/bundle.js:2:2817303
    at s.invoke (file:///C:/Xilinx/2025.1/Vitis/ide/electron-app/win64/resources/app/lib/frontend/bundle.js:2:2817393) 
2026-01-02 14:57:17 [debug] : Error: No reply handler for reply with id: 9
    at l.handleReply (file:///C:/Xilinx/2025.1/Vitis/ide/electron-app/win64/resources/app/lib/frontend/bundle.js:2:2870572)
    at l.handleMessage (file:///C:/Xilinx/2025.1/Vitis/ide/electron-app/win64/resources/app/lib/frontend/bundle.js:2:2870311)
    at file:///C:/Xilinx/2025.1/Vitis/ide/electron-app/win64/resources/app/lib/frontend/bundle.js:2:2869783
    at file:///C:/Xilinx/2025.1/Vitis/ide/electron-app/win64/resources/app/lib/frontend/bundle.js:2:2817303
    at s.invoke (file:///C:/Xilinx/2025.1/Vitis/ide/electron-app/win64/resources/app/lib/frontend/bundle.js:2:2817393)
    at a.fire (file:///C:/Xilinx/2025.1/Vitis/ide/electron-app/win64/resources/app/lib/frontend/bundle.js:2:2819196)
    at d.handleMessages (file:///C:/Xilinx/2025.1/Vitis/ide/electron-app/win64/resources/app/lib/frontend/bundle.js:2:8216579)
    at file:///C:/Xilinx/2025.1/Vitis/ide/electron-app/win64/resources/app/lib/frontend/bundle.js:2:8215788
    at file:///C:/Xilinx/2025.1/Vitis/ide/electron-app/win64/resources/app/lib/frontend/bundle.js:2:2817303
    at s.invoke (file:///C:/Xilinx/2025.1/Vitis/ide/electron-app/win64/resources/app/lib/frontend/bundle.js:2:2817393) 
2026-01-02 14:57:17 [debug] : Error: No reply handler for reply with id: 12
    at l.handleReply (file:///C:/Xilinx/2025.1/Vitis/ide/electron-app/win64/resources/app/lib/frontend/bundle.js:2:2870572)
    at l.handleMessage (file:///C:/Xilinx/2025.1/Vitis/ide/electron-app/win64/resources/app/lib/frontend/bundle.js:2:2870311)
    at file:///C:/Xilinx/2025.1/Vitis/ide/electron-app/win64/resources/app/lib/frontend/bundle.js:2:2869783
    at file:///C:/Xilinx/2025.1/Vitis/ide/electron-app/win64/resources/app/lib/frontend/bundle.js:2:2817303
    at s.invoke (file:///C:/Xilinx/2025.1/Vitis/ide/electron-app/win64/resources/app/lib/frontend/bundle.js:2:2817393)
    at a.fire (file:///C:/Xilinx/2025.1/Vitis/ide/electron-app/win64/resources/app/lib/frontend/bundle.js:2:2819196)
    at d.handleMessages (file:///C:/Xilinx/2025.1/Vitis/ide/electron-app/win64/resources/app/lib/frontend/bundle.js:2:8216579)
    at file:///C:/Xilinx/2025.1/Vitis/ide/electron-app/win64/resources/app/lib/frontend/bundle.js:2:8215788
    at file:///C:/Xilinx/2025.1/Vitis/ide/electron-app/win64/resources/app/lib/frontend/bundle.js:2:2817303
    at s.invoke (file:///C:/Xilinx/2025.1/Vitis/ide/electron-app/win64/resources/app/lib/frontend/bundle.js:2:2817393) 
2026-01-02 14:57:17 [debug] : Error: No reply handler for reply with id: 13
    at l.handleReply (file:///C:/Xilinx/2025.1/Vitis/ide/electron-app/win64/resources/app/lib/frontend/bundle.js:2:2870572)
    at l.handleMessage (file:///C:/Xilinx/2025.1/Vitis/ide/electron-app/win64/resources/app/lib/frontend/bundle.js:2:2870311)
    at file:///C:/Xilinx/2025.1/Vitis/ide/electron-app/win64/resources/app/lib/frontend/bundle.js:2:2869783
    at file:///C:/Xilinx/2025.1/Vitis/ide/electron-app/win64/resources/app/lib/frontend/bundle.js:2:2817303
    at s.invoke (file:///C:/Xilinx/2025.1/Vitis/ide/electron-app/win64/resources/app/lib/frontend/bundle.js:2:2817393)
    at a.fire (file:///C:/Xilinx/2025.1/Vitis/ide/electron-app/win64/resources/app/lib/frontend/bundle.js:2:2819196)
    at d.handleMessages (file:///C:/Xilinx/2025.1/Vitis/ide/electron-app/win64/resources/app/lib/frontend/bundle.js:2:8216579)
    at file:///C:/Xilinx/2025.1/Vitis/ide/electron-app/win64/resources/app/lib/frontend/bundle.js:2:8215788
    at file:///C:/Xilinx/2025.1/Vitis/ide/electron-app/win64/resources/app/lib/frontend/bundle.js:2:2817303
    at s.invoke (file:///C:/Xilinx/2025.1/Vitis/ide/electron-app/win64/resources/app/lib/frontend/bundle.js:2:2817393) 
2026-01-02 14:57:17 [debug] : Error: No reply handler for reply with id: 14
    at l.handleReply (file:///C:/Xilinx/2025.1/Vitis/ide/electron-app/win64/resources/app/lib/frontend/bundle.js:2:2870572)
    at l.handleMessage (file:///C:/Xilinx/2025.1/Vitis/ide/electron-app/win64/resources/app/lib/frontend/bundle.js:2:2870311)
    at file:///C:/Xilinx/2025.1/Vitis/ide/electron-app/win64/resources/app/lib/frontend/bundle.js:2:2869783
    at file:///C:/Xilinx/2025.1/Vitis/ide/electron-app/win64/resources/app/lib/frontend/bundle.js:2:2817303
    at s.invoke (file:///C:/Xilinx/2025.1/Vitis/ide/electron-app/win64/resources/app/lib/frontend/bundle.js:2:2817393)
    at a.fire (file:///C:/Xilinx/2025.1/Vitis/ide/electron-app/win64/resources/app/lib/frontend/bundle.js:2:2819196)
    at d.handleMessages (file:///C:/Xilinx/2025.1/Vitis/ide/electron-app/win64/resources/app/lib/frontend/bundle.js:2:8216579)
    at file:///C:/Xilinx/2025.1/Vitis/ide/electron-app/win64/resources/app/lib/frontend/bundle.js:2:8215788
    at file:///C:/Xilinx/2025.1/Vitis/ide/electron-app/win64/resources/app/lib/frontend/bundle.js:2:2817303
    at s.invoke (file:///C:/Xilinx/2025.1/Vitis/ide/electron-app/win64/resources/app/lib/frontend/bundle.js:2:2817393) 
2026-01-02 14:57:17 [debug] : [hosted-plugin: 15148] Error: No reply handler for reply with id: 0
    at c.handleReply (C:\Xilinx\2025.1\Vitis\ide\electron-app\win64\resources\app\lib\backend\19.js:1:45381)
    at c.handleMessage (C:\Xilinx\2025.1\Vitis\ide\electron-app\win64\resources\app\lib\backend\19.js:1:45120)
    at C:\Xilinx\2025.1\Vitis\ide\electron-app\win64\resources\app\lib\backend\19.js:1:44592
    at C:\Xilinx\2025.1\Vitis\ide\electron-app\win64\resources\app\lib\backend\19.js:1:15380
    at s.invoke (C:\Xilinx\2025.1\Vitis\ide\electron-app\win64\resources\app\lib\backend\19.js:1:15470)
    at a.fire (C:\Xilinx\2025.1\Vitis\ide\electron-app\win64\resources\app\lib\backend\19.js:1:17273)
    at h.handleMessages (C:\Xilinx\2025.1\Vitis\ide\electron-app\win64\resources\app\lib\backend\557.js:1:82043)
    at C:\Xilinx\2025.1\Vitis\ide\electron-app\win64\resources\app\lib\backend\557.js:1:81252
    at C:\Xilinx\2025.1\Vitis\ide\electron-app\win64\resources\app\lib\backend\19.js:1:15380
    at s.invoke (C:\Xilinx\2025.1\Vitis\ide\electron-app\win64\resources\app\lib\backend\19.js:1:15470) 
2026-01-02 14:57:17 [debug] : [hosted-plugin: 15148] PLUGIN_HOST(15148): PluginManagerExtImpl/init() 
2026-01-02 14:57:17 [debug] : [hosted-plugin: 15148] PLUGIN_HOST(15148): initializing(serial-monitor@1.0.2 with C:\Xilinx\2025.1\Vitis\ide\electron-app\win64\resources\app\lib\backend\plugin-vscode-init) 
2026-01-02 14:57:17 [debug] : [hosted-plugin: 15148] PLUGIN_HOST(15148): initializing(json-language-features@1.88.1 with C:\Xilinx\2025.1\Vitis\ide\electron-app\win64\resources\app\lib\backend\plugin-vscode-init) 
2026-01-02 14:57:17 [debug] : [hosted-plugin: 15148] PLUGIN_HOST(15148): initializing(material-icon-theme@5.15.0 with C:\Xilinx\2025.1\Vitis\ide\electron-app\win64\resources\app\lib\backend\plugin-vscode-init) 
2026-01-02 14:57:17 [debug] : [hosted-plugin: 15148] PLUGIN_HOST(15148): initializing(git-base@1.95.3 with C:\Xilinx\2025.1\Vitis\ide\electron-app\win64\resources\app\lib\backend\plugin-vscode-init) 
2026-01-02 14:57:17 [debug] : [hosted-plugin: 15148] PLUGIN_HOST(15148): initializing(gitlens@11.7.0 with C:\Xilinx\2025.1\Vitis\ide\electron-app\win64\resources\app\lib\backend\plugin-vscode-init) 
2026-01-02 14:57:17 [debug] : [hosted-plugin: 15148] PLUGIN_HOST(15148): initializing(tcf-debug@0.0.1 with C:\Xilinx\2025.1\Vitis\ide\electron-app\win64\resources\app\lib\backend\plugin-vscode-init) 
2026-01-02 14:57:17 [debug] : [hosted-plugin: 15148] Debugger contribution has been registered: tcf-debug 
2026-01-02 14:57:17 [debug] : [hosted-plugin: 15148] PLUGIN_HOST(15148): initializing(cmake@0.0.17 with C:\Xilinx\2025.1\Vitis\ide\electron-app\win64\resources\app\lib\backend\plugin-vscode-init) 
2026-01-02 14:57:17 [debug] : [hosted-plugin: 15148] PLUGIN_HOST(15148): initializing(vitis-config@0.0.1 with C:\Xilinx\2025.1\Vitis\ide\electron-app\win64\resources\app\lib\backend\plugin-vscode-init) 
2026-01-02 14:57:17 [debug] : [hosted-plugin: 15148] PLUGIN_HOST(15148): initializing(vitis-hls-l1-library@0.0.1 with C:\Xilinx\2025.1\Vitis\ide\electron-app\win64\resources\app\lib\backend\plugin-vscode-init) 
2026-01-02 14:57:17 [debug] : [hosted-plugin: 15148] PLUGIN_HOST(15148): initializing(vitis-hls-pragma@0.6.0 with C:\Xilinx\2025.1\Vitis\ide\electron-app\win64\resources\app\lib\backend\plugin-vscode-init) 
2026-01-02 14:57:17 [debug] : Error: No reply handler for reply with id: 41
    at l.handleReply (file:///C:/Xilinx/2025.1/Vitis/ide/electron-app/win64/resources/app/lib/frontend/bundle.js:2:2870572)
    at l.handleMessage (file:///C:/Xilinx/2025.1/Vitis/ide/electron-app/win64/resources/app/lib/frontend/bundle.js:2:2870311)
    at file:///C:/Xilinx/2025.1/Vitis/ide/electron-app/win64/resources/app/lib/frontend/bundle.js:2:2869783
    at file:///C:/Xilinx/2025.1/Vitis/ide/electron-app/win64/resources/app/lib/frontend/bundle.js:2:2817303
    at s.invoke (file:///C:/Xilinx/2025.1/Vitis/ide/electron-app/win64/resources/app/lib/frontend/bundle.js:2:2817393)
    at a.fire (file:///C:/Xilinx/2025.1/Vitis/ide/electron-app/win64/resources/app/lib/frontend/bundle.js:2:2819196)
    at d.handleMessages (file:///C:/Xilinx/2025.1/Vitis/ide/electron-app/win64/resources/app/lib/frontend/bundle.js:2:8216579)
    at file:///C:/Xilinx/2025.1/Vitis/ide/electron-app/win64/resources/app/lib/frontend/bundle.js:2:8215788
    at file:///C:/Xilinx/2025.1/Vitis/ide/electron-app/win64/resources/app/lib/frontend/bundle.js:2:2817303
    at s.invoke (file:///C:/Xilinx/2025.1/Vitis/ide/electron-app/win64/resources/app/lib/frontend/bundle.js:2:2817393) 
2026-01-02 14:57:17 [debug] : [hosted-plugin: 15148] Error: No reply handler for reply with id: 1
    at c.handleReply (C:\Xilinx\2025.1\Vitis\ide\electron-app\win64\resources\app\lib\backend\19.js:1:45381)
    at c.handleMessage (C:\Xilinx\2025.1\Vitis\ide\electron-app\win64\resources\app\lib\backend\19.js:1:45120)
    at C:\Xilinx\2025.1\Vitis\ide\electron-app\win64\resources\app\lib\backend\19.js:1:44592
    at C:\Xilinx\2025.1\Vitis\ide\electron-app\win64\resources\app\lib\backend\19.js:1:15380
    at s.invoke (C:\Xilinx\2025.1\Vitis\ide\electron-app\win64\resources\app\lib\backend\19.js:1:15470)
    at a.fire (C:\Xilinx\2025.1\Vitis\ide\electron-app\win64\resources\app\lib\backend\19.js:1:17273)
    at h.handleMessages (C:\Xilinx\2025.1\Vitis\ide\electron-app\win64\resources\app\lib\backend\557.js:1:82043)
    at C:\Xilinx\2025.1\Vitis\ide\electron-app\win64\resources\app\lib\backend\557.js:1:81252
    at C:\Xilinx\2025.1\Vitis\ide\electron-app\win64\resources\app\lib\backend\19.js:1:15380
    at s.invoke (C:\Xilinx\2025.1\Vitis\ide\electron-app\win64\resources\app\lib\backend\19.js:1:15470) 
2026-01-02 14:57:17 [debug] : [hosted-plugin: 15148] PLUGIN_HOST(15148): initializing(vitis-hls-verilog-vhdl-support@0.0.1 with C:\Xilinx\2025.1\Vitis\ide\electron-app\win64\resources\app\lib\backend\plugin-vscode-init) 
2026-01-02 14:57:17 [debug] : [hosted-plugin: 15148] PLUGIN_HOST(15148): initializing(vitis-output@0.0.1 with C:\Xilinx\2025.1\Vitis\ide\electron-app\win64\resources\app\lib\backend\plugin-vscode-init) 
2026-01-02 14:57:17 [debug] : [hosted-plugin: 15148] PLUGIN_HOST(15148): initializing(cpp@1.88.1 with C:\Xilinx\2025.1\Vitis\ide\electron-app\win64\resources\app\lib\backend\plugin-vscode-init) 
2026-01-02 14:57:17 [debug] : [hosted-plugin: 15148] PLUGIN_HOST(15148): initializing(json@1.88.1 with C:\Xilinx\2025.1\Vitis\ide\electron-app\win64\resources\app\lib\backend\plugin-vscode-init) 
2026-01-02 14:57:17 [debug] : [hosted-plugin: 15148] PLUGIN_HOST(15148): initializing(vscode-clangd@0.1.33 with C:\Xilinx\2025.1\Vitis\ide\electron-app\win64\resources\app\lib\backend\plugin-vscode-init) 
2026-01-02 14:57:17 [debug] : [hosted-plugin: 15148] PLUGIN_HOST(15148): initializing(debug@0.27.0 with C:\Xilinx\2025.1\Vitis\ide\electron-app\win64\resources\app\lib\backend\plugin-vscode-init) 
2026-01-02 14:57:17 [debug] : [hosted-plugin: 15148] Debugger contribution has been registered: gdb 
2026-01-02 14:57:17 [debug] : [hosted-plugin: 15148] Debugger contribution has been registered: lldb-mi 
2026-01-02 14:57:17 [debug] : [hosted-plugin: 15148] Debugger contribution has been registered: mago-mi 
2026-01-02 14:57:17 [debug] : [hosted-plugin: 15148] PLUGIN_HOST(15148): initializing(git@1.95.3 with C:\Xilinx\2025.1\Vitis\ide\electron-app\win64\resources\app\lib\backend\plugin-vscode-init) 
2026-01-02 14:57:17 [debug] : [hosted-plugin: 15148] PLUGIN_HOST(15148): initializing(make@1.88.1 with C:\Xilinx\2025.1\Vitis\ide\electron-app\win64\resources\app\lib\backend\plugin-vscode-init) 
2026-01-02 14:57:17 [debug] : [hosted-plugin: 15148] Unsupported activation events: oncommand:gitlens.copyCurrentBranch, please open an issue: https://github.com/eclipse-theia/theia/issues/new 
2026-01-02 14:57:17 [debug] : [hosted-plugin: 15148] Unsupported activation events: onEditSession:file, please open an issue: https://github.com/eclipse-theia/theia/issues/new 
2026-01-02 14:57:17 [debug] : Error: No reply handler for reply with id: 15
    at l.handleReply (file:///C:/Xilinx/2025.1/Vitis/ide/electron-app/win64/resources/app/lib/frontend/bundle.js:2:2870572)
    at l.handleMessage (file:///C:/Xilinx/2025.1/Vitis/ide/electron-app/win64/resources/app/lib/frontend/bundle.js:2:2870311)
    at file:///C:/Xilinx/2025.1/Vitis/ide/electron-app/win64/resources/app/lib/frontend/bundle.js:2:2869783
    at file:///C:/Xilinx/2025.1/Vitis/ide/electron-app/win64/resources/app/lib/frontend/bundle.js:2:2817303
    at s.invoke (file:///C:/Xilinx/2025.1/Vitis/ide/electron-app/win64/resources/app/lib/frontend/bundle.js:2:2817393)
    at a.fire (file:///C:/Xilinx/2025.1/Vitis/ide/electron-app/win64/resources/app/lib/frontend/bundle.js:2:2819196)
    at d.handleMessages (file:///C:/Xilinx/2025.1/Vitis/ide/electron-app/win64/resources/app/lib/frontend/bundle.js:2:8216579)
    at file:///C:/Xilinx/2025.1/Vitis/ide/electron-app/win64/resources/app/lib/frontend/bundle.js:2:8215788
    at file:///C:/Xilinx/2025.1/Vitis/ide/electron-app/win64/resources/app/lib/frontend/bundle.js:2:2817303
    at s.invoke (file:///C:/Xilinx/2025.1/Vitis/ide/electron-app/win64/resources/app/lib/frontend/bundle.js:2:2817393) 
2026-01-02 14:57:17 [debug] : Error: No reply handler for reply with id: 17
    at l.handleReply (file:///C:/Xilinx/2025.1/Vitis/ide/electron-app/win64/resources/app/lib/frontend/bundle.js:2:2870572)
    at l.handleMessage (file:///C:/Xilinx/2025.1/Vitis/ide/electron-app/win64/resources/app/lib/frontend/bundle.js:2:2870311)
    at file:///C:/Xilinx/2025.1/Vitis/ide/electron-app/win64/resources/app/lib/frontend/bundle.js:2:2869783
    at file:///C:/Xilinx/2025.1/Vitis/ide/electron-app/win64/resources/app/lib/frontend/bundle.js:2:2817303
    at s.invoke (file:///C:/Xilinx/2025.1/Vitis/ide/electron-app/win64/resources/app/lib/frontend/bundle.js:2:2817393)
    at a.fire (file:///C:/Xilinx/2025.1/Vitis/ide/electron-app/win64/resources/app/lib/frontend/bundle.js:2:2819196)
    at d.handleMessages (file:///C:/Xilinx/2025.1/Vitis/ide/electron-app/win64/resources/app/lib/frontend/bundle.js:2:8216579)
    at file:///C:/Xilinx/2025.1/Vitis/ide/electron-app/win64/resources/app/lib/frontend/bundle.js:2:8215788
    at file:///C:/Xilinx/2025.1/Vitis/ide/electron-app/win64/resources/app/lib/frontend/bundle.js:2:2817303
    at s.invoke (file:///C:/Xilinx/2025.1/Vitis/ide/electron-app/win64/resources/app/lib/frontend/bundle.js:2:2817393) 
2026-01-02 14:57:17 [debug] : Error: No reply handler for reply with id: 18
    at l.handleReply (file:///C:/Xilinx/2025.1/Vitis/ide/electron-app/win64/resources/app/lib/frontend/bundle.js:2:2870572)
    at l.handleMessage (file:///C:/Xilinx/2025.1/Vitis/ide/electron-app/win64/resources/app/lib/frontend/bundle.js:2:2870311)
    at file:///C:/Xilinx/2025.1/Vitis/ide/electron-app/win64/resources/app/lib/frontend/bundle.js:2:2869783
    at file:///C:/Xilinx/2025.1/Vitis/ide/electron-app/win64/resources/app/lib/frontend/bundle.js:2:2817303
    at s.invoke (file:///C:/Xilinx/2025.1/Vitis/ide/electron-app/win64/resources/app/lib/frontend/bundle.js:2:2817393)
    at a.fire (file:///C:/Xilinx/2025.1/Vitis/ide/electron-app/win64/resources/app/lib/frontend/bundle.js:2:2819196)
    at d.handleMessages (file:///C:/Xilinx/2025.1/Vitis/ide/electron-app/win64/resources/app/lib/frontend/bundle.js:2:8216579)
    at file:///C:/Xilinx/2025.1/Vitis/ide/electron-app/win64/resources/app/lib/frontend/bundle.js:2:8215788
    at file:///C:/Xilinx/2025.1/Vitis/ide/electron-app/win64/resources/app/lib/frontend/bundle.js:2:2817303
    at s.invoke (file:///C:/Xilinx/2025.1/Vitis/ide/electron-app/win64/resources/app/lib/frontend/bundle.js:2:2817393) 
2026-01-02 14:57:17 [debug] : Error: No reply handler for reply with id: 20
    at l.handleReply (file:///C:/Xilinx/2025.1/Vitis/ide/electron-app/win64/resources/app/lib/frontend/bundle.js:2:2870572)
    at l.handleMessage (file:///C:/Xilinx/2025.1/Vitis/ide/electron-app/win64/resources/app/lib/frontend/bundle.js:2:2870311)
    at file:///C:/Xilinx/2025.1/Vitis/ide/electron-app/win64/resources/app/lib/frontend/bundle.js:2:2869783
    at file:///C:/Xilinx/2025.1/Vitis/ide/electron-app/win64/resources/app/lib/frontend/bundle.js:2:2817303
    at s.invoke (file:///C:/Xilinx/2025.1/Vitis/ide/electron-app/win64/resources/app/lib/frontend/bundle.js:2:2817393)
    at a.fire (file:///C:/Xilinx/2025.1/Vitis/ide/electron-app/win64/resources/app/lib/frontend/bundle.js:2:2819196)
    at d.handleMessages (file:///C:/Xilinx/2025.1/Vitis/ide/electron-app/win64/resources/app/lib/frontend/bundle.js:2:8216579)
    at file:///C:/Xilinx/2025.1/Vitis/ide/electron-app/win64/resources/app/lib/frontend/bundle.js:2:8215788
    at file:///C:/Xilinx/2025.1/Vitis/ide/electron-app/win64/resources/app/lib/frontend/bundle.js:2:2817303
    at s.invoke (file:///C:/Xilinx/2025.1/Vitis/ide/electron-app/win64/resources/app/lib/frontend/bundle.js:2:2817393) 
2026-01-02 14:57:17 [debug] : Error: No reply handler for reply with id: 21
    at l.handleReply (file:///C:/Xilinx/2025.1/Vitis/ide/electron-app/win64/resources/app/lib/frontend/bundle.js:2:2870572)
    at l.handleMessage (file:///C:/Xilinx/2025.1/Vitis/ide/electron-app/win64/resources/app/lib/frontend/bundle.js:2:2870311)
    at file:///C:/Xilinx/2025.1/Vitis/ide/electron-app/win64/resources/app/lib/frontend/bundle.js:2:2869783
    at file:///C:/Xilinx/2025.1/Vitis/ide/electron-app/win64/resources/app/lib/frontend/bundle.js:2:2817303
    at s.invoke (file:///C:/Xilinx/2025.1/Vitis/ide/electron-app/win64/resources/app/lib/frontend/bundle.js:2:2817393)
    at a.fire (file:///C:/Xilinx/2025.1/Vitis/ide/electron-app/win64/resources/app/lib/frontend/bundle.js:2:2819196)
    at d.handleMessages (file:///C:/Xilinx/2025.1/Vitis/ide/electron-app/win64/resources/app/lib/frontend/bundle.js:2:8216579)
    at file:///C:/Xilinx/2025.1/Vitis/ide/electron-app/win64/resources/app/lib/frontend/bundle.js:2:8215788
    at file:///C:/Xilinx/2025.1/Vitis/ide/electron-app/win64/resources/app/lib/frontend/bundle.js:2:2817303
    at s.invoke (file:///C:/Xilinx/2025.1/Vitis/ide/electron-app/win64/resources/app/lib/frontend/bundle.js:2:2817393) 
2026-01-02 14:57:17 [debug] : Error: No reply handler for reply with id: 22
    at l.handleReply (file:///C:/Xilinx/2025.1/Vitis/ide/electron-app/win64/resources/app/lib/frontend/bundle.js:2:2870572)
    at l.handleMessage (file:///C:/Xilinx/2025.1/Vitis/ide/electron-app/win64/resources/app/lib/frontend/bundle.js:2:2870311)
    at file:///C:/Xilinx/2025.1/Vitis/ide/electron-app/win64/resources/app/lib/frontend/bundle.js:2:2869783
    at file:///C:/Xilinx/2025.1/Vitis/ide/electron-app/win64/resources/app/lib/frontend/bundle.js:2:2817303
    at s.invoke (file:///C:/Xilinx/2025.1/Vitis/ide/electron-app/win64/resources/app/lib/frontend/bundle.js:2:2817393)
    at a.fire (file:///C:/Xilinx/2025.1/Vitis/ide/electron-app/win64/resources/app/lib/frontend/bundle.js:2:2819196)
    at d.handleMessages (file:///C:/Xilinx/2025.1/Vitis/ide/electron-app/win64/resources/app/lib/frontend/bundle.js:2:8216579)
    at file:///C:/Xilinx/2025.1/Vitis/ide/electron-app/win64/resources/app/lib/frontend/bundle.js:2:8215788
    at file:///C:/Xilinx/2025.1/Vitis/ide/electron-app/win64/resources/app/lib/frontend/bundle.js:2:2817303
    at s.invoke (file:///C:/Xilinx/2025.1/Vitis/ide/electron-app/win64/resources/app/lib/frontend/bundle.js:2:2817393) 
2026-01-02 14:57:17 [debug] : Error: No reply handler for reply with id: 23
    at l.handleReply (file:///C:/Xilinx/2025.1/Vitis/ide/electron-app/win64/resources/app/lib/frontend/bundle.js:2:2870572)
    at l.handleMessage (file:///C:/Xilinx/2025.1/Vitis/ide/electron-app/win64/resources/app/lib/frontend/bundle.js:2:2870311)
    at file:///C:/Xilinx/2025.1/Vitis/ide/electron-app/win64/resources/app/lib/frontend/bundle.js:2:2869783
    at file:///C:/Xilinx/2025.1/Vitis/ide/electron-app/win64/resources/app/lib/frontend/bundle.js:2:2817303
    at s.invoke (file:///C:/Xilinx/2025.1/Vitis/ide/electron-app/win64/resources/app/lib/frontend/bundle.js:2:2817393)
    at a.fire (file:///C:/Xilinx/2025.1/Vitis/ide/electron-app/win64/resources/app/lib/frontend/bundle.js:2:2819196)
    at d.handleMessages (file:///C:/Xilinx/2025.1/Vitis/ide/electron-app/win64/resources/app/lib/frontend/bundle.js:2:8216579)
    at file:///C:/Xilinx/2025.1/Vitis/ide/electron-app/win64/resources/app/lib/frontend/bundle.js:2:8215788
    at file:///C:/Xilinx/2025.1/Vitis/ide/electron-app/win64/resources/app/lib/frontend/bundle.js:2:2817303
    at s.invoke (file:///C:/Xilinx/2025.1/Vitis/ide/electron-app/win64/resources/app/lib/frontend/bundle.js:2:2817393) 
2026-01-02 14:57:17 [debug] : Error: No reply handler for reply with id: 24
    at l.handleReply (file:///C:/Xilinx/2025.1/Vitis/ide/electron-app/win64/resources/app/lib/frontend/bundle.js:2:2870572)
    at l.handleMessage (file:///C:/Xilinx/2025.1/Vitis/ide/electron-app/win64/resources/app/lib/frontend/bundle.js:2:2870311)
    at file:///C:/Xilinx/2025.1/Vitis/ide/electron-app/win64/resources/app/lib/frontend/bundle.js:2:2869783
    at file:///C:/Xilinx/2025.1/Vitis/ide/electron-app/win64/resources/app/lib/frontend/bundle.js:2:2817303
    at s.invoke (file:///C:/Xilinx/2025.1/Vitis/ide/electron-app/win64/resources/app/lib/frontend/bundle.js:2:2817393)
    at a.fire (file:///C:/Xilinx/2025.1/Vitis/ide/electron-app/win64/resources/app/lib/frontend/bundle.js:2:2819196)
    at d.handleMessages (file:///C:/Xilinx/2025.1/Vitis/ide/electron-app/win64/resources/app/lib/frontend/bundle.js:2:8216579)
    at file:///C:/Xilinx/2025.1/Vitis/ide/electron-app/win64/resources/app/lib/frontend/bundle.js:2:8215788
    at file:///C:/Xilinx/2025.1/Vitis/ide/electron-app/win64/resources/app/lib/frontend/bundle.js:2:2817303
    at s.invoke (file:///C:/Xilinx/2025.1/Vitis/ide/electron-app/win64/resources/app/lib/frontend/bundle.js:2:2817393) 
2026-01-02 14:57:17 [debug] : Error: No reply handler for reply with id: 26
    at l.handleReply (file:///C:/Xilinx/2025.1/Vitis/ide/electron-app/win64/resources/app/lib/frontend/bundle.js:2:2870572)
    at l.handleMessage (file:///C:/Xilinx/2025.1/Vitis/ide/electron-app/win64/resources/app/lib/frontend/bundle.js:2:2870311)
    at file:///C:/Xilinx/2025.1/Vitis/ide/electron-app/win64/resources/app/lib/frontend/bundle.js:2:2869783
    at file:///C:/Xilinx/2025.1/Vitis/ide/electron-app/win64/resources/app/lib/frontend/bundle.js:2:2817303
    at s.invoke (file:///C:/Xilinx/2025.1/Vitis/ide/electron-app/win64/resources/app/lib/frontend/bundle.js:2:2817393)
    at a.fire (file:///C:/Xilinx/2025.1/Vitis/ide/electron-app/win64/resources/app/lib/frontend/bundle.js:2:2819196)
    at d.handleMessages (file:///C:/Xilinx/2025.1/Vitis/ide/electron-app/win64/resources/app/lib/frontend/bundle.js:2:8216579)
    at file:///C:/Xilinx/2025.1/Vitis/ide/electron-app/win64/resources/app/lib/frontend/bundle.js:2:8215788
    at file:///C:/Xilinx/2025.1/Vitis/ide/electron-app/win64/resources/app/lib/frontend/bundle.js:2:2817303
    at s.invoke (file:///C:/Xilinx/2025.1/Vitis/ide/electron-app/win64/resources/app/lib/frontend/bundle.js:2:2817393) 
2026-01-02 14:57:17 [debug] : Error: No reply handler for reply with id: 28
    at l.handleReply (file:///C:/Xilinx/2025.1/Vitis/ide/electron-app/win64/resources/app/lib/frontend/bundle.js:2:2870572)
    at l.handleMessage (file:///C:/Xilinx/2025.1/Vitis/ide/electron-app/win64/resources/app/lib/frontend/bundle.js:2:2870311)
    at file:///C:/Xilinx/2025.1/Vitis/ide/electron-app/win64/resources/app/lib/frontend/bundle.js:2:2869783
    at file:///C:/Xilinx/2025.1/Vitis/ide/electron-app/win64/resources/app/lib/frontend/bundle.js:2:2817303
    at s.invoke (file:///C:/Xilinx/2025.1/Vitis/ide/electron-app/win64/resources/app/lib/frontend/bundle.js:2:2817393)
    at a.fire (file:///C:/Xilinx/2025.1/Vitis/ide/electron-app/win64/resources/app/lib/frontend/bundle.js:2:2819196)
    at d.handleMessages (file:///C:/Xilinx/2025.1/Vitis/ide/electron-app/win64/resources/app/lib/frontend/bundle.js:2:8216579)
    at file:///C:/Xilinx/2025.1/Vitis/ide/electron-app/win64/resources/app/lib/frontend/bundle.js:2:8215788
    at file:///C:/Xilinx/2025.1/Vitis/ide/electron-app/win64/resources/app/lib/frontend/bundle.js:2:2817303
    at s.invoke (file:///C:/Xilinx/2025.1/Vitis/ide/electron-app/win64/resources/app/lib/frontend/bundle.js:2:2817393) 
2026-01-02 14:57:17 [debug] : Error: No reply handler for reply with id: 29
    at l.handleReply (file:///C:/Xilinx/2025.1/Vitis/ide/electron-app/win64/resources/app/lib/frontend/bundle.js:2:2870572)
    at l.handleMessage (file:///C:/Xilinx/2025.1/Vitis/ide/electron-app/win64/resources/app/lib/frontend/bundle.js:2:2870311)
    at file:///C:/Xilinx/2025.1/Vitis/ide/electron-app/win64/resources/app/lib/frontend/bundle.js:2:2869783
    at file:///C:/Xilinx/2025.1/Vitis/ide/electron-app/win64/resources/app/lib/frontend/bundle.js:2:2817303
    at s.invoke (file:///C:/Xilinx/2025.1/Vitis/ide/electron-app/win64/resources/app/lib/frontend/bundle.js:2:2817393)
    at a.fire (file:///C:/Xilinx/2025.1/Vitis/ide/electron-app/win64/resources/app/lib/frontend/bundle.js:2:2819196)
    at d.handleMessages (file:///C:/Xilinx/2025.1/Vitis/ide/electron-app/win64/resources/app/lib/frontend/bundle.js:2:8216579)
    at file:///C:/Xilinx/2025.1/Vitis/ide/electron-app/win64/resources/app/lib/frontend/bundle.js:2:8215788
    at file:///C:/Xilinx/2025.1/Vitis/ide/electron-app/win64/resources/app/lib/frontend/bundle.js:2:2817303
    at s.invoke (file:///C:/Xilinx/2025.1/Vitis/ide/electron-app/win64/resources/app/lib/frontend/bundle.js:2:2817393) 
2026-01-02 14:57:17 [debug] : Error: No reply handler for reply with id: 30
    at l.handleReply (file:///C:/Xilinx/2025.1/Vitis/ide/electron-app/win64/resources/app/lib/frontend/bundle.js:2:2870572)
    at l.handleMessage (file:///C:/Xilinx/2025.1/Vitis/ide/electron-app/win64/resources/app/lib/frontend/bundle.js:2:2870311)
    at file:///C:/Xilinx/2025.1/Vitis/ide/electron-app/win64/resources/app/lib/frontend/bundle.js:2:2869783
    at file:///C:/Xilinx/2025.1/Vitis/ide/electron-app/win64/resources/app/lib/frontend/bundle.js:2:2817303
    at s.invoke (file:///C:/Xilinx/2025.1/Vitis/ide/electron-app/win64/resources/app/lib/frontend/bundle.js:2:2817393)
    at a.fire (file:///C:/Xilinx/2025.1/Vitis/ide/electron-app/win64/resources/app/lib/frontend/bundle.js:2:2819196)
    at d.handleMessages (file:///C:/Xilinx/2025.1/Vitis/ide/electron-app/win64/resources/app/lib/frontend/bundle.js:2:8216579)
    at file:///C:/Xilinx/2025.1/Vitis/ide/electron-app/win64/resources/app/lib/frontend/bundle.js:2:8215788
    at file:///C:/Xilinx/2025.1/Vitis/ide/electron-app/win64/resources/app/lib/frontend/bundle.js:2:2817303
    at s.invoke (file:///C:/Xilinx/2025.1/Vitis/ide/electron-app/win64/resources/app/lib/frontend/bundle.js:2:2817393) 
2026-01-02 14:57:17 [debug] : Error: No reply handler for reply with id: 31
    at l.handleReply (file:///C:/Xilinx/2025.1/Vitis/ide/electron-app/win64/resources/app/lib/frontend/bundle.js:2:2870572)
    at l.handleMessage (file:///C:/Xilinx/2025.1/Vitis/ide/electron-app/win64/resources/app/lib/frontend/bundle.js:2:2870311)
    at file:///C:/Xilinx/2025.1/Vitis/ide/electron-app/win64/resources/app/lib/frontend/bundle.js:2:2869783
    at file:///C:/Xilinx/2025.1/Vitis/ide/electron-app/win64/resources/app/lib/frontend/bundle.js:2:2817303
    at s.invoke (file:///C:/Xilinx/2025.1/Vitis/ide/electron-app/win64/resources/app/lib/frontend/bundle.js:2:2817393)
    at a.fire (file:///C:/Xilinx/2025.1/Vitis/ide/electron-app/win64/resources/app/lib/frontend/bundle.js:2:2819196)
    at d.handleMessages (file:///C:/Xilinx/2025.1/Vitis/ide/electron-app/win64/resources/app/lib/frontend/bundle.js:2:8216579)
    at file:///C:/Xilinx/2025.1/Vitis/ide/electron-app/win64/resources/app/lib/frontend/bundle.js:2:8215788
    at file:///C:/Xilinx/2025.1/Vitis/ide/electron-app/win64/resources/app/lib/frontend/bundle.js:2:2817303
    at s.invoke (file:///C:/Xilinx/2025.1/Vitis/ide/electron-app/win64/resources/app/lib/frontend/bundle.js:2:2817393) 
2026-01-02 14:57:17 [debug] : Error: No reply handler for reply with id: 32
    at l.handleReply (file:///C:/Xilinx/2025.1/Vitis/ide/electron-app/win64/resources/app/lib/frontend/bundle.js:2:2870572)
    at l.handleMessage (file:///C:/Xilinx/2025.1/Vitis/ide/electron-app/win64/resources/app/lib/frontend/bundle.js:2:2870311)
    at file:///C:/Xilinx/2025.1/Vitis/ide/electron-app/win64/resources/app/lib/frontend/bundle.js:2:2869783
    at file:///C:/Xilinx/2025.1/Vitis/ide/electron-app/win64/resources/app/lib/frontend/bundle.js:2:2817303
    at s.invoke (file:///C:/Xilinx/2025.1/Vitis/ide/electron-app/win64/resources/app/lib/frontend/bundle.js:2:2817393)
    at a.fire (file:///C:/Xilinx/2025.1/Vitis/ide/electron-app/win64/resources/app/lib/frontend/bundle.js:2:2819196)
    at d.handleMessages (file:///C:/Xilinx/2025.1/Vitis/ide/electron-app/win64/resources/app/lib/frontend/bundle.js:2:8216579)
    at file:///C:/Xilinx/2025.1/Vitis/ide/electron-app/win64/resources/app/lib/frontend/bundle.js:2:8215788
    at file:///C:/Xilinx/2025.1/Vitis/ide/electron-app/win64/resources/app/lib/frontend/bundle.js:2:2817303
    at s.invoke (file:///C:/Xilinx/2025.1/Vitis/ide/electron-app/win64/resources/app/lib/frontend/bundle.js:2:2817393) 
2026-01-02 14:57:17 [debug] : Error: No reply handler for reply with id: 33
    at l.handleReply (file:///C:/Xilinx/2025.1/Vitis/ide/electron-app/win64/resources/app/lib/frontend/bundle.js:2:2870572)
    at l.handleMessage (file:///C:/Xilinx/2025.1/Vitis/ide/electron-app/win64/resources/app/lib/frontend/bundle.js:2:2870311)
    at file:///C:/Xilinx/2025.1/Vitis/ide/electron-app/win64/resources/app/lib/frontend/bundle.js:2:2869783
    at file:///C:/Xilinx/2025.1/Vitis/ide/electron-app/win64/resources/app/lib/frontend/bundle.js:2:2817303
    at s.invoke (file:///C:/Xilinx/2025.1/Vitis/ide/electron-app/win64/resources/app/lib/frontend/bundle.js:2:2817393)
    at a.fire (file:///C:/Xilinx/2025.1/Vitis/ide/electron-app/win64/resources/app/lib/frontend/bundle.js:2:2819196)
    at d.handleMessages (file:///C:/Xilinx/2025.1/Vitis/ide/electron-app/win64/resources/app/lib/frontend/bundle.js:2:8216579)
    at file:///C:/Xilinx/2025.1/Vitis/ide/electron-app/win64/resources/app/lib/frontend/bundle.js:2:8215788
    at file:///C:/Xilinx/2025.1/Vitis/ide/electron-app/win64/resources/app/lib/frontend/bundle.js:2:2817303
    at s.invoke (file:///C:/Xilinx/2025.1/Vitis/ide/electron-app/win64/resources/app/lib/frontend/bundle.js:2:2817393) 
2026-01-02 14:57:17 [debug] : Error: No reply handler for reply with id: 34
    at l.handleReply (file:///C:/Xilinx/2025.1/Vitis/ide/electron-app/win64/resources/app/lib/frontend/bundle.js:2:2870572)
    at l.handleMessage (file:///C:/Xilinx/2025.1/Vitis/ide/electron-app/win64/resources/app/lib/frontend/bundle.js:2:2870311)
    at file:///C:/Xilinx/2025.1/Vitis/ide/electron-app/win64/resources/app/lib/frontend/bundle.js:2:2869783
    at file:///C:/Xilinx/2025.1/Vitis/ide/electron-app/win64/resources/app/lib/frontend/bundle.js:2:2817303
    at s.invoke (file:///C:/Xilinx/2025.1/Vitis/ide/electron-app/win64/resources/app/lib/frontend/bundle.js:2:2817393)
    at a.fire (file:///C:/Xilinx/2025.1/Vitis/ide/electron-app/win64/resources/app/lib/frontend/bundle.js:2:2819196)
    at d.handleMessages (file:///C:/Xilinx/2025.1/Vitis/ide/electron-app/win64/resources/app/lib/frontend/bundle.js:2:8216579)
    at file:///C:/Xilinx/2025.1/Vitis/ide/electron-app/win64/resources/app/lib/frontend/bundle.js:2:8215788
    at file:///C:/Xilinx/2025.1/Vitis/ide/electron-app/win64/resources/app/lib/frontend/bundle.js:2:2817303
    at s.invoke (file:///C:/Xilinx/2025.1/Vitis/ide/electron-app/win64/resources/app/lib/frontend/bundle.js:2:2817393) 
2026-01-02 14:57:17 [debug] : Error: No reply handler for reply with id: 35
    at l.handleReply (file:///C:/Xilinx/2025.1/Vitis/ide/electron-app/win64/resources/app/lib/frontend/bundle.js:2:2870572)
    at l.handleMessage (file:///C:/Xilinx/2025.1/Vitis/ide/electron-app/win64/resources/app/lib/frontend/bundle.js:2:2870311)
    at file:///C:/Xilinx/2025.1/Vitis/ide/electron-app/win64/resources/app/lib/frontend/bundle.js:2:2869783
    at file:///C:/Xilinx/2025.1/Vitis/ide/electron-app/win64/resources/app/lib/frontend/bundle.js:2:2817303
    at s.invoke (file:///C:/Xilinx/2025.1/Vitis/ide/electron-app/win64/resources/app/lib/frontend/bundle.js:2:2817393)
    at a.fire (file:///C:/Xilinx/2025.1/Vitis/ide/electron-app/win64/resources/app/lib/frontend/bundle.js:2:2819196)
    at d.handleMessages (file:///C:/Xilinx/2025.1/Vitis/ide/electron-app/win64/resources/app/lib/frontend/bundle.js:2:8216579)
    at file:///C:/Xilinx/2025.1/Vitis/ide/electron-app/win64/resources/app/lib/frontend/bundle.js:2:8215788
    at file:///C:/Xilinx/2025.1/Vitis/ide/electron-app/win64/resources/app/lib/frontend/bundle.js:2:2817303
    at s.invoke (file:///C:/Xilinx/2025.1/Vitis/ide/electron-app/win64/resources/app/lib/frontend/bundle.js:2:2817393) 
2026-01-02 14:57:17 [debug] : Error: No reply handler for reply with id: 36
    at l.handleReply (file:///C:/Xilinx/2025.1/Vitis/ide/electron-app/win64/resources/app/lib/frontend/bundle.js:2:2870572)
    at l.handleMessage (file:///C:/Xilinx/2025.1/Vitis/ide/electron-app/win64/resources/app/lib/frontend/bundle.js:2:2870311)
    at file:///C:/Xilinx/2025.1/Vitis/ide/electron-app/win64/resources/app/lib/frontend/bundle.js:2:2869783
    at file:///C:/Xilinx/2025.1/Vitis/ide/electron-app/win64/resources/app/lib/frontend/bundle.js:2:2817303
    at s.invoke (file:///C:/Xilinx/2025.1/Vitis/ide/electron-app/win64/resources/app/lib/frontend/bundle.js:2:2817393)
    at a.fire (file:///C:/Xilinx/2025.1/Vitis/ide/electron-app/win64/resources/app/lib/frontend/bundle.js:2:2819196)
    at d.handleMessages (file:///C:/Xilinx/2025.1/Vitis/ide/electron-app/win64/resources/app/lib/frontend/bundle.js:2:8216579)
    at file:///C:/Xilinx/2025.1/Vitis/ide/electron-app/win64/resources/app/lib/frontend/bundle.js:2:8215788
    at file:///C:/Xilinx/2025.1/Vitis/ide/electron-app/win64/resources/app/lib/frontend/bundle.js:2:2817303
    at s.invoke (file:///C:/Xilinx/2025.1/Vitis/ide/electron-app/win64/resources/app/lib/frontend/bundle.js:2:2817393) 
2026-01-02 14:57:17 [debug] : Error: No reply handler for reply with id: 37
    at l.handleReply (file:///C:/Xilinx/2025.1/Vitis/ide/electron-app/win64/resources/app/lib/frontend/bundle.js:2:2870572)
    at l.handleMessage (file:///C:/Xilinx/2025.1/Vitis/ide/electron-app/win64/resources/app/lib/frontend/bundle.js:2:2870311)
    at file:///C:/Xilinx/2025.1/Vitis/ide/electron-app/win64/resources/app/lib/frontend/bundle.js:2:2869783
    at file:///C:/Xilinx/2025.1/Vitis/ide/electron-app/win64/resources/app/lib/frontend/bundle.js:2:2817303
    at s.invoke (file:///C:/Xilinx/2025.1/Vitis/ide/electron-app/win64/resources/app/lib/frontend/bundle.js:2:2817393)
    at a.fire (file:///C:/Xilinx/2025.1/Vitis/ide/electron-app/win64/resources/app/lib/frontend/bundle.js:2:2819196)
    at d.handleMessages (file:///C:/Xilinx/2025.1/Vitis/ide/electron-app/win64/resources/app/lib/frontend/bundle.js:2:8216579)
    at file:///C:/Xilinx/2025.1/Vitis/ide/electron-app/win64/resources/app/lib/frontend/bundle.js:2:8215788
    at file:///C:/Xilinx/2025.1/Vitis/ide/electron-app/win64/resources/app/lib/frontend/bundle.js:2:2817303
    at s.invoke (file:///C:/Xilinx/2025.1/Vitis/ide/electron-app/win64/resources/app/lib/frontend/bundle.js:2:2817393) 
2026-01-02 14:57:17 [debug] : Error: No reply handler for reply with id: 38
    at l.handleReply (file:///C:/Xilinx/2025.1/Vitis/ide/electron-app/win64/resources/app/lib/frontend/bundle.js:2:2870572)
    at l.handleMessage (file:///C:/Xilinx/2025.1/Vitis/ide/electron-app/win64/resources/app/lib/frontend/bundle.js:2:2870311)
    at file:///C:/Xilinx/2025.1/Vitis/ide/electron-app/win64/resources/app/lib/frontend/bundle.js:2:2869783
    at file:///C:/Xilinx/2025.1/Vitis/ide/electron-app/win64/resources/app/lib/frontend/bundle.js:2:2817303
    at s.invoke (file:///C:/Xilinx/2025.1/Vitis/ide/electron-app/win64/resources/app/lib/frontend/bundle.js:2:2817393)
    at a.fire (file:///C:/Xilinx/2025.1/Vitis/ide/electron-app/win64/resources/app/lib/frontend/bundle.js:2:2819196)
    at d.handleMessages (file:///C:/Xilinx/2025.1/Vitis/ide/electron-app/win64/resources/app/lib/frontend/bundle.js:2:8216579)
    at file:///C:/Xilinx/2025.1/Vitis/ide/electron-app/win64/resources/app/lib/frontend/bundle.js:2:8215788
    at file:///C:/Xilinx/2025.1/Vitis/ide/electron-app/win64/resources/app/lib/frontend/bundle.js:2:2817303
    at s.invoke (file:///C:/Xilinx/2025.1/Vitis/ide/electron-app/win64/resources/app/lib/frontend/bundle.js:2:2817393) 
2026-01-02 14:57:17 [debug] : Error: No reply handler for reply with id: 39
    at l.handleReply (file:///C:/Xilinx/2025.1/Vitis/ide/electron-app/win64/resources/app/lib/frontend/bundle.js:2:2870572)
    at l.handleMessage (file:///C:/Xilinx/2025.1/Vitis/ide/electron-app/win64/resources/app/lib/frontend/bundle.js:2:2870311)
    at file:///C:/Xilinx/2025.1/Vitis/ide/electron-app/win64/resources/app/lib/frontend/bundle.js:2:2869783
    at file:///C:/Xilinx/2025.1/Vitis/ide/electron-app/win64/resources/app/lib/frontend/bundle.js:2:2817303
    at s.invoke (file:///C:/Xilinx/2025.1/Vitis/ide/electron-app/win64/resources/app/lib/frontend/bundle.js:2:2817393)
    at a.fire (file:///C:/Xilinx/2025.1/Vitis/ide/electron-app/win64/resources/app/lib/frontend/bundle.js:2:2819196)
    at d.handleMessages (file:///C:/Xilinx/2025.1/Vitis/ide/electron-app/win64/resources/app/lib/frontend/bundle.js:2:8216579)
    at file:///C:/Xilinx/2025.1/Vitis/ide/electron-app/win64/resources/app/lib/frontend/bundle.js:2:8215788
    at file:///C:/Xilinx/2025.1/Vitis/ide/electron-app/win64/resources/app/lib/frontend/bundle.js:2:2817303
    at s.invoke (file:///C:/Xilinx/2025.1/Vitis/ide/electron-app/win64/resources/app/lib/frontend/bundle.js:2:2817393) 
2026-01-02 14:57:17 [debug] : Error: No reply handler for reply with id: 19
    at l.handleReply (file:///C:/Xilinx/2025.1/Vitis/ide/electron-app/win64/resources/app/lib/frontend/bundle.js:2:2870572)
    at l.handleMessage (file:///C:/Xilinx/2025.1/Vitis/ide/electron-app/win64/resources/app/lib/frontend/bundle.js:2:2870311)
    at file:///C:/Xilinx/2025.1/Vitis/ide/electron-app/win64/resources/app/lib/frontend/bundle.js:2:2869783
    at file:///C:/Xilinx/2025.1/Vitis/ide/electron-app/win64/resources/app/lib/frontend/bundle.js:2:2817303
    at s.invoke (file:///C:/Xilinx/2025.1/Vitis/ide/electron-app/win64/resources/app/lib/frontend/bundle.js:2:2817393)
    at a.fire (file:///C:/Xilinx/2025.1/Vitis/ide/electron-app/win64/resources/app/lib/frontend/bundle.js:2:2819196)
    at d.handleMessages (file:///C:/Xilinx/2025.1/Vitis/ide/electron-app/win64/resources/app/lib/frontend/bundle.js:2:8216579)
    at file:///C:/Xilinx/2025.1/Vitis/ide/electron-app/win64/resources/app/lib/frontend/bundle.js:2:8215788
    at file:///C:/Xilinx/2025.1/Vitis/ide/electron-app/win64/resources/app/lib/frontend/bundle.js:2:2817303
    at s.invoke (file:///C:/Xilinx/2025.1/Vitis/ide/electron-app/win64/resources/app/lib/frontend/bundle.js:2:2817393) 
2026-01-02 14:57:17 [debug] : Error: No reply handler for reply with id: 42
    at l.handleReply (file:///C:/Xilinx/2025.1/Vitis/ide/electron-app/win64/resources/app/lib/frontend/bundle.js:2:2870572)
    at l.handleMessage (file:///C:/Xilinx/2025.1/Vitis/ide/electron-app/win64/resources/app/lib/frontend/bundle.js:2:2870311)
    at file:///C:/Xilinx/2025.1/Vitis/ide/electron-app/win64/resources/app/lib/frontend/bundle.js:2:2869783
    at file:///C:/Xilinx/2025.1/Vitis/ide/electron-app/win64/resources/app/lib/frontend/bundle.js:2:2817303
    at s.invoke (file:///C:/Xilinx/2025.1/Vitis/ide/electron-app/win64/resources/app/lib/frontend/bundle.js:2:2817393)
    at a.fire (file:///C:/Xilinx/2025.1/Vitis/ide/electron-app/win64/resources/app/lib/frontend/bundle.js:2:2819196)
    at d.handleMessages (file:///C:/Xilinx/2025.1/Vitis/ide/electron-app/win64/resources/app/lib/frontend/bundle.js:2:8216579)
    at file:///C:/Xilinx/2025.1/Vitis/ide/electron-app/win64/resources/app/lib/frontend/bundle.js:2:8215788
    at file:///C:/Xilinx/2025.1/Vitis/ide/electron-app/win64/resources/app/lib/frontend/bundle.js:2:2817303
    at s.invoke (file:///C:/Xilinx/2025.1/Vitis/ide/electron-app/win64/resources/app/lib/frontend/bundle.js:2:2817393) 
2026-01-02 14:57:17 [debug] : Error: No reply handler for reply with id: 43
    at l.handleReply (file:///C:/Xilinx/2025.1/Vitis/ide/electron-app/win64/resources/app/lib/frontend/bundle.js:2:2870572)
    at l.handleMessage (file:///C:/Xilinx/2025.1/Vitis/ide/electron-app/win64/resources/app/lib/frontend/bundle.js:2:2870311)
    at file:///C:/Xilinx/2025.1/Vitis/ide/electron-app/win64/resources/app/lib/frontend/bundle.js:2:2869783
    at file:///C:/Xilinx/2025.1/Vitis/ide/electron-app/win64/resources/app/lib/frontend/bundle.js:2:2817303
    at s.invoke (file:///C:/Xilinx/2025.1/Vitis/ide/electron-app/win64/resources/app/lib/frontend/bundle.js:2:2817393)
    at a.fire (file:///C:/Xilinx/2025.1/Vitis/ide/electron-app/win64/resources/app/lib/frontend/bundle.js:2:2819196)
    at d.handleMessages (file:///C:/Xilinx/2025.1/Vitis/ide/electron-app/win64/resources/app/lib/frontend/bundle.js:2:8216579)
    at file:///C:/Xilinx/2025.1/Vitis/ide/electron-app/win64/resources/app/lib/frontend/bundle.js:2:8215788
    at file:///C:/Xilinx/2025.1/Vitis/ide/electron-app/win64/resources/app/lib/frontend/bundle.js:2:2817303
    at s.invoke (file:///C:/Xilinx/2025.1/Vitis/ide/electron-app/win64/resources/app/lib/frontend/bundle.js:2:2817393) 
2026-01-02 14:57:17 [debug] : Error: No reply handler for reply with id: 44
    at l.handleReply (file:///C:/Xilinx/2025.1/Vitis/ide/electron-app/win64/resources/app/lib/frontend/bundle.js:2:2870572)
    at l.handleMessage (file:///C:/Xilinx/2025.1/Vitis/ide/electron-app/win64/resources/app/lib/frontend/bundle.js:2:2870311)
    at file:///C:/Xilinx/2025.1/Vitis/ide/electron-app/win64/resources/app/lib/frontend/bundle.js:2:2869783
    at file:///C:/Xilinx/2025.1/Vitis/ide/electron-app/win64/resources/app/lib/frontend/bundle.js:2:2817303
    at s.invoke (file:///C:/Xilinx/2025.1/Vitis/ide/electron-app/win64/resources/app/lib/frontend/bundle.js:2:2817393)
    at a.fire (file:///C:/Xilinx/2025.1/Vitis/ide/electron-app/win64/resources/app/lib/frontend/bundle.js:2:2819196)
    at d.handleMessages (file:///C:/Xilinx/2025.1/Vitis/ide/electron-app/win64/resources/app/lib/frontend/bundle.js:2:8216579)
    at file:///C:/Xilinx/2025.1/Vitis/ide/electron-app/win64/resources/app/lib/frontend/bundle.js:2:8215788
    at file:///C:/Xilinx/2025.1/Vitis/ide/electron-app/win64/resources/app/lib/frontend/bundle.js:2:2817303
    at s.invoke (file:///C:/Xilinx/2025.1/Vitis/ide/electron-app/win64/resources/app/lib/frontend/bundle.js:2:2817393) 
2026-01-02 14:57:17 [debug] : [hosted-plugin: 15148] Error: No reply handler for reply with id: 5
    at c.handleReply (C:\Xilinx\2025.1\Vitis\ide\electron-app\win64\resources\app\lib\backend\19.js:1:45381)
    at c.handleMessage (C:\Xilinx\2025.1\Vitis\ide\electron-app\win64\resources\app\lib\backend\19.js:1:45120)
    at C:\Xilinx\2025.1\Vitis\ide\electron-app\win64\resources\app\lib\backend\19.js:1:44592
    at C:\Xilinx\2025.1\Vitis\ide\electron-app\win64\resources\app\lib\backend\19.js:1:15380
    at s.invoke (C:\Xilinx\2025.1\Vitis\ide\electron-app\win64\resources\app\lib\backend\19.js:1:15470)
    at a.fire (C:\Xilinx\2025.1\Vitis\ide\electron-app\win64\resources\app\lib\backend\19.js:1:17273)
    at h.handleMessages (C:\Xilinx\2025.1\Vitis\ide\electron-app\win64\resources\app\lib\backend\557.js:1:82043)
    at C:\Xilinx\2025.1\Vitis\ide\electron-app\win64\resources\app\lib\backend\557.js:1:81252
    at C:\Xilinx\2025.1\Vitis\ide\electron-app\win64\resources\app\lib\backend\19.js:1:15380
    at s.invoke (C:\Xilinx\2025.1\Vitis\ide\electron-app\win64\resources\app\lib\backend\19.js:1:15470) 
2026-01-02 14:57:17 [debug] : [hosted-plugin: 15148] Error: No reply handler for reply with id: 6
    at c.handleReply (C:\Xilinx\2025.1\Vitis\ide\electron-app\win64\resources\app\lib\backend\19.js:1:45381)
    at c.handleMessage (C:\Xilinx\2025.1\Vitis\ide\electron-app\win64\resources\app\lib\backend\19.js:1:45120)
    at C:\Xilinx\2025.1\Vitis\ide\electron-app\win64\resources\app\lib\backend\19.js:1:44592
    at C:\Xilinx\2025.1\Vitis\ide\electron-app\win64\resources\app\lib\backend\19.js:1:15380
    at s.invoke (C:\Xilinx\2025.1\Vitis\ide\electron-app\win64\resources\app\lib\backend\19.js:1:15470)
    at a.fire (C:\Xilinx\2025.1\Vitis\ide\electron-app\win64\resources\app\lib\backend\19.js:1:17273)
    at h.handleMessages (C:\Xilinx\2025.1\Vitis\ide\electron-app\win64\resources\app\lib\backend\557.js:1:82043)
    at C:\Xilinx\2025.1\Vitis\ide\electron-app\win64\resources\app\lib\backend\557.js:1:81252
    at C:\Xilinx\2025.1\Vitis\ide\electron-app\win64\resources\app\lib\backend\19.js:1:15380
    at s.invoke (C:\Xilinx\2025.1\Vitis\ide\electron-app\win64\resources\app\lib\backend\19.js:1:15470)
Error: No reply handler for reply with id: 7
    at c.handleReply (C:\Xilinx\2025.1\Vitis\ide\electron-app\win64\resources\app\lib\backend\19.js:1:45381)
    at c.handleMessage (C:\Xilinx\2025.1\Vitis\ide\electron-app\win64\resources\app\lib\backend\19.js:1:45120)
    at C:\Xilinx\2025.1\Vitis\ide\electron-app\win64\resources\app\lib\backend\19.js:1:44592
    at C:\Xilinx\2025.1\Vitis\ide\electron-app\win64\resources\app\lib\backend\19.js:1:15380
    at s.invoke (C:\Xilinx\2025.1\Vitis\ide\electron-app\win64\resources\app\lib\backend\19.js:1:15470)
    at a.fire (C:\Xilinx\2025.1\Vitis\ide\electron-app\win64\resources\app\lib\backend\19.js:1:17273)
    at h.handleMessages (C:\Xilinx\2025.1\Vitis\ide\electron-app\win64\resources\app\lib\backend\557.js:1:82043)
    at C:\Xilinx\2025.1\Vitis\ide\electron-app\win64\resources\app\lib\backend\557.js:1:81252
    at C:\Xilinx\2025.1\Vitis\ide\electron-app\win64\resources\app\lib\backend\19.js:1:15380
    at s.invoke (C:\Xilinx\2025.1\Vitis\ide\electron-app\win64\resources\app\lib\backend\19.js:1:15470)
Error: No reply handler for reply with id: 8
    at c.handleReply (C:\Xilinx\2025.1\Vitis\ide\electron-app\win64\resources\app\lib\backend\19.js:1:45381)
    at c.handleMessage (C:\Xilinx\2025.1\Vitis\ide\electron-app\win64\resources\app\lib\backend\19.js:1:45120)
    at C:\Xilinx\2025.1\Vitis\ide\electron-app\win64\resources\app\lib\backend\19.js:1:44592
    at C:\Xilinx\2025.1\Vitis\ide\electron-app\win64\resources\app\lib\backend\19.js:1:15380
    at s.invoke (C:\Xilinx\2025.1\Vitis\ide\electron-app\win64\resources\app\lib\backend\19.js:1:15470)
    at a.fire (C:\Xilinx\2025.1\Vitis\ide\electron-app\win64\resources\app\lib\backend\19.js:1:17273)
    at h.handleMessages (C:\Xilinx\2025.1\Vitis\ide\electron-app\win64\resources\app\lib\backend\557.js:1:82043)
    at C:\Xilinx\2025.1\Vitis\ide\electron-app\win64\resources\app\lib\backend\557.js:1:81252
    at C:\Xilinx\2025.1\Vitis\ide\electron-app\win64\resources\app\lib\backend\19.js:1:15380
    at s.invoke (C:\Xilinx\2025.1\Vitis\ide\electron-app\win64\resources\app\lib\backend\19.js:1:15470) 
2026-01-02 14:57:17 [debug] : [hosted-plugin: 15148] Error: No reply handler for reply with id: 9
    at c.handleReply (C:\Xilinx\2025.1\Vitis\ide\electron-app\win64\resources\app\lib\backend\19.js:1:45381)
    at c.handleMessage (C:\Xilinx\2025.1\Vitis\ide\electron-app\win64\resources\app\lib\backend\19.js:1:45120)
    at C:\Xilinx\2025.1\Vitis\ide\electron-app\win64\resources\app\lib\backend\19.js:1:44592
    at C:\Xilinx\2025.1\Vitis\ide\electron-app\win64\resources\app\lib\backend\19.js:1:15380
    at s.invoke (C:\Xilinx\2025.1\Vitis\ide\electron-app\win64\resources\app\lib\backend\19.js:1:15470)
    at a.fire (C:\Xilinx\2025.1\Vitis\ide\electron-app\win64\resources\app\lib\backend\19.js:1:17273)
    at h.handleMessages (C:\Xilinx\2025.1\Vitis\ide\electron-app\win64\resources\app\lib\backend\557.js:1:82043)
    at C:\Xilinx\2025.1\Vitis\ide\electron-app\win64\resources\app\lib\backend\557.js:1:81252
    at C:\Xilinx\2025.1\Vitis\ide\electron-app\win64\resources\app\lib\backend\19.js:1:15380
    at s.invoke (C:\Xilinx\2025.1\Vitis\ide\electron-app\win64\resources\app\lib\backend\19.js:1:15470)
Error: No reply handler for reply with id: 10
    at c.handleReply (C:\Xilinx\2025.1\Vitis\ide\electron-app\win64\resources\app\lib\backend\19.js:1:45381)
    at c.handleMessage (C:\Xilinx\2025.1\Vitis\ide\electron-app\win64\resources\app\lib\backend\19.js:1:45120)
    at C:\Xilinx\2025.1\Vitis\ide\electron-app\win64\resources\app\lib\backend\19.js:1:44592
    at C:\Xilinx\2025.1\Vitis\ide\electron-app\win64\resources\app\lib\backend\19.js:1:15380
    at s.invoke (C:\Xilinx\2025.1\Vitis\ide\electron-app\win64\resources\app\lib\backend\19.js:1:15470)
    at a.fire (C:\Xilinx\2025.1\Vitis\ide\electron-app\win64\resources\app\lib\backend\19.js:1:17273)
    at h.handleMessages (C:\Xilinx\2025.1\Vitis\ide\electron-app\win64\resources\app\lib\backend\557.js:1:82043)
    at C:\Xilinx\2025.1\Vitis\ide\electron-app\win64\resources\app\lib\backend\557.js:1:81252
    at C:\Xilinx\2025.1\Vitis\ide\electron-app\win64\resources\app\lib\backend\19.js:1:15380
    at s.invoke (C:\Xilinx\2025.1\Vitis\ide\electron-app\win64\resources\app\lib\backend\19.js:1:15470)
Error: No reply handler for reply with id: 11
    at c.handleReply (C:\Xilinx\2025.1\Vitis\ide\electron-app\win64\resources\app\lib\backend\19.js:1:45381)
    at c.handleMessage (C:\Xilinx\2025.1\Vitis\ide\electron-app\win64\resources\app\lib\backend\19.js:1:45120)
    at C:\Xilinx\2025.1\Vitis\ide\electron-app\win64\resources\app\lib\backend\19.js:1:44592
    at C:\Xilinx\2025.1\Vitis\ide\electron-app\win64\resources\app\lib\backend\19.js:1:15380
    at s.invoke (C:\Xilinx\2025.1\Vitis\ide\electron-app\win64\resources\app\lib\backend\19.js:1:15470)
    at a.fire (C:\Xilinx\2025.1\Vitis\ide\electron-app\win64\resources\app\lib\backend\19.js:1:17273)
    at h.handleMessages (C:\Xilinx\2025.1\Vitis\ide\electron-app\win64\resources\app\lib\backend\557.js:1:82043)
    at C:\Xilinx\2025.1\Vitis\ide\electron-app\win64\resources\app\lib\backend\557.js:1:81252
    at C:\Xilinx\2025.1\Vitis\ide\electron-app\win64\resources\app\lib\backend\19.js:1:15380
    at s.invoke (C:\Xilinx\2025.1\Vitis\ide\electron-app\win64\resources\app\lib\backend\19.js:1:15470) 
2026-01-02 14:57:17 [debug] : [hosted-plugin: 15148] Error: No reply handler for reply with id: 2
    at c.handleReply (C:\Xilinx\2025.1\Vitis\ide\electron-app\win64\resources\app\lib\backend\19.js:1:45381)
    at c.handleMessage (C:\Xilinx\2025.1\Vitis\ide\electron-app\win64\resources\app\lib\backend\19.js:1:45120)
    at C:\Xilinx\2025.1\Vitis\ide\electron-app\win64\resources\app\lib\backend\19.js:1:44592
    at C:\Xilinx\2025.1\Vitis\ide\electron-app\win64\resources\app\lib\backend\19.js:1:15380
    at s.invoke (C:\Xilinx\2025.1\Vitis\ide\electron-app\win64\resources\app\lib\backend\19.js:1:15470)
    at a.fire (C:\Xilinx\2025.1\Vitis\ide\electron-app\win64\resources\app\lib\backend\19.js:1:17273)
    at h.handleMessages (C:\Xilinx\2025.1\Vitis\ide\electron-app\win64\resources\app\lib\backend\557.js:1:82043)
    at C:\Xilinx\2025.1\Vitis\ide\electron-app\win64\resources\app\lib\backend\557.js:1:81252
    at C:\Xilinx\2025.1\Vitis\ide\electron-app\win64\resources\app\lib\backend\19.js:1:15380
    at s.invoke (C:\Xilinx\2025.1\Vitis\ide\electron-app\win64\resources\app\lib\backend\19.js:1:15470) 
2026-01-02 14:57:17 [debug] : [hosted-plugin: 15148] Error: No reply handler for reply with id: 3
    at c.handleReply (C:\Xilinx\2025.1\Vitis\ide\electron-app\win64\resources\app\lib\backend\19.js:1:45381)
    at c.handleMessage (C:\Xilinx\2025.1\Vitis\ide\electron-app\win64\resources\app\lib\backend\19.js:1:45120)
    at C:\Xilinx\2025.1\Vitis\ide\electron-app\win64\resources\app\lib\backend\19.js:1:44592
    at C:\Xilinx\2025.1\Vitis\ide\electron-app\win64\resources\app\lib\backend\19.js:1:15380
    at s.invoke (C:\Xilinx\2025.1\Vitis\ide\electron-app\win64\resources\app\lib\backend\19.js:1:15470)
    at a.fire (C:\Xilinx\2025.1\Vitis\ide\electron-app\win64\resources\app\lib\backend\19.js:1:17273)
    at h.handleMessages (C:\Xilinx\2025.1\Vitis\ide\electron-app\win64\resources\app\lib\backend\557.js:1:82043)
    at C:\Xilinx\2025.1\Vitis\ide\electron-app\win64\resources\app\lib\backend\557.js:1:81252
    at C:\Xilinx\2025.1\Vitis\ide\electron-app\win64\resources\app\lib\backend\19.js:1:15380
    at s.invoke (C:\Xilinx\2025.1\Vitis\ide\electron-app\win64\resources\app\lib\backend\19.js:1:15470) 
2026-01-02 14:57:17 [debug] : [hosted-plugin: 15148] Error: No reply handler for reply with id: 4
    at c.handleReply (C:\Xilinx\2025.1\Vitis\ide\electron-app\win64\resources\app\lib\backend\19.js:1:45381)
    at c.handleMessage (C:\Xilinx\2025.1\Vitis\ide\electron-app\win64\resources\app\lib\backend\19.js:1:45120)
    at C:\Xilinx\2025.1\Vitis\ide\electron-app\win64\resources\app\lib\backend\19.js:1:44592
    at C:\Xilinx\2025.1\Vitis\ide\electron-app\win64\resources\app\lib\backend\19.js:1:15380
    at s.invoke (C:\Xilinx\2025.1\Vitis\ide\electron-app\win64\resources\app\lib\backend\19.js:1:15470)
    at a.fire (C:\Xilinx\2025.1\Vitis\ide\electron-app\win64\resources\app\lib\backend\19.js:1:17273)
    at h.handleMessages (C:\Xilinx\2025.1\Vitis\ide\electron-app\win64\resources\app\lib\backend\557.js:1:82043)
    at C:\Xilinx\2025.1\Vitis\ide\electron-app\win64\resources\app\lib\backend\557.js:1:81252
    at C:\Xilinx\2025.1\Vitis\ide\electron-app\win64\resources\app\lib\backend\19.js:1:15380
    at s.invoke (C:\Xilinx\2025.1\Vitis\ide\electron-app\win64\resources\app\lib\backend\19.js:1:15470) 
2026-01-02 14:57:17 [debug] : Error: No reply handler for error reply with id: 16
    at l.handleReplyErr (file:///C:/Xilinx/2025.1/Vitis/ide/electron-app/win64/resources/app/lib/frontend/bundle.js:2:2870779)
    at l.handleMessage (file:///C:/Xilinx/2025.1/Vitis/ide/electron-app/win64/resources/app/lib/frontend/bundle.js:2:2870359)
    at file:///C:/Xilinx/2025.1/Vitis/ide/electron-app/win64/resources/app/lib/frontend/bundle.js:2:2869783
    at file:///C:/Xilinx/2025.1/Vitis/ide/electron-app/win64/resources/app/lib/frontend/bundle.js:2:2817303
    at s.invoke (file:///C:/Xilinx/2025.1/Vitis/ide/electron-app/win64/resources/app/lib/frontend/bundle.js:2:2817393)
    at a.fire (file:///C:/Xilinx/2025.1/Vitis/ide/electron-app/win64/resources/app/lib/frontend/bundle.js:2:2819196)
    at d.handleMessages (file:///C:/Xilinx/2025.1/Vitis/ide/electron-app/win64/resources/app/lib/frontend/bundle.js:2:8216579)
    at file:///C:/Xilinx/2025.1/Vitis/ide/electron-app/win64/resources/app/lib/frontend/bundle.js:2:8215788
    at file:///C:/Xilinx/2025.1/Vitis/ide/electron-app/win64/resources/app/lib/frontend/bundle.js:2:2817303
    at s.invoke (file:///C:/Xilinx/2025.1/Vitis/ide/electron-app/win64/resources/app/lib/frontend/bundle.js:2:2817393) 
2026-01-02 14:57:17 [debug] : Error: No reply handler for error reply with id: 25
    at l.handleReplyErr (file:///C:/Xilinx/2025.1/Vitis/ide/electron-app/win64/resources/app/lib/frontend/bundle.js:2:2870779)
    at l.handleMessage (file:///C:/Xilinx/2025.1/Vitis/ide/electron-app/win64/resources/app/lib/frontend/bundle.js:2:2870359)
    at file:///C:/Xilinx/2025.1/Vitis/ide/electron-app/win64/resources/app/lib/frontend/bundle.js:2:2869783
    at file:///C:/Xilinx/2025.1/Vitis/ide/electron-app/win64/resources/app/lib/frontend/bundle.js:2:2817303
    at s.invoke (file:///C:/Xilinx/2025.1/Vitis/ide/electron-app/win64/resources/app/lib/frontend/bundle.js:2:2817393)
    at a.fire (file:///C:/Xilinx/2025.1/Vitis/ide/electron-app/win64/resources/app/lib/frontend/bundle.js:2:2819196)
    at d.handleMessages (file:///C:/Xilinx/2025.1/Vitis/ide/electron-app/win64/resources/app/lib/frontend/bundle.js:2:8216579)
    at file:///C:/Xilinx/2025.1/Vitis/ide/electron-app/win64/resources/app/lib/frontend/bundle.js:2:8215788
    at file:///C:/Xilinx/2025.1/Vitis/ide/electron-app/win64/resources/app/lib/frontend/bundle.js:2:2817303
    at s.invoke (file:///C:/Xilinx/2025.1/Vitis/ide/electron-app/win64/resources/app/lib/frontend/bundle.js:2:2817393) 
2026-01-02 14:57:17 [debug] : Error: No reply handler for error reply with id: 27
    at l.handleReplyErr (file:///C:/Xilinx/2025.1/Vitis/ide/electron-app/win64/resources/app/lib/frontend/bundle.js:2:2870779)
    at l.handleMessage (file:///C:/Xilinx/2025.1/Vitis/ide/electron-app/win64/resources/app/lib/frontend/bundle.js:2:2870359)
    at file:///C:/Xilinx/2025.1/Vitis/ide/electron-app/win64/resources/app/lib/frontend/bundle.js:2:2869783
    at file:///C:/Xilinx/2025.1/Vitis/ide/electron-app/win64/resources/app/lib/frontend/bundle.js:2:2817303
    at s.invoke (file:///C:/Xilinx/2025.1/Vitis/ide/electron-app/win64/resources/app/lib/frontend/bundle.js:2:2817393)
    at a.fire (file:///C:/Xilinx/2025.1/Vitis/ide/electron-app/win64/resources/app/lib/frontend/bundle.js:2:2819196)
    at d.handleMessages (file:///C:/Xilinx/2025.1/Vitis/ide/electron-app/win64/resources/app/lib/frontend/bundle.js:2:8216579)
    at file:///C:/Xilinx/2025.1/Vitis/ide/electron-app/win64/resources/app/lib/frontend/bundle.js:2:8215788
    at file:///C:/Xilinx/2025.1/Vitis/ide/electron-app/win64/resources/app/lib/frontend/bundle.js:2:2817303
    at s.invoke (file:///C:/Xilinx/2025.1/Vitis/ide/electron-app/win64/resources/app/lib/frontend/bundle.js:2:2817393) 
2026-01-02 14:57:17 [debug] : Error: No reply handler for error reply with id: 40
    at l.handleReplyErr (file:///C:/Xilinx/2025.1/Vitis/ide/electron-app/win64/resources/app/lib/frontend/bundle.js:2:2870779)
    at l.handleMessage (file:///C:/Xilinx/2025.1/Vitis/ide/electron-app/win64/resources/app/lib/frontend/bundle.js:2:2870359)
    at file:///C:/Xilinx/2025.1/Vitis/ide/electron-app/win64/resources/app/lib/frontend/bundle.js:2:2869783
    at file:///C:/Xilinx/2025.1/Vitis/ide/electron-app/win64/resources/app/lib/frontend/bundle.js:2:2817303
    at s.invoke (file:///C:/Xilinx/2025.1/Vitis/ide/electron-app/win64/resources/app/lib/frontend/bundle.js:2:2817393)
    at a.fire (file:///C:/Xilinx/2025.1/Vitis/ide/electron-app/win64/resources/app/lib/frontend/bundle.js:2:2819196)
    at d.handleMessages (file:///C:/Xilinx/2025.1/Vitis/ide/electron-app/win64/resources/app/lib/frontend/bundle.js:2:8216579)
    at file:///C:/Xilinx/2025.1/Vitis/ide/electron-app/win64/resources/app/lib/frontend/bundle.js:2:8215788
    at file:///C:/Xilinx/2025.1/Vitis/ide/electron-app/win64/resources/app/lib/frontend/bundle.js:2:2817303
    at s.invoke (file:///C:/Xilinx/2025.1/Vitis/ide/electron-app/win64/resources/app/lib/frontend/bundle.js:2:2817393) 
2026-01-02 14:57:17 [debug] : Failed to start plugins for 'main' host {"0":"Error: no local service handler with id NotificationMain\n    at t.RPCProtocolImpl.handleRequest (file:///C:/Xilinx/2025.1/Vitis/ide/electron-app/win64/resources/app/lib/frontend/bundle.js:2:8214635)\n    at l.requestHandler (file:///C:/Xilinx/2025.1/Vitis/ide/electron-app/win64/resources/app/lib/frontend/bundle.js:2:8214268)\n    at l.handleRequest (file:///C:/Xilinx/2025.1/Vitis/ide/electron-app/win64/resources/app/lib/frontend/bundle.js:2:2872243)\n    at l.handleMessage (file:///C:/Xilinx/2025.1/Vitis/ide/electron-app/win64/resources/app/lib/frontend/bundle.js:2:2870149)\n    at file:///C:/Xilinx/2025.1/Vitis/ide/electron-app/win64/resources/app/lib/frontend/bundle.js:2:2869783\n    at file:///C:/Xilinx/2025.1/Vitis/ide/electron-app/win64/resources/app/lib/frontend/bundle.js:2:2817303\n    at s.invoke (file:///C:/Xilinx/2025.1/Vitis/ide/electron-app/win64/resources/app/lib/frontend/bundle.js:2:2817393)\n    at a.fire (file:///C:/Xilinx/2025.1/Vitis/ide/electron-app/win64/resources/app/lib/frontend/bundle.js:2:2819196)\n    at d.handleMessages (file:///C:/Xilinx/2025.1/Vitis/ide/electron-app/win64/resources/app/lib/frontend/bundle.js:2:8216579)\n    at file:///C:/Xilinx/2025.1/Vitis/ide/electron-app/win64/resources/app/lib/frontend/bundle.js:2:8215788"}
2026-01-02 14:57:18 [debug] : [hosted-plugin: 15148] Promise rejection not handled in one second: Error: no local service handler with id WorkspaceMain , reason: Error: no local service handler with id WorkspaceMain
With stack trace: Error: no local service handler with id WorkspaceMain
    at t.RPCProtocolImpl.handleRequest (file:///C:/Xilinx/2025.1/Vitis/ide/electron-app/win64/resources/app/lib/frontend/bundle.js:2:8214635)
    at l.requestHandler (file:///C:/Xilinx/2025.1/Vitis/ide/electron-app/win64/resources/app/lib/frontend/bundle.js:2:8214268)
    at l.handleRequest (file:///C:/Xilinx/2025.1/Vitis/ide/electron-app/win64/resources/app/lib/frontend/bundle.js:2:2872243)
    at l.handleMessage (file:///C:/Xilinx/2025.1/Vitis/ide/electron-app/win64/resources/app/lib/frontend/bundle.js:2:2870149)
    at file:///C:/Xilinx/2025.1/Vitis/ide/electron-app/win64/resources/app/lib/frontend/bundle.js:2:2869783
    at file:///C:/Xilinx/2025.1/Vitis/ide/electron-app/win64/resources/app/lib/frontend/bundle.js:2:2817303
    at s.invoke (file:///C:/Xilinx/2025.1/Vitis/ide/electron-app/win64/resources/app/lib/frontend/bundle.js:2:2817393)
    at a.fire (file:///C:/Xilinx/2025.1/Vitis/ide/electron-app/win64/resources/app/lib/frontend/bundle.js:2:2819196)
    at d.handleMessages (file:///C:/Xilinx/2025.1/Vitis/ide/electron-app/win64/resources/app/lib/frontend/bundle.js:2:8216579)
    at file:///C:/Xilinx/2025.1/Vitis/ide/electron-app/win64/resources/app/lib/frontend/bundle.js:2:8215788 
2026-01-02 14:57:18 [debug] : [hosted-plugin: 15148] Promise rejection not handled in one second: Error: no local service handler with id DebugMain , reason: Error: no local service handler with id DebugMain
With stack trace: Error: no local service handler with id DebugMain
    at t.RPCProtocolImpl.handleRequest (file:///C:/Xilinx/2025.1/Vitis/ide/electron-app/win64/resources/app/lib/frontend/bundle.js:2:8214635)
    at l.requestHandler (file:///C:/Xilinx/2025.1/Vitis/ide/electron-app/win64/resources/app/lib/frontend/bundle.js:2:8214268)
    at l.handleRequest (file:///C:/Xilinx/2025.1/Vitis/ide/electron-app/win64/resources/app/lib/frontend/bundle.js:2:2872243)
    at l.handleMessage (file:///C:/Xilinx/2025.1/Vitis/ide/electron-app/win64/resources/app/lib/frontend/bundle.js:2:2870149)
    at file:///C:/Xilinx/2025.1/Vitis/ide/electron-app/win64/resources/app/lib/frontend/bundle.js:2:2869783
    at file:///C:/Xilinx/2025.1/Vitis/ide/electron-app/win64/resources/app/lib/frontend/bundle.js:2:2817303
    at s.invoke (file:///C:/Xilinx/2025.1/Vitis/ide/electron-app/win64/resources/app/lib/frontend/bundle.js:2:2817393)
    at a.fire (file:///C:/Xilinx/2025.1/Vitis/ide/electron-app/win64/resources/app/lib/frontend/bundle.js:2:2819196)
    at d.handleMessages (file:///C:/Xilinx/2025.1/Vitis/ide/electron-app/win64/resources/app/lib/frontend/bundle.js:2:8216579)
    at file:///C:/Xilinx/2025.1/Vitis/ide/electron-app/win64/resources/app/lib/frontend/bundle.js:2:8215788 
2026-01-02 14:57:18 [debug] : [hosted-plugin: 15148] Promise rejection not handled in one second: Error: no local service handler with id DebugMain , reason: Error: no local service handler with id DebugMain 
2026-01-02 14:57:18 [debug] : [hosted-plugin: 15148] With stack trace: Error: no local service handler with id DebugMain
    at t.RPCProtocolImpl.handleRequest (file:///C:/Xilinx/2025.1/Vitis/ide/electron-app/win64/resources/app/lib/frontend/bundle.js:2:8214635)
    at l.requestHandler (file:///C:/Xilinx/2025.1/Vitis/ide/electron-app/win64/resources/app/lib/frontend/bundle.js:2:8214268)
    at l.handleRequest (file:///C:/Xilinx/2025.1/Vitis/ide/electron-app/win64/resources/app/lib/frontend/bundle.js:2:2872243)
    at l.handleMessage (file:///C:/Xilinx/2025.1/Vitis/ide/electron-app/win64/resources/app/lib/frontend/bundle.js:2:2870149)
    at file:///C:/Xilinx/2025.1/Vitis/ide/electron-app/win64/resources/app/lib/frontend/bundle.js:2:2869783
    at file:///C:/Xilinx/2025.1/Vitis/ide/electron-app/win64/resources/app/lib/frontend/bundle.js:2:2817303
    at s.invoke (file:///C:/Xilinx/2025.1/Vitis/ide/electron-app/win64/resources/app/lib/frontend/bundle.js:2:2817393)
    at a.fire (file:///C:/Xilinx/2025.1/Vitis/ide/electron-app/win64/resources/app/lib/frontend/bundle.js:2:2819196)
    at d.handleMessages (file:///C:/Xilinx/2025.1/Vitis/ide/electron-app/win64/resources/app/lib/frontend/bundle.js:2:8216579)
    at file:///C:/Xilinx/2025.1/Vitis/ide/electron-app/win64/resources/app/lib/frontend/bundle.js:2:8215788
Promise rejection not handled in one second: Error: no local service handler with id DebugMain , reason: Error: no local service handler with id DebugMain
With stack trace: Error: no local service handler with id DebugMain
    at t.RPCProtocolImpl.handleRequest (file:///C:/Xilinx/2025.1/Vitis/ide/electron-app/win64/resources/app/lib/frontend/bundle.js:2:8214635)
    at l.requestHandler (file:///C:/Xilinx/2025.1/Vitis/ide/electron-app/win64/resources/app/lib/frontend/bundle.js:2:8214268)
    at l.handleRequest (file:///C:/Xilinx/2025.1/Vitis/ide/electron-app/win64/resources/app/lib/frontend/bundle.js:2:2872243)
    at l.handleMessage (file:///C:/Xilinx/2025.1/Vitis/ide/electron-app/win64/resources/app/lib/frontend/bundle.js:2:2870149)
    at file:///C:/Xilinx/2025.1/Vitis/ide/electron-app/win64/resources/app/lib/frontend/bundle.js:2:2869783
    at file:///C:/Xilinx/2025.1/Vitis/ide/electron-app/win64/resources/app/lib/frontend/bundle.js:2:2817303
    at s.invoke (file:///C:/Xilinx/2025.1/Vitis/ide/electron-app/win64/resources/app/lib/frontend/bundle.js:2:2817393)
    at a.fire (file:///C:/Xilinx/2025.1/Vitis/ide/electron-app/win64/resources/app/lib/frontend/bundle.js:2:2819196)
    at d.handleMessages (file:///C:/Xilinx/2025.1/Vitis/ide/electron-app/win64/resources/app/lib/frontend/bundle.js:2:8216579)
    at file:///C:/Xilinx/2025.1/Vitis/ide/electron-app/win64/resources/app/lib/frontend/bundle.js:2:8215788
Promise rejection not handled in one second: Error: no local service handler with id DebugMain , reason: Error: no local service handler with id DebugMain
With stack trace: Error: no local service handler with id DebugMain
    at t.RPCProtocolImpl.handleRequest (file:///C:/Xilinx/2025.1/Vitis/ide/electron-app/win64/resources/app/lib/frontend/bundle.js:2:8214635)
    at l.requestHandler (file:///C:/Xilinx/2025.1/Vitis/ide/electron-app/win64/resources/app/lib/frontend/bundle.js:2:8214268)
    at l.handleRequest (file:///C:/Xilinx/2025.1/Vitis/ide/electron-app/win64/resources/app/lib/frontend/bundle.js:2:2872243)
    at l.handleMessage (file:///C:/Xilinx/2025.1/Vitis/ide/electron-app/win64/resources/app/lib/frontend/bundle.js:2:2870149)
    at file:///C:/Xilinx/2025.1/Vitis/ide/electron-app/win64/resources/app/lib/frontend/bundle.js:2:2869783
    at file:///C:/Xilinx/2025.1/Vitis/ide/electron-app/win64/resources/app/lib/frontend/bundle.js:2:2817303
    at s.invoke (file:///C:/Xilinx/2025.1/Vitis/ide/electron-app/win64/resources/app/lib/frontend/bundle.js:2:2817393)
    at a.fire (file:///C:/Xilinx/2025.1/Vitis/ide/electron-app/win64/resources/app/lib/frontend/bundle.js:2:2819196)
    at d.handleMessages (file:///C:/Xilinx/2025.1/Vitis/ide/electron-app/win64/resources/app/lib/frontend/bundle.js:2:8216579)
    at file:///C:/Xilinx/2025.1/Vitis/ide/electron-app/win64/resources/app/lib/frontend/bundle.js:2:8215788 
2026-01-02 15:08:57 [debug] : socked closed 
2026-01-02 15:08:57 [debug] : closing connection for 1 
2026-01-02 15:08:57 [debug] : Closing channel on service path '/localization-server'. 
2026-01-02 15:08:57 [debug] : Closing channel on service path '/os'. 
2026-01-02 15:08:57 [debug] : Closing channel on service path '/services/commands'. 
2026-01-02 15:08:57 [debug] : Closing channel on service path '/services/keyboard'. 
2026-01-02 15:08:57 [debug] : Closing channel on service path '/services/logger'. 
2026-01-02 15:08:57 [debug] : Closing channel on service path '/services/messageService'. 
2026-01-02 15:08:57 [debug] : Closing channel on service path '/services/ChannelCloseService'. 
2026-01-02 15:08:57 [debug] : Closing channel on service path '/services/startup-workspace'. 
2026-01-02 15:08:57 [debug] : Closing channel on service path '/services/rigel-workspace'. 
2026-01-02 15:08:57 [debug] : Closing channel on service path '/services/remote-filesystem'. 
2026-01-02 15:08:57 [debug] : Closing channel on service path '/services/envs'. 
2026-01-02 15:08:57 [debug] : Closing channel on service path '/services/workspace'. 
2026-01-02 15:08:57 [debug] : Closing channel on service path '/services/stopwatch'. 
2026-01-02 15:08:57 [debug] : Closing channel on service path '/services/rigel-utils'. 
2026-01-02 15:08:57 [debug] : [Rigel Utils Server] Disposing objects in backend. 
2026-01-02 15:08:57 [debug] : Closing channel on service path '/services/application'. 
2026-01-02 15:08:57 [debug] : Closing channel on service path '/services/i18n'. 
2026-01-02 15:08:57 [debug] : Closing channel on service path '/services/quickInput'. 
2026-01-02 15:08:57 [debug] : Closing channel on service path '/services/project'. 
2026-01-02 15:08:57 [debug] : Closing channel on service path '/services/component'. 
2026-01-02 15:08:57 [debug] : Closing channel on service path '/services/feature-registry'. 
2026-01-02 15:08:57 [debug] : Closing channel on service path '/services/debugger'. 
2026-01-02 15:08:57 [debug] : Closing channel on service path '/services/debug'. 
2026-01-02 15:08:57 [debug] : Closing channel on service path '/services/shell-terminal'. 
2026-01-02 15:08:57 [debug] : Closing channel on service path '/services/quickPick'. 
2026-01-02 15:08:57 [debug] : Closing channel on service path '/services/task'. 
2026-01-02 15:08:57 [debug] : a client has disconnected - removed from list: 
2026-01-02 15:08:57 [debug] : Closing channel on service path '/services/search'. 
2026-01-02 15:08:57 [debug] : Closing channel on service path '/services/hostedPlugin'. 
2026-01-02 15:08:57 [debug] : Closing channel on service path '/services/plugin-ext'. 
2026-01-02 15:08:57 [debug] : Closing channel on service path '/services/plugin-paths'. 
2026-01-02 15:08:57 [debug] : Closing channel on service path '/services/vsx-environment'. 
2026-01-02 15:08:57 [debug] : Closing channel on service path '/services/request-service'. 
2026-01-02 15:08:57 [debug] : Closing channel on service path '/services/cli-preferences'. 
2026-01-02 15:08:57 [debug] : Closing channel on service path '/services/server'. 
2026-01-02 15:08:57 [debug] : Closing channel on service path '/services/repository'. 
2026-01-02 15:08:57 [debug] : [Repository Server] Disposing objects in backend. 
2026-01-02 15:08:57 [debug] : Closing channel on service path '/services/program_flash'. 
2026-01-02 15:08:57 [debug] : [Program Flash Server] Disposing objects in backend. 
2026-01-02 15:08:57 [debug] : Closing channel on service path '/services/build'. 
2026-01-02 15:08:57 [debug] : [Build Server] Disposing objects in backend. 
2026-01-02 15:08:57 [debug] : Closing channel on service path 'services/rigel-backend-helper'. 
2026-01-02 15:08:57 [debug] : Closing channel on service path '/services/aie'. 
2026-01-02 15:08:57 [debug] : [AIE Server] Disposing objects in backend. 
2026-01-02 15:08:57 [debug] : Closing channel on service path '/services/analysis'. 
2026-01-02 15:08:57 [debug] : Closing channel on service path '/services/notification'. 
2026-01-02 15:08:57 [debug] : Closing channel on service path '/services/recent-summaries'. 
2026-01-02 15:08:57 [debug] : Closing channel on service path '/services/platform'. 
2026-01-02 15:08:57 [debug] : Closing channel on service path '/services/hls/l1library/service'. 
2026-01-02 15:08:57 [debug] : Closing channel on service path '/services/elf-reader'. 
2026-01-02 15:08:57 [debug] : [Elf Reader Server] Disposing objects in backend. 
2026-01-02 15:08:57 [debug] : Closing channel on service path '/services/rigel_explorer'. 
2026-01-02 15:08:57 [debug] : Closing channel on service path '/services/linker-script'. 
2026-01-02 15:08:57 [debug] : Closing channel on service path '/services/rigel-logger'. 
2026-01-02 15:08:57 [debug] : [Logger Server] Disposing objects in backend. 
2026-01-02 15:08:57 [debug] : Closing channel on service path '/services/vitis-hls'. 
2026-01-02 15:08:57 [debug] : Closing channel on service path '/services/device'. 
2026-01-02 15:08:57 [debug] : Closing channel on service path '/services/vcxx'. 
2026-01-02 15:08:57 [debug] : [Rigel Vcxx Server] Disposing objects in backend. 
2026-01-02 15:08:57 [debug] : Closing channel on service path '/services/mini-browser-service'. 
2026-01-02 15:08:57 [debug] : Closing channel on service path '/services/hls/report'. 
2026-01-02 15:08:57 [debug] : Closing channel on service path '/services/hls/common/data/info'. 
2026-01-02 15:08:57 [debug] : Closing channel on service path '/services/flow_navigator'. 
2026-01-02 15:08:57 [debug] : Closing channel on service path '/services/hls/common/file/service'. 
2026-01-02 15:08:57 [debug] : Closing channel on service path '/services/hls/dataflow/info'. 
2026-01-02 15:08:57 [debug] : Closing channel on service path '/services/hls/directive'. 
2026-01-02 15:08:57 [debug] : Closing channel on service path '/services/hls_flow'. 
2026-01-02 15:08:57 [debug] : [Hls Flow Server] Disposing objects in backend. 
2026-01-02 15:08:57 [debug] : Closing channel on service path '/services/project-utils'. 
2026-01-02 15:08:57 [debug] : Closing channel on service path '/services/bootgen'. 
2026-01-02 15:08:57 [debug] : Closing channel on service path '/services/cdo-utils'. 
2026-01-02 15:08:57 [debug] : Closing channel on service path '/services/report-model'. 
2026-01-02 15:08:57 [debug] : Closing channel on service path '/services/hls/wave/open'. 
2026-01-02 15:08:57 [debug] : Closing channel on service path '/services/search-in-workspace'. 
2026-01-02 15:08:57 [debug] : Closing channel on service path '/services/keyStore'. 
2026-01-02 15:08:57 [debug] : Closing channel on service path '/services/languagePackService'. 
2026-01-02 15:08:57 [debug] : Uncaught Exception:  {"0":"Error: transport close"}
2026-01-02 15:08:57 [debug] : Error: transport close
    at C:\Xilinx\2025.1\Vitis\ide\electron-app\win64\resources\app\lib\backend\19.js:1:44345
    at Map.forEach (<anonymous>)
    at C:\Xilinx\2025.1\Vitis\ide\electron-app\win64\resources\app\lib\backend\19.js:1:44324
    at C:\Xilinx\2025.1\Vitis\ide\electron-app\win64\resources\app\lib\backend\19.js:1:15380
    at s.invoke (C:\Xilinx\2025.1\Vitis\ide\electron-app\win64\resources\app\lib\backend\19.js:1:15470)
    at a.fire (C:\Xilinx\2025.1\Vitis\ide\electron-app\win64\resources\app\lib\backend\19.js:1:17273)
    at C:\Xilinx\2025.1\Vitis\ide\electron-app\win64\resources\app\lib\backend\19.js:1:38965
    at Map.forEach (<anonymous>)
    at Object.<anonymous> (C:\Xilinx\2025.1\Vitis\ide\electron-app\win64\resources\app\lib\backend\19.js:1:38935)
    at e.dispose (C:\Xilinx\2025.1\Vitis\ide\electron-app\win64\resources\app\lib\backend\19.js:1:13001)
    at t.DisposableCollection.dispose (C:\Xilinx\2025.1\Vitis\ide\electron-app\win64\resources\app\lib\backend\19.js:1:12718)
    at t.ChannelMultiplexer.dispose (C:\Xilinx\2025.1\Vitis\ide\electron-app\win64\resources\app\lib\backend\19.js:1:40869)
    at t.ChannelMultiplexer.onUnderlyingChannelClose (C:\Xilinx\2025.1\Vitis\ide\electron-app\win64\resources\app\lib\backend\19.js:1:39093)
    at C:\Xilinx\2025.1\Vitis\ide\electron-app\win64\resources\app\lib\backend\19.js:1:38603
    at C:\Xilinx\2025.1\Vitis\ide\electron-app\win64\resources\app\lib\backend\19.js:1:15380
    at s.invoke (C:\Xilinx\2025.1\Vitis\ide\electron-app\win64\resources\app\lib\backend\19.js:1:15470) 
2026-01-02 15:08:57 [debug] : Uncaught Exception:  {"0":"Error: transport close"}
2026-01-02 15:08:57 [debug] : Error: transport close
    at C:\Xilinx\2025.1\Vitis\ide\electron-app\win64\resources\app\lib\backend\19.js:1:44345
    at Map.forEach (<anonymous>)
    at C:\Xilinx\2025.1\Vitis\ide\electron-app\win64\resources\app\lib\backend\19.js:1:44324
    at C:\Xilinx\2025.1\Vitis\ide\electron-app\win64\resources\app\lib\backend\19.js:1:15380
    at s.invoke (C:\Xilinx\2025.1\Vitis\ide\electron-app\win64\resources\app\lib\backend\19.js:1:15470)
    at a.fire (C:\Xilinx\2025.1\Vitis\ide\electron-app\win64\resources\app\lib\backend\19.js:1:17273)
    at C:\Xilinx\2025.1\Vitis\ide\electron-app\win64\resources\app\lib\backend\19.js:1:38965
    at Map.forEach (<anonymous>)
    at Object.<anonymous> (C:\Xilinx\2025.1\Vitis\ide\electron-app\win64\resources\app\lib\backend\19.js:1:38935)
    at e.dispose (C:\Xilinx\2025.1\Vitis\ide\electron-app\win64\resources\app\lib\backend\19.js:1:13001)
    at t.DisposableCollection.dispose (C:\Xilinx\2025.1\Vitis\ide\electron-app\win64\resources\app\lib\backend\19.js:1:12718)
    at t.ChannelMultiplexer.dispose (C:\Xilinx\2025.1\Vitis\ide\electron-app\win64\resources\app\lib\backend\19.js:1:40869)
    at t.ChannelMultiplexer.onUnderlyingChannelClose (C:\Xilinx\2025.1\Vitis\ide\electron-app\win64\resources\app\lib\backend\19.js:1:39093)
    at C:\Xilinx\2025.1\Vitis\ide\electron-app\win64\resources\app\lib\backend\19.js:1:38603
    at C:\Xilinx\2025.1\Vitis\ide\electron-app\win64\resources\app\lib\backend\19.js:1:15380
    at s.invoke (C:\Xilinx\2025.1\Vitis\ide\electron-app\win64\resources\app\lib\backend\19.js:1:15470) 
2026-01-02 15:08:57 [debug] : Uncaught Exception:  {"0":"Error: transport close"}
2026-01-02 15:08:57 [debug] : Error: transport close
    at C:\Xilinx\2025.1\Vitis\ide\electron-app\win64\resources\app\lib\backend\19.js:1:44345
    at Map.forEach (<anonymous>)
    at C:\Xilinx\2025.1\Vitis\ide\electron-app\win64\resources\app\lib\backend\19.js:1:44324
    at C:\Xilinx\2025.1\Vitis\ide\electron-app\win64\resources\app\lib\backend\19.js:1:15380
    at s.invoke (C:\Xilinx\2025.1\Vitis\ide\electron-app\win64\resources\app\lib\backend\19.js:1:15470)
    at a.fire (C:\Xilinx\2025.1\Vitis\ide\electron-app\win64\resources\app\lib\backend\19.js:1:17273)
    at C:\Xilinx\2025.1\Vitis\ide\electron-app\win64\resources\app\lib\backend\19.js:1:38965
    at Map.forEach (<anonymous>)
    at Object.<anonymous> (C:\Xilinx\2025.1\Vitis\ide\electron-app\win64\resources\app\lib\backend\19.js:1:38935)
    at e.dispose (C:\Xilinx\2025.1\Vitis\ide\electron-app\win64\resources\app\lib\backend\19.js:1:13001)
    at t.DisposableCollection.dispose (C:\Xilinx\2025.1\Vitis\ide\electron-app\win64\resources\app\lib\backend\19.js:1:12718)
    at t.ChannelMultiplexer.dispose (C:\Xilinx\2025.1\Vitis\ide\electron-app\win64\resources\app\lib\backend\19.js:1:40869)
    at t.ChannelMultiplexer.onUnderlyingChannelClose (C:\Xilinx\2025.1\Vitis\ide\electron-app\win64\resources\app\lib\backend\19.js:1:39093)
    at C:\Xilinx\2025.1\Vitis\ide\electron-app\win64\resources\app\lib\backend\19.js:1:38603
    at C:\Xilinx\2025.1\Vitis\ide\electron-app\win64\resources\app\lib\backend\19.js:1:15380
    at s.invoke (C:\Xilinx\2025.1\Vitis\ide\electron-app\win64\resources\app\lib\backend\19.js:1:15470) 
2026-01-02 15:08:57 [debug] : Uncaught Exception:  {"0":"Error: transport close"}
2026-01-02 15:08:57 [debug] : Error: transport close
    at C:\Xilinx\2025.1\Vitis\ide\electron-app\win64\resources\app\lib\backend\19.js:1:44345
    at Map.forEach (<anonymous>)
    at C:\Xilinx\2025.1\Vitis\ide\electron-app\win64\resources\app\lib\backend\19.js:1:44324
    at C:\Xilinx\2025.1\Vitis\ide\electron-app\win64\resources\app\lib\backend\19.js:1:15380
    at s.invoke (C:\Xilinx\2025.1\Vitis\ide\electron-app\win64\resources\app\lib\backend\19.js:1:15470)
    at a.fire (C:\Xilinx\2025.1\Vitis\ide\electron-app\win64\resources\app\lib\backend\19.js:1:17273)
    at C:\Xilinx\2025.1\Vitis\ide\electron-app\win64\resources\app\lib\backend\19.js:1:38965
    at Map.forEach (<anonymous>)
    at Object.<anonymous> (C:\Xilinx\2025.1\Vitis\ide\electron-app\win64\resources\app\lib\backend\19.js:1:38935)
    at e.dispose (C:\Xilinx\2025.1\Vitis\ide\electron-app\win64\resources\app\lib\backend\19.js:1:13001)
    at t.DisposableCollection.dispose (C:\Xilinx\2025.1\Vitis\ide\electron-app\win64\resources\app\lib\backend\19.js:1:12718)
    at t.ChannelMultiplexer.dispose (C:\Xilinx\2025.1\Vitis\ide\electron-app\win64\resources\app\lib\backend\19.js:1:40869)
    at t.ChannelMultiplexer.onUnderlyingChannelClose (C:\Xilinx\2025.1\Vitis\ide\electron-app\win64\resources\app\lib\backend\19.js:1:39093)
    at C:\Xilinx\2025.1\Vitis\ide\electron-app\win64\resources\app\lib\backend\19.js:1:38603
    at C:\Xilinx\2025.1\Vitis\ide\electron-app\win64\resources\app\lib\backend\19.js:1:15380
    at s.invoke (C:\Xilinx\2025.1\Vitis\ide\electron-app\win64\resources\app\lib\backend\19.js:1:15470) 
2026-01-02 15:08:57 [debug] : Uncaught Exception:  {"0":"Error: spawn wmic.exe ENOENT"}
2026-01-02 15:08:57 [debug] : Error: spawn wmic.exe ENOENT
    at ChildProcess._handle.onexit (node:internal/child_process:286:19)
    at onErrorNT (node:internal/child_process:484:16)
    at process.processTicksAndRejections (node:internal/process/task_queues:82:21) 
2026-01-02 15:08:57 [debug] : Uncaught Exception:  {"0":"Error: transport close"}
2026-01-02 15:08:57 [debug] : Error: transport close
    at C:\Xilinx\2025.1\Vitis\ide\electron-app\win64\resources\app\lib\backend\19.js:1:44345
    at Map.forEach (<anonymous>)
    at C:\Xilinx\2025.1\Vitis\ide\electron-app\win64\resources\app\lib\backend\19.js:1:44324
    at C:\Xilinx\2025.1\Vitis\ide\electron-app\win64\resources\app\lib\backend\19.js:1:15380
    at s.invoke (C:\Xilinx\2025.1\Vitis\ide\electron-app\win64\resources\app\lib\backend\19.js:1:15470)
    at a.fire (C:\Xilinx\2025.1\Vitis\ide\electron-app\win64\resources\app\lib\backend\19.js:1:17273)
    at C:\Xilinx\2025.1\Vitis\ide\electron-app\win64\resources\app\lib\backend\19.js:1:38965
    at Map.forEach (<anonymous>)
    at Object.<anonymous> (C:\Xilinx\2025.1\Vitis\ide\electron-app\win64\resources\app\lib\backend\19.js:1:38935)
    at e.dispose (C:\Xilinx\2025.1\Vitis\ide\electron-app\win64\resources\app\lib\backend\19.js:1:13001)
    at t.DisposableCollection.dispose (C:\Xilinx\2025.1\Vitis\ide\electron-app\win64\resources\app\lib\backend\19.js:1:12718)
    at t.ChannelMultiplexer.dispose (C:\Xilinx\2025.1\Vitis\ide\electron-app\win64\resources\app\lib\backend\19.js:1:40869)
    at t.ChannelMultiplexer.onUnderlyingChannelClose (C:\Xilinx\2025.1\Vitis\ide\electron-app\win64\resources\app\lib\backend\19.js:1:39093)
    at C:\Xilinx\2025.1\Vitis\ide\electron-app\win64\resources\app\lib\backend\19.js:1:38603
    at C:\Xilinx\2025.1\Vitis\ide\electron-app\win64\resources\app\lib\backend\19.js:1:15380
    at s.invoke (C:\Xilinx\2025.1\Vitis\ide\electron-app\win64\resources\app\lib\backend\19.js:1:15470) 
2026-01-02 15:08:57 [debug] : Uncaught Exception:  {"0":"TypeError: Cannot read properties of undefined (reading 'forEach')"}
2026-01-02 15:08:57 [debug] : TypeError: Cannot read properties of undefined (reading 'forEach')
    at Stream.<anonymous> (C:\Xilinx\2025.1\Vitis\ide\electron-app\win64\resources\app\lib\backend\6.js:2:505721)
    at Stream.emit (node:events:519:28)
    at Stream.o (C:\Xilinx\2025.1\Vitis\ide\electron-app\win64\resources\app\lib\backend\6.js:2:2735199)
    at Stream.emit (node:events:531:35)
    at g (C:\Xilinx\2025.1\Vitis\ide\electron-app\win64\resources\app\lib\backend\6.js:2:2063454)
    at r.write (C:\Xilinx\2025.1\Vitis\ide\electron-app\win64\resources\app\lib\backend\6.js:2:2063811)
    at Stream.ondata (node:internal/streams/legacy:21:31)
    at Stream.emit (node:events:519:28)
    at c (C:\Xilinx\2025.1\Vitis\ide\electron-app\win64\resources\app\lib\backend\6.js:2:2784493)
    at l.queue.l.push (C:\Xilinx\2025.1\Vitis\ide\electron-app\win64\resources\app\lib\backend\6.js:2:2784710)
    at l (C:\Xilinx\2025.1\Vitis\ide\electron-app\win64\resources\app\lib\backend\6.js:2:2730257)
    at Stream.<anonymous> (C:\Xilinx\2025.1\Vitis\ide\electron-app\win64\resources\app\lib\backend\6.js:2:2730519)
    at l.end (C:\Xilinx\2025.1\Vitis\ide\electron-app\win64\resources\app\lib\backend\6.js:2:2784911)
    at Socket.onend (node:internal/streams/readable:946:10)
    at Object.onceWrapper (node:events:633:28)
    at Socket.emit (node:events:531:35) 
2026-01-02 15:08:57 [debug] : Uncaught Exception:  {"0":"Error: transport close"}
2026-01-02 15:08:57 [debug] : Error: transport close
    at C:\Xilinx\2025.1\Vitis\ide\electron-app\win64\resources\app\lib\backend\19.js:1:44345
    at Map.forEach (<anonymous>)
    at C:\Xilinx\2025.1\Vitis\ide\electron-app\win64\resources\app\lib\backend\19.js:1:44324
    at C:\Xilinx\2025.1\Vitis\ide\electron-app\win64\resources\app\lib\backend\19.js:1:15380
    at s.invoke (C:\Xilinx\2025.1\Vitis\ide\electron-app\win64\resources\app\lib\backend\19.js:1:15470)
    at a.fire (C:\Xilinx\2025.1\Vitis\ide\electron-app\win64\resources\app\lib\backend\19.js:1:17273)
    at C:\Xilinx\2025.1\Vitis\ide\electron-app\win64\resources\app\lib\backend\19.js:1:38965
    at Map.forEach (<anonymous>)
    at Object.<anonymous> (C:\Xilinx\2025.1\Vitis\ide\electron-app\win64\resources\app\lib\backend\19.js:1:38935)
    at e.dispose (C:\Xilinx\2025.1\Vitis\ide\electron-app\win64\resources\app\lib\backend\19.js:1:13001)
    at t.DisposableCollection.dispose (C:\Xilinx\2025.1\Vitis\ide\electron-app\win64\resources\app\lib\backend\19.js:1:12718)
    at t.ChannelMultiplexer.dispose (C:\Xilinx\2025.1\Vitis\ide\electron-app\win64\resources\app\lib\backend\19.js:1:40869)
    at t.ChannelMultiplexer.onUnderlyingChannelClose (C:\Xilinx\2025.1\Vitis\ide\electron-app\win64\resources\app\lib\backend\19.js:1:39093)
    at C:\Xilinx\2025.1\Vitis\ide\electron-app\win64\resources\app\lib\backend\19.js:1:38603
    at C:\Xilinx\2025.1\Vitis\ide\electron-app\win64\resources\app\lib\backend\19.js:1:15380
    at s.invoke (C:\Xilinx\2025.1\Vitis\ide\electron-app\win64\resources\app\lib\backend\19.js:1:15470) 
2026-01-02 15:08:57 [debug] : Uncaught Exception:  {"0":"Error: transport close"}
2026-01-02 15:08:57 [debug] : Error: transport close
    at C:\Xilinx\2025.1\Vitis\ide\electron-app\win64\resources\app\lib\backend\19.js:1:44345
    at Map.forEach (<anonymous>)
    at C:\Xilinx\2025.1\Vitis\ide\electron-app\win64\resources\app\lib\backend\19.js:1:44324
    at C:\Xilinx\2025.1\Vitis\ide\electron-app\win64\resources\app\lib\backend\19.js:1:15380
    at s.invoke (C:\Xilinx\2025.1\Vitis\ide\electron-app\win64\resources\app\lib\backend\19.js:1:15470)
    at a.fire (C:\Xilinx\2025.1\Vitis\ide\electron-app\win64\resources\app\lib\backend\19.js:1:17273)
    at C:\Xilinx\2025.1\Vitis\ide\electron-app\win64\resources\app\lib\backend\19.js:1:38965
    at Map.forEach (<anonymous>)
    at Object.<anonymous> (C:\Xilinx\2025.1\Vitis\ide\electron-app\win64\resources\app\lib\backend\19.js:1:38935)
    at e.dispose (C:\Xilinx\2025.1\Vitis\ide\electron-app\win64\resources\app\lib\backend\19.js:1:13001)
    at t.DisposableCollection.dispose (C:\Xilinx\2025.1\Vitis\ide\electron-app\win64\resources\app\lib\backend\19.js:1:12718)
    at t.ChannelMultiplexer.dispose (C:\Xilinx\2025.1\Vitis\ide\electron-app\win64\resources\app\lib\backend\19.js:1:40869)
    at t.ChannelMultiplexer.onUnderlyingChannelClose (C:\Xilinx\2025.1\Vitis\ide\electron-app\win64\resources\app\lib\backend\19.js:1:39093)
    at C:\Xilinx\2025.1\Vitis\ide\electron-app\win64\resources\app\lib\backend\19.js:1:38603
    at C:\Xilinx\2025.1\Vitis\ide\electron-app\win64\resources\app\lib\backend\19.js:1:15380
    at s.invoke (C:\Xilinx\2025.1\Vitis\ide\electron-app\win64\resources\app\lib\backend\19.js:1:15470) 
2026-01-02 15:08:57 [debug] : Uncaught Exception:  {"0":"Error: transport close"}
2026-01-02 15:08:57 [debug] : Error: transport close
    at C:\Xilinx\2025.1\Vitis\ide\electron-app\win64\resources\app\lib\backend\19.js:1:44345
    at Map.forEach (<anonymous>)
    at C:\Xilinx\2025.1\Vitis\ide\electron-app\win64\resources\app\lib\backend\19.js:1:44324
    at C:\Xilinx\2025.1\Vitis\ide\electron-app\win64\resources\app\lib\backend\19.js:1:15380
    at s.invoke (C:\Xilinx\2025.1\Vitis\ide\electron-app\win64\resources\app\lib\backend\19.js:1:15470)
    at a.fire (C:\Xilinx\2025.1\Vitis\ide\electron-app\win64\resources\app\lib\backend\19.js:1:17273)
    at C:\Xilinx\2025.1\Vitis\ide\electron-app\win64\resources\app\lib\backend\19.js:1:38965
    at Map.forEach (<anonymous>)
    at Object.<anonymous> (C:\Xilinx\2025.1\Vitis\ide\electron-app\win64\resources\app\lib\backend\19.js:1:38935)
    at e.dispose (C:\Xilinx\2025.1\Vitis\ide\electron-app\win64\resources\app\lib\backend\19.js:1:13001)
    at t.DisposableCollection.dispose (C:\Xilinx\2025.1\Vitis\ide\electron-app\win64\resources\app\lib\backend\19.js:1:12718)
    at t.ChannelMultiplexer.dispose (C:\Xilinx\2025.1\Vitis\ide\electron-app\win64\resources\app\lib\backend\19.js:1:40869)
    at t.ChannelMultiplexer.onUnderlyingChannelClose (C:\Xilinx\2025.1\Vitis\ide\electron-app\win64\resources\app\lib\backend\19.js:1:39093)
    at C:\Xilinx\2025.1\Vitis\ide\electron-app\win64\resources\app\lib\backend\19.js:1:38603
    at C:\Xilinx\2025.1\Vitis\ide\electron-app\win64\resources\app\lib\backend\19.js:1:15380
    at s.invoke (C:\Xilinx\2025.1\Vitis\ide\electron-app\win64\resources\app\lib\backend\19.js:1:15470) 
2026-01-02 15:08:57 [debug] : Uncaught Exception:  {"0":"Error: transport close"}
2026-01-02 15:08:57 [debug] : Error: transport close
    at C:\Xilinx\2025.1\Vitis\ide\electron-app\win64\resources\app\lib\backend\19.js:1:44345
    at Map.forEach (<anonymous>)
    at C:\Xilinx\2025.1\Vitis\ide\electron-app\win64\resources\app\lib\backend\19.js:1:44324
    at C:\Xilinx\2025.1\Vitis\ide\electron-app\win64\resources\app\lib\backend\19.js:1:15380
    at s.invoke (C:\Xilinx\2025.1\Vitis\ide\electron-app\win64\resources\app\lib\backend\19.js:1:15470)
    at a.fire (C:\Xilinx\2025.1\Vitis\ide\electron-app\win64\resources\app\lib\backend\19.js:1:17273)
    at C:\Xilinx\2025.1\Vitis\ide\electron-app\win64\resources\app\lib\backend\19.js:1:38965
    at Map.forEach (<anonymous>)
    at Object.<anonymous> (C:\Xilinx\2025.1\Vitis\ide\electron-app\win64\resources\app\lib\backend\19.js:1:38935)
    at e.dispose (C:\Xilinx\2025.1\Vitis\ide\electron-app\win64\resources\app\lib\backend\19.js:1:13001)
    at t.DisposableCollection.dispose (C:\Xilinx\2025.1\Vitis\ide\electron-app\win64\resources\app\lib\backend\19.js:1:12718)
    at t.ChannelMultiplexer.dispose (C:\Xilinx\2025.1\Vitis\ide\electron-app\win64\resources\app\lib\backend\19.js:1:40869)
    at t.ChannelMultiplexer.onUnderlyingChannelClose (C:\Xilinx\2025.1\Vitis\ide\electron-app\win64\resources\app\lib\backend\19.js:1:39093)
    at C:\Xilinx\2025.1\Vitis\ide\electron-app\win64\resources\app\lib\backend\19.js:1:38603
    at C:\Xilinx\2025.1\Vitis\ide\electron-app\win64\resources\app\lib\backend\19.js:1:15380
    at s.invoke (C:\Xilinx\2025.1\Vitis\ide\electron-app\win64\resources\app\lib\backend\19.js:1:15470) 
2026-01-02 15:08:57 [debug] : Uncaught Exception:  {"0":"Error: transport close"}
2026-01-02 15:08:57 [debug] : Error: transport close
    at C:\Xilinx\2025.1\Vitis\ide\electron-app\win64\resources\app\lib\backend\19.js:1:44345
    at Map.forEach (<anonymous>)
    at C:\Xilinx\2025.1\Vitis\ide\electron-app\win64\resources\app\lib\backend\19.js:1:44324
    at C:\Xilinx\2025.1\Vitis\ide\electron-app\win64\resources\app\lib\backend\19.js:1:15380
    at s.invoke (C:\Xilinx\2025.1\Vitis\ide\electron-app\win64\resources\app\lib\backend\19.js:1:15470)
    at a.fire (C:\Xilinx\2025.1\Vitis\ide\electron-app\win64\resources\app\lib\backend\19.js:1:17273)
    at C:\Xilinx\2025.1\Vitis\ide\electron-app\win64\resources\app\lib\backend\19.js:1:38965
    at Map.forEach (<anonymous>)
    at Object.<anonymous> (C:\Xilinx\2025.1\Vitis\ide\electron-app\win64\resources\app\lib\backend\19.js:1:38935)
    at e.dispose (C:\Xilinx\2025.1\Vitis\ide\electron-app\win64\resources\app\lib\backend\19.js:1:13001)
    at t.DisposableCollection.dispose (C:\Xilinx\2025.1\Vitis\ide\electron-app\win64\resources\app\lib\backend\19.js:1:12718)
    at t.ChannelMultiplexer.dispose (C:\Xilinx\2025.1\Vitis\ide\electron-app\win64\resources\app\lib\backend\19.js:1:40869)
    at t.ChannelMultiplexer.onUnderlyingChannelClose (C:\Xilinx\2025.1\Vitis\ide\electron-app\win64\resources\app\lib\backend\19.js:1:39093)
    at C:\Xilinx\2025.1\Vitis\ide\electron-app\win64\resources\app\lib\backend\19.js:1:38603
    at C:\Xilinx\2025.1\Vitis\ide\electron-app\win64\resources\app\lib\backend\19.js:1:15380
    at s.invoke (C:\Xilinx\2025.1\Vitis\ide\electron-app\win64\resources\app\lib\backend\19.js:1:15470) 
2026-01-02 15:08:57 [debug] : Uncaught Exception:  {"0":"Error: transport close"}
2026-01-02 15:08:57 [debug] : Error: transport close
    at C:\Xilinx\2025.1\Vitis\ide\electron-app\win64\resources\app\lib\backend\19.js:1:44345
    at Map.forEach (<anonymous>)
    at C:\Xilinx\2025.1\Vitis\ide\electron-app\win64\resources\app\lib\backend\19.js:1:44324
    at C:\Xilinx\2025.1\Vitis\ide\electron-app\win64\resources\app\lib\backend\19.js:1:15380
    at s.invoke (C:\Xilinx\2025.1\Vitis\ide\electron-app\win64\resources\app\lib\backend\19.js:1:15470)
    at a.fire (C:\Xilinx\2025.1\Vitis\ide\electron-app\win64\resources\app\lib\backend\19.js:1:17273)
    at C:\Xilinx\2025.1\Vitis\ide\electron-app\win64\resources\app\lib\backend\19.js:1:38965
    at Map.forEach (<anonymous>)
    at Object.<anonymous> (C:\Xilinx\2025.1\Vitis\ide\electron-app\win64\resources\app\lib\backend\19.js:1:38935)
    at e.dispose (C:\Xilinx\2025.1\Vitis\ide\electron-app\win64\resources\app\lib\backend\19.js:1:13001)
    at t.DisposableCollection.dispose (C:\Xilinx\2025.1\Vitis\ide\electron-app\win64\resources\app\lib\backend\19.js:1:12718)
    at t.ChannelMultiplexer.dispose (C:\Xilinx\2025.1\Vitis\ide\electron-app\win64\resources\app\lib\backend\19.js:1:40869)
    at t.ChannelMultiplexer.onUnderlyingChannelClose (C:\Xilinx\2025.1\Vitis\ide\electron-app\win64\resources\app\lib\backend\19.js:1:39093)
    at C:\Xilinx\2025.1\Vitis\ide\electron-app\win64\resources\app\lib\backend\19.js:1:38603
    at C:\Xilinx\2025.1\Vitis\ide\electron-app\win64\resources\app\lib\backend\19.js:1:15380
    at s.invoke (C:\Xilinx\2025.1\Vitis\ide\electron-app\win64\resources\app\lib\backend\19.js:1:15470) 
2026-01-02 15:08:57 [debug] : Uncaught Exception:  {"0":"Error: transport close"}
2026-01-02 15:08:57 [debug] : Error: transport close
    at C:\Xilinx\2025.1\Vitis\ide\electron-app\win64\resources\app\lib\backend\19.js:1:44345
    at Map.forEach (<anonymous>)
    at C:\Xilinx\2025.1\Vitis\ide\electron-app\win64\resources\app\lib\backend\19.js:1:44324
    at C:\Xilinx\2025.1\Vitis\ide\electron-app\win64\resources\app\lib\backend\19.js:1:15380
    at s.invoke (C:\Xilinx\2025.1\Vitis\ide\electron-app\win64\resources\app\lib\backend\19.js:1:15470)
    at a.fire (C:\Xilinx\2025.1\Vitis\ide\electron-app\win64\resources\app\lib\backend\19.js:1:17273)
    at C:\Xilinx\2025.1\Vitis\ide\electron-app\win64\resources\app\lib\backend\19.js:1:38965
    at Map.forEach (<anonymous>)
    at Object.<anonymous> (C:\Xilinx\2025.1\Vitis\ide\electron-app\win64\resources\app\lib\backend\19.js:1:38935)
    at e.dispose (C:\Xilinx\2025.1\Vitis\ide\electron-app\win64\resources\app\lib\backend\19.js:1:13001)
    at t.DisposableCollection.dispose (C:\Xilinx\2025.1\Vitis\ide\electron-app\win64\resources\app\lib\backend\19.js:1:12718)
    at t.ChannelMultiplexer.dispose (C:\Xilinx\2025.1\Vitis\ide\electron-app\win64\resources\app\lib\backend\19.js:1:40869)
    at t.ChannelMultiplexer.onUnderlyingChannelClose (C:\Xilinx\2025.1\Vitis\ide\electron-app\win64\resources\app\lib\backend\19.js:1:39093)
    at C:\Xilinx\2025.1\Vitis\ide\electron-app\win64\resources\app\lib\backend\19.js:1:38603
    at C:\Xilinx\2025.1\Vitis\ide\electron-app\win64\resources\app\lib\backend\19.js:1:15380
    at s.invoke (C:\Xilinx\2025.1\Vitis\ide\electron-app\win64\resources\app\lib\backend\19.js:1:15470) 
2026-01-02 15:08:57 [debug] : Uncaught Exception:  {"0":"Error: transport close"}
2026-01-02 15:08:57 [debug] : Error: transport close
    at C:\Xilinx\2025.1\Vitis\ide\electron-app\win64\resources\app\lib\backend\19.js:1:44345
    at Map.forEach (<anonymous>)
    at C:\Xilinx\2025.1\Vitis\ide\electron-app\win64\resources\app\lib\backend\19.js:1:44324
    at C:\Xilinx\2025.1\Vitis\ide\electron-app\win64\resources\app\lib\backend\19.js:1:15380
    at s.invoke (C:\Xilinx\2025.1\Vitis\ide\electron-app\win64\resources\app\lib\backend\19.js:1:15470)
    at a.fire (C:\Xilinx\2025.1\Vitis\ide\electron-app\win64\resources\app\lib\backend\19.js:1:17273)
    at C:\Xilinx\2025.1\Vitis\ide\electron-app\win64\resources\app\lib\backend\19.js:1:38965
    at Map.forEach (<anonymous>)
    at Object.<anonymous> (C:\Xilinx\2025.1\Vitis\ide\electron-app\win64\resources\app\lib\backend\19.js:1:38935)
    at e.dispose (C:\Xilinx\2025.1\Vitis\ide\electron-app\win64\resources\app\lib\backend\19.js:1:13001)
    at t.DisposableCollection.dispose (C:\Xilinx\2025.1\Vitis\ide\electron-app\win64\resources\app\lib\backend\19.js:1:12718)
    at t.ChannelMultiplexer.dispose (C:\Xilinx\2025.1\Vitis\ide\electron-app\win64\resources\app\lib\backend\19.js:1:40869)
    at t.ChannelMultiplexer.onUnderlyingChannelClose (C:\Xilinx\2025.1\Vitis\ide\electron-app\win64\resources\app\lib\backend\19.js:1:39093)
    at C:\Xilinx\2025.1\Vitis\ide\electron-app\win64\resources\app\lib\backend\19.js:1:38603
    at C:\Xilinx\2025.1\Vitis\ide\electron-app\win64\resources\app\lib\backend\19.js:1:15380
    at s.invoke (C:\Xilinx\2025.1\Vitis\ide\electron-app\win64\resources\app\lib\backend\19.js:1:15470) 
2026-01-02 15:08:57 [debug] : Uncaught Exception:  {"0":"Error: transport close"}
2026-01-02 15:08:57 [debug] : Error: transport close
    at C:\Xilinx\2025.1\Vitis\ide\electron-app\win64\resources\app\lib\backend\19.js:1:44345
    at Map.forEach (<anonymous>)
    at C:\Xilinx\2025.1\Vitis\ide\electron-app\win64\resources\app\lib\backend\19.js:1:44324
    at C:\Xilinx\2025.1\Vitis\ide\electron-app\win64\resources\app\lib\backend\19.js:1:15380
    at s.invoke (C:\Xilinx\2025.1\Vitis\ide\electron-app\win64\resources\app\lib\backend\19.js:1:15470)
    at a.fire (C:\Xilinx\2025.1\Vitis\ide\electron-app\win64\resources\app\lib\backend\19.js:1:17273)
    at C:\Xilinx\2025.1\Vitis\ide\electron-app\win64\resources\app\lib\backend\19.js:1:38965
    at Map.forEach (<anonymous>)
    at Object.<anonymous> (C:\Xilinx\2025.1\Vitis\ide\electron-app\win64\resources\app\lib\backend\19.js:1:38935)
    at e.dispose (C:\Xilinx\2025.1\Vitis\ide\electron-app\win64\resources\app\lib\backend\19.js:1:13001)
    at t.DisposableCollection.dispose (C:\Xilinx\2025.1\Vitis\ide\electron-app\win64\resources\app\lib\backend\19.js:1:12718)
    at t.ChannelMultiplexer.dispose (C:\Xilinx\2025.1\Vitis\ide\electron-app\win64\resources\app\lib\backend\19.js:1:40869)
    at t.ChannelMultiplexer.onUnderlyingChannelClose (C:\Xilinx\2025.1\Vitis\ide\electron-app\win64\resources\app\lib\backend\19.js:1:39093)
    at C:\Xilinx\2025.1\Vitis\ide\electron-app\win64\resources\app\lib\backend\19.js:1:38603
    at C:\Xilinx\2025.1\Vitis\ide\electron-app\win64\resources\app\lib\backend\19.js:1:15380
    at s.invoke (C:\Xilinx\2025.1\Vitis\ide\electron-app\win64\resources\app\lib\backend\19.js:1:15470) 
2026-01-02 15:08:57 [debug] : Uncaught Exception:  {"0":"Error: transport close"}
2026-01-02 15:08:57 [debug] : Error: transport close
    at C:\Xilinx\2025.1\Vitis\ide\electron-app\win64\resources\app\lib\backend\19.js:1:44345
    at Map.forEach (<anonymous>)
    at C:\Xilinx\2025.1\Vitis\ide\electron-app\win64\resources\app\lib\backend\19.js:1:44324
    at C:\Xilinx\2025.1\Vitis\ide\electron-app\win64\resources\app\lib\backend\19.js:1:15380
    at s.invoke (C:\Xilinx\2025.1\Vitis\ide\electron-app\win64\resources\app\lib\backend\19.js:1:15470)
    at a.fire (C:\Xilinx\2025.1\Vitis\ide\electron-app\win64\resources\app\lib\backend\19.js:1:17273)
    at C:\Xilinx\2025.1\Vitis\ide\electron-app\win64\resources\app\lib\backend\19.js:1:38965
    at Map.forEach (<anonymous>)
    at Object.<anonymous> (C:\Xilinx\2025.1\Vitis\ide\electron-app\win64\resources\app\lib\backend\19.js:1:38935)
    at e.dispose (C:\Xilinx\2025.1\Vitis\ide\electron-app\win64\resources\app\lib\backend\19.js:1:13001)
    at t.DisposableCollection.dispose (C:\Xilinx\2025.1\Vitis\ide\electron-app\win64\resources\app\lib\backend\19.js:1:12718)
    at t.ChannelMultiplexer.dispose (C:\Xilinx\2025.1\Vitis\ide\electron-app\win64\resources\app\lib\backend\19.js:1:40869)
    at t.ChannelMultiplexer.onUnderlyingChannelClose (C:\Xilinx\2025.1\Vitis\ide\electron-app\win64\resources\app\lib\backend\19.js:1:39093)
    at C:\Xilinx\2025.1\Vitis\ide\electron-app\win64\resources\app\lib\backend\19.js:1:38603
    at C:\Xilinx\2025.1\Vitis\ide\electron-app\win64\resources\app\lib\backend\19.js:1:15380
    at s.invoke (C:\Xilinx\2025.1\Vitis\ide\electron-app\win64\resources\app\lib\backend\19.js:1:15470) 
2026-01-02 20:31:52 [debug] : Reconnecting failed for 1 
2026-01-02 20:31:52 [debug] : creating connection for 1 
2026-01-02 20:31:52 [debug] : [Workspace Server] Connection established from backend to the frontend client. 
2026-01-02 20:31:52 [debug] : [Rigel Utils Server] Connection established from backend to the frontend client. 
2026-01-02 20:31:52 [debug] : [Debugger Server] Connection established from backend to the frontend client. 
2026-01-02 20:31:52 [debug] : a client has connected - adding it to the list: 
2026-01-02 20:31:52 [debug] : [Repository Server] Connection established from backend to the frontend client. 
2026-01-02 20:31:52 [debug] : [Program Flash Server] Connection established from backend to the frontend client. 
2026-01-02 20:31:52 [debug] : [Build Server] Connection established from backend to the frontend client. 
2026-01-02 20:31:52 [debug] : [AIE Server] Connection established from backend to the frontend client. 
2026-01-02 20:31:52 [debug] : [Platform Server] Connection established from backend to the frontend client. 
2026-01-02 20:31:52 [debug] : [Elf Reader Server] Connection established from backend to the frontend client. 
2026-01-02 20:31:52 [debug] : [Logger Server] Connection established from backend to the frontend client. 
2026-01-02 20:31:52 [debug] : [Rigel Vcxx Server] Connection established from backend to the frontend client. 
2026-01-02 20:31:52 [debug] : [Hls Flow Server] Connection established from backend to the frontend client. 
2026-01-02 20:31:52 [debug] : [Workspace Server] Initializing the frontend client. 
2026-01-02 20:31:52 [debug] : [Rigel Utils Server] Initializing the frontend client. 
2026-01-02 20:31:52 [debug] : [Debugger Server] Initializing the frontend client. 
2026-01-02 20:31:52 [debug] : [Repository Server] Initializing the frontend client. 
2026-01-02 20:31:52 [debug] : [Logger Server] Initializing the frontend client. 
2026-01-02 20:31:52 [debug] : [Rigel Vcxx Server] Initializing the frontend client. 
2026-01-02 20:31:52 [debug] : [Hls Flow Server] Initializing the frontend client. 
2026-01-02 20:31:52 [debug] : reconnect failed on M9qjiX27y0y6QcNhAAAJ 
2026-01-02 20:31:52 [debug] : [de2b698f-4bc2-44a0-89f0-cf6eb3e65b83][vscode.make]: Disconnected. 
2026-01-02 20:31:52 [debug] : [de2b698f-4bc2-44a0-89f0-cf6eb3e65b83][vscode.git]: Disconnected. 
2026-01-02 20:31:52 [debug] : [de2b698f-4bc2-44a0-89f0-cf6eb3e65b83][webfreak.debug]: Disconnected. 
2026-01-02 20:31:52 [debug] : [de2b698f-4bc2-44a0-89f0-cf6eb3e65b83][llvm-vs-code-extensions.vscode-clangd]: Disconnected. 
2026-01-02 20:31:52 [debug] : [de2b698f-4bc2-44a0-89f0-cf6eb3e65b83][vscode.json]: Disconnected. 
2026-01-02 20:31:52 [debug] : [de2b698f-4bc2-44a0-89f0-cf6eb3e65b83][vscode.cpp]: Disconnected. 
2026-01-02 20:31:52 [debug] : [de2b698f-4bc2-44a0-89f0-cf6eb3e65b83][amd.vitis-output]: Disconnected. 
2026-01-02 20:31:52 [debug] : [de2b698f-4bc2-44a0-89f0-cf6eb3e65b83][amd.vitis-hls-verilog-vhdl-support]: Disconnected. 
2026-01-02 20:31:52 [debug] : [de2b698f-4bc2-44a0-89f0-cf6eb3e65b83][amd.vitis-hls-pragma]: Disconnected. 
2026-01-02 20:31:52 [debug] : [de2b698f-4bc2-44a0-89f0-cf6eb3e65b83][amd.vitis-hls-l1-library]: Disconnected. 
2026-01-02 20:31:52 [debug] : [de2b698f-4bc2-44a0-89f0-cf6eb3e65b83][amd.vitis-config]: Disconnected. 
2026-01-02 20:31:52 [debug] : [de2b698f-4bc2-44a0-89f0-cf6eb3e65b83][twxs.cmake]: Disconnected. 
2026-01-02 20:31:52 [debug] : [de2b698f-4bc2-44a0-89f0-cf6eb3e65b83][amd.tcf-debug]: Disconnected. 
2026-01-02 20:31:52 [debug] : [de2b698f-4bc2-44a0-89f0-cf6eb3e65b83][eamodio.gitlens]: Disconnected. 
2026-01-02 20:31:52 [debug] : [de2b698f-4bc2-44a0-89f0-cf6eb3e65b83][vscode.git-base]: Disconnected. 
2026-01-02 20:31:52 [debug] : [de2b698f-4bc2-44a0-89f0-cf6eb3e65b83][pkief.material-icon-theme]: Disconnected. 
2026-01-02 20:31:52 [debug] : [de2b698f-4bc2-44a0-89f0-cf6eb3e65b83][vscode.json-language-features]: Disconnected. 
2026-01-02 20:31:52 [debug] : [de2b698f-4bc2-44a0-89f0-cf6eb3e65b83][eclipse-cdt.serial-monitor]: Disconnected. 
2026-01-02 20:31:52 [debug] : sending initial connect on undefined 
2026-01-02 20:31:52 [debug] : reconnect failed on undefined 
2026-01-02 20:31:52 [debug] : sending initial connect on undefined 
2026-01-02 20:31:52 [debug] : sending reconnect on lg79t5uJN5BZqL9OAAAM 
2026-01-02 20:31:52 [debug] : initial connect received on lg79t5uJN5BZqL9OAAAM 
2026-01-02 20:31:52 [debug] : initial connect received on lg79t5uJN5BZqL9OAAAM 
2026-01-02 20:31:52 [debug] : [de2b698f-4bc2-44a0-89f0-cf6eb3e65b83] Waiting for backend deployment: 41.7 ms [Finished 27594.758 s after frontend start] 
2026-01-02 20:31:52 [debug] : [de2b698f-4bc2-44a0-89f0-cf6eb3e65b83] Loading plugin contributions 
2026-01-02 20:31:52 [debug] : getTasks(): about to return task information for 0 tasks 
2026-01-02 20:31:52 [debug] : [hosted-plugin: 23268] PLUGIN_HOST(23268) starting instance 
2026-01-02 20:31:52 [debug] : [hosted-plugin: 23268] [Object: null prototype] {} 
2026-01-02 20:31:52 [debug] : Error: No reply handler for reply with id: 1
    at l.handleReply (file:///C:/Xilinx/2025.1/Vitis/ide/electron-app/win64/resources/app/lib/frontend/bundle.js:2:2870572)
    at l.handleMessage (file:///C:/Xilinx/2025.1/Vitis/ide/electron-app/win64/resources/app/lib/frontend/bundle.js:2:2870311)
    at file:///C:/Xilinx/2025.1/Vitis/ide/electron-app/win64/resources/app/lib/frontend/bundle.js:2:2869783
    at file:///C:/Xilinx/2025.1/Vitis/ide/electron-app/win64/resources/app/lib/frontend/bundle.js:2:2817303
    at s.invoke (file:///C:/Xilinx/2025.1/Vitis/ide/electron-app/win64/resources/app/lib/frontend/bundle.js:2:2817393)
    at a.fire (file:///C:/Xilinx/2025.1/Vitis/ide/electron-app/win64/resources/app/lib/frontend/bundle.js:2:2819196)
    at d.handleMessages (file:///C:/Xilinx/2025.1/Vitis/ide/electron-app/win64/resources/app/lib/frontend/bundle.js:2:8216579)
    at file:///C:/Xilinx/2025.1/Vitis/ide/electron-app/win64/resources/app/lib/frontend/bundle.js:2:8215788
    at file:///C:/Xilinx/2025.1/Vitis/ide/electron-app/win64/resources/app/lib/frontend/bundle.js:2:2817303
    at s.invoke (file:///C:/Xilinx/2025.1/Vitis/ide/electron-app/win64/resources/app/lib/frontend/bundle.js:2:2817393) 
2026-01-02 20:31:52 [debug] : Error: No reply handler for reply with id: 2
    at l.handleReply (file:///C:/Xilinx/2025.1/Vitis/ide/electron-app/win64/resources/app/lib/frontend/bundle.js:2:2870572)
    at l.handleMessage (file:///C:/Xilinx/2025.1/Vitis/ide/electron-app/win64/resources/app/lib/frontend/bundle.js:2:2870311)
    at file:///C:/Xilinx/2025.1/Vitis/ide/electron-app/win64/resources/app/lib/frontend/bundle.js:2:2869783
    at file:///C:/Xilinx/2025.1/Vitis/ide/electron-app/win64/resources/app/lib/frontend/bundle.js:2:2817303
    at s.invoke (file:///C:/Xilinx/2025.1/Vitis/ide/electron-app/win64/resources/app/lib/frontend/bundle.js:2:2817393)
    at a.fire (file:///C:/Xilinx/2025.1/Vitis/ide/electron-app/win64/resources/app/lib/frontend/bundle.js:2:2819196)
    at d.handleMessages (file:///C:/Xilinx/2025.1/Vitis/ide/electron-app/win64/resources/app/lib/frontend/bundle.js:2:8216579)
    at file:///C:/Xilinx/2025.1/Vitis/ide/electron-app/win64/resources/app/lib/frontend/bundle.js:2:8215788
    at file:///C:/Xilinx/2025.1/Vitis/ide/electron-app/win64/resources/app/lib/frontend/bundle.js:2:2817303
    at s.invoke (file:///C:/Xilinx/2025.1/Vitis/ide/electron-app/win64/resources/app/lib/frontend/bundle.js:2:2817393) 
2026-01-02 20:31:52 [debug] : Error: No reply handler for reply with id: 3
    at l.handleReply (file:///C:/Xilinx/2025.1/Vitis/ide/electron-app/win64/resources/app/lib/frontend/bundle.js:2:2870572)
    at l.handleMessage (file:///C:/Xilinx/2025.1/Vitis/ide/electron-app/win64/resources/app/lib/frontend/bundle.js:2:2870311)
    at file:///C:/Xilinx/2025.1/Vitis/ide/electron-app/win64/resources/app/lib/frontend/bundle.js:2:2869783
    at file:///C:/Xilinx/2025.1/Vitis/ide/electron-app/win64/resources/app/lib/frontend/bundle.js:2:2817303
    at s.invoke (file:///C:/Xilinx/2025.1/Vitis/ide/electron-app/win64/resources/app/lib/frontend/bundle.js:2:2817393)
    at a.fire (file:///C:/Xilinx/2025.1/Vitis/ide/electron-app/win64/resources/app/lib/frontend/bundle.js:2:2819196)
    at d.handleMessages (file:///C:/Xilinx/2025.1/Vitis/ide/electron-app/win64/resources/app/lib/frontend/bundle.js:2:8216579)
    at file:///C:/Xilinx/2025.1/Vitis/ide/electron-app/win64/resources/app/lib/frontend/bundle.js:2:8215788
    at file:///C:/Xilinx/2025.1/Vitis/ide/electron-app/win64/resources/app/lib/frontend/bundle.js:2:2817303
    at s.invoke (file:///C:/Xilinx/2025.1/Vitis/ide/electron-app/win64/resources/app/lib/frontend/bundle.js:2:2817393) 
2026-01-02 20:31:52 [debug] : Error: No reply handler for reply with id: 4
    at l.handleReply (file:///C:/Xilinx/2025.1/Vitis/ide/electron-app/win64/resources/app/lib/frontend/bundle.js:2:2870572)
    at l.handleMessage (file:///C:/Xilinx/2025.1/Vitis/ide/electron-app/win64/resources/app/lib/frontend/bundle.js:2:2870311)
    at file:///C:/Xilinx/2025.1/Vitis/ide/electron-app/win64/resources/app/lib/frontend/bundle.js:2:2869783
    at file:///C:/Xilinx/2025.1/Vitis/ide/electron-app/win64/resources/app/lib/frontend/bundle.js:2:2817303
    at s.invoke (file:///C:/Xilinx/2025.1/Vitis/ide/electron-app/win64/resources/app/lib/frontend/bundle.js:2:2817393)
    at a.fire (file:///C:/Xilinx/2025.1/Vitis/ide/electron-app/win64/resources/app/lib/frontend/bundle.js:2:2819196)
    at d.handleMessages (file:///C:/Xilinx/2025.1/Vitis/ide/electron-app/win64/resources/app/lib/frontend/bundle.js:2:8216579)
    at file:///C:/Xilinx/2025.1/Vitis/ide/electron-app/win64/resources/app/lib/frontend/bundle.js:2:8215788
    at file:///C:/Xilinx/2025.1/Vitis/ide/electron-app/win64/resources/app/lib/frontend/bundle.js:2:2817303
    at s.invoke (file:///C:/Xilinx/2025.1/Vitis/ide/electron-app/win64/resources/app/lib/frontend/bundle.js:2:2817393) 
2026-01-02 20:31:52 [debug] : Error: No reply handler for reply with id: 5
    at l.handleReply (file:///C:/Xilinx/2025.1/Vitis/ide/electron-app/win64/resources/app/lib/frontend/bundle.js:2:2870572)
    at l.handleMessage (file:///C:/Xilinx/2025.1/Vitis/ide/electron-app/win64/resources/app/lib/frontend/bundle.js:2:2870311)
    at file:///C:/Xilinx/2025.1/Vitis/ide/electron-app/win64/resources/app/lib/frontend/bundle.js:2:2869783
    at file:///C:/Xilinx/2025.1/Vitis/ide/electron-app/win64/resources/app/lib/frontend/bundle.js:2:2817303
    at s.invoke (file:///C:/Xilinx/2025.1/Vitis/ide/electron-app/win64/resources/app/lib/frontend/bundle.js:2:2817393)
    at a.fire (file:///C:/Xilinx/2025.1/Vitis/ide/electron-app/win64/resources/app/lib/frontend/bundle.js:2:2819196)
    at d.handleMessages (file:///C:/Xilinx/2025.1/Vitis/ide/electron-app/win64/resources/app/lib/frontend/bundle.js:2:8216579)
    at file:///C:/Xilinx/2025.1/Vitis/ide/electron-app/win64/resources/app/lib/frontend/bundle.js:2:8215788
    at file:///C:/Xilinx/2025.1/Vitis/ide/electron-app/win64/resources/app/lib/frontend/bundle.js:2:2817303
    at s.invoke (file:///C:/Xilinx/2025.1/Vitis/ide/electron-app/win64/resources/app/lib/frontend/bundle.js:2:2817393) 
2026-01-02 20:31:52 [debug] : Error: No reply handler for reply with id: 6
    at l.handleReply (file:///C:/Xilinx/2025.1/Vitis/ide/electron-app/win64/resources/app/lib/frontend/bundle.js:2:2870572)
    at l.handleMessage (file:///C:/Xilinx/2025.1/Vitis/ide/electron-app/win64/resources/app/lib/frontend/bundle.js:2:2870311)
    at file:///C:/Xilinx/2025.1/Vitis/ide/electron-app/win64/resources/app/lib/frontend/bundle.js:2:2869783
    at file:///C:/Xilinx/2025.1/Vitis/ide/electron-app/win64/resources/app/lib/frontend/bundle.js:2:2817303
    at s.invoke (file:///C:/Xilinx/2025.1/Vitis/ide/electron-app/win64/resources/app/lib/frontend/bundle.js:2:2817393)
    at a.fire (file:///C:/Xilinx/2025.1/Vitis/ide/electron-app/win64/resources/app/lib/frontend/bundle.js:2:2819196)
    at d.handleMessages (file:///C:/Xilinx/2025.1/Vitis/ide/electron-app/win64/resources/app/lib/frontend/bundle.js:2:8216579)
    at file:///C:/Xilinx/2025.1/Vitis/ide/electron-app/win64/resources/app/lib/frontend/bundle.js:2:8215788
    at file:///C:/Xilinx/2025.1/Vitis/ide/electron-app/win64/resources/app/lib/frontend/bundle.js:2:2817303
    at s.invoke (file:///C:/Xilinx/2025.1/Vitis/ide/electron-app/win64/resources/app/lib/frontend/bundle.js:2:2817393) 
2026-01-02 20:31:52 [debug] : Error: No reply handler for reply with id: 7
    at l.handleReply (file:///C:/Xilinx/2025.1/Vitis/ide/electron-app/win64/resources/app/lib/frontend/bundle.js:2:2870572)
    at l.handleMessage (file:///C:/Xilinx/2025.1/Vitis/ide/electron-app/win64/resources/app/lib/frontend/bundle.js:2:2870311)
    at file:///C:/Xilinx/2025.1/Vitis/ide/electron-app/win64/resources/app/lib/frontend/bundle.js:2:2869783
    at file:///C:/Xilinx/2025.1/Vitis/ide/electron-app/win64/resources/app/lib/frontend/bundle.js:2:2817303
    at s.invoke (file:///C:/Xilinx/2025.1/Vitis/ide/electron-app/win64/resources/app/lib/frontend/bundle.js:2:2817393)
    at a.fire (file:///C:/Xilinx/2025.1/Vitis/ide/electron-app/win64/resources/app/lib/frontend/bundle.js:2:2819196)
    at d.handleMessages (file:///C:/Xilinx/2025.1/Vitis/ide/electron-app/win64/resources/app/lib/frontend/bundle.js:2:8216579)
    at file:///C:/Xilinx/2025.1/Vitis/ide/electron-app/win64/resources/app/lib/frontend/bundle.js:2:8215788
    at file:///C:/Xilinx/2025.1/Vitis/ide/electron-app/win64/resources/app/lib/frontend/bundle.js:2:2817303
    at s.invoke (file:///C:/Xilinx/2025.1/Vitis/ide/electron-app/win64/resources/app/lib/frontend/bundle.js:2:2817393) 
2026-01-02 20:31:52 [debug] : Error: No reply handler for reply with id: 8
    at l.handleReply (file:///C:/Xilinx/2025.1/Vitis/ide/electron-app/win64/resources/app/lib/frontend/bundle.js:2:2870572)
    at l.handleMessage (file:///C:/Xilinx/2025.1/Vitis/ide/electron-app/win64/resources/app/lib/frontend/bundle.js:2:2870311)
    at file:///C:/Xilinx/2025.1/Vitis/ide/electron-app/win64/resources/app/lib/frontend/bundle.js:2:2869783
    at file:///C:/Xilinx/2025.1/Vitis/ide/electron-app/win64/resources/app/lib/frontend/bundle.js:2:2817303
    at s.invoke (file:///C:/Xilinx/2025.1/Vitis/ide/electron-app/win64/resources/app/lib/frontend/bundle.js:2:2817393)
    at a.fire (file:///C:/Xilinx/2025.1/Vitis/ide/electron-app/win64/resources/app/lib/frontend/bundle.js:2:2819196)
    at d.handleMessages (file:///C:/Xilinx/2025.1/Vitis/ide/electron-app/win64/resources/app/lib/frontend/bundle.js:2:8216579)
    at file:///C:/Xilinx/2025.1/Vitis/ide/electron-app/win64/resources/app/lib/frontend/bundle.js:2:8215788
    at file:///C:/Xilinx/2025.1/Vitis/ide/electron-app/win64/resources/app/lib/frontend/bundle.js:2:2817303
    at s.invoke (file:///C:/Xilinx/2025.1/Vitis/ide/electron-app/win64/resources/app/lib/frontend/bundle.js:2:2817393) 
2026-01-02 20:31:52 [debug] : Error: No reply handler for reply with id: 9
    at l.handleReply (file:///C:/Xilinx/2025.1/Vitis/ide/electron-app/win64/resources/app/lib/frontend/bundle.js:2:2870572)
    at l.handleMessage (file:///C:/Xilinx/2025.1/Vitis/ide/electron-app/win64/resources/app/lib/frontend/bundle.js:2:2870311)
    at file:///C:/Xilinx/2025.1/Vitis/ide/electron-app/win64/resources/app/lib/frontend/bundle.js:2:2869783
    at file:///C:/Xilinx/2025.1/Vitis/ide/electron-app/win64/resources/app/lib/frontend/bundle.js:2:2817303
    at s.invoke (file:///C:/Xilinx/2025.1/Vitis/ide/electron-app/win64/resources/app/lib/frontend/bundle.js:2:2817393)
    at a.fire (file:///C:/Xilinx/2025.1/Vitis/ide/electron-app/win64/resources/app/lib/frontend/bundle.js:2:2819196)
    at d.handleMessages (file:///C:/Xilinx/2025.1/Vitis/ide/electron-app/win64/resources/app/lib/frontend/bundle.js:2:8216579)
    at file:///C:/Xilinx/2025.1/Vitis/ide/electron-app/win64/resources/app/lib/frontend/bundle.js:2:8215788
    at file:///C:/Xilinx/2025.1/Vitis/ide/electron-app/win64/resources/app/lib/frontend/bundle.js:2:2817303
    at s.invoke (file:///C:/Xilinx/2025.1/Vitis/ide/electron-app/win64/resources/app/lib/frontend/bundle.js:2:2817393) 
2026-01-02 20:31:52 [debug] : Error: No reply handler for reply with id: 1
    at l.handleReply (file:///C:/Xilinx/2025.1/Vitis/ide/electron-app/win64/resources/app/lib/frontend/bundle.js:2:2870572)
    at l.handleMessage (file:///C:/Xilinx/2025.1/Vitis/ide/electron-app/win64/resources/app/lib/frontend/bundle.js:2:2870311)
    at file:///C:/Xilinx/2025.1/Vitis/ide/electron-app/win64/resources/app/lib/frontend/bundle.js:2:2869783
    at file:///C:/Xilinx/2025.1/Vitis/ide/electron-app/win64/resources/app/lib/frontend/bundle.js:2:2817303
    at s.invoke (file:///C:/Xilinx/2025.1/Vitis/ide/electron-app/win64/resources/app/lib/frontend/bundle.js:2:2817393)
    at a.fire (file:///C:/Xilinx/2025.1/Vitis/ide/electron-app/win64/resources/app/lib/frontend/bundle.js:2:2819196)
    at d.handleMessages (file:///C:/Xilinx/2025.1/Vitis/ide/electron-app/win64/resources/app/lib/frontend/bundle.js:2:8216579)
    at file:///C:/Xilinx/2025.1/Vitis/ide/electron-app/win64/resources/app/lib/frontend/bundle.js:2:8215788
    at file:///C:/Xilinx/2025.1/Vitis/ide/electron-app/win64/resources/app/lib/frontend/bundle.js:2:2817303
    at s.invoke (file:///C:/Xilinx/2025.1/Vitis/ide/electron-app/win64/resources/app/lib/frontend/bundle.js:2:2817393) 
2026-01-02 20:31:52 [debug] : Error: No reply handler for reply with id: 2
    at l.handleReply (file:///C:/Xilinx/2025.1/Vitis/ide/electron-app/win64/resources/app/lib/frontend/bundle.js:2:2870572)
    at l.handleMessage (file:///C:/Xilinx/2025.1/Vitis/ide/electron-app/win64/resources/app/lib/frontend/bundle.js:2:2870311)
    at file:///C:/Xilinx/2025.1/Vitis/ide/electron-app/win64/resources/app/lib/frontend/bundle.js:2:2869783
    at file:///C:/Xilinx/2025.1/Vitis/ide/electron-app/win64/resources/app/lib/frontend/bundle.js:2:2817303
    at s.invoke (file:///C:/Xilinx/2025.1/Vitis/ide/electron-app/win64/resources/app/lib/frontend/bundle.js:2:2817393)
    at a.fire (file:///C:/Xilinx/2025.1/Vitis/ide/electron-app/win64/resources/app/lib/frontend/bundle.js:2:2819196)
    at d.handleMessages (file:///C:/Xilinx/2025.1/Vitis/ide/electron-app/win64/resources/app/lib/frontend/bundle.js:2:8216579)
    at file:///C:/Xilinx/2025.1/Vitis/ide/electron-app/win64/resources/app/lib/frontend/bundle.js:2:8215788
    at file:///C:/Xilinx/2025.1/Vitis/ide/electron-app/win64/resources/app/lib/frontend/bundle.js:2:2817303
    at s.invoke (file:///C:/Xilinx/2025.1/Vitis/ide/electron-app/win64/resources/app/lib/frontend/bundle.js:2:2817393) 
2026-01-02 20:31:52 [debug] : Error: No reply handler for reply with id: 3
    at l.handleReply (file:///C:/Xilinx/2025.1/Vitis/ide/electron-app/win64/resources/app/lib/frontend/bundle.js:2:2870572)
    at l.handleMessage (file:///C:/Xilinx/2025.1/Vitis/ide/electron-app/win64/resources/app/lib/frontend/bundle.js:2:2870311)
    at file:///C:/Xilinx/2025.1/Vitis/ide/electron-app/win64/resources/app/lib/frontend/bundle.js:2:2869783
    at file:///C:/Xilinx/2025.1/Vitis/ide/electron-app/win64/resources/app/lib/frontend/bundle.js:2:2817303
    at s.invoke (file:///C:/Xilinx/2025.1/Vitis/ide/electron-app/win64/resources/app/lib/frontend/bundle.js:2:2817393)
    at a.fire (file:///C:/Xilinx/2025.1/Vitis/ide/electron-app/win64/resources/app/lib/frontend/bundle.js:2:2819196)
    at d.handleMessages (file:///C:/Xilinx/2025.1/Vitis/ide/electron-app/win64/resources/app/lib/frontend/bundle.js:2:8216579)
    at file:///C:/Xilinx/2025.1/Vitis/ide/electron-app/win64/resources/app/lib/frontend/bundle.js:2:8215788
    at file:///C:/Xilinx/2025.1/Vitis/ide/electron-app/win64/resources/app/lib/frontend/bundle.js:2:2817303
    at s.invoke (file:///C:/Xilinx/2025.1/Vitis/ide/electron-app/win64/resources/app/lib/frontend/bundle.js:2:2817393) 
2026-01-02 20:31:52 [debug] : Error: No reply handler for reply with id: 4
    at l.handleReply (file:///C:/Xilinx/2025.1/Vitis/ide/electron-app/win64/resources/app/lib/frontend/bundle.js:2:2870572)
    at l.handleMessage (file:///C:/Xilinx/2025.1/Vitis/ide/electron-app/win64/resources/app/lib/frontend/bundle.js:2:2870311)
    at file:///C:/Xilinx/2025.1/Vitis/ide/electron-app/win64/resources/app/lib/frontend/bundle.js:2:2869783
    at file:///C:/Xilinx/2025.1/Vitis/ide/electron-app/win64/resources/app/lib/frontend/bundle.js:2:2817303
    at s.invoke (file:///C:/Xilinx/2025.1/Vitis/ide/electron-app/win64/resources/app/lib/frontend/bundle.js:2:2817393)
    at a.fire (file:///C:/Xilinx/2025.1/Vitis/ide/electron-app/win64/resources/app/lib/frontend/bundle.js:2:2819196)
    at d.handleMessages (file:///C:/Xilinx/2025.1/Vitis/ide/electron-app/win64/resources/app/lib/frontend/bundle.js:2:8216579)
    at file:///C:/Xilinx/2025.1/Vitis/ide/electron-app/win64/resources/app/lib/frontend/bundle.js:2:8215788
    at file:///C:/Xilinx/2025.1/Vitis/ide/electron-app/win64/resources/app/lib/frontend/bundle.js:2:2817303
    at s.invoke (file:///C:/Xilinx/2025.1/Vitis/ide/electron-app/win64/resources/app/lib/frontend/bundle.js:2:2817393) 
2026-01-02 20:31:52 [debug] : Error: No reply handler for reply with id: 5
    at l.handleReply (file:///C:/Xilinx/2025.1/Vitis/ide/electron-app/win64/resources/app/lib/frontend/bundle.js:2:2870572)
    at l.handleMessage (file:///C:/Xilinx/2025.1/Vitis/ide/electron-app/win64/resources/app/lib/frontend/bundle.js:2:2870311)
    at file:///C:/Xilinx/2025.1/Vitis/ide/electron-app/win64/resources/app/lib/frontend/bundle.js:2:2869783
    at file:///C:/Xilinx/2025.1/Vitis/ide/electron-app/win64/resources/app/lib/frontend/bundle.js:2:2817303
    at s.invoke (file:///C:/Xilinx/2025.1/Vitis/ide/electron-app/win64/resources/app/lib/frontend/bundle.js:2:2817393)
    at a.fire (file:///C:/Xilinx/2025.1/Vitis/ide/electron-app/win64/resources/app/lib/frontend/bundle.js:2:2819196)
    at d.handleMessages (file:///C:/Xilinx/2025.1/Vitis/ide/electron-app/win64/resources/app/lib/frontend/bundle.js:2:8216579)
    at file:///C:/Xilinx/2025.1/Vitis/ide/electron-app/win64/resources/app/lib/frontend/bundle.js:2:8215788
    at file:///C:/Xilinx/2025.1/Vitis/ide/electron-app/win64/resources/app/lib/frontend/bundle.js:2:2817303
    at s.invoke (file:///C:/Xilinx/2025.1/Vitis/ide/electron-app/win64/resources/app/lib/frontend/bundle.js:2:2817393) 
2026-01-02 20:31:52 [debug] : Error: No reply handler for reply with id: 6
    at l.handleReply (file:///C:/Xilinx/2025.1/Vitis/ide/electron-app/win64/resources/app/lib/frontend/bundle.js:2:2870572)
    at l.handleMessage (file:///C:/Xilinx/2025.1/Vitis/ide/electron-app/win64/resources/app/lib/frontend/bundle.js:2:2870311)
    at file:///C:/Xilinx/2025.1/Vitis/ide/electron-app/win64/resources/app/lib/frontend/bundle.js:2:2869783
    at file:///C:/Xilinx/2025.1/Vitis/ide/electron-app/win64/resources/app/lib/frontend/bundle.js:2:2817303
    at s.invoke (file:///C:/Xilinx/2025.1/Vitis/ide/electron-app/win64/resources/app/lib/frontend/bundle.js:2:2817393)
    at a.fire (file:///C:/Xilinx/2025.1/Vitis/ide/electron-app/win64/resources/app/lib/frontend/bundle.js:2:2819196)
    at d.handleMessages (file:///C:/Xilinx/2025.1/Vitis/ide/electron-app/win64/resources/app/lib/frontend/bundle.js:2:8216579)
    at file:///C:/Xilinx/2025.1/Vitis/ide/electron-app/win64/resources/app/lib/frontend/bundle.js:2:8215788
    at file:///C:/Xilinx/2025.1/Vitis/ide/electron-app/win64/resources/app/lib/frontend/bundle.js:2:2817303
    at s.invoke (file:///C:/Xilinx/2025.1/Vitis/ide/electron-app/win64/resources/app/lib/frontend/bundle.js:2:2817393) 
2026-01-02 20:31:52 [debug] : Error: No reply handler for reply with id: 7
    at l.handleReply (file:///C:/Xilinx/2025.1/Vitis/ide/electron-app/win64/resources/app/lib/frontend/bundle.js:2:2870572)
    at l.handleMessage (file:///C:/Xilinx/2025.1/Vitis/ide/electron-app/win64/resources/app/lib/frontend/bundle.js:2:2870311)
    at file:///C:/Xilinx/2025.1/Vitis/ide/electron-app/win64/resources/app/lib/frontend/bundle.js:2:2869783
    at file:///C:/Xilinx/2025.1/Vitis/ide/electron-app/win64/resources/app/lib/frontend/bundle.js:2:2817303
    at s.invoke (file:///C:/Xilinx/2025.1/Vitis/ide/electron-app/win64/resources/app/lib/frontend/bundle.js:2:2817393)
    at a.fire (file:///C:/Xilinx/2025.1/Vitis/ide/electron-app/win64/resources/app/lib/frontend/bundle.js:2:2819196)
    at d.handleMessages (file:///C:/Xilinx/2025.1/Vitis/ide/electron-app/win64/resources/app/lib/frontend/bundle.js:2:8216579)
    at file:///C:/Xilinx/2025.1/Vitis/ide/electron-app/win64/resources/app/lib/frontend/bundle.js:2:8215788
    at file:///C:/Xilinx/2025.1/Vitis/ide/electron-app/win64/resources/app/lib/frontend/bundle.js:2:2817303
    at s.invoke (file:///C:/Xilinx/2025.1/Vitis/ide/electron-app/win64/resources/app/lib/frontend/bundle.js:2:2817393) 
2026-01-02 20:31:52 [debug] : Error: No reply handler for reply with id: 8
    at l.handleReply (file:///C:/Xilinx/2025.1/Vitis/ide/electron-app/win64/resources/app/lib/frontend/bundle.js:2:2870572)
    at l.handleMessage (file:///C:/Xilinx/2025.1/Vitis/ide/electron-app/win64/resources/app/lib/frontend/bundle.js:2:2870311)
    at file:///C:/Xilinx/2025.1/Vitis/ide/electron-app/win64/resources/app/lib/frontend/bundle.js:2:2869783
    at file:///C:/Xilinx/2025.1/Vitis/ide/electron-app/win64/resources/app/lib/frontend/bundle.js:2:2817303
    at s.invoke (file:///C:/Xilinx/2025.1/Vitis/ide/electron-app/win64/resources/app/lib/frontend/bundle.js:2:2817393)
    at a.fire (file:///C:/Xilinx/2025.1/Vitis/ide/electron-app/win64/resources/app/lib/frontend/bundle.js:2:2819196)
    at d.handleMessages (file:///C:/Xilinx/2025.1/Vitis/ide/electron-app/win64/resources/app/lib/frontend/bundle.js:2:8216579)
    at file:///C:/Xilinx/2025.1/Vitis/ide/electron-app/win64/resources/app/lib/frontend/bundle.js:2:8215788
    at file:///C:/Xilinx/2025.1/Vitis/ide/electron-app/win64/resources/app/lib/frontend/bundle.js:2:2817303
    at s.invoke (file:///C:/Xilinx/2025.1/Vitis/ide/electron-app/win64/resources/app/lib/frontend/bundle.js:2:2817393) 
2026-01-02 20:31:52 [debug] : Error: No reply handler for reply with id: 9
    at l.handleReply (file:///C:/Xilinx/2025.1/Vitis/ide/electron-app/win64/resources/app/lib/frontend/bundle.js:2:2870572)
    at l.handleMessage (file:///C:/Xilinx/2025.1/Vitis/ide/electron-app/win64/resources/app/lib/frontend/bundle.js:2:2870311)
    at file:///C:/Xilinx/2025.1/Vitis/ide/electron-app/win64/resources/app/lib/frontend/bundle.js:2:2869783
    at file:///C:/Xilinx/2025.1/Vitis/ide/electron-app/win64/resources/app/lib/frontend/bundle.js:2:2817303
    at s.invoke (file:///C:/Xilinx/2025.1/Vitis/ide/electron-app/win64/resources/app/lib/frontend/bundle.js:2:2817393)
    at a.fire (file:///C:/Xilinx/2025.1/Vitis/ide/electron-app/win64/resources/app/lib/frontend/bundle.js:2:2819196)
    at d.handleMessages (file:///C:/Xilinx/2025.1/Vitis/ide/electron-app/win64/resources/app/lib/frontend/bundle.js:2:8216579)
    at file:///C:/Xilinx/2025.1/Vitis/ide/electron-app/win64/resources/app/lib/frontend/bundle.js:2:8215788
    at file:///C:/Xilinx/2025.1/Vitis/ide/electron-app/win64/resources/app/lib/frontend/bundle.js:2:2817303
    at s.invoke (file:///C:/Xilinx/2025.1/Vitis/ide/electron-app/win64/resources/app/lib/frontend/bundle.js:2:2817393) 
2026-01-02 20:31:52 [debug] : Error: No reply handler for reply with id: 12
    at l.handleReply (file:///C:/Xilinx/2025.1/Vitis/ide/electron-app/win64/resources/app/lib/frontend/bundle.js:2:2870572)
    at l.handleMessage (file:///C:/Xilinx/2025.1/Vitis/ide/electron-app/win64/resources/app/lib/frontend/bundle.js:2:2870311)
    at file:///C:/Xilinx/2025.1/Vitis/ide/electron-app/win64/resources/app/lib/frontend/bundle.js:2:2869783
    at file:///C:/Xilinx/2025.1/Vitis/ide/electron-app/win64/resources/app/lib/frontend/bundle.js:2:2817303
    at s.invoke (file:///C:/Xilinx/2025.1/Vitis/ide/electron-app/win64/resources/app/lib/frontend/bundle.js:2:2817393)
    at a.fire (file:///C:/Xilinx/2025.1/Vitis/ide/electron-app/win64/resources/app/lib/frontend/bundle.js:2:2819196)
    at d.handleMessages (file:///C:/Xilinx/2025.1/Vitis/ide/electron-app/win64/resources/app/lib/frontend/bundle.js:2:8216579)
    at file:///C:/Xilinx/2025.1/Vitis/ide/electron-app/win64/resources/app/lib/frontend/bundle.js:2:8215788
    at file:///C:/Xilinx/2025.1/Vitis/ide/electron-app/win64/resources/app/lib/frontend/bundle.js:2:2817303
    at s.invoke (file:///C:/Xilinx/2025.1/Vitis/ide/electron-app/win64/resources/app/lib/frontend/bundle.js:2:2817393) 
2026-01-02 20:31:52 [debug] : Error: No reply handler for reply with id: 13
    at l.handleReply (file:///C:/Xilinx/2025.1/Vitis/ide/electron-app/win64/resources/app/lib/frontend/bundle.js:2:2870572)
    at l.handleMessage (file:///C:/Xilinx/2025.1/Vitis/ide/electron-app/win64/resources/app/lib/frontend/bundle.js:2:2870311)
    at file:///C:/Xilinx/2025.1/Vitis/ide/electron-app/win64/resources/app/lib/frontend/bundle.js:2:2869783
    at file:///C:/Xilinx/2025.1/Vitis/ide/electron-app/win64/resources/app/lib/frontend/bundle.js:2:2817303
    at s.invoke (file:///C:/Xilinx/2025.1/Vitis/ide/electron-app/win64/resources/app/lib/frontend/bundle.js:2:2817393)
    at a.fire (file:///C:/Xilinx/2025.1/Vitis/ide/electron-app/win64/resources/app/lib/frontend/bundle.js:2:2819196)
    at d.handleMessages (file:///C:/Xilinx/2025.1/Vitis/ide/electron-app/win64/resources/app/lib/frontend/bundle.js:2:8216579)
    at file:///C:/Xilinx/2025.1/Vitis/ide/electron-app/win64/resources/app/lib/frontend/bundle.js:2:8215788
    at file:///C:/Xilinx/2025.1/Vitis/ide/electron-app/win64/resources/app/lib/frontend/bundle.js:2:2817303
    at s.invoke (file:///C:/Xilinx/2025.1/Vitis/ide/electron-app/win64/resources/app/lib/frontend/bundle.js:2:2817393) 
2026-01-02 20:31:52 [debug] : Error: No reply handler for reply with id: 14
    at l.handleReply (file:///C:/Xilinx/2025.1/Vitis/ide/electron-app/win64/resources/app/lib/frontend/bundle.js:2:2870572)
    at l.handleMessage (file:///C:/Xilinx/2025.1/Vitis/ide/electron-app/win64/resources/app/lib/frontend/bundle.js:2:2870311)
    at file:///C:/Xilinx/2025.1/Vitis/ide/electron-app/win64/resources/app/lib/frontend/bundle.js:2:2869783
    at file:///C:/Xilinx/2025.1/Vitis/ide/electron-app/win64/resources/app/lib/frontend/bundle.js:2:2817303
    at s.invoke (file:///C:/Xilinx/2025.1/Vitis/ide/electron-app/win64/resources/app/lib/frontend/bundle.js:2:2817393)
    at a.fire (file:///C:/Xilinx/2025.1/Vitis/ide/electron-app/win64/resources/app/lib/frontend/bundle.js:2:2819196)
    at d.handleMessages (file:///C:/Xilinx/2025.1/Vitis/ide/electron-app/win64/resources/app/lib/frontend/bundle.js:2:8216579)
    at file:///C:/Xilinx/2025.1/Vitis/ide/electron-app/win64/resources/app/lib/frontend/bundle.js:2:8215788
    at file:///C:/Xilinx/2025.1/Vitis/ide/electron-app/win64/resources/app/lib/frontend/bundle.js:2:2817303
    at s.invoke (file:///C:/Xilinx/2025.1/Vitis/ide/electron-app/win64/resources/app/lib/frontend/bundle.js:2:2817393) 
2026-01-02 20:31:52 [debug] : Error: No reply handler for reply with id: 12
    at l.handleReply (file:///C:/Xilinx/2025.1/Vitis/ide/electron-app/win64/resources/app/lib/frontend/bundle.js:2:2870572)
    at l.handleMessage (file:///C:/Xilinx/2025.1/Vitis/ide/electron-app/win64/resources/app/lib/frontend/bundle.js:2:2870311)
    at file:///C:/Xilinx/2025.1/Vitis/ide/electron-app/win64/resources/app/lib/frontend/bundle.js:2:2869783
    at file:///C:/Xilinx/2025.1/Vitis/ide/electron-app/win64/resources/app/lib/frontend/bundle.js:2:2817303
    at s.invoke (file:///C:/Xilinx/2025.1/Vitis/ide/electron-app/win64/resources/app/lib/frontend/bundle.js:2:2817393)
    at a.fire (file:///C:/Xilinx/2025.1/Vitis/ide/electron-app/win64/resources/app/lib/frontend/bundle.js:2:2819196)
    at d.handleMessages (file:///C:/Xilinx/2025.1/Vitis/ide/electron-app/win64/resources/app/lib/frontend/bundle.js:2:8216579)
    at file:///C:/Xilinx/2025.1/Vitis/ide/electron-app/win64/resources/app/lib/frontend/bundle.js:2:8215788
    at file:///C:/Xilinx/2025.1/Vitis/ide/electron-app/win64/resources/app/lib/frontend/bundle.js:2:2817303
    at s.invoke (file:///C:/Xilinx/2025.1/Vitis/ide/electron-app/win64/resources/app/lib/frontend/bundle.js:2:2817393) 
2026-01-02 20:31:52 [debug] : Error: No reply handler for reply with id: 13
    at l.handleReply (file:///C:/Xilinx/2025.1/Vitis/ide/electron-app/win64/resources/app/lib/frontend/bundle.js:2:2870572)
    at l.handleMessage (file:///C:/Xilinx/2025.1/Vitis/ide/electron-app/win64/resources/app/lib/frontend/bundle.js:2:2870311)
    at file:///C:/Xilinx/2025.1/Vitis/ide/electron-app/win64/resources/app/lib/frontend/bundle.js:2:2869783
    at file:///C:/Xilinx/2025.1/Vitis/ide/electron-app/win64/resources/app/lib/frontend/bundle.js:2:2817303
    at s.invoke (file:///C:/Xilinx/2025.1/Vitis/ide/electron-app/win64/resources/app/lib/frontend/bundle.js:2:2817393)
    at a.fire (file:///C:/Xilinx/2025.1/Vitis/ide/electron-app/win64/resources/app/lib/frontend/bundle.js:2:2819196)
    at d.handleMessages (file:///C:/Xilinx/2025.1/Vitis/ide/electron-app/win64/resources/app/lib/frontend/bundle.js:2:8216579)
    at file:///C:/Xilinx/2025.1/Vitis/ide/electron-app/win64/resources/app/lib/frontend/bundle.js:2:8215788
    at file:///C:/Xilinx/2025.1/Vitis/ide/electron-app/win64/resources/app/lib/frontend/bundle.js:2:2817303
    at s.invoke (file:///C:/Xilinx/2025.1/Vitis/ide/electron-app/win64/resources/app/lib/frontend/bundle.js:2:2817393) 
2026-01-02 20:31:52 [debug] : Error: No reply handler for reply with id: 14
    at l.handleReply (file:///C:/Xilinx/2025.1/Vitis/ide/electron-app/win64/resources/app/lib/frontend/bundle.js:2:2870572)
    at l.handleMessage (file:///C:/Xilinx/2025.1/Vitis/ide/electron-app/win64/resources/app/lib/frontend/bundle.js:2:2870311)
    at file:///C:/Xilinx/2025.1/Vitis/ide/electron-app/win64/resources/app/lib/frontend/bundle.js:2:2869783
    at file:///C:/Xilinx/2025.1/Vitis/ide/electron-app/win64/resources/app/lib/frontend/bundle.js:2:2817303
    at s.invoke (file:///C:/Xilinx/2025.1/Vitis/ide/electron-app/win64/resources/app/lib/frontend/bundle.js:2:2817393)
    at a.fire (file:///C:/Xilinx/2025.1/Vitis/ide/electron-app/win64/resources/app/lib/frontend/bundle.js:2:2819196)
    at d.handleMessages (file:///C:/Xilinx/2025.1/Vitis/ide/electron-app/win64/resources/app/lib/frontend/bundle.js:2:8216579)
    at file:///C:/Xilinx/2025.1/Vitis/ide/electron-app/win64/resources/app/lib/frontend/bundle.js:2:8215788
    at file:///C:/Xilinx/2025.1/Vitis/ide/electron-app/win64/resources/app/lib/frontend/bundle.js:2:2817303
    at s.invoke (file:///C:/Xilinx/2025.1/Vitis/ide/electron-app/win64/resources/app/lib/frontend/bundle.js:2:2817393) 
2026-01-02 20:31:52 [debug] : [hosted-plugin: 23268] Error: No reply handler for error reply with id: 0
    at c.handleReplyErr (C:\Xilinx\2025.1\Vitis\ide\electron-app\win64\resources\app\lib\backend\19.js:1:45588)
    at c.handleMessage (C:\Xilinx\2025.1\Vitis\ide\electron-app\win64\resources\app\lib\backend\19.js:1:45168)
    at C:\Xilinx\2025.1\Vitis\ide\electron-app\win64\resources\app\lib\backend\19.js:1:44592
    at C:\Xilinx\2025.1\Vitis\ide\electron-app\win64\resources\app\lib\backend\19.js:1:15380
    at s.invoke (C:\Xilinx\2025.1\Vitis\ide\electron-app\win64\resources\app\lib\backend\19.js:1:15470)
    at a.fire (C:\Xilinx\2025.1\Vitis\ide\electron-app\win64\resources\app\lib\backend\19.js:1:17273)
    at h.handleMessages (C:\Xilinx\2025.1\Vitis\ide\electron-app\win64\resources\app\lib\backend\557.js:1:82043)
    at C:\Xilinx\2025.1\Vitis\ide\electron-app\win64\resources\app\lib\backend\557.js:1:81252
    at C:\Xilinx\2025.1\Vitis\ide\electron-app\win64\resources\app\lib\backend\19.js:1:15380
    at s.invoke (C:\Xilinx\2025.1\Vitis\ide\electron-app\win64\resources\app\lib\backend\19.js:1:15470) 
2026-01-02 20:31:52 [debug] : [hosted-plugin: 23268] Error: No reply handler for reply with id: 0
    at c.handleReply (C:\Xilinx\2025.1\Vitis\ide\electron-app\win64\resources\app\lib\backend\19.js:1:45381)
    at c.handleMessage (C:\Xilinx\2025.1\Vitis\ide\electron-app\win64\resources\app\lib\backend\19.js:1:45120)
    at C:\Xilinx\2025.1\Vitis\ide\electron-app\win64\resources\app\lib\backend\19.js:1:44592
    at C:\Xilinx\2025.1\Vitis\ide\electron-app\win64\resources\app\lib\backend\19.js:1:15380
    at s.invoke (C:\Xilinx\2025.1\Vitis\ide\electron-app\win64\resources\app\lib\backend\19.js:1:15470)
    at a.fire (C:\Xilinx\2025.1\Vitis\ide\electron-app\win64\resources\app\lib\backend\19.js:1:17273)
    at h.handleMessages (C:\Xilinx\2025.1\Vitis\ide\electron-app\win64\resources\app\lib\backend\557.js:1:82043)
    at C:\Xilinx\2025.1\Vitis\ide\electron-app\win64\resources\app\lib\backend\557.js:1:81252
    at C:\Xilinx\2025.1\Vitis\ide\electron-app\win64\resources\app\lib\backend\19.js:1:15380
    at s.invoke (C:\Xilinx\2025.1\Vitis\ide\electron-app\win64\resources\app\lib\backend\19.js:1:15470) 
2026-01-02 20:31:52 [debug] : [hosted-plugin: 23268] PLUGIN_HOST(23268): PluginManagerExtImpl/init() 
2026-01-02 20:31:52 [debug] : [hosted-plugin: 23268] PLUGIN_HOST(23268): initializing(serial-monitor@1.0.2 with C:\Xilinx\2025.1\Vitis\ide\electron-app\win64\resources\app\lib\backend\plugin-vscode-init) 
2026-01-02 20:31:52 [debug] : [hosted-plugin: 23268] PLUGIN_HOST(23268): initializing(json-language-features@1.88.1 with C:\Xilinx\2025.1\Vitis\ide\electron-app\win64\resources\app\lib\backend\plugin-vscode-init) 
2026-01-02 20:31:52 [debug] : [hosted-plugin: 23268] PLUGIN_HOST(23268): initializing(material-icon-theme@5.15.0 with C:\Xilinx\2025.1\Vitis\ide\electron-app\win64\resources\app\lib\backend\plugin-vscode-init) 
2026-01-02 20:31:52 [debug] : [hosted-plugin: 23268] PLUGIN_HOST(23268): initializing(git-base@1.95.3 with C:\Xilinx\2025.1\Vitis\ide\electron-app\win64\resources\app\lib\backend\plugin-vscode-init) 
2026-01-02 20:31:52 [debug] : [hosted-plugin: 23268] PLUGIN_HOST(23268): initializing(gitlens@11.7.0 with C:\Xilinx\2025.1\Vitis\ide\electron-app\win64\resources\app\lib\backend\plugin-vscode-init) 
2026-01-02 20:31:52 [debug] : [hosted-plugin: 23268] PLUGIN_HOST(23268): initializing(tcf-debug@0.0.1 with C:\Xilinx\2025.1\Vitis\ide\electron-app\win64\resources\app\lib\backend\plugin-vscode-init) 
2026-01-02 20:31:52 [debug] : [hosted-plugin: 23268] Debugger contribution has been registered: tcf-debug 
2026-01-02 20:31:52 [debug] : [hosted-plugin: 23268] PLUGIN_HOST(23268): initializing(cmake@0.0.17 with C:\Xilinx\2025.1\Vitis\ide\electron-app\win64\resources\app\lib\backend\plugin-vscode-init) 
2026-01-02 20:31:52 [debug] : [hosted-plugin: 23268] Error: No reply handler for error reply with id: 1
    at c.handleReplyErr (C:\Xilinx\2025.1\Vitis\ide\electron-app\win64\resources\app\lib\backend\19.js:1:45588)
    at c.handleMessage (C:\Xilinx\2025.1\Vitis\ide\electron-app\win64\resources\app\lib\backend\19.js:1:45168)
    at C:\Xilinx\2025.1\Vitis\ide\electron-app\win64\resources\app\lib\backend\19.js:1:44592
    at C:\Xilinx\2025.1\Vitis\ide\electron-app\win64\resources\app\lib\backend\19.js:1:15380
    at s.invoke (C:\Xilinx\2025.1\Vitis\ide\electron-app\win64\resources\app\lib\backend\19.js:1:15470)
    at a.fire (C:\Xilinx\2025.1\Vitis\ide\electron-app\win64\resources\app\lib\backend\19.js:1:17273)
    at h.handleMessages (C:\Xilinx\2025.1\Vitis\ide\electron-app\win64\resources\app\lib\backend\557.js:1:82043)
    at C:\Xilinx\2025.1\Vitis\ide\electron-app\win64\resources\app\lib\backend\557.js:1:81252
    at C:\Xilinx\2025.1\Vitis\ide\electron-app\win64\resources\app\lib\backend\19.js:1:15380
    at s.invoke (C:\Xilinx\2025.1\Vitis\ide\electron-app\win64\resources\app\lib\backend\19.js:1:15470) 
2026-01-02 20:31:52 [debug] : [hosted-plugin: 23268] PLUGIN_HOST(23268): initializing(vitis-config@0.0.1 with C:\Xilinx\2025.1\Vitis\ide\electron-app\win64\resources\app\lib\backend\plugin-vscode-init) 
2026-01-02 20:31:52 [debug] : Error: No reply handler for reply with id: 41
    at l.handleReply (file:///C:/Xilinx/2025.1/Vitis/ide/electron-app/win64/resources/app/lib/frontend/bundle.js:2:2870572)
    at l.handleMessage (file:///C:/Xilinx/2025.1/Vitis/ide/electron-app/win64/resources/app/lib/frontend/bundle.js:2:2870311)
    at file:///C:/Xilinx/2025.1/Vitis/ide/electron-app/win64/resources/app/lib/frontend/bundle.js:2:2869783
    at file:///C:/Xilinx/2025.1/Vitis/ide/electron-app/win64/resources/app/lib/frontend/bundle.js:2:2817303
    at s.invoke (file:///C:/Xilinx/2025.1/Vitis/ide/electron-app/win64/resources/app/lib/frontend/bundle.js:2:2817393)
    at a.fire (file:///C:/Xilinx/2025.1/Vitis/ide/electron-app/win64/resources/app/lib/frontend/bundle.js:2:2819196)
    at d.handleMessages (file:///C:/Xilinx/2025.1/Vitis/ide/electron-app/win64/resources/app/lib/frontend/bundle.js:2:8216579)
    at file:///C:/Xilinx/2025.1/Vitis/ide/electron-app/win64/resources/app/lib/frontend/bundle.js:2:8215788
    at file:///C:/Xilinx/2025.1/Vitis/ide/electron-app/win64/resources/app/lib/frontend/bundle.js:2:2817303
    at s.invoke (file:///C:/Xilinx/2025.1/Vitis/ide/electron-app/win64/resources/app/lib/frontend/bundle.js:2:2817393) 
2026-01-02 20:31:52 [debug] : Error: No reply handler for reply with id: 41
    at l.handleReply (file:///C:/Xilinx/2025.1/Vitis/ide/electron-app/win64/resources/app/lib/frontend/bundle.js:2:2870572)
    at l.handleMessage (file:///C:/Xilinx/2025.1/Vitis/ide/electron-app/win64/resources/app/lib/frontend/bundle.js:2:2870311)
    at file:///C:/Xilinx/2025.1/Vitis/ide/electron-app/win64/resources/app/lib/frontend/bundle.js:2:2869783
    at file:///C:/Xilinx/2025.1/Vitis/ide/electron-app/win64/resources/app/lib/frontend/bundle.js:2:2817303
    at s.invoke (file:///C:/Xilinx/2025.1/Vitis/ide/electron-app/win64/resources/app/lib/frontend/bundle.js:2:2817393)
    at a.fire (file:///C:/Xilinx/2025.1/Vitis/ide/electron-app/win64/resources/app/lib/frontend/bundle.js:2:2819196)
    at d.handleMessages (file:///C:/Xilinx/2025.1/Vitis/ide/electron-app/win64/resources/app/lib/frontend/bundle.js:2:8216579)
    at file:///C:/Xilinx/2025.1/Vitis/ide/electron-app/win64/resources/app/lib/frontend/bundle.js:2:8215788
    at file:///C:/Xilinx/2025.1/Vitis/ide/electron-app/win64/resources/app/lib/frontend/bundle.js:2:2817303
    at s.invoke (file:///C:/Xilinx/2025.1/Vitis/ide/electron-app/win64/resources/app/lib/frontend/bundle.js:2:2817393) 
2026-01-02 20:31:52 [debug] : [hosted-plugin: 23268] PLUGIN_HOST(23268): initializing(vitis-hls-l1-library@0.0.1 with C:\Xilinx\2025.1\Vitis\ide\electron-app\win64\resources\app\lib\backend\plugin-vscode-init) 
2026-01-02 20:31:52 [debug] : [hosted-plugin: 23268] Error: No reply handler for reply with id: 1
    at c.handleReply (C:\Xilinx\2025.1\Vitis\ide\electron-app\win64\resources\app\lib\backend\19.js:1:45381)
    at c.handleMessage (C:\Xilinx\2025.1\Vitis\ide\electron-app\win64\resources\app\lib\backend\19.js:1:45120)
    at C:\Xilinx\2025.1\Vitis\ide\electron-app\win64\resources\app\lib\backend\19.js:1:44592
    at C:\Xilinx\2025.1\Vitis\ide\electron-app\win64\resources\app\lib\backend\19.js:1:15380
    at s.invoke (C:\Xilinx\2025.1\Vitis\ide\electron-app\win64\resources\app\lib\backend\19.js:1:15470)
    at a.fire (C:\Xilinx\2025.1\Vitis\ide\electron-app\win64\resources\app\lib\backend\19.js:1:17273)
    at h.handleMessages (C:\Xilinx\2025.1\Vitis\ide\electron-app\win64\resources\app\lib\backend\557.js:1:82043)
    at C:\Xilinx\2025.1\Vitis\ide\electron-app\win64\resources\app\lib\backend\557.js:1:81252
    at C:\Xilinx\2025.1\Vitis\ide\electron-app\win64\resources\app\lib\backend\19.js:1:15380
    at s.invoke (C:\Xilinx\2025.1\Vitis\ide\electron-app\win64\resources\app\lib\backend\19.js:1:15470) 
2026-01-02 20:31:52 [debug] : [hosted-plugin: 23268] PLUGIN_HOST(23268): initializing(vitis-hls-pragma@0.6.0 with C:\Xilinx\2025.1\Vitis\ide\electron-app\win64\resources\app\lib\backend\plugin-vscode-init) 
2026-01-02 20:31:52 [debug] : [hosted-plugin: 23268] PLUGIN_HOST(23268): initializing(vitis-hls-verilog-vhdl-support@0.0.1 with C:\Xilinx\2025.1\Vitis\ide\electron-app\win64\resources\app\lib\backend\plugin-vscode-init) 
2026-01-02 20:31:52 [debug] : [hosted-plugin: 23268] PLUGIN_HOST(23268): initializing(vitis-output@0.0.1 with C:\Xilinx\2025.1\Vitis\ide\electron-app\win64\resources\app\lib\backend\plugin-vscode-init) 
2026-01-02 20:31:52 [debug] : [hosted-plugin: 23268] PLUGIN_HOST(23268): initializing(cpp@1.88.1 with C:\Xilinx\2025.1\Vitis\ide\electron-app\win64\resources\app\lib\backend\plugin-vscode-init) 
2026-01-02 20:31:52 [debug] : [hosted-plugin: 23268] PLUGIN_HOST(23268): initializing(json@1.88.1 with C:\Xilinx\2025.1\Vitis\ide\electron-app\win64\resources\app\lib\backend\plugin-vscode-init) 
2026-01-02 20:31:52 [debug] : [hosted-plugin: 23268] PLUGIN_HOST(23268): initializing(vscode-clangd@0.1.33 with C:\Xilinx\2025.1\Vitis\ide\electron-app\win64\resources\app\lib\backend\plugin-vscode-init) 
2026-01-02 20:31:52 [debug] : [hosted-plugin: 23268] PLUGIN_HOST(23268): initializing(debug@0.27.0 with C:\Xilinx\2025.1\Vitis\ide\electron-app\win64\resources\app\lib\backend\plugin-vscode-init) 
2026-01-02 20:31:52 [debug] : [hosted-plugin: 23268] Debugger contribution has been registered: gdb 
2026-01-02 20:31:52 [debug] : [hosted-plugin: 23268] Debugger contribution has been registered: lldb-mi 
2026-01-02 20:31:52 [debug] : [hosted-plugin: 23268] Debugger contribution has been registered: mago-mi 
2026-01-02 20:31:52 [debug] : [hosted-plugin: 23268] PLUGIN_HOST(23268): initializing(git@1.95.3 with C:\Xilinx\2025.1\Vitis\ide\electron-app\win64\resources\app\lib\backend\plugin-vscode-init) 
2026-01-02 20:31:52 [debug] : [hosted-plugin: 23268] Error: No reply handler for error reply with id: 2
    at c.handleReplyErr (C:\Xilinx\2025.1\Vitis\ide\electron-app\win64\resources\app\lib\backend\19.js:1:45588)
    at c.handleMessage (C:\Xilinx\2025.1\Vitis\ide\electron-app\win64\resources\app\lib\backend\19.js:1:45168)
    at C:\Xilinx\2025.1\Vitis\ide\electron-app\win64\resources\app\lib\backend\19.js:1:44592
    at C:\Xilinx\2025.1\Vitis\ide\electron-app\win64\resources\app\lib\backend\19.js:1:15380
    at s.invoke (C:\Xilinx\2025.1\Vitis\ide\electron-app\win64\resources\app\lib\backend\19.js:1:15470)
    at a.fire (C:\Xilinx\2025.1\Vitis\ide\electron-app\win64\resources\app\lib\backend\19.js:1:17273)
    at h.handleMessages (C:\Xilinx\2025.1\Vitis\ide\electron-app\win64\resources\app\lib\backend\557.js:1:82043)
    at C:\Xilinx\2025.1\Vitis\ide\electron-app\win64\resources\app\lib\backend\557.js:1:81252
    at C:\Xilinx\2025.1\Vitis\ide\electron-app\win64\resources\app\lib\backend\19.js:1:15380
    at s.invoke (C:\Xilinx\2025.1\Vitis\ide\electron-app\win64\resources\app\lib\backend\19.js:1:15470) 
2026-01-02 20:31:52 [debug] : [hosted-plugin: 23268] Error: No reply handler for error reply with id: 3
    at c.handleReplyErr (C:\Xilinx\2025.1\Vitis\ide\electron-app\win64\resources\app\lib\backend\19.js:1:45588)
    at c.handleMessage (C:\Xilinx\2025.1\Vitis\ide\electron-app\win64\resources\app\lib\backend\19.js:1:45168)
    at C:\Xilinx\2025.1\Vitis\ide\electron-app\win64\resources\app\lib\backend\19.js:1:44592
    at C:\Xilinx\2025.1\Vitis\ide\electron-app\win64\resources\app\lib\backend\19.js:1:15380
    at s.invoke (C:\Xilinx\2025.1\Vitis\ide\electron-app\win64\resources\app\lib\backend\19.js:1:15470)
    at a.fire (C:\Xilinx\2025.1\Vitis\ide\electron-app\win64\resources\app\lib\backend\19.js:1:17273)
    at h.handleMessages (C:\Xilinx\2025.1\Vitis\ide\electron-app\win64\resources\app\lib\backend\557.js:1:82043)
    at C:\Xilinx\2025.1\Vitis\ide\electron-app\win64\resources\app\lib\backend\557.js:1:81252
    at C:\Xilinx\2025.1\Vitis\ide\electron-app\win64\resources\app\lib\backend\19.js:1:15380
    at s.invoke (C:\Xilinx\2025.1\Vitis\ide\electron-app\win64\resources\app\lib\backend\19.js:1:15470) 
2026-01-02 20:31:52 [debug] : [hosted-plugin: 23268] Error: No reply handler for error reply with id: 4
    at c.handleReplyErr (C:\Xilinx\2025.1\Vitis\ide\electron-app\win64\resources\app\lib\backend\19.js:1:45588)
    at c.handleMessage (C:\Xilinx\2025.1\Vitis\ide\electron-app\win64\resources\app\lib\backend\19.js:1:45168)
    at C:\Xilinx\2025.1\Vitis\ide\electron-app\win64\resources\app\lib\backend\19.js:1:44592
    at C:\Xilinx\2025.1\Vitis\ide\electron-app\win64\resources\app\lib\backend\19.js:1:15380
    at s.invoke (C:\Xilinx\2025.1\Vitis\ide\electron-app\win64\resources\app\lib\backend\19.js:1:15470)
    at a.fire (C:\Xilinx\2025.1\Vitis\ide\electron-app\win64\resources\app\lib\backend\19.js:1:17273)
    at h.handleMessages (C:\Xilinx\2025.1\Vitis\ide\electron-app\win64\resources\app\lib\backend\557.js:1:82043)
    at C:\Xilinx\2025.1\Vitis\ide\electron-app\win64\resources\app\lib\backend\557.js:1:81252
    at C:\Xilinx\2025.1\Vitis\ide\electron-app\win64\resources\app\lib\backend\19.js:1:15380
    at s.invoke (C:\Xilinx\2025.1\Vitis\ide\electron-app\win64\resources\app\lib\backend\19.js:1:15470) 
2026-01-02 20:31:52 [debug] : [hosted-plugin: 23268] PLUGIN_HOST(23268): initializing(make@1.88.1 with C:\Xilinx\2025.1\Vitis\ide\electron-app\win64\resources\app\lib\backend\plugin-vscode-init) 
2026-01-02 20:31:52 [debug] : [hosted-plugin: 23268] Unsupported activation events: oncommand:gitlens.copyCurrentBranch, please open an issue: https://github.com/eclipse-theia/theia/issues/new 
2026-01-02 20:31:52 [debug] : [hosted-plugin: 23268] Unsupported activation events: onEditSession:file, please open an issue: https://github.com/eclipse-theia/theia/issues/new 
2026-01-02 20:31:52 [debug] : Error: No reply handler for reply with id: 42
    at l.handleReply (file:///C:/Xilinx/2025.1/Vitis/ide/electron-app/win64/resources/app/lib/frontend/bundle.js:2:2870572)
    at l.handleMessage (file:///C:/Xilinx/2025.1/Vitis/ide/electron-app/win64/resources/app/lib/frontend/bundle.js:2:2870311)
    at file:///C:/Xilinx/2025.1/Vitis/ide/electron-app/win64/resources/app/lib/frontend/bundle.js:2:2869783
    at file:///C:/Xilinx/2025.1/Vitis/ide/electron-app/win64/resources/app/lib/frontend/bundle.js:2:2817303
    at s.invoke (file:///C:/Xilinx/2025.1/Vitis/ide/electron-app/win64/resources/app/lib/frontend/bundle.js:2:2817393)
    at a.fire (file:///C:/Xilinx/2025.1/Vitis/ide/electron-app/win64/resources/app/lib/frontend/bundle.js:2:2819196)
    at d.handleMessages (file:///C:/Xilinx/2025.1/Vitis/ide/electron-app/win64/resources/app/lib/frontend/bundle.js:2:8216579)
    at file:///C:/Xilinx/2025.1/Vitis/ide/electron-app/win64/resources/app/lib/frontend/bundle.js:2:8215788
    at file:///C:/Xilinx/2025.1/Vitis/ide/electron-app/win64/resources/app/lib/frontend/bundle.js:2:2817303
    at s.invoke (file:///C:/Xilinx/2025.1/Vitis/ide/electron-app/win64/resources/app/lib/frontend/bundle.js:2:2817393) 
2026-01-02 20:31:52 [debug] : Error: No reply handler for reply with id: 43
    at l.handleReply (file:///C:/Xilinx/2025.1/Vitis/ide/electron-app/win64/resources/app/lib/frontend/bundle.js:2:2870572)
    at l.handleMessage (file:///C:/Xilinx/2025.1/Vitis/ide/electron-app/win64/resources/app/lib/frontend/bundle.js:2:2870311)
    at file:///C:/Xilinx/2025.1/Vitis/ide/electron-app/win64/resources/app/lib/frontend/bundle.js:2:2869783
    at file:///C:/Xilinx/2025.1/Vitis/ide/electron-app/win64/resources/app/lib/frontend/bundle.js:2:2817303
    at s.invoke (file:///C:/Xilinx/2025.1/Vitis/ide/electron-app/win64/resources/app/lib/frontend/bundle.js:2:2817393)
    at a.fire (file:///C:/Xilinx/2025.1/Vitis/ide/electron-app/win64/resources/app/lib/frontend/bundle.js:2:2819196)
    at d.handleMessages (file:///C:/Xilinx/2025.1/Vitis/ide/electron-app/win64/resources/app/lib/frontend/bundle.js:2:8216579)
    at file:///C:/Xilinx/2025.1/Vitis/ide/electron-app/win64/resources/app/lib/frontend/bundle.js:2:8215788
    at file:///C:/Xilinx/2025.1/Vitis/ide/electron-app/win64/resources/app/lib/frontend/bundle.js:2:2817303
    at s.invoke (file:///C:/Xilinx/2025.1/Vitis/ide/electron-app/win64/resources/app/lib/frontend/bundle.js:2:2817393) 
2026-01-02 20:31:52 [debug] : Error: No reply handler for reply with id: 44
    at l.handleReply (file:///C:/Xilinx/2025.1/Vitis/ide/electron-app/win64/resources/app/lib/frontend/bundle.js:2:2870572)
    at l.handleMessage (file:///C:/Xilinx/2025.1/Vitis/ide/electron-app/win64/resources/app/lib/frontend/bundle.js:2:2870311)
    at file:///C:/Xilinx/2025.1/Vitis/ide/electron-app/win64/resources/app/lib/frontend/bundle.js:2:2869783
    at file:///C:/Xilinx/2025.1/Vitis/ide/electron-app/win64/resources/app/lib/frontend/bundle.js:2:2817303
    at s.invoke (file:///C:/Xilinx/2025.1/Vitis/ide/electron-app/win64/resources/app/lib/frontend/bundle.js:2:2817393)
    at a.fire (file:///C:/Xilinx/2025.1/Vitis/ide/electron-app/win64/resources/app/lib/frontend/bundle.js:2:2819196)
    at d.handleMessages (file:///C:/Xilinx/2025.1/Vitis/ide/electron-app/win64/resources/app/lib/frontend/bundle.js:2:8216579)
    at file:///C:/Xilinx/2025.1/Vitis/ide/electron-app/win64/resources/app/lib/frontend/bundle.js:2:8215788
    at file:///C:/Xilinx/2025.1/Vitis/ide/electron-app/win64/resources/app/lib/frontend/bundle.js:2:2817303
    at s.invoke (file:///C:/Xilinx/2025.1/Vitis/ide/electron-app/win64/resources/app/lib/frontend/bundle.js:2:2817393) 
2026-01-02 20:31:52 [debug] : Error: No reply handler for reply with id: 42
    at l.handleReply (file:///C:/Xilinx/2025.1/Vitis/ide/electron-app/win64/resources/app/lib/frontend/bundle.js:2:2870572)
    at l.handleMessage (file:///C:/Xilinx/2025.1/Vitis/ide/electron-app/win64/resources/app/lib/frontend/bundle.js:2:2870311)
    at file:///C:/Xilinx/2025.1/Vitis/ide/electron-app/win64/resources/app/lib/frontend/bundle.js:2:2869783
    at file:///C:/Xilinx/2025.1/Vitis/ide/electron-app/win64/resources/app/lib/frontend/bundle.js:2:2817303
    at s.invoke (file:///C:/Xilinx/2025.1/Vitis/ide/electron-app/win64/resources/app/lib/frontend/bundle.js:2:2817393)
    at a.fire (file:///C:/Xilinx/2025.1/Vitis/ide/electron-app/win64/resources/app/lib/frontend/bundle.js:2:2819196)
    at d.handleMessages (file:///C:/Xilinx/2025.1/Vitis/ide/electron-app/win64/resources/app/lib/frontend/bundle.js:2:8216579)
    at file:///C:/Xilinx/2025.1/Vitis/ide/electron-app/win64/resources/app/lib/frontend/bundle.js:2:8215788
    at file:///C:/Xilinx/2025.1/Vitis/ide/electron-app/win64/resources/app/lib/frontend/bundle.js:2:2817303
    at s.invoke (file:///C:/Xilinx/2025.1/Vitis/ide/electron-app/win64/resources/app/lib/frontend/bundle.js:2:2817393) 
2026-01-02 20:31:52 [debug] : Error: No reply handler for reply with id: 43
    at l.handleReply (file:///C:/Xilinx/2025.1/Vitis/ide/electron-app/win64/resources/app/lib/frontend/bundle.js:2:2870572)
    at l.handleMessage (file:///C:/Xilinx/2025.1/Vitis/ide/electron-app/win64/resources/app/lib/frontend/bundle.js:2:2870311)
    at file:///C:/Xilinx/2025.1/Vitis/ide/electron-app/win64/resources/app/lib/frontend/bundle.js:2:2869783
    at file:///C:/Xilinx/2025.1/Vitis/ide/electron-app/win64/resources/app/lib/frontend/bundle.js:2:2817303
    at s.invoke (file:///C:/Xilinx/2025.1/Vitis/ide/electron-app/win64/resources/app/lib/frontend/bundle.js:2:2817393)
    at a.fire (file:///C:/Xilinx/2025.1/Vitis/ide/electron-app/win64/resources/app/lib/frontend/bundle.js:2:2819196)
    at d.handleMessages (file:///C:/Xilinx/2025.1/Vitis/ide/electron-app/win64/resources/app/lib/frontend/bundle.js:2:8216579)
    at file:///C:/Xilinx/2025.1/Vitis/ide/electron-app/win64/resources/app/lib/frontend/bundle.js:2:8215788
    at file:///C:/Xilinx/2025.1/Vitis/ide/electron-app/win64/resources/app/lib/frontend/bundle.js:2:2817303
    at s.invoke (file:///C:/Xilinx/2025.1/Vitis/ide/electron-app/win64/resources/app/lib/frontend/bundle.js:2:2817393) 
2026-01-02 20:31:52 [debug] : Error: No reply handler for reply with id: 44
    at l.handleReply (file:///C:/Xilinx/2025.1/Vitis/ide/electron-app/win64/resources/app/lib/frontend/bundle.js:2:2870572)
    at l.handleMessage (file:///C:/Xilinx/2025.1/Vitis/ide/electron-app/win64/resources/app/lib/frontend/bundle.js:2:2870311)
    at file:///C:/Xilinx/2025.1/Vitis/ide/electron-app/win64/resources/app/lib/frontend/bundle.js:2:2869783
    at file:///C:/Xilinx/2025.1/Vitis/ide/electron-app/win64/resources/app/lib/frontend/bundle.js:2:2817303
    at s.invoke (file:///C:/Xilinx/2025.1/Vitis/ide/electron-app/win64/resources/app/lib/frontend/bundle.js:2:2817393)
    at a.fire (file:///C:/Xilinx/2025.1/Vitis/ide/electron-app/win64/resources/app/lib/frontend/bundle.js:2:2819196)
    at d.handleMessages (file:///C:/Xilinx/2025.1/Vitis/ide/electron-app/win64/resources/app/lib/frontend/bundle.js:2:8216579)
    at file:///C:/Xilinx/2025.1/Vitis/ide/electron-app/win64/resources/app/lib/frontend/bundle.js:2:8215788
    at file:///C:/Xilinx/2025.1/Vitis/ide/electron-app/win64/resources/app/lib/frontend/bundle.js:2:2817303
    at s.invoke (file:///C:/Xilinx/2025.1/Vitis/ide/electron-app/win64/resources/app/lib/frontend/bundle.js:2:2817393) 
2026-01-02 20:31:52 [debug] : [hosted-plugin: 23268] Error: No reply handler for reply with id: 2
    at c.handleReply (C:\Xilinx\2025.1\Vitis\ide\electron-app\win64\resources\app\lib\backend\19.js:1:45381)
    at c.handleMessage (C:\Xilinx\2025.1\Vitis\ide\electron-app\win64\resources\app\lib\backend\19.js:1:45120)
    at C:\Xilinx\2025.1\Vitis\ide\electron-app\win64\resources\app\lib\backend\19.js:1:44592
    at C:\Xilinx\2025.1\Vitis\ide\electron-app\win64\resources\app\lib\backend\19.js:1:15380
    at s.invoke (C:\Xilinx\2025.1\Vitis\ide\electron-app\win64\resources\app\lib\backend\19.js:1:15470)
    at a.fire (C:\Xilinx\2025.1\Vitis\ide\electron-app\win64\resources\app\lib\backend\19.js:1:17273)
    at h.handleMessages (C:\Xilinx\2025.1\Vitis\ide\electron-app\win64\resources\app\lib\backend\557.js:1:82043)
    at C:\Xilinx\2025.1\Vitis\ide\electron-app\win64\resources\app\lib\backend\557.js:1:81252
    at C:\Xilinx\2025.1\Vitis\ide\electron-app\win64\resources\app\lib\backend\19.js:1:15380
    at s.invoke (C:\Xilinx\2025.1\Vitis\ide\electron-app\win64\resources\app\lib\backend\19.js:1:15470) 
2026-01-02 20:31:52 [debug] : [hosted-plugin: 23268] Error: No reply handler for reply with id: 3
    at c.handleReply (C:\Xilinx\2025.1\Vitis\ide\electron-app\win64\resources\app\lib\backend\19.js:1:45381)
    at c.handleMessage (C:\Xilinx\2025.1\Vitis\ide\electron-app\win64\resources\app\lib\backend\19.js:1:45120)
    at C:\Xilinx\2025.1\Vitis\ide\electron-app\win64\resources\app\lib\backend\19.js:1:44592
    at C:\Xilinx\2025.1\Vitis\ide\electron-app\win64\resources\app\lib\backend\19.js:1:15380
    at s.invoke (C:\Xilinx\2025.1\Vitis\ide\electron-app\win64\resources\app\lib\backend\19.js:1:15470)
    at a.fire (C:\Xilinx\2025.1\Vitis\ide\electron-app\win64\resources\app\lib\backend\19.js:1:17273)
    at h.handleMessages (C:\Xilinx\2025.1\Vitis\ide\electron-app\win64\resources\app\lib\backend\557.js:1:82043)
    at C:\Xilinx\2025.1\Vitis\ide\electron-app\win64\resources\app\lib\backend\557.js:1:81252
    at C:\Xilinx\2025.1\Vitis\ide\electron-app\win64\resources\app\lib\backend\19.js:1:15380
    at s.invoke (C:\Xilinx\2025.1\Vitis\ide\electron-app\win64\resources\app\lib\backend\19.js:1:15470) 
2026-01-02 20:31:52 [debug] : [hosted-plugin: 23268] Error: No reply handler for reply with id: 4
    at c.handleReply (C:\Xilinx\2025.1\Vitis\ide\electron-app\win64\resources\app\lib\backend\19.js:1:45381)
    at c.handleMessage (C:\Xilinx\2025.1\Vitis\ide\electron-app\win64\resources\app\lib\backend\19.js:1:45120)
    at C:\Xilinx\2025.1\Vitis\ide\electron-app\win64\resources\app\lib\backend\19.js:1:44592
    at C:\Xilinx\2025.1\Vitis\ide\electron-app\win64\resources\app\lib\backend\19.js:1:15380
    at s.invoke (C:\Xilinx\2025.1\Vitis\ide\electron-app\win64\resources\app\lib\backend\19.js:1:15470)
    at a.fire (C:\Xilinx\2025.1\Vitis\ide\electron-app\win64\resources\app\lib\backend\19.js:1:17273)
    at h.handleMessages (C:\Xilinx\2025.1\Vitis\ide\electron-app\win64\resources\app\lib\backend\557.js:1:82043)
    at C:\Xilinx\2025.1\Vitis\ide\electron-app\win64\resources\app\lib\backend\557.js:1:81252
    at C:\Xilinx\2025.1\Vitis\ide\electron-app\win64\resources\app\lib\backend\19.js:1:15380
    at s.invoke (C:\Xilinx\2025.1\Vitis\ide\electron-app\win64\resources\app\lib\backend\19.js:1:15470) 
2026-01-02 20:31:52 [debug] : Error: No reply handler for reply with id: 15
    at l.handleReply (file:///C:/Xilinx/2025.1/Vitis/ide/electron-app/win64/resources/app/lib/frontend/bundle.js:2:2870572)
    at l.handleMessage (file:///C:/Xilinx/2025.1/Vitis/ide/electron-app/win64/resources/app/lib/frontend/bundle.js:2:2870311)
    at file:///C:/Xilinx/2025.1/Vitis/ide/electron-app/win64/resources/app/lib/frontend/bundle.js:2:2869783
    at file:///C:/Xilinx/2025.1/Vitis/ide/electron-app/win64/resources/app/lib/frontend/bundle.js:2:2817303
    at s.invoke (file:///C:/Xilinx/2025.1/Vitis/ide/electron-app/win64/resources/app/lib/frontend/bundle.js:2:2817393)
    at a.fire (file:///C:/Xilinx/2025.1/Vitis/ide/electron-app/win64/resources/app/lib/frontend/bundle.js:2:2819196)
    at d.handleMessages (file:///C:/Xilinx/2025.1/Vitis/ide/electron-app/win64/resources/app/lib/frontend/bundle.js:2:8216579)
    at file:///C:/Xilinx/2025.1/Vitis/ide/electron-app/win64/resources/app/lib/frontend/bundle.js:2:8215788
    at file:///C:/Xilinx/2025.1/Vitis/ide/electron-app/win64/resources/app/lib/frontend/bundle.js:2:2817303
    at s.invoke (file:///C:/Xilinx/2025.1/Vitis/ide/electron-app/win64/resources/app/lib/frontend/bundle.js:2:2817393) 
2026-01-02 20:31:52 [debug] : Error: No reply handler for reply with id: 17
    at l.handleReply (file:///C:/Xilinx/2025.1/Vitis/ide/electron-app/win64/resources/app/lib/frontend/bundle.js:2:2870572)
    at l.handleMessage (file:///C:/Xilinx/2025.1/Vitis/ide/electron-app/win64/resources/app/lib/frontend/bundle.js:2:2870311)
    at file:///C:/Xilinx/2025.1/Vitis/ide/electron-app/win64/resources/app/lib/frontend/bundle.js:2:2869783
    at file:///C:/Xilinx/2025.1/Vitis/ide/electron-app/win64/resources/app/lib/frontend/bundle.js:2:2817303
    at s.invoke (file:///C:/Xilinx/2025.1/Vitis/ide/electron-app/win64/resources/app/lib/frontend/bundle.js:2:2817393)
    at a.fire (file:///C:/Xilinx/2025.1/Vitis/ide/electron-app/win64/resources/app/lib/frontend/bundle.js:2:2819196)
    at d.handleMessages (file:///C:/Xilinx/2025.1/Vitis/ide/electron-app/win64/resources/app/lib/frontend/bundle.js:2:8216579)
    at file:///C:/Xilinx/2025.1/Vitis/ide/electron-app/win64/resources/app/lib/frontend/bundle.js:2:8215788
    at file:///C:/Xilinx/2025.1/Vitis/ide/electron-app/win64/resources/app/lib/frontend/bundle.js:2:2817303
    at s.invoke (file:///C:/Xilinx/2025.1/Vitis/ide/electron-app/win64/resources/app/lib/frontend/bundle.js:2:2817393) 
2026-01-02 20:31:52 [debug] : Error: No reply handler for reply with id: 18
    at l.handleReply (file:///C:/Xilinx/2025.1/Vitis/ide/electron-app/win64/resources/app/lib/frontend/bundle.js:2:2870572)
    at l.handleMessage (file:///C:/Xilinx/2025.1/Vitis/ide/electron-app/win64/resources/app/lib/frontend/bundle.js:2:2870311)
    at file:///C:/Xilinx/2025.1/Vitis/ide/electron-app/win64/resources/app/lib/frontend/bundle.js:2:2869783
    at file:///C:/Xilinx/2025.1/Vitis/ide/electron-app/win64/resources/app/lib/frontend/bundle.js:2:2817303
    at s.invoke (file:///C:/Xilinx/2025.1/Vitis/ide/electron-app/win64/resources/app/lib/frontend/bundle.js:2:2817393)
    at a.fire (file:///C:/Xilinx/2025.1/Vitis/ide/electron-app/win64/resources/app/lib/frontend/bundle.js:2:2819196)
    at d.handleMessages (file:///C:/Xilinx/2025.1/Vitis/ide/electron-app/win64/resources/app/lib/frontend/bundle.js:2:8216579)
    at file:///C:/Xilinx/2025.1/Vitis/ide/electron-app/win64/resources/app/lib/frontend/bundle.js:2:8215788
    at file:///C:/Xilinx/2025.1/Vitis/ide/electron-app/win64/resources/app/lib/frontend/bundle.js:2:2817303
    at s.invoke (file:///C:/Xilinx/2025.1/Vitis/ide/electron-app/win64/resources/app/lib/frontend/bundle.js:2:2817393) 
2026-01-02 20:31:52 [debug] : Error: No reply handler for reply with id: 20
    at l.handleReply (file:///C:/Xilinx/2025.1/Vitis/ide/electron-app/win64/resources/app/lib/frontend/bundle.js:2:2870572)
    at l.handleMessage (file:///C:/Xilinx/2025.1/Vitis/ide/electron-app/win64/resources/app/lib/frontend/bundle.js:2:2870311)
    at file:///C:/Xilinx/2025.1/Vitis/ide/electron-app/win64/resources/app/lib/frontend/bundle.js:2:2869783
    at file:///C:/Xilinx/2025.1/Vitis/ide/electron-app/win64/resources/app/lib/frontend/bundle.js:2:2817303
    at s.invoke (file:///C:/Xilinx/2025.1/Vitis/ide/electron-app/win64/resources/app/lib/frontend/bundle.js:2:2817393)
    at a.fire (file:///C:/Xilinx/2025.1/Vitis/ide/electron-app/win64/resources/app/lib/frontend/bundle.js:2:2819196)
    at d.handleMessages (file:///C:/Xilinx/2025.1/Vitis/ide/electron-app/win64/resources/app/lib/frontend/bundle.js:2:8216579)
    at file:///C:/Xilinx/2025.1/Vitis/ide/electron-app/win64/resources/app/lib/frontend/bundle.js:2:8215788
    at file:///C:/Xilinx/2025.1/Vitis/ide/electron-app/win64/resources/app/lib/frontend/bundle.js:2:2817303
    at s.invoke (file:///C:/Xilinx/2025.1/Vitis/ide/electron-app/win64/resources/app/lib/frontend/bundle.js:2:2817393) 
2026-01-02 20:31:52 [debug] : Error: No reply handler for reply with id: 21
    at l.handleReply (file:///C:/Xilinx/2025.1/Vitis/ide/electron-app/win64/resources/app/lib/frontend/bundle.js:2:2870572)
    at l.handleMessage (file:///C:/Xilinx/2025.1/Vitis/ide/electron-app/win64/resources/app/lib/frontend/bundle.js:2:2870311)
    at file:///C:/Xilinx/2025.1/Vitis/ide/electron-app/win64/resources/app/lib/frontend/bundle.js:2:2869783
    at file:///C:/Xilinx/2025.1/Vitis/ide/electron-app/win64/resources/app/lib/frontend/bundle.js:2:2817303
    at s.invoke (file:///C:/Xilinx/2025.1/Vitis/ide/electron-app/win64/resources/app/lib/frontend/bundle.js:2:2817393)
    at a.fire (file:///C:/Xilinx/2025.1/Vitis/ide/electron-app/win64/resources/app/lib/frontend/bundle.js:2:2819196)
    at d.handleMessages (file:///C:/Xilinx/2025.1/Vitis/ide/electron-app/win64/resources/app/lib/frontend/bundle.js:2:8216579)
    at file:///C:/Xilinx/2025.1/Vitis/ide/electron-app/win64/resources/app/lib/frontend/bundle.js:2:8215788
    at file:///C:/Xilinx/2025.1/Vitis/ide/electron-app/win64/resources/app/lib/frontend/bundle.js:2:2817303
    at s.invoke (file:///C:/Xilinx/2025.1/Vitis/ide/electron-app/win64/resources/app/lib/frontend/bundle.js:2:2817393) 
2026-01-02 20:31:52 [debug] : Error: No reply handler for reply with id: 22
    at l.handleReply (file:///C:/Xilinx/2025.1/Vitis/ide/electron-app/win64/resources/app/lib/frontend/bundle.js:2:2870572)
    at l.handleMessage (file:///C:/Xilinx/2025.1/Vitis/ide/electron-app/win64/resources/app/lib/frontend/bundle.js:2:2870311)
    at file:///C:/Xilinx/2025.1/Vitis/ide/electron-app/win64/resources/app/lib/frontend/bundle.js:2:2869783
    at file:///C:/Xilinx/2025.1/Vitis/ide/electron-app/win64/resources/app/lib/frontend/bundle.js:2:2817303
    at s.invoke (file:///C:/Xilinx/2025.1/Vitis/ide/electron-app/win64/resources/app/lib/frontend/bundle.js:2:2817393)
    at a.fire (file:///C:/Xilinx/2025.1/Vitis/ide/electron-app/win64/resources/app/lib/frontend/bundle.js:2:2819196)
    at d.handleMessages (file:///C:/Xilinx/2025.1/Vitis/ide/electron-app/win64/resources/app/lib/frontend/bundle.js:2:8216579)
    at file:///C:/Xilinx/2025.1/Vitis/ide/electron-app/win64/resources/app/lib/frontend/bundle.js:2:8215788
    at file:///C:/Xilinx/2025.1/Vitis/ide/electron-app/win64/resources/app/lib/frontend/bundle.js:2:2817303
    at s.invoke (file:///C:/Xilinx/2025.1/Vitis/ide/electron-app/win64/resources/app/lib/frontend/bundle.js:2:2817393) 
2026-01-02 20:31:52 [debug] : Error: No reply handler for reply with id: 23
    at l.handleReply (file:///C:/Xilinx/2025.1/Vitis/ide/electron-app/win64/resources/app/lib/frontend/bundle.js:2:2870572)
    at l.handleMessage (file:///C:/Xilinx/2025.1/Vitis/ide/electron-app/win64/resources/app/lib/frontend/bundle.js:2:2870311)
    at file:///C:/Xilinx/2025.1/Vitis/ide/electron-app/win64/resources/app/lib/frontend/bundle.js:2:2869783
    at file:///C:/Xilinx/2025.1/Vitis/ide/electron-app/win64/resources/app/lib/frontend/bundle.js:2:2817303
    at s.invoke (file:///C:/Xilinx/2025.1/Vitis/ide/electron-app/win64/resources/app/lib/frontend/bundle.js:2:2817393)
    at a.fire (file:///C:/Xilinx/2025.1/Vitis/ide/electron-app/win64/resources/app/lib/frontend/bundle.js:2:2819196)
    at d.handleMessages (file:///C:/Xilinx/2025.1/Vitis/ide/electron-app/win64/resources/app/lib/frontend/bundle.js:2:8216579)
    at file:///C:/Xilinx/2025.1/Vitis/ide/electron-app/win64/resources/app/lib/frontend/bundle.js:2:8215788
    at file:///C:/Xilinx/2025.1/Vitis/ide/electron-app/win64/resources/app/lib/frontend/bundle.js:2:2817303
    at s.invoke (file:///C:/Xilinx/2025.1/Vitis/ide/electron-app/win64/resources/app/lib/frontend/bundle.js:2:2817393) 
2026-01-02 20:31:52 [debug] : Error: No reply handler for reply with id: 24
    at l.handleReply (file:///C:/Xilinx/2025.1/Vitis/ide/electron-app/win64/resources/app/lib/frontend/bundle.js:2:2870572)
    at l.handleMessage (file:///C:/Xilinx/2025.1/Vitis/ide/electron-app/win64/resources/app/lib/frontend/bundle.js:2:2870311)
    at file:///C:/Xilinx/2025.1/Vitis/ide/electron-app/win64/resources/app/lib/frontend/bundle.js:2:2869783
    at file:///C:/Xilinx/2025.1/Vitis/ide/electron-app/win64/resources/app/lib/frontend/bundle.js:2:2817303
    at s.invoke (file:///C:/Xilinx/2025.1/Vitis/ide/electron-app/win64/resources/app/lib/frontend/bundle.js:2:2817393)
    at a.fire (file:///C:/Xilinx/2025.1/Vitis/ide/electron-app/win64/resources/app/lib/frontend/bundle.js:2:2819196)
    at d.handleMessages (file:///C:/Xilinx/2025.1/Vitis/ide/electron-app/win64/resources/app/lib/frontend/bundle.js:2:8216579)
    at file:///C:/Xilinx/2025.1/Vitis/ide/electron-app/win64/resources/app/lib/frontend/bundle.js:2:8215788
    at file:///C:/Xilinx/2025.1/Vitis/ide/electron-app/win64/resources/app/lib/frontend/bundle.js:2:2817303
    at s.invoke (file:///C:/Xilinx/2025.1/Vitis/ide/electron-app/win64/resources/app/lib/frontend/bundle.js:2:2817393) 
2026-01-02 20:31:52 [debug] : Error: No reply handler for reply with id: 26
    at l.handleReply (file:///C:/Xilinx/2025.1/Vitis/ide/electron-app/win64/resources/app/lib/frontend/bundle.js:2:2870572)
    at l.handleMessage (file:///C:/Xilinx/2025.1/Vitis/ide/electron-app/win64/resources/app/lib/frontend/bundle.js:2:2870311)
    at file:///C:/Xilinx/2025.1/Vitis/ide/electron-app/win64/resources/app/lib/frontend/bundle.js:2:2869783
    at file:///C:/Xilinx/2025.1/Vitis/ide/electron-app/win64/resources/app/lib/frontend/bundle.js:2:2817303
    at s.invoke (file:///C:/Xilinx/2025.1/Vitis/ide/electron-app/win64/resources/app/lib/frontend/bundle.js:2:2817393)
    at a.fire (file:///C:/Xilinx/2025.1/Vitis/ide/electron-app/win64/resources/app/lib/frontend/bundle.js:2:2819196)
    at d.handleMessages (file:///C:/Xilinx/2025.1/Vitis/ide/electron-app/win64/resources/app/lib/frontend/bundle.js:2:8216579)
    at file:///C:/Xilinx/2025.1/Vitis/ide/electron-app/win64/resources/app/lib/frontend/bundle.js:2:8215788
    at file:///C:/Xilinx/2025.1/Vitis/ide/electron-app/win64/resources/app/lib/frontend/bundle.js:2:2817303
    at s.invoke (file:///C:/Xilinx/2025.1/Vitis/ide/electron-app/win64/resources/app/lib/frontend/bundle.js:2:2817393) 
2026-01-02 20:31:52 [debug] : Error: No reply handler for reply with id: 28
    at l.handleReply (file:///C:/Xilinx/2025.1/Vitis/ide/electron-app/win64/resources/app/lib/frontend/bundle.js:2:2870572)
    at l.handleMessage (file:///C:/Xilinx/2025.1/Vitis/ide/electron-app/win64/resources/app/lib/frontend/bundle.js:2:2870311)
    at file:///C:/Xilinx/2025.1/Vitis/ide/electron-app/win64/resources/app/lib/frontend/bundle.js:2:2869783
    at file:///C:/Xilinx/2025.1/Vitis/ide/electron-app/win64/resources/app/lib/frontend/bundle.js:2:2817303
    at s.invoke (file:///C:/Xilinx/2025.1/Vitis/ide/electron-app/win64/resources/app/lib/frontend/bundle.js:2:2817393)
    at a.fire (file:///C:/Xilinx/2025.1/Vitis/ide/electron-app/win64/resources/app/lib/frontend/bundle.js:2:2819196)
    at d.handleMessages (file:///C:/Xilinx/2025.1/Vitis/ide/electron-app/win64/resources/app/lib/frontend/bundle.js:2:8216579)
    at file:///C:/Xilinx/2025.1/Vitis/ide/electron-app/win64/resources/app/lib/frontend/bundle.js:2:8215788
    at file:///C:/Xilinx/2025.1/Vitis/ide/electron-app/win64/resources/app/lib/frontend/bundle.js:2:2817303
    at s.invoke (file:///C:/Xilinx/2025.1/Vitis/ide/electron-app/win64/resources/app/lib/frontend/bundle.js:2:2817393) 
2026-01-02 20:31:52 [debug] : Error: No reply handler for reply with id: 29
    at l.handleReply (file:///C:/Xilinx/2025.1/Vitis/ide/electron-app/win64/resources/app/lib/frontend/bundle.js:2:2870572)
    at l.handleMessage (file:///C:/Xilinx/2025.1/Vitis/ide/electron-app/win64/resources/app/lib/frontend/bundle.js:2:2870311)
    at file:///C:/Xilinx/2025.1/Vitis/ide/electron-app/win64/resources/app/lib/frontend/bundle.js:2:2869783
    at file:///C:/Xilinx/2025.1/Vitis/ide/electron-app/win64/resources/app/lib/frontend/bundle.js:2:2817303
    at s.invoke (file:///C:/Xilinx/2025.1/Vitis/ide/electron-app/win64/resources/app/lib/frontend/bundle.js:2:2817393)
    at a.fire (file:///C:/Xilinx/2025.1/Vitis/ide/electron-app/win64/resources/app/lib/frontend/bundle.js:2:2819196)
    at d.handleMessages (file:///C:/Xilinx/2025.1/Vitis/ide/electron-app/win64/resources/app/lib/frontend/bundle.js:2:8216579)
    at file:///C:/Xilinx/2025.1/Vitis/ide/electron-app/win64/resources/app/lib/frontend/bundle.js:2:8215788
    at file:///C:/Xilinx/2025.1/Vitis/ide/electron-app/win64/resources/app/lib/frontend/bundle.js:2:2817303
    at s.invoke (file:///C:/Xilinx/2025.1/Vitis/ide/electron-app/win64/resources/app/lib/frontend/bundle.js:2:2817393) 
2026-01-02 20:31:52 [debug] : Error: No reply handler for reply with id: 30
    at l.handleReply (file:///C:/Xilinx/2025.1/Vitis/ide/electron-app/win64/resources/app/lib/frontend/bundle.js:2:2870572)
    at l.handleMessage (file:///C:/Xilinx/2025.1/Vitis/ide/electron-app/win64/resources/app/lib/frontend/bundle.js:2:2870311)
    at file:///C:/Xilinx/2025.1/Vitis/ide/electron-app/win64/resources/app/lib/frontend/bundle.js:2:2869783
    at file:///C:/Xilinx/2025.1/Vitis/ide/electron-app/win64/resources/app/lib/frontend/bundle.js:2:2817303
    at s.invoke (file:///C:/Xilinx/2025.1/Vitis/ide/electron-app/win64/resources/app/lib/frontend/bundle.js:2:2817393)
    at a.fire (file:///C:/Xilinx/2025.1/Vitis/ide/electron-app/win64/resources/app/lib/frontend/bundle.js:2:2819196)
    at d.handleMessages (file:///C:/Xilinx/2025.1/Vitis/ide/electron-app/win64/resources/app/lib/frontend/bundle.js:2:8216579)
    at file:///C:/Xilinx/2025.1/Vitis/ide/electron-app/win64/resources/app/lib/frontend/bundle.js:2:8215788
    at file:///C:/Xilinx/2025.1/Vitis/ide/electron-app/win64/resources/app/lib/frontend/bundle.js:2:2817303
    at s.invoke (file:///C:/Xilinx/2025.1/Vitis/ide/electron-app/win64/resources/app/lib/frontend/bundle.js:2:2817393) 
2026-01-02 20:31:52 [debug] : Error: No reply handler for reply with id: 31
    at l.handleReply (file:///C:/Xilinx/2025.1/Vitis/ide/electron-app/win64/resources/app/lib/frontend/bundle.js:2:2870572)
    at l.handleMessage (file:///C:/Xilinx/2025.1/Vitis/ide/electron-app/win64/resources/app/lib/frontend/bundle.js:2:2870311)
    at file:///C:/Xilinx/2025.1/Vitis/ide/electron-app/win64/resources/app/lib/frontend/bundle.js:2:2869783
    at file:///C:/Xilinx/2025.1/Vitis/ide/electron-app/win64/resources/app/lib/frontend/bundle.js:2:2817303
    at s.invoke (file:///C:/Xilinx/2025.1/Vitis/ide/electron-app/win64/resources/app/lib/frontend/bundle.js:2:2817393)
    at a.fire (file:///C:/Xilinx/2025.1/Vitis/ide/electron-app/win64/resources/app/lib/frontend/bundle.js:2:2819196)
    at d.handleMessages (file:///C:/Xilinx/2025.1/Vitis/ide/electron-app/win64/resources/app/lib/frontend/bundle.js:2:8216579)
    at file:///C:/Xilinx/2025.1/Vitis/ide/electron-app/win64/resources/app/lib/frontend/bundle.js:2:8215788
    at file:///C:/Xilinx/2025.1/Vitis/ide/electron-app/win64/resources/app/lib/frontend/bundle.js:2:2817303
    at s.invoke (file:///C:/Xilinx/2025.1/Vitis/ide/electron-app/win64/resources/app/lib/frontend/bundle.js:2:2817393) 
2026-01-02 20:31:52 [debug] : Error: No reply handler for reply with id: 32
    at l.handleReply (file:///C:/Xilinx/2025.1/Vitis/ide/electron-app/win64/resources/app/lib/frontend/bundle.js:2:2870572)
    at l.handleMessage (file:///C:/Xilinx/2025.1/Vitis/ide/electron-app/win64/resources/app/lib/frontend/bundle.js:2:2870311)
    at file:///C:/Xilinx/2025.1/Vitis/ide/electron-app/win64/resources/app/lib/frontend/bundle.js:2:2869783
    at file:///C:/Xilinx/2025.1/Vitis/ide/electron-app/win64/resources/app/lib/frontend/bundle.js:2:2817303
    at s.invoke (file:///C:/Xilinx/2025.1/Vitis/ide/electron-app/win64/resources/app/lib/frontend/bundle.js:2:2817393)
    at a.fire (file:///C:/Xilinx/2025.1/Vitis/ide/electron-app/win64/resources/app/lib/frontend/bundle.js:2:2819196)
    at d.handleMessages (file:///C:/Xilinx/2025.1/Vitis/ide/electron-app/win64/resources/app/lib/frontend/bundle.js:2:8216579)
    at file:///C:/Xilinx/2025.1/Vitis/ide/electron-app/win64/resources/app/lib/frontend/bundle.js:2:8215788
    at file:///C:/Xilinx/2025.1/Vitis/ide/electron-app/win64/resources/app/lib/frontend/bundle.js:2:2817303
    at s.invoke (file:///C:/Xilinx/2025.1/Vitis/ide/electron-app/win64/resources/app/lib/frontend/bundle.js:2:2817393) 
2026-01-02 20:31:52 [debug] : Error: No reply handler for reply with id: 33
    at l.handleReply (file:///C:/Xilinx/2025.1/Vitis/ide/electron-app/win64/resources/app/lib/frontend/bundle.js:2:2870572)
    at l.handleMessage (file:///C:/Xilinx/2025.1/Vitis/ide/electron-app/win64/resources/app/lib/frontend/bundle.js:2:2870311)
    at file:///C:/Xilinx/2025.1/Vitis/ide/electron-app/win64/resources/app/lib/frontend/bundle.js:2:2869783
    at file:///C:/Xilinx/2025.1/Vitis/ide/electron-app/win64/resources/app/lib/frontend/bundle.js:2:2817303
    at s.invoke (file:///C:/Xilinx/2025.1/Vitis/ide/electron-app/win64/resources/app/lib/frontend/bundle.js:2:2817393)
    at a.fire (file:///C:/Xilinx/2025.1/Vitis/ide/electron-app/win64/resources/app/lib/frontend/bundle.js:2:2819196)
    at d.handleMessages (file:///C:/Xilinx/2025.1/Vitis/ide/electron-app/win64/resources/app/lib/frontend/bundle.js:2:8216579)
    at file:///C:/Xilinx/2025.1/Vitis/ide/electron-app/win64/resources/app/lib/frontend/bundle.js:2:8215788
    at file:///C:/Xilinx/2025.1/Vitis/ide/electron-app/win64/resources/app/lib/frontend/bundle.js:2:2817303
    at s.invoke (file:///C:/Xilinx/2025.1/Vitis/ide/electron-app/win64/resources/app/lib/frontend/bundle.js:2:2817393) 
2026-01-02 20:31:52 [debug] : Error: No reply handler for reply with id: 34
    at l.handleReply (file:///C:/Xilinx/2025.1/Vitis/ide/electron-app/win64/resources/app/lib/frontend/bundle.js:2:2870572)
    at l.handleMessage (file:///C:/Xilinx/2025.1/Vitis/ide/electron-app/win64/resources/app/lib/frontend/bundle.js:2:2870311)
    at file:///C:/Xilinx/2025.1/Vitis/ide/electron-app/win64/resources/app/lib/frontend/bundle.js:2:2869783
    at file:///C:/Xilinx/2025.1/Vitis/ide/electron-app/win64/resources/app/lib/frontend/bundle.js:2:2817303
    at s.invoke (file:///C:/Xilinx/2025.1/Vitis/ide/electron-app/win64/resources/app/lib/frontend/bundle.js:2:2817393)
    at a.fire (file:///C:/Xilinx/2025.1/Vitis/ide/electron-app/win64/resources/app/lib/frontend/bundle.js:2:2819196)
    at d.handleMessages (file:///C:/Xilinx/2025.1/Vitis/ide/electron-app/win64/resources/app/lib/frontend/bundle.js:2:8216579)
    at file:///C:/Xilinx/2025.1/Vitis/ide/electron-app/win64/resources/app/lib/frontend/bundle.js:2:8215788
    at file:///C:/Xilinx/2025.1/Vitis/ide/electron-app/win64/resources/app/lib/frontend/bundle.js:2:2817303
    at s.invoke (file:///C:/Xilinx/2025.1/Vitis/ide/electron-app/win64/resources/app/lib/frontend/bundle.js:2:2817393) 
2026-01-02 20:31:52 [debug] : Error: No reply handler for reply with id: 35
    at l.handleReply (file:///C:/Xilinx/2025.1/Vitis/ide/electron-app/win64/resources/app/lib/frontend/bundle.js:2:2870572)
    at l.handleMessage (file:///C:/Xilinx/2025.1/Vitis/ide/electron-app/win64/resources/app/lib/frontend/bundle.js:2:2870311)
    at file:///C:/Xilinx/2025.1/Vitis/ide/electron-app/win64/resources/app/lib/frontend/bundle.js:2:2869783
    at file:///C:/Xilinx/2025.1/Vitis/ide/electron-app/win64/resources/app/lib/frontend/bundle.js:2:2817303
    at s.invoke (file:///C:/Xilinx/2025.1/Vitis/ide/electron-app/win64/resources/app/lib/frontend/bundle.js:2:2817393)
    at a.fire (file:///C:/Xilinx/2025.1/Vitis/ide/electron-app/win64/resources/app/lib/frontend/bundle.js:2:2819196)
    at d.handleMessages (file:///C:/Xilinx/2025.1/Vitis/ide/electron-app/win64/resources/app/lib/frontend/bundle.js:2:8216579)
    at file:///C:/Xilinx/2025.1/Vitis/ide/electron-app/win64/resources/app/lib/frontend/bundle.js:2:8215788
    at file:///C:/Xilinx/2025.1/Vitis/ide/electron-app/win64/resources/app/lib/frontend/bundle.js:2:2817303
    at s.invoke (file:///C:/Xilinx/2025.1/Vitis/ide/electron-app/win64/resources/app/lib/frontend/bundle.js:2:2817393) 
2026-01-02 20:31:52 [debug] : Error: No reply handler for reply with id: 36
    at l.handleReply (file:///C:/Xilinx/2025.1/Vitis/ide/electron-app/win64/resources/app/lib/frontend/bundle.js:2:2870572)
    at l.handleMessage (file:///C:/Xilinx/2025.1/Vitis/ide/electron-app/win64/resources/app/lib/frontend/bundle.js:2:2870311)
    at file:///C:/Xilinx/2025.1/Vitis/ide/electron-app/win64/resources/app/lib/frontend/bundle.js:2:2869783
    at file:///C:/Xilinx/2025.1/Vitis/ide/electron-app/win64/resources/app/lib/frontend/bundle.js:2:2817303
    at s.invoke (file:///C:/Xilinx/2025.1/Vitis/ide/electron-app/win64/resources/app/lib/frontend/bundle.js:2:2817393)
    at a.fire (file:///C:/Xilinx/2025.1/Vitis/ide/electron-app/win64/resources/app/lib/frontend/bundle.js:2:2819196)
    at d.handleMessages (file:///C:/Xilinx/2025.1/Vitis/ide/electron-app/win64/resources/app/lib/frontend/bundle.js:2:8216579)
    at file:///C:/Xilinx/2025.1/Vitis/ide/electron-app/win64/resources/app/lib/frontend/bundle.js:2:8215788
    at file:///C:/Xilinx/2025.1/Vitis/ide/electron-app/win64/resources/app/lib/frontend/bundle.js:2:2817303
    at s.invoke (file:///C:/Xilinx/2025.1/Vitis/ide/electron-app/win64/resources/app/lib/frontend/bundle.js:2:2817393) 
2026-01-02 20:31:52 [debug] : Error: No reply handler for reply with id: 37
    at l.handleReply (file:///C:/Xilinx/2025.1/Vitis/ide/electron-app/win64/resources/app/lib/frontend/bundle.js:2:2870572)
    at l.handleMessage (file:///C:/Xilinx/2025.1/Vitis/ide/electron-app/win64/resources/app/lib/frontend/bundle.js:2:2870311)
    at file:///C:/Xilinx/2025.1/Vitis/ide/electron-app/win64/resources/app/lib/frontend/bundle.js:2:2869783
    at file:///C:/Xilinx/2025.1/Vitis/ide/electron-app/win64/resources/app/lib/frontend/bundle.js:2:2817303
    at s.invoke (file:///C:/Xilinx/2025.1/Vitis/ide/electron-app/win64/resources/app/lib/frontend/bundle.js:2:2817393)
    at a.fire (file:///C:/Xilinx/2025.1/Vitis/ide/electron-app/win64/resources/app/lib/frontend/bundle.js:2:2819196)
    at d.handleMessages (file:///C:/Xilinx/2025.1/Vitis/ide/electron-app/win64/resources/app/lib/frontend/bundle.js:2:8216579)
    at file:///C:/Xilinx/2025.1/Vitis/ide/electron-app/win64/resources/app/lib/frontend/bundle.js:2:8215788
    at file:///C:/Xilinx/2025.1/Vitis/ide/electron-app/win64/resources/app/lib/frontend/bundle.js:2:2817303
    at s.invoke (file:///C:/Xilinx/2025.1/Vitis/ide/electron-app/win64/resources/app/lib/frontend/bundle.js:2:2817393) 
2026-01-02 20:31:52 [debug] : Error: No reply handler for reply with id: 38
    at l.handleReply (file:///C:/Xilinx/2025.1/Vitis/ide/electron-app/win64/resources/app/lib/frontend/bundle.js:2:2870572)
    at l.handleMessage (file:///C:/Xilinx/2025.1/Vitis/ide/electron-app/win64/resources/app/lib/frontend/bundle.js:2:2870311)
    at file:///C:/Xilinx/2025.1/Vitis/ide/electron-app/win64/resources/app/lib/frontend/bundle.js:2:2869783
    at file:///C:/Xilinx/2025.1/Vitis/ide/electron-app/win64/resources/app/lib/frontend/bundle.js:2:2817303
    at s.invoke (file:///C:/Xilinx/2025.1/Vitis/ide/electron-app/win64/resources/app/lib/frontend/bundle.js:2:2817393)
    at a.fire (file:///C:/Xilinx/2025.1/Vitis/ide/electron-app/win64/resources/app/lib/frontend/bundle.js:2:2819196)
    at d.handleMessages (file:///C:/Xilinx/2025.1/Vitis/ide/electron-app/win64/resources/app/lib/frontend/bundle.js:2:8216579)
    at file:///C:/Xilinx/2025.1/Vitis/ide/electron-app/win64/resources/app/lib/frontend/bundle.js:2:8215788
    at file:///C:/Xilinx/2025.1/Vitis/ide/electron-app/win64/resources/app/lib/frontend/bundle.js:2:2817303
    at s.invoke (file:///C:/Xilinx/2025.1/Vitis/ide/electron-app/win64/resources/app/lib/frontend/bundle.js:2:2817393) 
2026-01-02 20:31:52 [debug] : Error: No reply handler for reply with id: 39
    at l.handleReply (file:///C:/Xilinx/2025.1/Vitis/ide/electron-app/win64/resources/app/lib/frontend/bundle.js:2:2870572)
    at l.handleMessage (file:///C:/Xilinx/2025.1/Vitis/ide/electron-app/win64/resources/app/lib/frontend/bundle.js:2:2870311)
    at file:///C:/Xilinx/2025.1/Vitis/ide/electron-app/win64/resources/app/lib/frontend/bundle.js:2:2869783
    at file:///C:/Xilinx/2025.1/Vitis/ide/electron-app/win64/resources/app/lib/frontend/bundle.js:2:2817303
    at s.invoke (file:///C:/Xilinx/2025.1/Vitis/ide/electron-app/win64/resources/app/lib/frontend/bundle.js:2:2817393)
    at a.fire (file:///C:/Xilinx/2025.1/Vitis/ide/electron-app/win64/resources/app/lib/frontend/bundle.js:2:2819196)
    at d.handleMessages (file:///C:/Xilinx/2025.1/Vitis/ide/electron-app/win64/resources/app/lib/frontend/bundle.js:2:8216579)
    at file:///C:/Xilinx/2025.1/Vitis/ide/electron-app/win64/resources/app/lib/frontend/bundle.js:2:8215788
    at file:///C:/Xilinx/2025.1/Vitis/ide/electron-app/win64/resources/app/lib/frontend/bundle.js:2:2817303
    at s.invoke (file:///C:/Xilinx/2025.1/Vitis/ide/electron-app/win64/resources/app/lib/frontend/bundle.js:2:2817393) 
2026-01-02 20:31:52 [debug] : Error: No reply handler for reply with id: 19
    at l.handleReply (file:///C:/Xilinx/2025.1/Vitis/ide/electron-app/win64/resources/app/lib/frontend/bundle.js:2:2870572)
    at l.handleMessage (file:///C:/Xilinx/2025.1/Vitis/ide/electron-app/win64/resources/app/lib/frontend/bundle.js:2:2870311)
    at file:///C:/Xilinx/2025.1/Vitis/ide/electron-app/win64/resources/app/lib/frontend/bundle.js:2:2869783
    at file:///C:/Xilinx/2025.1/Vitis/ide/electron-app/win64/resources/app/lib/frontend/bundle.js:2:2817303
    at s.invoke (file:///C:/Xilinx/2025.1/Vitis/ide/electron-app/win64/resources/app/lib/frontend/bundle.js:2:2817393)
    at a.fire (file:///C:/Xilinx/2025.1/Vitis/ide/electron-app/win64/resources/app/lib/frontend/bundle.js:2:2819196)
    at d.handleMessages (file:///C:/Xilinx/2025.1/Vitis/ide/electron-app/win64/resources/app/lib/frontend/bundle.js:2:8216579)
    at file:///C:/Xilinx/2025.1/Vitis/ide/electron-app/win64/resources/app/lib/frontend/bundle.js:2:8215788
    at file:///C:/Xilinx/2025.1/Vitis/ide/electron-app/win64/resources/app/lib/frontend/bundle.js:2:2817303
    at s.invoke (file:///C:/Xilinx/2025.1/Vitis/ide/electron-app/win64/resources/app/lib/frontend/bundle.js:2:2817393) 
2026-01-02 20:31:52 [debug] : Error: No reply handler for reply with id: 15
    at l.handleReply (file:///C:/Xilinx/2025.1/Vitis/ide/electron-app/win64/resources/app/lib/frontend/bundle.js:2:2870572)
    at l.handleMessage (file:///C:/Xilinx/2025.1/Vitis/ide/electron-app/win64/resources/app/lib/frontend/bundle.js:2:2870311)
    at file:///C:/Xilinx/2025.1/Vitis/ide/electron-app/win64/resources/app/lib/frontend/bundle.js:2:2869783
    at file:///C:/Xilinx/2025.1/Vitis/ide/electron-app/win64/resources/app/lib/frontend/bundle.js:2:2817303
    at s.invoke (file:///C:/Xilinx/2025.1/Vitis/ide/electron-app/win64/resources/app/lib/frontend/bundle.js:2:2817393)
    at a.fire (file:///C:/Xilinx/2025.1/Vitis/ide/electron-app/win64/resources/app/lib/frontend/bundle.js:2:2819196)
    at d.handleMessages (file:///C:/Xilinx/2025.1/Vitis/ide/electron-app/win64/resources/app/lib/frontend/bundle.js:2:8216579)
    at file:///C:/Xilinx/2025.1/Vitis/ide/electron-app/win64/resources/app/lib/frontend/bundle.js:2:8215788
    at file:///C:/Xilinx/2025.1/Vitis/ide/electron-app/win64/resources/app/lib/frontend/bundle.js:2:2817303
    at s.invoke (file:///C:/Xilinx/2025.1/Vitis/ide/electron-app/win64/resources/app/lib/frontend/bundle.js:2:2817393) 
2026-01-02 20:31:52 [debug] : Error: No reply handler for reply with id: 17
    at l.handleReply (file:///C:/Xilinx/2025.1/Vitis/ide/electron-app/win64/resources/app/lib/frontend/bundle.js:2:2870572)
    at l.handleMessage (file:///C:/Xilinx/2025.1/Vitis/ide/electron-app/win64/resources/app/lib/frontend/bundle.js:2:2870311)
    at file:///C:/Xilinx/2025.1/Vitis/ide/electron-app/win64/resources/app/lib/frontend/bundle.js:2:2869783
    at file:///C:/Xilinx/2025.1/Vitis/ide/electron-app/win64/resources/app/lib/frontend/bundle.js:2:2817303
    at s.invoke (file:///C:/Xilinx/2025.1/Vitis/ide/electron-app/win64/resources/app/lib/frontend/bundle.js:2:2817393)
    at a.fire (file:///C:/Xilinx/2025.1/Vitis/ide/electron-app/win64/resources/app/lib/frontend/bundle.js:2:2819196)
    at d.handleMessages (file:///C:/Xilinx/2025.1/Vitis/ide/electron-app/win64/resources/app/lib/frontend/bundle.js:2:8216579)
    at file:///C:/Xilinx/2025.1/Vitis/ide/electron-app/win64/resources/app/lib/frontend/bundle.js:2:8215788
    at file:///C:/Xilinx/2025.1/Vitis/ide/electron-app/win64/resources/app/lib/frontend/bundle.js:2:2817303
    at s.invoke (file:///C:/Xilinx/2025.1/Vitis/ide/electron-app/win64/resources/app/lib/frontend/bundle.js:2:2817393) 
2026-01-02 20:31:52 [debug] : Error: No reply handler for reply with id: 18
    at l.handleReply (file:///C:/Xilinx/2025.1/Vitis/ide/electron-app/win64/resources/app/lib/frontend/bundle.js:2:2870572)
    at l.handleMessage (file:///C:/Xilinx/2025.1/Vitis/ide/electron-app/win64/resources/app/lib/frontend/bundle.js:2:2870311)
    at file:///C:/Xilinx/2025.1/Vitis/ide/electron-app/win64/resources/app/lib/frontend/bundle.js:2:2869783
    at file:///C:/Xilinx/2025.1/Vitis/ide/electron-app/win64/resources/app/lib/frontend/bundle.js:2:2817303
    at s.invoke (file:///C:/Xilinx/2025.1/Vitis/ide/electron-app/win64/resources/app/lib/frontend/bundle.js:2:2817393)
    at a.fire (file:///C:/Xilinx/2025.1/Vitis/ide/electron-app/win64/resources/app/lib/frontend/bundle.js:2:2819196)
    at d.handleMessages (file:///C:/Xilinx/2025.1/Vitis/ide/electron-app/win64/resources/app/lib/frontend/bundle.js:2:8216579)
    at file:///C:/Xilinx/2025.1/Vitis/ide/electron-app/win64/resources/app/lib/frontend/bundle.js:2:8215788
    at file:///C:/Xilinx/2025.1/Vitis/ide/electron-app/win64/resources/app/lib/frontend/bundle.js:2:2817303
    at s.invoke (file:///C:/Xilinx/2025.1/Vitis/ide/electron-app/win64/resources/app/lib/frontend/bundle.js:2:2817393) 
2026-01-02 20:31:52 [debug] : Error: No reply handler for reply with id: 20
    at l.handleReply (file:///C:/Xilinx/2025.1/Vitis/ide/electron-app/win64/resources/app/lib/frontend/bundle.js:2:2870572)
    at l.handleMessage (file:///C:/Xilinx/2025.1/Vitis/ide/electron-app/win64/resources/app/lib/frontend/bundle.js:2:2870311)
    at file:///C:/Xilinx/2025.1/Vitis/ide/electron-app/win64/resources/app/lib/frontend/bundle.js:2:2869783
    at file:///C:/Xilinx/2025.1/Vitis/ide/electron-app/win64/resources/app/lib/frontend/bundle.js:2:2817303
    at s.invoke (file:///C:/Xilinx/2025.1/Vitis/ide/electron-app/win64/resources/app/lib/frontend/bundle.js:2:2817393)
    at a.fire (file:///C:/Xilinx/2025.1/Vitis/ide/electron-app/win64/resources/app/lib/frontend/bundle.js:2:2819196)
    at d.handleMessages (file:///C:/Xilinx/2025.1/Vitis/ide/electron-app/win64/resources/app/lib/frontend/bundle.js:2:8216579)
    at file:///C:/Xilinx/2025.1/Vitis/ide/electron-app/win64/resources/app/lib/frontend/bundle.js:2:8215788
    at file:///C:/Xilinx/2025.1/Vitis/ide/electron-app/win64/resources/app/lib/frontend/bundle.js:2:2817303
    at s.invoke (file:///C:/Xilinx/2025.1/Vitis/ide/electron-app/win64/resources/app/lib/frontend/bundle.js:2:2817393) 
2026-01-02 20:31:52 [debug] : Error: No reply handler for reply with id: 21
    at l.handleReply (file:///C:/Xilinx/2025.1/Vitis/ide/electron-app/win64/resources/app/lib/frontend/bundle.js:2:2870572)
    at l.handleMessage (file:///C:/Xilinx/2025.1/Vitis/ide/electron-app/win64/resources/app/lib/frontend/bundle.js:2:2870311)
    at file:///C:/Xilinx/2025.1/Vitis/ide/electron-app/win64/resources/app/lib/frontend/bundle.js:2:2869783
    at file:///C:/Xilinx/2025.1/Vitis/ide/electron-app/win64/resources/app/lib/frontend/bundle.js:2:2817303
    at s.invoke (file:///C:/Xilinx/2025.1/Vitis/ide/electron-app/win64/resources/app/lib/frontend/bundle.js:2:2817393)
    at a.fire (file:///C:/Xilinx/2025.1/Vitis/ide/electron-app/win64/resources/app/lib/frontend/bundle.js:2:2819196)
    at d.handleMessages (file:///C:/Xilinx/2025.1/Vitis/ide/electron-app/win64/resources/app/lib/frontend/bundle.js:2:8216579)
    at file:///C:/Xilinx/2025.1/Vitis/ide/electron-app/win64/resources/app/lib/frontend/bundle.js:2:8215788
    at file:///C:/Xilinx/2025.1/Vitis/ide/electron-app/win64/resources/app/lib/frontend/bundle.js:2:2817303
    at s.invoke (file:///C:/Xilinx/2025.1/Vitis/ide/electron-app/win64/resources/app/lib/frontend/bundle.js:2:2817393) 
2026-01-02 20:31:52 [debug] : Error: No reply handler for reply with id: 22
    at l.handleReply (file:///C:/Xilinx/2025.1/Vitis/ide/electron-app/win64/resources/app/lib/frontend/bundle.js:2:2870572)
    at l.handleMessage (file:///C:/Xilinx/2025.1/Vitis/ide/electron-app/win64/resources/app/lib/frontend/bundle.js:2:2870311)
    at file:///C:/Xilinx/2025.1/Vitis/ide/electron-app/win64/resources/app/lib/frontend/bundle.js:2:2869783
    at file:///C:/Xilinx/2025.1/Vitis/ide/electron-app/win64/resources/app/lib/frontend/bundle.js:2:2817303
    at s.invoke (file:///C:/Xilinx/2025.1/Vitis/ide/electron-app/win64/resources/app/lib/frontend/bundle.js:2:2817393)
    at a.fire (file:///C:/Xilinx/2025.1/Vitis/ide/electron-app/win64/resources/app/lib/frontend/bundle.js:2:2819196)
    at d.handleMessages (file:///C:/Xilinx/2025.1/Vitis/ide/electron-app/win64/resources/app/lib/frontend/bundle.js:2:8216579)
    at file:///C:/Xilinx/2025.1/Vitis/ide/electron-app/win64/resources/app/lib/frontend/bundle.js:2:8215788
    at file:///C:/Xilinx/2025.1/Vitis/ide/electron-app/win64/resources/app/lib/frontend/bundle.js:2:2817303
    at s.invoke (file:///C:/Xilinx/2025.1/Vitis/ide/electron-app/win64/resources/app/lib/frontend/bundle.js:2:2817393) 
2026-01-02 20:31:52 [debug] : Error: No reply handler for reply with id: 23
    at l.handleReply (file:///C:/Xilinx/2025.1/Vitis/ide/electron-app/win64/resources/app/lib/frontend/bundle.js:2:2870572)
    at l.handleMessage (file:///C:/Xilinx/2025.1/Vitis/ide/electron-app/win64/resources/app/lib/frontend/bundle.js:2:2870311)
    at file:///C:/Xilinx/2025.1/Vitis/ide/electron-app/win64/resources/app/lib/frontend/bundle.js:2:2869783
    at file:///C:/Xilinx/2025.1/Vitis/ide/electron-app/win64/resources/app/lib/frontend/bundle.js:2:2817303
    at s.invoke (file:///C:/Xilinx/2025.1/Vitis/ide/electron-app/win64/resources/app/lib/frontend/bundle.js:2:2817393)
    at a.fire (file:///C:/Xilinx/2025.1/Vitis/ide/electron-app/win64/resources/app/lib/frontend/bundle.js:2:2819196)
    at d.handleMessages (file:///C:/Xilinx/2025.1/Vitis/ide/electron-app/win64/resources/app/lib/frontend/bundle.js:2:8216579)
    at file:///C:/Xilinx/2025.1/Vitis/ide/electron-app/win64/resources/app/lib/frontend/bundle.js:2:8215788
    at file:///C:/Xilinx/2025.1/Vitis/ide/electron-app/win64/resources/app/lib/frontend/bundle.js:2:2817303
    at s.invoke (file:///C:/Xilinx/2025.1/Vitis/ide/electron-app/win64/resources/app/lib/frontend/bundle.js:2:2817393) 
2026-01-02 20:31:52 [debug] : Error: No reply handler for reply with id: 24
    at l.handleReply (file:///C:/Xilinx/2025.1/Vitis/ide/electron-app/win64/resources/app/lib/frontend/bundle.js:2:2870572)
    at l.handleMessage (file:///C:/Xilinx/2025.1/Vitis/ide/electron-app/win64/resources/app/lib/frontend/bundle.js:2:2870311)
    at file:///C:/Xilinx/2025.1/Vitis/ide/electron-app/win64/resources/app/lib/frontend/bundle.js:2:2869783
    at file:///C:/Xilinx/2025.1/Vitis/ide/electron-app/win64/resources/app/lib/frontend/bundle.js:2:2817303
    at s.invoke (file:///C:/Xilinx/2025.1/Vitis/ide/electron-app/win64/resources/app/lib/frontend/bundle.js:2:2817393)
    at a.fire (file:///C:/Xilinx/2025.1/Vitis/ide/electron-app/win64/resources/app/lib/frontend/bundle.js:2:2819196)
    at d.handleMessages (file:///C:/Xilinx/2025.1/Vitis/ide/electron-app/win64/resources/app/lib/frontend/bundle.js:2:8216579)
    at file:///C:/Xilinx/2025.1/Vitis/ide/electron-app/win64/resources/app/lib/frontend/bundle.js:2:8215788
    at file:///C:/Xilinx/2025.1/Vitis/ide/electron-app/win64/resources/app/lib/frontend/bundle.js:2:2817303
    at s.invoke (file:///C:/Xilinx/2025.1/Vitis/ide/electron-app/win64/resources/app/lib/frontend/bundle.js:2:2817393) 
2026-01-02 20:31:52 [debug] : Error: No reply handler for reply with id: 26
    at l.handleReply (file:///C:/Xilinx/2025.1/Vitis/ide/electron-app/win64/resources/app/lib/frontend/bundle.js:2:2870572)
    at l.handleMessage (file:///C:/Xilinx/2025.1/Vitis/ide/electron-app/win64/resources/app/lib/frontend/bundle.js:2:2870311)
    at file:///C:/Xilinx/2025.1/Vitis/ide/electron-app/win64/resources/app/lib/frontend/bundle.js:2:2869783
    at file:///C:/Xilinx/2025.1/Vitis/ide/electron-app/win64/resources/app/lib/frontend/bundle.js:2:2817303
    at s.invoke (file:///C:/Xilinx/2025.1/Vitis/ide/electron-app/win64/resources/app/lib/frontend/bundle.js:2:2817393)
    at a.fire (file:///C:/Xilinx/2025.1/Vitis/ide/electron-app/win64/resources/app/lib/frontend/bundle.js:2:2819196)
    at d.handleMessages (file:///C:/Xilinx/2025.1/Vitis/ide/electron-app/win64/resources/app/lib/frontend/bundle.js:2:8216579)
    at file:///C:/Xilinx/2025.1/Vitis/ide/electron-app/win64/resources/app/lib/frontend/bundle.js:2:8215788
    at file:///C:/Xilinx/2025.1/Vitis/ide/electron-app/win64/resources/app/lib/frontend/bundle.js:2:2817303
    at s.invoke (file:///C:/Xilinx/2025.1/Vitis/ide/electron-app/win64/resources/app/lib/frontend/bundle.js:2:2817393) 
2026-01-02 20:31:52 [debug] : Error: No reply handler for reply with id: 28
    at l.handleReply (file:///C:/Xilinx/2025.1/Vitis/ide/electron-app/win64/resources/app/lib/frontend/bundle.js:2:2870572)
    at l.handleMessage (file:///C:/Xilinx/2025.1/Vitis/ide/electron-app/win64/resources/app/lib/frontend/bundle.js:2:2870311)
    at file:///C:/Xilinx/2025.1/Vitis/ide/electron-app/win64/resources/app/lib/frontend/bundle.js:2:2869783
    at file:///C:/Xilinx/2025.1/Vitis/ide/electron-app/win64/resources/app/lib/frontend/bundle.js:2:2817303
    at s.invoke (file:///C:/Xilinx/2025.1/Vitis/ide/electron-app/win64/resources/app/lib/frontend/bundle.js:2:2817393)
    at a.fire (file:///C:/Xilinx/2025.1/Vitis/ide/electron-app/win64/resources/app/lib/frontend/bundle.js:2:2819196)
    at d.handleMessages (file:///C:/Xilinx/2025.1/Vitis/ide/electron-app/win64/resources/app/lib/frontend/bundle.js:2:8216579)
    at file:///C:/Xilinx/2025.1/Vitis/ide/electron-app/win64/resources/app/lib/frontend/bundle.js:2:8215788
    at file:///C:/Xilinx/2025.1/Vitis/ide/electron-app/win64/resources/app/lib/frontend/bundle.js:2:2817303
    at s.invoke (file:///C:/Xilinx/2025.1/Vitis/ide/electron-app/win64/resources/app/lib/frontend/bundle.js:2:2817393) 
2026-01-02 20:31:52 [debug] : Error: No reply handler for reply with id: 29
    at l.handleReply (file:///C:/Xilinx/2025.1/Vitis/ide/electron-app/win64/resources/app/lib/frontend/bundle.js:2:2870572)
    at l.handleMessage (file:///C:/Xilinx/2025.1/Vitis/ide/electron-app/win64/resources/app/lib/frontend/bundle.js:2:2870311)
    at file:///C:/Xilinx/2025.1/Vitis/ide/electron-app/win64/resources/app/lib/frontend/bundle.js:2:2869783
    at file:///C:/Xilinx/2025.1/Vitis/ide/electron-app/win64/resources/app/lib/frontend/bundle.js:2:2817303
    at s.invoke (file:///C:/Xilinx/2025.1/Vitis/ide/electron-app/win64/resources/app/lib/frontend/bundle.js:2:2817393)
    at a.fire (file:///C:/Xilinx/2025.1/Vitis/ide/electron-app/win64/resources/app/lib/frontend/bundle.js:2:2819196)
    at d.handleMessages (file:///C:/Xilinx/2025.1/Vitis/ide/electron-app/win64/resources/app/lib/frontend/bundle.js:2:8216579)
    at file:///C:/Xilinx/2025.1/Vitis/ide/electron-app/win64/resources/app/lib/frontend/bundle.js:2:8215788
    at file:///C:/Xilinx/2025.1/Vitis/ide/electron-app/win64/resources/app/lib/frontend/bundle.js:2:2817303
    at s.invoke (file:///C:/Xilinx/2025.1/Vitis/ide/electron-app/win64/resources/app/lib/frontend/bundle.js:2:2817393) 
2026-01-02 20:31:52 [debug] : Error: No reply handler for reply with id: 30
    at l.handleReply (file:///C:/Xilinx/2025.1/Vitis/ide/electron-app/win64/resources/app/lib/frontend/bundle.js:2:2870572)
    at l.handleMessage (file:///C:/Xilinx/2025.1/Vitis/ide/electron-app/win64/resources/app/lib/frontend/bundle.js:2:2870311)
    at file:///C:/Xilinx/2025.1/Vitis/ide/electron-app/win64/resources/app/lib/frontend/bundle.js:2:2869783
    at file:///C:/Xilinx/2025.1/Vitis/ide/electron-app/win64/resources/app/lib/frontend/bundle.js:2:2817303
    at s.invoke (file:///C:/Xilinx/2025.1/Vitis/ide/electron-app/win64/resources/app/lib/frontend/bundle.js:2:2817393)
    at a.fire (file:///C:/Xilinx/2025.1/Vitis/ide/electron-app/win64/resources/app/lib/frontend/bundle.js:2:2819196)
    at d.handleMessages (file:///C:/Xilinx/2025.1/Vitis/ide/electron-app/win64/resources/app/lib/frontend/bundle.js:2:8216579)
    at file:///C:/Xilinx/2025.1/Vitis/ide/electron-app/win64/resources/app/lib/frontend/bundle.js:2:8215788
    at file:///C:/Xilinx/2025.1/Vitis/ide/electron-app/win64/resources/app/lib/frontend/bundle.js:2:2817303
    at s.invoke (file:///C:/Xilinx/2025.1/Vitis/ide/electron-app/win64/resources/app/lib/frontend/bundle.js:2:2817393) 
2026-01-02 20:31:52 [debug] : Error: No reply handler for reply with id: 31
    at l.handleReply (file:///C:/Xilinx/2025.1/Vitis/ide/electron-app/win64/resources/app/lib/frontend/bundle.js:2:2870572)
    at l.handleMessage (file:///C:/Xilinx/2025.1/Vitis/ide/electron-app/win64/resources/app/lib/frontend/bundle.js:2:2870311)
    at file:///C:/Xilinx/2025.1/Vitis/ide/electron-app/win64/resources/app/lib/frontend/bundle.js:2:2869783
    at file:///C:/Xilinx/2025.1/Vitis/ide/electron-app/win64/resources/app/lib/frontend/bundle.js:2:2817303
    at s.invoke (file:///C:/Xilinx/2025.1/Vitis/ide/electron-app/win64/resources/app/lib/frontend/bundle.js:2:2817393)
    at a.fire (file:///C:/Xilinx/2025.1/Vitis/ide/electron-app/win64/resources/app/lib/frontend/bundle.js:2:2819196)
    at d.handleMessages (file:///C:/Xilinx/2025.1/Vitis/ide/electron-app/win64/resources/app/lib/frontend/bundle.js:2:8216579)
    at file:///C:/Xilinx/2025.1/Vitis/ide/electron-app/win64/resources/app/lib/frontend/bundle.js:2:8215788
    at file:///C:/Xilinx/2025.1/Vitis/ide/electron-app/win64/resources/app/lib/frontend/bundle.js:2:2817303
    at s.invoke (file:///C:/Xilinx/2025.1/Vitis/ide/electron-app/win64/resources/app/lib/frontend/bundle.js:2:2817393) 
2026-01-02 20:31:52 [debug] : Error: No reply handler for reply with id: 32
    at l.handleReply (file:///C:/Xilinx/2025.1/Vitis/ide/electron-app/win64/resources/app/lib/frontend/bundle.js:2:2870572)
    at l.handleMessage (file:///C:/Xilinx/2025.1/Vitis/ide/electron-app/win64/resources/app/lib/frontend/bundle.js:2:2870311)
    at file:///C:/Xilinx/2025.1/Vitis/ide/electron-app/win64/resources/app/lib/frontend/bundle.js:2:2869783
    at file:///C:/Xilinx/2025.1/Vitis/ide/electron-app/win64/resources/app/lib/frontend/bundle.js:2:2817303
    at s.invoke (file:///C:/Xilinx/2025.1/Vitis/ide/electron-app/win64/resources/app/lib/frontend/bundle.js:2:2817393)
    at a.fire (file:///C:/Xilinx/2025.1/Vitis/ide/electron-app/win64/resources/app/lib/frontend/bundle.js:2:2819196)
    at d.handleMessages (file:///C:/Xilinx/2025.1/Vitis/ide/electron-app/win64/resources/app/lib/frontend/bundle.js:2:8216579)
    at file:///C:/Xilinx/2025.1/Vitis/ide/electron-app/win64/resources/app/lib/frontend/bundle.js:2:8215788
    at file:///C:/Xilinx/2025.1/Vitis/ide/electron-app/win64/resources/app/lib/frontend/bundle.js:2:2817303
    at s.invoke (file:///C:/Xilinx/2025.1/Vitis/ide/electron-app/win64/resources/app/lib/frontend/bundle.js:2:2817393) 
2026-01-02 20:31:52 [debug] : Error: No reply handler for reply with id: 33
    at l.handleReply (file:///C:/Xilinx/2025.1/Vitis/ide/electron-app/win64/resources/app/lib/frontend/bundle.js:2:2870572)
    at l.handleMessage (file:///C:/Xilinx/2025.1/Vitis/ide/electron-app/win64/resources/app/lib/frontend/bundle.js:2:2870311)
    at file:///C:/Xilinx/2025.1/Vitis/ide/electron-app/win64/resources/app/lib/frontend/bundle.js:2:2869783
    at file:///C:/Xilinx/2025.1/Vitis/ide/electron-app/win64/resources/app/lib/frontend/bundle.js:2:2817303
    at s.invoke (file:///C:/Xilinx/2025.1/Vitis/ide/electron-app/win64/resources/app/lib/frontend/bundle.js:2:2817393)
    at a.fire (file:///C:/Xilinx/2025.1/Vitis/ide/electron-app/win64/resources/app/lib/frontend/bundle.js:2:2819196)
    at d.handleMessages (file:///C:/Xilinx/2025.1/Vitis/ide/electron-app/win64/resources/app/lib/frontend/bundle.js:2:8216579)
    at file:///C:/Xilinx/2025.1/Vitis/ide/electron-app/win64/resources/app/lib/frontend/bundle.js:2:8215788
    at file:///C:/Xilinx/2025.1/Vitis/ide/electron-app/win64/resources/app/lib/frontend/bundle.js:2:2817303
    at s.invoke (file:///C:/Xilinx/2025.1/Vitis/ide/electron-app/win64/resources/app/lib/frontend/bundle.js:2:2817393) 
2026-01-02 20:31:52 [debug] : Error: No reply handler for reply with id: 34
    at l.handleReply (file:///C:/Xilinx/2025.1/Vitis/ide/electron-app/win64/resources/app/lib/frontend/bundle.js:2:2870572)
    at l.handleMessage (file:///C:/Xilinx/2025.1/Vitis/ide/electron-app/win64/resources/app/lib/frontend/bundle.js:2:2870311)
    at file:///C:/Xilinx/2025.1/Vitis/ide/electron-app/win64/resources/app/lib/frontend/bundle.js:2:2869783
    at file:///C:/Xilinx/2025.1/Vitis/ide/electron-app/win64/resources/app/lib/frontend/bundle.js:2:2817303
    at s.invoke (file:///C:/Xilinx/2025.1/Vitis/ide/electron-app/win64/resources/app/lib/frontend/bundle.js:2:2817393)
    at a.fire (file:///C:/Xilinx/2025.1/Vitis/ide/electron-app/win64/resources/app/lib/frontend/bundle.js:2:2819196)
    at d.handleMessages (file:///C:/Xilinx/2025.1/Vitis/ide/electron-app/win64/resources/app/lib/frontend/bundle.js:2:8216579)
    at file:///C:/Xilinx/2025.1/Vitis/ide/electron-app/win64/resources/app/lib/frontend/bundle.js:2:8215788
    at file:///C:/Xilinx/2025.1/Vitis/ide/electron-app/win64/resources/app/lib/frontend/bundle.js:2:2817303
    at s.invoke (file:///C:/Xilinx/2025.1/Vitis/ide/electron-app/win64/resources/app/lib/frontend/bundle.js:2:2817393) 
2026-01-02 20:31:52 [debug] : Error: No reply handler for reply with id: 35
    at l.handleReply (file:///C:/Xilinx/2025.1/Vitis/ide/electron-app/win64/resources/app/lib/frontend/bundle.js:2:2870572)
    at l.handleMessage (file:///C:/Xilinx/2025.1/Vitis/ide/electron-app/win64/resources/app/lib/frontend/bundle.js:2:2870311)
    at file:///C:/Xilinx/2025.1/Vitis/ide/electron-app/win64/resources/app/lib/frontend/bundle.js:2:2869783
    at file:///C:/Xilinx/2025.1/Vitis/ide/electron-app/win64/resources/app/lib/frontend/bundle.js:2:2817303
    at s.invoke (file:///C:/Xilinx/2025.1/Vitis/ide/electron-app/win64/resources/app/lib/frontend/bundle.js:2:2817393)
    at a.fire (file:///C:/Xilinx/2025.1/Vitis/ide/electron-app/win64/resources/app/lib/frontend/bundle.js:2:2819196)
    at d.handleMessages (file:///C:/Xilinx/2025.1/Vitis/ide/electron-app/win64/resources/app/lib/frontend/bundle.js:2:8216579)
    at file:///C:/Xilinx/2025.1/Vitis/ide/electron-app/win64/resources/app/lib/frontend/bundle.js:2:8215788
    at file:///C:/Xilinx/2025.1/Vitis/ide/electron-app/win64/resources/app/lib/frontend/bundle.js:2:2817303
    at s.invoke (file:///C:/Xilinx/2025.1/Vitis/ide/electron-app/win64/resources/app/lib/frontend/bundle.js:2:2817393) 
2026-01-02 20:31:52 [debug] : Error: No reply handler for reply with id: 36
    at l.handleReply (file:///C:/Xilinx/2025.1/Vitis/ide/electron-app/win64/resources/app/lib/frontend/bundle.js:2:2870572)
    at l.handleMessage (file:///C:/Xilinx/2025.1/Vitis/ide/electron-app/win64/resources/app/lib/frontend/bundle.js:2:2870311)
    at file:///C:/Xilinx/2025.1/Vitis/ide/electron-app/win64/resources/app/lib/frontend/bundle.js:2:2869783
    at file:///C:/Xilinx/2025.1/Vitis/ide/electron-app/win64/resources/app/lib/frontend/bundle.js:2:2817303
    at s.invoke (file:///C:/Xilinx/2025.1/Vitis/ide/electron-app/win64/resources/app/lib/frontend/bundle.js:2:2817393)
    at a.fire (file:///C:/Xilinx/2025.1/Vitis/ide/electron-app/win64/resources/app/lib/frontend/bundle.js:2:2819196)
    at d.handleMessages (file:///C:/Xilinx/2025.1/Vitis/ide/electron-app/win64/resources/app/lib/frontend/bundle.js:2:8216579)
    at file:///C:/Xilinx/2025.1/Vitis/ide/electron-app/win64/resources/app/lib/frontend/bundle.js:2:8215788
    at file:///C:/Xilinx/2025.1/Vitis/ide/electron-app/win64/resources/app/lib/frontend/bundle.js:2:2817303
    at s.invoke (file:///C:/Xilinx/2025.1/Vitis/ide/electron-app/win64/resources/app/lib/frontend/bundle.js:2:2817393) 
2026-01-02 20:31:52 [debug] : Error: No reply handler for reply with id: 37
    at l.handleReply (file:///C:/Xilinx/2025.1/Vitis/ide/electron-app/win64/resources/app/lib/frontend/bundle.js:2:2870572)
    at l.handleMessage (file:///C:/Xilinx/2025.1/Vitis/ide/electron-app/win64/resources/app/lib/frontend/bundle.js:2:2870311)
    at file:///C:/Xilinx/2025.1/Vitis/ide/electron-app/win64/resources/app/lib/frontend/bundle.js:2:2869783
    at file:///C:/Xilinx/2025.1/Vitis/ide/electron-app/win64/resources/app/lib/frontend/bundle.js:2:2817303
    at s.invoke (file:///C:/Xilinx/2025.1/Vitis/ide/electron-app/win64/resources/app/lib/frontend/bundle.js:2:2817393)
    at a.fire (file:///C:/Xilinx/2025.1/Vitis/ide/electron-app/win64/resources/app/lib/frontend/bundle.js:2:2819196)
    at d.handleMessages (file:///C:/Xilinx/2025.1/Vitis/ide/electron-app/win64/resources/app/lib/frontend/bundle.js:2:8216579)
    at file:///C:/Xilinx/2025.1/Vitis/ide/electron-app/win64/resources/app/lib/frontend/bundle.js:2:8215788
    at file:///C:/Xilinx/2025.1/Vitis/ide/electron-app/win64/resources/app/lib/frontend/bundle.js:2:2817303
    at s.invoke (file:///C:/Xilinx/2025.1/Vitis/ide/electron-app/win64/resources/app/lib/frontend/bundle.js:2:2817393) 
2026-01-02 20:31:52 [debug] : Error: No reply handler for reply with id: 38
    at l.handleReply (file:///C:/Xilinx/2025.1/Vitis/ide/electron-app/win64/resources/app/lib/frontend/bundle.js:2:2870572)
    at l.handleMessage (file:///C:/Xilinx/2025.1/Vitis/ide/electron-app/win64/resources/app/lib/frontend/bundle.js:2:2870311)
    at file:///C:/Xilinx/2025.1/Vitis/ide/electron-app/win64/resources/app/lib/frontend/bundle.js:2:2869783
    at file:///C:/Xilinx/2025.1/Vitis/ide/electron-app/win64/resources/app/lib/frontend/bundle.js:2:2817303
    at s.invoke (file:///C:/Xilinx/2025.1/Vitis/ide/electron-app/win64/resources/app/lib/frontend/bundle.js:2:2817393)
    at a.fire (file:///C:/Xilinx/2025.1/Vitis/ide/electron-app/win64/resources/app/lib/frontend/bundle.js:2:2819196)
    at d.handleMessages (file:///C:/Xilinx/2025.1/Vitis/ide/electron-app/win64/resources/app/lib/frontend/bundle.js:2:8216579)
    at file:///C:/Xilinx/2025.1/Vitis/ide/electron-app/win64/resources/app/lib/frontend/bundle.js:2:8215788
    at file:///C:/Xilinx/2025.1/Vitis/ide/electron-app/win64/resources/app/lib/frontend/bundle.js:2:2817303
    at s.invoke (file:///C:/Xilinx/2025.1/Vitis/ide/electron-app/win64/resources/app/lib/frontend/bundle.js:2:2817393) 
2026-01-02 20:31:52 [debug] : Error: No reply handler for reply with id: 39
    at l.handleReply (file:///C:/Xilinx/2025.1/Vitis/ide/electron-app/win64/resources/app/lib/frontend/bundle.js:2:2870572)
    at l.handleMessage (file:///C:/Xilinx/2025.1/Vitis/ide/electron-app/win64/resources/app/lib/frontend/bundle.js:2:2870311)
    at file:///C:/Xilinx/2025.1/Vitis/ide/electron-app/win64/resources/app/lib/frontend/bundle.js:2:2869783
    at file:///C:/Xilinx/2025.1/Vitis/ide/electron-app/win64/resources/app/lib/frontend/bundle.js:2:2817303
    at s.invoke (file:///C:/Xilinx/2025.1/Vitis/ide/electron-app/win64/resources/app/lib/frontend/bundle.js:2:2817393)
    at a.fire (file:///C:/Xilinx/2025.1/Vitis/ide/electron-app/win64/resources/app/lib/frontend/bundle.js:2:2819196)
    at d.handleMessages (file:///C:/Xilinx/2025.1/Vitis/ide/electron-app/win64/resources/app/lib/frontend/bundle.js:2:8216579)
    at file:///C:/Xilinx/2025.1/Vitis/ide/electron-app/win64/resources/app/lib/frontend/bundle.js:2:8215788
    at file:///C:/Xilinx/2025.1/Vitis/ide/electron-app/win64/resources/app/lib/frontend/bundle.js:2:2817303
    at s.invoke (file:///C:/Xilinx/2025.1/Vitis/ide/electron-app/win64/resources/app/lib/frontend/bundle.js:2:2817393) 
2026-01-02 20:31:52 [debug] : Error: No reply handler for reply with id: 19
    at l.handleReply (file:///C:/Xilinx/2025.1/Vitis/ide/electron-app/win64/resources/app/lib/frontend/bundle.js:2:2870572)
    at l.handleMessage (file:///C:/Xilinx/2025.1/Vitis/ide/electron-app/win64/resources/app/lib/frontend/bundle.js:2:2870311)
    at file:///C:/Xilinx/2025.1/Vitis/ide/electron-app/win64/resources/app/lib/frontend/bundle.js:2:2869783
    at file:///C:/Xilinx/2025.1/Vitis/ide/electron-app/win64/resources/app/lib/frontend/bundle.js:2:2817303
    at s.invoke (file:///C:/Xilinx/2025.1/Vitis/ide/electron-app/win64/resources/app/lib/frontend/bundle.js:2:2817393)
    at a.fire (file:///C:/Xilinx/2025.1/Vitis/ide/electron-app/win64/resources/app/lib/frontend/bundle.js:2:2819196)
    at d.handleMessages (file:///C:/Xilinx/2025.1/Vitis/ide/electron-app/win64/resources/app/lib/frontend/bundle.js:2:8216579)
    at file:///C:/Xilinx/2025.1/Vitis/ide/electron-app/win64/resources/app/lib/frontend/bundle.js:2:8215788
    at file:///C:/Xilinx/2025.1/Vitis/ide/electron-app/win64/resources/app/lib/frontend/bundle.js:2:2817303
    at s.invoke (file:///C:/Xilinx/2025.1/Vitis/ide/electron-app/win64/resources/app/lib/frontend/bundle.js:2:2817393) 
2026-01-02 20:31:52 [debug] : [hosted-plugin: 23268] Error: No reply handler for error reply with id: 5
    at c.handleReplyErr (C:\Xilinx\2025.1\Vitis\ide\electron-app\win64\resources\app\lib\backend\19.js:1:45588)
    at c.handleMessage (C:\Xilinx\2025.1\Vitis\ide\electron-app\win64\resources\app\lib\backend\19.js:1:45168)
    at C:\Xilinx\2025.1\Vitis\ide\electron-app\win64\resources\app\lib\backend\19.js:1:44592
    at C:\Xilinx\2025.1\Vitis\ide\electron-app\win64\resources\app\lib\backend\19.js:1:15380
    at s.invoke (C:\Xilinx\2025.1\Vitis\ide\electron-app\win64\resources\app\lib\backend\19.js:1:15470)
    at a.fire (C:\Xilinx\2025.1\Vitis\ide\electron-app\win64\resources\app\lib\backend\19.js:1:17273)
    at h.handleMessages (C:\Xilinx\2025.1\Vitis\ide\electron-app\win64\resources\app\lib\backend\557.js:1:82043)
    at C:\Xilinx\2025.1\Vitis\ide\electron-app\win64\resources\app\lib\backend\557.js:1:81252
    at C:\Xilinx\2025.1\Vitis\ide\electron-app\win64\resources\app\lib\backend\19.js:1:15380
    at s.invoke (C:\Xilinx\2025.1\Vitis\ide\electron-app\win64\resources\app\lib\backend\19.js:1:15470) 
2026-01-02 20:31:52 [debug] : [hosted-plugin: 23268] Error: No reply handler for error reply with id: 6
    at c.handleReplyErr (C:\Xilinx\2025.1\Vitis\ide\electron-app\win64\resources\app\lib\backend\19.js:1:45588)
    at c.handleMessage (C:\Xilinx\2025.1\Vitis\ide\electron-app\win64\resources\app\lib\backend\19.js:1:45168)
    at C:\Xilinx\2025.1\Vitis\ide\electron-app\win64\resources\app\lib\backend\19.js:1:44592
    at C:\Xilinx\2025.1\Vitis\ide\electron-app\win64\resources\app\lib\backend\19.js:1:15380
    at s.invoke (C:\Xilinx\2025.1\Vitis\ide\electron-app\win64\resources\app\lib\backend\19.js:1:15470)
    at a.fire (C:\Xilinx\2025.1\Vitis\ide\electron-app\win64\resources\app\lib\backend\19.js:1:17273)
    at h.handleMessages (C:\Xilinx\2025.1\Vitis\ide\electron-app\win64\resources\app\lib\backend\557.js:1:82043)
    at C:\Xilinx\2025.1\Vitis\ide\electron-app\win64\resources\app\lib\backend\557.js:1:81252
    at C:\Xilinx\2025.1\Vitis\ide\electron-app\win64\resources\app\lib\backend\19.js:1:15380
    at s.invoke (C:\Xilinx\2025.1\Vitis\ide\electron-app\win64\resources\app\lib\backend\19.js:1:15470)
Error: No reply handler for error reply with id: 7
    at c.handleReplyErr (C:\Xilinx\2025.1\Vitis\ide\electron-app\win64\resources\app\lib\backend\19.js:1:45588)
    at c.handleMessage (C:\Xilinx\2025.1\Vitis\ide\electron-app\win64\resources\app\lib\backend\19.js:1:45168)
    at C:\Xilinx\2025.1\Vitis\ide\electron-app\win64\resources\app\lib\backend\19.js:1:44592
    at C:\Xilinx\2025.1\Vitis\ide\electron-app\win64\resources\app\lib\backend\19.js:1:15380
    at s.invoke (C:\Xilinx\2025.1\Vitis\ide\electron-app\win64\resources\app\lib\backend\19.js:1:15470)
    at a.fire (C:\Xilinx\2025.1\Vitis\ide\electron-app\win64\resources\app\lib\backend\19.js:1:17273)
    at h.handleMessages (C:\Xilinx\2025.1\Vitis\ide\electron-app\win64\resources\app\lib\backend\557.js:1:82043)
    at C:\Xilinx\2025.1\Vitis\ide\electron-app\win64\resources\app\lib\backend\557.js:1:81252
    at C:\Xilinx\2025.1\Vitis\ide\electron-app\win64\resources\app\lib\backend\19.js:1:15380
    at s.invoke (C:\Xilinx\2025.1\Vitis\ide\electron-app\win64\resources\app\lib\backend\19.js:1:15470)
Error: No reply handler for error reply with id: 8
    at c.handleReplyErr (C:\Xilinx\2025.1\Vitis\ide\electron-app\win64\resources\app\lib\backend\19.js:1:45588)
    at c.handleMessage (C:\Xilinx\2025.1\Vitis\ide\electron-app\win64\resources\app\lib\backend\19.js:1:45168)
    at C:\Xilinx\2025.1\Vitis\ide\electron-app\win64\resources\app\lib\backend\19.js:1:44592
    at C:\Xilinx\2025.1\Vitis\ide\electron-app\win64\resources\app\lib\backend\19.js:1:15380
    at s.invoke (C:\Xilinx\2025.1\Vitis\ide\electron-app\win64\resources\app\lib\backend\19.js:1:15470)
    at a.fire (C:\Xilinx\2025.1\Vitis\ide\electron-app\win64\resources\app\lib\backend\19.js:1:17273)
    at h.handleMessages (C:\Xilinx\2025.1\Vitis\ide\electron-app\win64\resources\app\lib\backend\557.js:1:82043)
    at C:\Xilinx\2025.1\Vitis\ide\electron-app\win64\resources\app\lib\backend\557.js:1:81252
    at C:\Xilinx\2025.1\Vitis\ide\electron-app\win64\resources\app\lib\backend\19.js:1:15380
    at s.invoke (C:\Xilinx\2025.1\Vitis\ide\electron-app\win64\resources\app\lib\backend\19.js:1:15470)
Error: No reply handler for error reply with id: 9
    at c.handleReplyErr (C:\Xilinx\2025.1\Vitis\ide\electron-app\win64\resources\app\lib\backend\19.js:1:45588)
    at c.handleMessage (C:\Xilinx\2025.1\Vitis\ide\electron-app\win64\resources\app\lib\backend\19.js:1:45168)
    at C:\Xilinx\2025.1\Vitis\ide\electron-app\win64\resources\app\lib\backend\19.js:1:44592
    at C:\Xilinx\2025.1\Vitis\ide\electron-app\win64\resources\app\lib\backend\19.js:1:15380
    at s.invoke (C:\Xilinx\2025.1\Vitis\ide\electron-app\win64\resources\app\lib\backend\19.js:1:15470)
    at a.fire (C:\Xilinx\2025.1\Vitis\ide\electron-app\win64\resources\app\lib\backend\19.js:1:17273)
    at h.handleMessages (C:\Xilinx\2025.1\Vitis\ide\electron-app\win64\resources\app\lib\backend\557.js:1:82043)
    at C:\Xilinx\2025.1\Vitis\ide\electron-app\win64\resources\app\lib\backend\557.js:1:81252
    at C:\Xilinx\2025.1\Vitis\ide\electron-app\win64\resources\app\lib\backend\19.js:1:15380
    at s.invoke (C:\Xilinx\2025.1\Vitis\ide\electron-app\win64\resources\app\lib\backend\19.js:1:15470)
Error: No reply handler for error reply with id: 10
    at c.handleReplyErr (C:\Xilinx\2025.1\Vitis\ide\electron-app\win64\resources\app\lib\backend\19.js:1:45588)
    at c.handleMessage (C:\Xilinx\2025.1\Vitis\ide\electron-app\win64\resources\app\lib\backend\19.js:1:45168)
    at C:\Xilinx\2025.1\Vitis\ide\electron-app\win64\resources\app\lib\backend\19.js:1:44592
    at C:\Xilinx\2025.1\Vitis\ide\electron-app\win64\resources\app\lib\backend\19.js:1:15380
    at s.invoke (C:\Xilinx\2025.1\Vitis\ide\electron-app\win64\resources\app\lib\backend\19.js:1:15470)
    at a.fire (C:\Xilinx\2025.1\Vitis\ide\electron-app\win64\resources\app\lib\backend\19.js:1:17273)
    at h.handleMessages (C:\Xilinx\2025.1\Vitis\ide\electron-app\win64\resources\app\lib\backend\557.js:1:82043)
    at C:\Xilinx\2025.1\Vitis\ide\electron-app\win64\resources\app\lib\backend\557.js:1:81252
    at C:\Xilinx\2025.1\Vitis\ide\electron-app\win64\resources\app\lib\backend\19.js:1:15380
    at s.invoke (C:\Xilinx\2025.1\Vitis\ide\electron-app\win64\resources\app\lib\backend\19.js:1:15470) 
2026-01-02 20:31:52 [debug] : [hosted-plugin: 23268] Error: No reply handler for error reply with id: 11
    at c.handleReplyErr (C:\Xilinx\2025.1\Vitis\ide\electron-app\win64\resources\app\lib\backend\19.js:1:45588)
    at c.handleMessage (C:\Xilinx\2025.1\Vitis\ide\electron-app\win64\resources\app\lib\backend\19.js:1:45168)
    at C:\Xilinx\2025.1\Vitis\ide\electron-app\win64\resources\app\lib\backend\19.js:1:44592
    at C:\Xilinx\2025.1\Vitis\ide\electron-app\win64\resources\app\lib\backend\19.js:1:15380
    at s.invoke (C:\Xilinx\2025.1\Vitis\ide\electron-app\win64\resources\app\lib\backend\19.js:1:15470)
    at a.fire (C:\Xilinx\2025.1\Vitis\ide\electron-app\win64\resources\app\lib\backend\19.js:1:17273)
    at h.handleMessages (C:\Xilinx\2025.1\Vitis\ide\electron-app\win64\resources\app\lib\backend\557.js:1:82043)
    at C:\Xilinx\2025.1\Vitis\ide\electron-app\win64\resources\app\lib\backend\557.js:1:81252
    at C:\Xilinx\2025.1\Vitis\ide\electron-app\win64\resources\app\lib\backend\19.js:1:15380
    at s.invoke (C:\Xilinx\2025.1\Vitis\ide\electron-app\win64\resources\app\lib\backend\19.js:1:15470)
Error: No reply handler for reply with id: 5
    at c.handleReply (C:\Xilinx\2025.1\Vitis\ide\electron-app\win64\resources\app\lib\backend\19.js:1:45381)
    at c.handleMessage (C:\Xilinx\2025.1\Vitis\ide\electron-app\win64\resources\app\lib\backend\19.js:1:45120)
    at C:\Xilinx\2025.1\Vitis\ide\electron-app\win64\resources\app\lib\backend\19.js:1:44592
    at C:\Xilinx\2025.1\Vitis\ide\electron-app\win64\resources\app\lib\backend\19.js:1:15380
    at s.invoke (C:\Xilinx\2025.1\Vitis\ide\electron-app\win64\resources\app\lib\backend\19.js:1:15470)
    at a.fire (C:\Xilinx\2025.1\Vitis\ide\electron-app\win64\resources\app\lib\backend\19.js:1:17273)
    at h.handleMessages (C:\Xilinx\2025.1\Vitis\ide\electron-app\win64\resources\app\lib\backend\557.js:1:82043)
    at C:\Xilinx\2025.1\Vitis\ide\electron-app\win64\resources\app\lib\backend\557.js:1:81252
    at C:\Xilinx\2025.1\Vitis\ide\electron-app\win64\resources\app\lib\backend\19.js:1:15380
    at s.invoke (C:\Xilinx\2025.1\Vitis\ide\electron-app\win64\resources\app\lib\backend\19.js:1:15470) 
2026-01-02 20:31:52 [debug] : [hosted-plugin: 23268] Error: No reply handler for reply with id: 6
    at c.handleReply (C:\Xilinx\2025.1\Vitis\ide\electron-app\win64\resources\app\lib\backend\19.js:1:45381)
    at c.handleMessage (C:\Xilinx\2025.1\Vitis\ide\electron-app\win64\resources\app\lib\backend\19.js:1:45120)
    at C:\Xilinx\2025.1\Vitis\ide\electron-app\win64\resources\app\lib\backend\19.js:1:44592
    at C:\Xilinx\2025.1\Vitis\ide\electron-app\win64\resources\app\lib\backend\19.js:1:15380
    at s.invoke (C:\Xilinx\2025.1\Vitis\ide\electron-app\win64\resources\app\lib\backend\19.js:1:15470)
    at a.fire (C:\Xilinx\2025.1\Vitis\ide\electron-app\win64\resources\app\lib\backend\19.js:1:17273)
    at h.handleMessages (C:\Xilinx\2025.1\Vitis\ide\electron-app\win64\resources\app\lib\backend\557.js:1:82043)
    at C:\Xilinx\2025.1\Vitis\ide\electron-app\win64\resources\app\lib\backend\557.js:1:81252
    at C:\Xilinx\2025.1\Vitis\ide\electron-app\win64\resources\app\lib\backend\19.js:1:15380
    at s.invoke (C:\Xilinx\2025.1\Vitis\ide\electron-app\win64\resources\app\lib\backend\19.js:1:15470)
Error: No reply handler for reply with id: 7
    at c.handleReply (C:\Xilinx\2025.1\Vitis\ide\electron-app\win64\resources\app\lib\backend\19.js:1:45381)
    at c.handleMessage (C:\Xilinx\2025.1\Vitis\ide\electron-app\win64\resources\app\lib\backend\19.js:1:45120)
    at C:\Xilinx\2025.1\Vitis\ide\electron-app\win64\resources\app\lib\backend\19.js:1:44592
    at C:\Xilinx\2025.1\Vitis\ide\electron-app\win64\resources\app\lib\backend\19.js:1:15380
    at s.invoke (C:\Xilinx\2025.1\Vitis\ide\electron-app\win64\resources\app\lib\backend\19.js:1:15470)
    at a.fire (C:\Xilinx\2025.1\Vitis\ide\electron-app\win64\resources\app\lib\backend\19.js:1:17273)
    at h.handleMessages (C:\Xilinx\2025.1\Vitis\ide\electron-app\win64\resources\app\lib\backend\557.js:1:82043)
    at C:\Xilinx\2025.1\Vitis\ide\electron-app\win64\resources\app\lib\backend\557.js:1:81252
    at C:\Xilinx\2025.1\Vitis\ide\electron-app\win64\resources\app\lib\backend\19.js:1:15380
    at s.invoke (C:\Xilinx\2025.1\Vitis\ide\electron-app\win64\resources\app\lib\backend\19.js:1:15470)
Error: No reply handler for reply with id: 8
    at c.handleReply (C:\Xilinx\2025.1\Vitis\ide\electron-app\win64\resources\app\lib\backend\19.js:1:45381)
    at c.handleMessage (C:\Xilinx\2025.1\Vitis\ide\electron-app\win64\resources\app\lib\backend\19.js:1:45120)
    at C:\Xilinx\2025.1\Vitis\ide\electron-app\win64\resources\app\lib\backend\19.js:1:44592
    at C:\Xilinx\2025.1\Vitis\ide\electron-app\win64\resources\app\lib\backend\19.js:1:15380
    at s.invoke (C:\Xilinx\2025.1\Vitis\ide\electron-app\win64\resources\app\lib\backend\19.js:1:15470)
    at a.fire (C:\Xilinx\2025.1\Vitis\ide\electron-app\win64\resources\app\lib\backend\19.js:1:17273)
    at h.handleMessages (C:\Xilinx\2025.1\Vitis\ide\electron-app\win64\resources\app\lib\backend\557.js:1:82043)
    at C:\Xilinx\2025.1\Vitis\ide\electron-app\win64\resources\app\lib\backend\557.js:1:81252
    at C:\Xilinx\2025.1\Vitis\ide\electron-app\win64\resources\app\lib\backend\19.js:1:15380
    at s.invoke (C:\Xilinx\2025.1\Vitis\ide\electron-app\win64\resources\app\lib\backend\19.js:1:15470) 
2026-01-02 20:31:52 [debug] : [hosted-plugin: 23268] Error: No reply handler for reply with id: 9
    at c.handleReply (C:\Xilinx\2025.1\Vitis\ide\electron-app\win64\resources\app\lib\backend\19.js:1:45381)
    at c.handleMessage (C:\Xilinx\2025.1\Vitis\ide\electron-app\win64\resources\app\lib\backend\19.js:1:45120)
    at C:\Xilinx\2025.1\Vitis\ide\electron-app\win64\resources\app\lib\backend\19.js:1:44592
    at C:\Xilinx\2025.1\Vitis\ide\electron-app\win64\resources\app\lib\backend\19.js:1:15380
    at s.invoke (C:\Xilinx\2025.1\Vitis\ide\electron-app\win64\resources\app\lib\backend\19.js:1:15470)
    at a.fire (C:\Xilinx\2025.1\Vitis\ide\electron-app\win64\resources\app\lib\backend\19.js:1:17273)
    at h.handleMessages (C:\Xilinx\2025.1\Vitis\ide\electron-app\win64\resources\app\lib\backend\557.js:1:82043)
    at C:\Xilinx\2025.1\Vitis\ide\electron-app\win64\resources\app\lib\backend\557.js:1:81252
    at C:\Xilinx\2025.1\Vitis\ide\electron-app\win64\resources\app\lib\backend\19.js:1:15380
    at s.invoke (C:\Xilinx\2025.1\Vitis\ide\electron-app\win64\resources\app\lib\backend\19.js:1:15470)
Error: No reply handler for reply with id: 10
    at c.handleReply (C:\Xilinx\2025.1\Vitis\ide\electron-app\win64\resources\app\lib\backend\19.js:1:45381)
    at c.handleMessage (C:\Xilinx\2025.1\Vitis\ide\electron-app\win64\resources\app\lib\backend\19.js:1:45120)
    at C:\Xilinx\2025.1\Vitis\ide\electron-app\win64\resources\app\lib\backend\19.js:1:44592
    at C:\Xilinx\2025.1\Vitis\ide\electron-app\win64\resources\app\lib\backend\19.js:1:15380
    at s.invoke (C:\Xilinx\2025.1\Vitis\ide\electron-app\win64\resources\app\lib\backend\19.js:1:15470)
    at a.fire (C:\Xilinx\2025.1\Vitis\ide\electron-app\win64\resources\app\lib\backend\19.js:1:17273)
    at h.handleMessages (C:\Xilinx\2025.1\Vitis\ide\electron-app\win64\resources\app\lib\backend\557.js:1:82043)
    at C:\Xilinx\2025.1\Vitis\ide\electron-app\win64\resources\app\lib\backend\557.js:1:81252
    at C:\Xilinx\2025.1\Vitis\ide\electron-app\win64\resources\app\lib\backend\19.js:1:15380
    at s.invoke (C:\Xilinx\2025.1\Vitis\ide\electron-app\win64\resources\app\lib\backend\19.js:1:15470) 
2026-01-02 20:31:52 [debug] : [hosted-plugin: 23268] Error: No reply handler for reply with id: 11
    at c.handleReply (C:\Xilinx\2025.1\Vitis\ide\electron-app\win64\resources\app\lib\backend\19.js:1:45381)
    at c.handleMessage (C:\Xilinx\2025.1\Vitis\ide\electron-app\win64\resources\app\lib\backend\19.js:1:45120)
    at C:\Xilinx\2025.1\Vitis\ide\electron-app\win64\resources\app\lib\backend\19.js:1:44592
    at C:\Xilinx\2025.1\Vitis\ide\electron-app\win64\resources\app\lib\backend\19.js:1:15380
    at s.invoke (C:\Xilinx\2025.1\Vitis\ide\electron-app\win64\resources\app\lib\backend\19.js:1:15470)
    at a.fire (C:\Xilinx\2025.1\Vitis\ide\electron-app\win64\resources\app\lib\backend\19.js:1:17273)
    at h.handleMessages (C:\Xilinx\2025.1\Vitis\ide\electron-app\win64\resources\app\lib\backend\557.js:1:82043)
    at C:\Xilinx\2025.1\Vitis\ide\electron-app\win64\resources\app\lib\backend\557.js:1:81252
    at C:\Xilinx\2025.1\Vitis\ide\electron-app\win64\resources\app\lib\backend\19.js:1:15380
    at s.invoke (C:\Xilinx\2025.1\Vitis\ide\electron-app\win64\resources\app\lib\backend\19.js:1:15470) 
2026-01-02 20:31:52 [debug] : Error: No reply handler for error reply with id: 16
    at l.handleReplyErr (file:///C:/Xilinx/2025.1/Vitis/ide/electron-app/win64/resources/app/lib/frontend/bundle.js:2:2870779)
    at l.handleMessage (file:///C:/Xilinx/2025.1/Vitis/ide/electron-app/win64/resources/app/lib/frontend/bundle.js:2:2870359)
    at file:///C:/Xilinx/2025.1/Vitis/ide/electron-app/win64/resources/app/lib/frontend/bundle.js:2:2869783
    at file:///C:/Xilinx/2025.1/Vitis/ide/electron-app/win64/resources/app/lib/frontend/bundle.js:2:2817303
    at s.invoke (file:///C:/Xilinx/2025.1/Vitis/ide/electron-app/win64/resources/app/lib/frontend/bundle.js:2:2817393)
    at a.fire (file:///C:/Xilinx/2025.1/Vitis/ide/electron-app/win64/resources/app/lib/frontend/bundle.js:2:2819196)
    at d.handleMessages (file:///C:/Xilinx/2025.1/Vitis/ide/electron-app/win64/resources/app/lib/frontend/bundle.js:2:8216579)
    at file:///C:/Xilinx/2025.1/Vitis/ide/electron-app/win64/resources/app/lib/frontend/bundle.js:2:8215788
    at file:///C:/Xilinx/2025.1/Vitis/ide/electron-app/win64/resources/app/lib/frontend/bundle.js:2:2817303
    at s.invoke (file:///C:/Xilinx/2025.1/Vitis/ide/electron-app/win64/resources/app/lib/frontend/bundle.js:2:2817393) 
2026-01-02 20:31:52 [debug] : Error: No reply handler for error reply with id: 25
    at l.handleReplyErr (file:///C:/Xilinx/2025.1/Vitis/ide/electron-app/win64/resources/app/lib/frontend/bundle.js:2:2870779)
    at l.handleMessage (file:///C:/Xilinx/2025.1/Vitis/ide/electron-app/win64/resources/app/lib/frontend/bundle.js:2:2870359)
    at file:///C:/Xilinx/2025.1/Vitis/ide/electron-app/win64/resources/app/lib/frontend/bundle.js:2:2869783
    at file:///C:/Xilinx/2025.1/Vitis/ide/electron-app/win64/resources/app/lib/frontend/bundle.js:2:2817303
    at s.invoke (file:///C:/Xilinx/2025.1/Vitis/ide/electron-app/win64/resources/app/lib/frontend/bundle.js:2:2817393)
    at a.fire (file:///C:/Xilinx/2025.1/Vitis/ide/electron-app/win64/resources/app/lib/frontend/bundle.js:2:2819196)
    at d.handleMessages (file:///C:/Xilinx/2025.1/Vitis/ide/electron-app/win64/resources/app/lib/frontend/bundle.js:2:8216579)
    at file:///C:/Xilinx/2025.1/Vitis/ide/electron-app/win64/resources/app/lib/frontend/bundle.js:2:8215788
    at file:///C:/Xilinx/2025.1/Vitis/ide/electron-app/win64/resources/app/lib/frontend/bundle.js:2:2817303
    at s.invoke (file:///C:/Xilinx/2025.1/Vitis/ide/electron-app/win64/resources/app/lib/frontend/bundle.js:2:2817393) 
2026-01-02 20:31:52 [debug] : Error: No reply handler for error reply with id: 27
    at l.handleReplyErr (file:///C:/Xilinx/2025.1/Vitis/ide/electron-app/win64/resources/app/lib/frontend/bundle.js:2:2870779)
    at l.handleMessage (file:///C:/Xilinx/2025.1/Vitis/ide/electron-app/win64/resources/app/lib/frontend/bundle.js:2:2870359)
    at file:///C:/Xilinx/2025.1/Vitis/ide/electron-app/win64/resources/app/lib/frontend/bundle.js:2:2869783
    at file:///C:/Xilinx/2025.1/Vitis/ide/electron-app/win64/resources/app/lib/frontend/bundle.js:2:2817303
    at s.invoke (file:///C:/Xilinx/2025.1/Vitis/ide/electron-app/win64/resources/app/lib/frontend/bundle.js:2:2817393)
    at a.fire (file:///C:/Xilinx/2025.1/Vitis/ide/electron-app/win64/resources/app/lib/frontend/bundle.js:2:2819196)
    at d.handleMessages (file:///C:/Xilinx/2025.1/Vitis/ide/electron-app/win64/resources/app/lib/frontend/bundle.js:2:8216579)
    at file:///C:/Xilinx/2025.1/Vitis/ide/electron-app/win64/resources/app/lib/frontend/bundle.js:2:8215788
    at file:///C:/Xilinx/2025.1/Vitis/ide/electron-app/win64/resources/app/lib/frontend/bundle.js:2:2817303
    at s.invoke (file:///C:/Xilinx/2025.1/Vitis/ide/electron-app/win64/resources/app/lib/frontend/bundle.js:2:2817393) 
2026-01-02 20:31:52 [debug] : Error: No reply handler for error reply with id: 40
    at l.handleReplyErr (file:///C:/Xilinx/2025.1/Vitis/ide/electron-app/win64/resources/app/lib/frontend/bundle.js:2:2870779)
    at l.handleMessage (file:///C:/Xilinx/2025.1/Vitis/ide/electron-app/win64/resources/app/lib/frontend/bundle.js:2:2870359)
    at file:///C:/Xilinx/2025.1/Vitis/ide/electron-app/win64/resources/app/lib/frontend/bundle.js:2:2869783
    at file:///C:/Xilinx/2025.1/Vitis/ide/electron-app/win64/resources/app/lib/frontend/bundle.js:2:2817303
    at s.invoke (file:///C:/Xilinx/2025.1/Vitis/ide/electron-app/win64/resources/app/lib/frontend/bundle.js:2:2817393)
    at a.fire (file:///C:/Xilinx/2025.1/Vitis/ide/electron-app/win64/resources/app/lib/frontend/bundle.js:2:2819196)
    at d.handleMessages (file:///C:/Xilinx/2025.1/Vitis/ide/electron-app/win64/resources/app/lib/frontend/bundle.js:2:8216579)
    at file:///C:/Xilinx/2025.1/Vitis/ide/electron-app/win64/resources/app/lib/frontend/bundle.js:2:8215788
    at file:///C:/Xilinx/2025.1/Vitis/ide/electron-app/win64/resources/app/lib/frontend/bundle.js:2:2817303
    at s.invoke (file:///C:/Xilinx/2025.1/Vitis/ide/electron-app/win64/resources/app/lib/frontend/bundle.js:2:2817393) 
2026-01-02 20:31:52 [debug] : Error: No reply handler for error reply with id: 16
    at l.handleReplyErr (file:///C:/Xilinx/2025.1/Vitis/ide/electron-app/win64/resources/app/lib/frontend/bundle.js:2:2870779)
    at l.handleMessage (file:///C:/Xilinx/2025.1/Vitis/ide/electron-app/win64/resources/app/lib/frontend/bundle.js:2:2870359)
    at file:///C:/Xilinx/2025.1/Vitis/ide/electron-app/win64/resources/app/lib/frontend/bundle.js:2:2869783
    at file:///C:/Xilinx/2025.1/Vitis/ide/electron-app/win64/resources/app/lib/frontend/bundle.js:2:2817303
    at s.invoke (file:///C:/Xilinx/2025.1/Vitis/ide/electron-app/win64/resources/app/lib/frontend/bundle.js:2:2817393)
    at a.fire (file:///C:/Xilinx/2025.1/Vitis/ide/electron-app/win64/resources/app/lib/frontend/bundle.js:2:2819196)
    at d.handleMessages (file:///C:/Xilinx/2025.1/Vitis/ide/electron-app/win64/resources/app/lib/frontend/bundle.js:2:8216579)
    at file:///C:/Xilinx/2025.1/Vitis/ide/electron-app/win64/resources/app/lib/frontend/bundle.js:2:8215788
    at file:///C:/Xilinx/2025.1/Vitis/ide/electron-app/win64/resources/app/lib/frontend/bundle.js:2:2817303
    at s.invoke (file:///C:/Xilinx/2025.1/Vitis/ide/electron-app/win64/resources/app/lib/frontend/bundle.js:2:2817393) 
2026-01-02 20:31:52 [debug] : Error: No reply handler for error reply with id: 25
    at l.handleReplyErr (file:///C:/Xilinx/2025.1/Vitis/ide/electron-app/win64/resources/app/lib/frontend/bundle.js:2:2870779)
    at l.handleMessage (file:///C:/Xilinx/2025.1/Vitis/ide/electron-app/win64/resources/app/lib/frontend/bundle.js:2:2870359)
    at file:///C:/Xilinx/2025.1/Vitis/ide/electron-app/win64/resources/app/lib/frontend/bundle.js:2:2869783
    at file:///C:/Xilinx/2025.1/Vitis/ide/electron-app/win64/resources/app/lib/frontend/bundle.js:2:2817303
    at s.invoke (file:///C:/Xilinx/2025.1/Vitis/ide/electron-app/win64/resources/app/lib/frontend/bundle.js:2:2817393)
    at a.fire (file:///C:/Xilinx/2025.1/Vitis/ide/electron-app/win64/resources/app/lib/frontend/bundle.js:2:2819196)
    at d.handleMessages (file:///C:/Xilinx/2025.1/Vitis/ide/electron-app/win64/resources/app/lib/frontend/bundle.js:2:8216579)
    at file:///C:/Xilinx/2025.1/Vitis/ide/electron-app/win64/resources/app/lib/frontend/bundle.js:2:8215788
    at file:///C:/Xilinx/2025.1/Vitis/ide/electron-app/win64/resources/app/lib/frontend/bundle.js:2:2817303
    at s.invoke (file:///C:/Xilinx/2025.1/Vitis/ide/electron-app/win64/resources/app/lib/frontend/bundle.js:2:2817393) 
2026-01-02 20:31:52 [debug] : Error: No reply handler for error reply with id: 27
    at l.handleReplyErr (file:///C:/Xilinx/2025.1/Vitis/ide/electron-app/win64/resources/app/lib/frontend/bundle.js:2:2870779)
    at l.handleMessage (file:///C:/Xilinx/2025.1/Vitis/ide/electron-app/win64/resources/app/lib/frontend/bundle.js:2:2870359)
    at file:///C:/Xilinx/2025.1/Vitis/ide/electron-app/win64/resources/app/lib/frontend/bundle.js:2:2869783
    at file:///C:/Xilinx/2025.1/Vitis/ide/electron-app/win64/resources/app/lib/frontend/bundle.js:2:2817303
    at s.invoke (file:///C:/Xilinx/2025.1/Vitis/ide/electron-app/win64/resources/app/lib/frontend/bundle.js:2:2817393)
    at a.fire (file:///C:/Xilinx/2025.1/Vitis/ide/electron-app/win64/resources/app/lib/frontend/bundle.js:2:2819196)
    at d.handleMessages (file:///C:/Xilinx/2025.1/Vitis/ide/electron-app/win64/resources/app/lib/frontend/bundle.js:2:8216579)
    at file:///C:/Xilinx/2025.1/Vitis/ide/electron-app/win64/resources/app/lib/frontend/bundle.js:2:8215788
    at file:///C:/Xilinx/2025.1/Vitis/ide/electron-app/win64/resources/app/lib/frontend/bundle.js:2:2817303
    at s.invoke (file:///C:/Xilinx/2025.1/Vitis/ide/electron-app/win64/resources/app/lib/frontend/bundle.js:2:2817393) 
2026-01-02 20:31:52 [debug] : Error: No reply handler for error reply with id: 40
    at l.handleReplyErr (file:///C:/Xilinx/2025.1/Vitis/ide/electron-app/win64/resources/app/lib/frontend/bundle.js:2:2870779)
    at l.handleMessage (file:///C:/Xilinx/2025.1/Vitis/ide/electron-app/win64/resources/app/lib/frontend/bundle.js:2:2870359)
    at file:///C:/Xilinx/2025.1/Vitis/ide/electron-app/win64/resources/app/lib/frontend/bundle.js:2:2869783
    at file:///C:/Xilinx/2025.1/Vitis/ide/electron-app/win64/resources/app/lib/frontend/bundle.js:2:2817303
    at s.invoke (file:///C:/Xilinx/2025.1/Vitis/ide/electron-app/win64/resources/app/lib/frontend/bundle.js:2:2817393)
    at a.fire (file:///C:/Xilinx/2025.1/Vitis/ide/electron-app/win64/resources/app/lib/frontend/bundle.js:2:2819196)
    at d.handleMessages (file:///C:/Xilinx/2025.1/Vitis/ide/electron-app/win64/resources/app/lib/frontend/bundle.js:2:8216579)
    at file:///C:/Xilinx/2025.1/Vitis/ide/electron-app/win64/resources/app/lib/frontend/bundle.js:2:8215788
    at file:///C:/Xilinx/2025.1/Vitis/ide/electron-app/win64/resources/app/lib/frontend/bundle.js:2:2817303
    at s.invoke (file:///C:/Xilinx/2025.1/Vitis/ide/electron-app/win64/resources/app/lib/frontend/bundle.js:2:2817393) 
2026-01-02 20:31:52 [debug] : Failed to start plugins for 'main' host {"0":"Error: no local service handler with id NotificationMain\n    at t.RPCProtocolImpl.handleRequest (file:///C:/Xilinx/2025.1/Vitis/ide/electron-app/win64/resources/app/lib/frontend/bundle.js:2:8214635)\n    at l.requestHandler (file:///C:/Xilinx/2025.1/Vitis/ide/electron-app/win64/resources/app/lib/frontend/bundle.js:2:8214268)\n    at l.handleRequest (file:///C:/Xilinx/2025.1/Vitis/ide/electron-app/win64/resources/app/lib/frontend/bundle.js:2:2872243)\n    at l.handleMessage (file:///C:/Xilinx/2025.1/Vitis/ide/electron-app/win64/resources/app/lib/frontend/bundle.js:2:2870149)\n    at file:///C:/Xilinx/2025.1/Vitis/ide/electron-app/win64/resources/app/lib/frontend/bundle.js:2:2869783\n    at file:///C:/Xilinx/2025.1/Vitis/ide/electron-app/win64/resources/app/lib/frontend/bundle.js:2:2817303\n    at s.invoke (file:///C:/Xilinx/2025.1/Vitis/ide/electron-app/win64/resources/app/lib/frontend/bundle.js:2:2817393)\n    at a.fire (file:///C:/Xilinx/2025.1/Vitis/ide/electron-app/win64/resources/app/lib/frontend/bundle.js:2:2819196)\n    at d.handleMessages (file:///C:/Xilinx/2025.1/Vitis/ide/electron-app/win64/resources/app/lib/frontend/bundle.js:2:8216579)\n    at file:///C:/Xilinx/2025.1/Vitis/ide/electron-app/win64/resources/app/lib/frontend/bundle.js:2:8215788"}
2026-01-02 20:31:53 [debug] : [hosted-plugin: 23268] Promise rejection not handled in one second: Error: no local service handler with id WorkspaceMain , reason: Error: no local service handler with id WorkspaceMain 
2026-01-02 20:31:53 [debug] : [hosted-plugin: 23268] With stack trace: Error: no local service handler with id WorkspaceMain
    at t.RPCProtocolImpl.handleRequest (file:///C:/Xilinx/2025.1/Vitis/ide/electron-app/win64/resources/app/lib/frontend/bundle.js:2:8214635)
    at l.requestHandler (file:///C:/Xilinx/2025.1/Vitis/ide/electron-app/win64/resources/app/lib/frontend/bundle.js:2:8214268)
    at l.handleRequest (file:///C:/Xilinx/2025.1/Vitis/ide/electron-app/win64/resources/app/lib/frontend/bundle.js:2:2872243)
    at l.handleMessage (file:///C:/Xilinx/2025.1/Vitis/ide/electron-app/win64/resources/app/lib/frontend/bundle.js:2:2870149)
    at file:///C:/Xilinx/2025.1/Vitis/ide/electron-app/win64/resources/app/lib/frontend/bundle.js:2:2869783
    at file:///C:/Xilinx/2025.1/Vitis/ide/electron-app/win64/resources/app/lib/frontend/bundle.js:2:2817303
    at s.invoke (file:///C:/Xilinx/2025.1/Vitis/ide/electron-app/win64/resources/app/lib/frontend/bundle.js:2:2817393)
    at a.fire (file:///C:/Xilinx/2025.1/Vitis/ide/electron-app/win64/resources/app/lib/frontend/bundle.js:2:2819196)
    at d.handleMessages (file:///C:/Xilinx/2025.1/Vitis/ide/electron-app/win64/resources/app/lib/frontend/bundle.js:2:8216579)
    at file:///C:/Xilinx/2025.1/Vitis/ide/electron-app/win64/resources/app/lib/frontend/bundle.js:2:8215788 
2026-01-02 20:31:53 [debug] : [hosted-plugin: 23268] Promise rejection not handled in one second: Error: no local service handler with id DebugMain , reason: Error: no local service handler with id DebugMain 
2026-01-02 20:31:53 [debug] : [hosted-plugin: 23268] With stack trace: Error: no local service handler with id DebugMain
    at t.RPCProtocolImpl.handleRequest (file:///C:/Xilinx/2025.1/Vitis/ide/electron-app/win64/resources/app/lib/frontend/bundle.js:2:8214635)
    at l.requestHandler (file:///C:/Xilinx/2025.1/Vitis/ide/electron-app/win64/resources/app/lib/frontend/bundle.js:2:8214268)
    at l.handleRequest (file:///C:/Xilinx/2025.1/Vitis/ide/electron-app/win64/resources/app/lib/frontend/bundle.js:2:2872243)
    at l.handleMessage (file:///C:/Xilinx/2025.1/Vitis/ide/electron-app/win64/resources/app/lib/frontend/bundle.js:2:2870149)
    at file:///C:/Xilinx/2025.1/Vitis/ide/electron-app/win64/resources/app/lib/frontend/bundle.js:2:2869783
    at file:///C:/Xilinx/2025.1/Vitis/ide/electron-app/win64/resources/app/lib/frontend/bundle.js:2:2817303
    at s.invoke (file:///C:/Xilinx/2025.1/Vitis/ide/electron-app/win64/resources/app/lib/frontend/bundle.js:2:2817393)
    at a.fire (file:///C:/Xilinx/2025.1/Vitis/ide/electron-app/win64/resources/app/lib/frontend/bundle.js:2:2819196)
    at d.handleMessages (file:///C:/Xilinx/2025.1/Vitis/ide/electron-app/win64/resources/app/lib/frontend/bundle.js:2:8216579)
    at file:///C:/Xilinx/2025.1/Vitis/ide/electron-app/win64/resources/app/lib/frontend/bundle.js:2:8215788 
2026-01-02 20:31:53 [debug] : [hosted-plugin: 23268] Promise rejection not handled in one second: Error: no local service handler with id DebugMain , reason: Error: no local service handler with id DebugMain 
2026-01-02 20:31:53 [debug] : [hosted-plugin: 23268] With stack trace: Error: no local service handler with id DebugMain
    at t.RPCProtocolImpl.handleRequest (file:///C:/Xilinx/2025.1/Vitis/ide/electron-app/win64/resources/app/lib/frontend/bundle.js:2:8214635)
    at l.requestHandler (file:///C:/Xilinx/2025.1/Vitis/ide/electron-app/win64/resources/app/lib/frontend/bundle.js:2:8214268)
    at l.handleRequest (file:///C:/Xilinx/2025.1/Vitis/ide/electron-app/win64/resources/app/lib/frontend/bundle.js:2:2872243)
    at l.handleMessage (file:///C:/Xilinx/2025.1/Vitis/ide/electron-app/win64/resources/app/lib/frontend/bundle.js:2:2870149)
    at file:///C:/Xilinx/2025.1/Vitis/ide/electron-app/win64/resources/app/lib/frontend/bundle.js:2:2869783
    at file:///C:/Xilinx/2025.1/Vitis/ide/electron-app/win64/resources/app/lib/frontend/bundle.js:2:2817303
    at s.invoke (file:///C:/Xilinx/2025.1/Vitis/ide/electron-app/win64/resources/app/lib/frontend/bundle.js:2:2817393)
    at a.fire (file:///C:/Xilinx/2025.1/Vitis/ide/electron-app/win64/resources/app/lib/frontend/bundle.js:2:2819196)
    at d.handleMessages (file:///C:/Xilinx/2025.1/Vitis/ide/electron-app/win64/resources/app/lib/frontend/bundle.js:2:8216579)
    at file:///C:/Xilinx/2025.1/Vitis/ide/electron-app/win64/resources/app/lib/frontend/bundle.js:2:8215788
Promise rejection not handled in one second: Error: no local service handler with id DebugMain , reason: Error: no local service handler with id DebugMain
With stack trace: Error: no local service handler with id DebugMain
    at t.RPCProtocolImpl.handleRequest (file:///C:/Xilinx/2025.1/Vitis/ide/electron-app/win64/resources/app/lib/frontend/bundle.js:2:8214635)
    at l.requestHandler (file:///C:/Xilinx/2025.1/Vitis/ide/electron-app/win64/resources/app/lib/frontend/bundle.js:2:8214268)
    at l.handleRequest (file:///C:/Xilinx/2025.1/Vitis/ide/electron-app/win64/resources/app/lib/frontend/bundle.js:2:2872243)
    at l.handleMessage (file:///C:/Xilinx/2025.1/Vitis/ide/electron-app/win64/resources/app/lib/frontend/bundle.js:2:2870149)
    at file:///C:/Xilinx/2025.1/Vitis/ide/electron-app/win64/resources/app/lib/frontend/bundle.js:2:2869783
    at file:///C:/Xilinx/2025.1/Vitis/ide/electron-app/win64/resources/app/lib/frontend/bundle.js:2:2817303
    at s.invoke (file:///C:/Xilinx/2025.1/Vitis/ide/electron-app/win64/resources/app/lib/frontend/bundle.js:2:2817393)
    at a.fire (file:///C:/Xilinx/2025.1/Vitis/ide/electron-app/win64/resources/app/lib/frontend/bundle.js:2:2819196)
    at d.handleMessages (file:///C:/Xilinx/2025.1/Vitis/ide/electron-app/win64/resources/app/lib/frontend/bundle.js:2:8216579)
    at file:///C:/Xilinx/2025.1/Vitis/ide/electron-app/win64/resources/app/lib/frontend/bundle.js:2:8215788
Promise rejection not handled in one second: Error: no local service handler with id DebugMain , reason: Error: no local service handler with id DebugMain 
2026-01-02 20:31:53 [debug] : [hosted-plugin: 23268] With stack trace: Error: no local service handler with id DebugMain
    at t.RPCProtocolImpl.handleRequest (file:///C:/Xilinx/2025.1/Vitis/ide/electron-app/win64/resources/app/lib/frontend/bundle.js:2:8214635)
    at l.requestHandler (file:///C:/Xilinx/2025.1/Vitis/ide/electron-app/win64/resources/app/lib/frontend/bundle.js:2:8214268)
    at l.handleRequest (file:///C:/Xilinx/2025.1/Vitis/ide/electron-app/win64/resources/app/lib/frontend/bundle.js:2:2872243)
    at l.handleMessage (file:///C:/Xilinx/2025.1/Vitis/ide/electron-app/win64/resources/app/lib/frontend/bundle.js:2:2870149)
    at file:///C:/Xilinx/2025.1/Vitis/ide/electron-app/win64/resources/app/lib/frontend/bundle.js:2:2869783
    at file:///C:/Xilinx/2025.1/Vitis/ide/electron-app/win64/resources/app/lib/frontend/bundle.js:2:2817303
    at s.invoke (file:///C:/Xilinx/2025.1/Vitis/ide/electron-app/win64/resources/app/lib/frontend/bundle.js:2:2817393)
    at a.fire (file:///C:/Xilinx/2025.1/Vitis/ide/electron-app/win64/resources/app/lib/frontend/bundle.js:2:2819196)
    at d.handleMessages (file:///C:/Xilinx/2025.1/Vitis/ide/electron-app/win64/resources/app/lib/frontend/bundle.js:2:8216579)
    at file:///C:/Xilinx/2025.1/Vitis/ide/electron-app/win64/resources/app/lib/frontend/bundle.js:2:8215788 
2026-01-02 20:41:54 [debug] : Error: No reply handler for reply with id: 96
    at l.handleReply (file:///C:/Xilinx/2025.1/Vitis/ide/electron-app/win64/resources/app/lib/frontend/bundle.js:2:2870572)
    at l.handleMessage (file:///C:/Xilinx/2025.1/Vitis/ide/electron-app/win64/resources/app/lib/frontend/bundle.js:2:2870311)
    at file:///C:/Xilinx/2025.1/Vitis/ide/electron-app/win64/resources/app/lib/frontend/bundle.js:2:2869783
    at file:///C:/Xilinx/2025.1/Vitis/ide/electron-app/win64/resources/app/lib/frontend/bundle.js:2:2817303
    at s.invoke (file:///C:/Xilinx/2025.1/Vitis/ide/electron-app/win64/resources/app/lib/frontend/bundle.js:2:2817393)
    at a.fire (file:///C:/Xilinx/2025.1/Vitis/ide/electron-app/win64/resources/app/lib/frontend/bundle.js:2:2819196)
    at d.handleMessages (file:///C:/Xilinx/2025.1/Vitis/ide/electron-app/win64/resources/app/lib/frontend/bundle.js:2:8216579)
    at file:///C:/Xilinx/2025.1/Vitis/ide/electron-app/win64/resources/app/lib/frontend/bundle.js:2:8215788
    at file:///C:/Xilinx/2025.1/Vitis/ide/electron-app/win64/resources/app/lib/frontend/bundle.js:2:2817303
    at s.invoke (file:///C:/Xilinx/2025.1/Vitis/ide/electron-app/win64/resources/app/lib/frontend/bundle.js:2:2817393) 
2026-01-02 20:41:54 [debug] : Error: No reply handler for reply with id: 96
    at l.handleReply (file:///C:/Xilinx/2025.1/Vitis/ide/electron-app/win64/resources/app/lib/frontend/bundle.js:2:2870572)
    at l.handleMessage (file:///C:/Xilinx/2025.1/Vitis/ide/electron-app/win64/resources/app/lib/frontend/bundle.js:2:2870311)
    at file:///C:/Xilinx/2025.1/Vitis/ide/electron-app/win64/resources/app/lib/frontend/bundle.js:2:2869783
    at file:///C:/Xilinx/2025.1/Vitis/ide/electron-app/win64/resources/app/lib/frontend/bundle.js:2:2817303
    at s.invoke (file:///C:/Xilinx/2025.1/Vitis/ide/electron-app/win64/resources/app/lib/frontend/bundle.js:2:2817393)
    at a.fire (file:///C:/Xilinx/2025.1/Vitis/ide/electron-app/win64/resources/app/lib/frontend/bundle.js:2:2819196)
    at d.handleMessages (file:///C:/Xilinx/2025.1/Vitis/ide/electron-app/win64/resources/app/lib/frontend/bundle.js:2:8216579)
    at file:///C:/Xilinx/2025.1/Vitis/ide/electron-app/win64/resources/app/lib/frontend/bundle.js:2:8215788
    at file:///C:/Xilinx/2025.1/Vitis/ide/electron-app/win64/resources/app/lib/frontend/bundle.js:2:2817303
    at s.invoke (file:///C:/Xilinx/2025.1/Vitis/ide/electron-app/win64/resources/app/lib/frontend/bundle.js:2:2817393) 
2026-01-02 20:41:56 [debug] : socked closed 
2026-01-02 20:41:56 [debug] : closing connection for 1 
2026-01-02 20:41:56 [debug] : Closing channel on service path '/localization-server'. 
2026-01-02 20:41:56 [debug] : Closing channel on service path '/os'. 
2026-01-02 20:41:56 [debug] : Closing channel on service path '/services/commands'. 
2026-01-02 20:41:56 [debug] : Closing channel on service path '/services/keyboard'. 
2026-01-02 20:41:56 [debug] : Closing channel on service path '/services/logger'. 
2026-01-02 20:41:56 [debug] : Closing channel on service path '/services/messageService'. 
2026-01-02 20:41:56 [debug] : Closing channel on service path '/services/ChannelCloseService'. 
2026-01-02 20:41:56 [debug] : Closing channel on service path '/services/startup-workspace'. 
2026-01-02 20:41:56 [debug] : Closing channel on service path '/services/rigel-workspace'. 
2026-01-02 20:41:56 [debug] : Closing channel on service path '/services/remote-filesystem'. 
2026-01-02 20:41:56 [debug] : Closing channel on service path '/services/envs'. 
2026-01-02 20:41:56 [debug] : Closing channel on service path '/services/workspace'. 
2026-01-02 20:41:56 [debug] : Closing channel on service path '/services/stopwatch'. 
2026-01-02 20:41:56 [debug] : Closing channel on service path '/services/rigel-utils'. 
2026-01-02 20:41:56 [debug] : [Rigel Utils Server] Disposing objects in backend. 
2026-01-02 20:41:56 [debug] : Closing channel on service path '/services/application'. 
2026-01-02 20:41:56 [debug] : Closing channel on service path '/services/i18n'. 
2026-01-02 20:41:56 [debug] : Closing channel on service path '/services/quickInput'. 
2026-01-02 20:41:56 [debug] : Closing channel on service path '/services/project'. 
2026-01-02 20:41:56 [debug] : Closing channel on service path '/services/component'. 
2026-01-02 20:41:56 [debug] : Closing channel on service path '/services/feature-registry'. 
2026-01-02 20:41:56 [debug] : Closing channel on service path '/services/debugger'. 
2026-01-02 20:41:56 [debug] : Closing channel on service path '/services/debug'. 
2026-01-02 20:41:56 [debug] : Closing channel on service path '/services/shell-terminal'. 
2026-01-02 20:41:56 [debug] : Closing channel on service path '/services/quickPick'. 
2026-01-02 20:41:56 [debug] : Closing channel on service path '/services/task'. 
2026-01-02 20:41:56 [debug] : a client has disconnected - removed from list: 
2026-01-02 20:41:56 [debug] : Closing channel on service path '/services/search'. 
2026-01-02 20:41:56 [debug] : Closing channel on service path '/services/hostedPlugin'. 
2026-01-02 20:41:56 [debug] : Closing channel on service path '/services/plugin-ext'. 
2026-01-02 20:41:56 [debug] : Closing channel on service path '/services/plugin-paths'. 
2026-01-02 20:41:56 [debug] : Closing channel on service path '/services/vsx-environment'. 
2026-01-02 20:41:56 [debug] : Closing channel on service path '/services/request-service'. 
2026-01-02 20:41:56 [debug] : Closing channel on service path '/services/cli-preferences'. 
2026-01-02 20:41:56 [debug] : Closing channel on service path '/services/server'. 
2026-01-02 20:41:56 [debug] : Closing channel on service path '/services/repository'. 
2026-01-02 20:41:56 [debug] : [Repository Server] Disposing objects in backend. 
2026-01-02 20:41:56 [debug] : Closing channel on service path '/services/program_flash'. 
2026-01-02 20:41:56 [debug] : [Program Flash Server] Disposing objects in backend. 
2026-01-02 20:41:56 [debug] : Closing channel on service path '/services/build'. 
2026-01-02 20:41:56 [debug] : [Build Server] Disposing objects in backend. 
2026-01-02 20:41:56 [debug] : Closing channel on service path 'services/rigel-backend-helper'. 
2026-01-02 20:41:56 [debug] : Closing channel on service path '/services/aie'. 
2026-01-02 20:41:56 [debug] : [AIE Server] Disposing objects in backend. 
2026-01-02 20:41:56 [debug] : Closing channel on service path '/services/analysis'. 
2026-01-02 20:41:56 [debug] : Closing channel on service path '/services/notification'. 
2026-01-02 20:41:56 [debug] : Closing channel on service path '/services/recent-summaries'. 
2026-01-02 20:41:56 [debug] : Closing channel on service path '/services/platform'. 
2026-01-02 20:41:56 [debug] : Closing channel on service path '/services/hls/l1library/service'. 
2026-01-02 20:41:56 [debug] : Closing channel on service path '/services/elf-reader'. 
2026-01-02 20:41:56 [debug] : [Elf Reader Server] Disposing objects in backend. 
2026-01-02 20:41:56 [debug] : Closing channel on service path '/services/rigel_explorer'. 
2026-01-02 20:41:56 [debug] : Closing channel on service path '/services/linker-script'. 
2026-01-02 20:41:56 [debug] : Closing channel on service path '/services/rigel-logger'. 
2026-01-02 20:41:56 [debug] : [Logger Server] Disposing objects in backend. 
2026-01-02 20:41:56 [debug] : Closing channel on service path '/services/vitis-hls'. 
2026-01-02 20:41:56 [debug] : Closing channel on service path '/services/device'. 
2026-01-02 20:41:56 [debug] : Closing channel on service path '/services/vcxx'. 
2026-01-02 20:41:56 [debug] : [Rigel Vcxx Server] Disposing objects in backend. 
2026-01-02 20:41:56 [debug] : Closing channel on service path '/services/mini-browser-service'. 
2026-01-02 20:41:56 [debug] : Closing channel on service path '/services/hls/report'. 
2026-01-02 20:41:56 [debug] : Closing channel on service path '/services/hls/common/data/info'. 
2026-01-02 20:41:56 [debug] : Closing channel on service path '/services/flow_navigator'. 
2026-01-02 20:41:56 [debug] : Closing channel on service path '/services/hls/common/file/service'. 
2026-01-02 20:41:56 [debug] : Closing channel on service path '/services/hls/dataflow/info'. 
2026-01-02 20:41:56 [debug] : Closing channel on service path '/services/hls/directive'. 
2026-01-02 20:41:56 [debug] : Closing channel on service path '/services/hls_flow'. 
2026-01-02 20:41:56 [debug] : [Hls Flow Server] Disposing objects in backend. 
2026-01-02 20:41:56 [debug] : Closing channel on service path '/services/project-utils'. 
2026-01-02 20:41:56 [debug] : Closing channel on service path '/services/bootgen'. 
2026-01-02 20:41:56 [debug] : Closing channel on service path '/services/cdo-utils'. 
2026-01-02 20:41:56 [debug] : Closing channel on service path '/services/report-model'. 
2026-01-02 20:41:56 [debug] : Closing channel on service path '/services/hls/wave/open'. 
2026-01-02 20:41:56 [debug] : Closing channel on service path '/services/search-in-workspace'. 
2026-01-02 20:41:56 [debug] : Closing channel on service path '/services/keyStore'. 
2026-01-02 20:41:56 [debug] : Closing channel on service path '/services/languagePackService'. 
2026-01-02 20:41:56 [debug] : Uncaught Exception:  {"0":"Error: client namespace disconnect"}
2026-01-02 20:41:56 [debug] : Error: client namespace disconnect
    at C:\Xilinx\2025.1\Vitis\ide\electron-app\win64\resources\app\lib\backend\19.js:1:44345
    at Map.forEach (<anonymous>)
    at C:\Xilinx\2025.1\Vitis\ide\electron-app\win64\resources\app\lib\backend\19.js:1:44324
    at C:\Xilinx\2025.1\Vitis\ide\electron-app\win64\resources\app\lib\backend\19.js:1:15380
    at s.invoke (C:\Xilinx\2025.1\Vitis\ide\electron-app\win64\resources\app\lib\backend\19.js:1:15470)
    at a.fire (C:\Xilinx\2025.1\Vitis\ide\electron-app\win64\resources\app\lib\backend\19.js:1:17273)
    at C:\Xilinx\2025.1\Vitis\ide\electron-app\win64\resources\app\lib\backend\19.js:1:38965
    at Map.forEach (<anonymous>)
    at Object.<anonymous> (C:\Xilinx\2025.1\Vitis\ide\electron-app\win64\resources\app\lib\backend\19.js:1:38935)
    at e.dispose (C:\Xilinx\2025.1\Vitis\ide\electron-app\win64\resources\app\lib\backend\19.js:1:13001)
    at t.DisposableCollection.dispose (C:\Xilinx\2025.1\Vitis\ide\electron-app\win64\resources\app\lib\backend\19.js:1:12718)
    at t.ChannelMultiplexer.dispose (C:\Xilinx\2025.1\Vitis\ide\electron-app\win64\resources\app\lib\backend\19.js:1:40869)
    at t.ChannelMultiplexer.onUnderlyingChannelClose (C:\Xilinx\2025.1\Vitis\ide\electron-app\win64\resources\app\lib\backend\19.js:1:39093)
    at C:\Xilinx\2025.1\Vitis\ide\electron-app\win64\resources\app\lib\backend\19.js:1:38603
    at C:\Xilinx\2025.1\Vitis\ide\electron-app\win64\resources\app\lib\backend\19.js:1:15380
    at s.invoke (C:\Xilinx\2025.1\Vitis\ide\electron-app\win64\resources\app\lib\backend\19.js:1:15470) 
2026-01-02 20:41:56 [debug] : Uncaught Exception:  {"0":"Error: client namespace disconnect"}
2026-01-02 20:41:56 [debug] : Error: client namespace disconnect
    at C:\Xilinx\2025.1\Vitis\ide\electron-app\win64\resources\app\lib\backend\19.js:1:44345
    at Map.forEach (<anonymous>)
    at C:\Xilinx\2025.1\Vitis\ide\electron-app\win64\resources\app\lib\backend\19.js:1:44324
    at C:\Xilinx\2025.1\Vitis\ide\electron-app\win64\resources\app\lib\backend\19.js:1:15380
    at s.invoke (C:\Xilinx\2025.1\Vitis\ide\electron-app\win64\resources\app\lib\backend\19.js:1:15470)
    at a.fire (C:\Xilinx\2025.1\Vitis\ide\electron-app\win64\resources\app\lib\backend\19.js:1:17273)
    at C:\Xilinx\2025.1\Vitis\ide\electron-app\win64\resources\app\lib\backend\19.js:1:38965
    at Map.forEach (<anonymous>)
    at Object.<anonymous> (C:\Xilinx\2025.1\Vitis\ide\electron-app\win64\resources\app\lib\backend\19.js:1:38935)
    at e.dispose (C:\Xilinx\2025.1\Vitis\ide\electron-app\win64\resources\app\lib\backend\19.js:1:13001)
    at t.DisposableCollection.dispose (C:\Xilinx\2025.1\Vitis\ide\electron-app\win64\resources\app\lib\backend\19.js:1:12718)
    at t.ChannelMultiplexer.dispose (C:\Xilinx\2025.1\Vitis\ide\electron-app\win64\resources\app\lib\backend\19.js:1:40869)
    at t.ChannelMultiplexer.onUnderlyingChannelClose (C:\Xilinx\2025.1\Vitis\ide\electron-app\win64\resources\app\lib\backend\19.js:1:39093)
    at C:\Xilinx\2025.1\Vitis\ide\electron-app\win64\resources\app\lib\backend\19.js:1:38603
    at C:\Xilinx\2025.1\Vitis\ide\electron-app\win64\resources\app\lib\backend\19.js:1:15380
    at s.invoke (C:\Xilinx\2025.1\Vitis\ide\electron-app\win64\resources\app\lib\backend\19.js:1:15470) 
2026-01-02 20:41:56 [debug] : Uncaught Exception:  {"0":"Error: client namespace disconnect"}
2026-01-02 20:41:56 [debug] : Error: client namespace disconnect
    at C:\Xilinx\2025.1\Vitis\ide\electron-app\win64\resources\app\lib\backend\19.js:1:44345
    at Map.forEach (<anonymous>)
    at C:\Xilinx\2025.1\Vitis\ide\electron-app\win64\resources\app\lib\backend\19.js:1:44324
    at C:\Xilinx\2025.1\Vitis\ide\electron-app\win64\resources\app\lib\backend\19.js:1:15380
    at s.invoke (C:\Xilinx\2025.1\Vitis\ide\electron-app\win64\resources\app\lib\backend\19.js:1:15470)
    at a.fire (C:\Xilinx\2025.1\Vitis\ide\electron-app\win64\resources\app\lib\backend\19.js:1:17273)
    at C:\Xilinx\2025.1\Vitis\ide\electron-app\win64\resources\app\lib\backend\19.js:1:38965
    at Map.forEach (<anonymous>)
    at Object.<anonymous> (C:\Xilinx\2025.1\Vitis\ide\electron-app\win64\resources\app\lib\backend\19.js:1:38935)
    at e.dispose (C:\Xilinx\2025.1\Vitis\ide\electron-app\win64\resources\app\lib\backend\19.js:1:13001)
    at t.DisposableCollection.dispose (C:\Xilinx\2025.1\Vitis\ide\electron-app\win64\resources\app\lib\backend\19.js:1:12718)
    at t.ChannelMultiplexer.dispose (C:\Xilinx\2025.1\Vitis\ide\electron-app\win64\resources\app\lib\backend\19.js:1:40869)
    at t.ChannelMultiplexer.onUnderlyingChannelClose (C:\Xilinx\2025.1\Vitis\ide\electron-app\win64\resources\app\lib\backend\19.js:1:39093)
    at C:\Xilinx\2025.1\Vitis\ide\electron-app\win64\resources\app\lib\backend\19.js:1:38603
    at C:\Xilinx\2025.1\Vitis\ide\electron-app\win64\resources\app\lib\backend\19.js:1:15380
    at s.invoke (C:\Xilinx\2025.1\Vitis\ide\electron-app\win64\resources\app\lib\backend\19.js:1:15470) 
2026-01-02 20:41:56 [debug] : Uncaught Exception:  {"0":"Error: client namespace disconnect"}
2026-01-02 20:41:56 [debug] : Error: client namespace disconnect
    at C:\Xilinx\2025.1\Vitis\ide\electron-app\win64\resources\app\lib\backend\19.js:1:44345
    at Map.forEach (<anonymous>)
    at C:\Xilinx\2025.1\Vitis\ide\electron-app\win64\resources\app\lib\backend\19.js:1:44324
    at C:\Xilinx\2025.1\Vitis\ide\electron-app\win64\resources\app\lib\backend\19.js:1:15380
    at s.invoke (C:\Xilinx\2025.1\Vitis\ide\electron-app\win64\resources\app\lib\backend\19.js:1:15470)
    at a.fire (C:\Xilinx\2025.1\Vitis\ide\electron-app\win64\resources\app\lib\backend\19.js:1:17273)
    at C:\Xilinx\2025.1\Vitis\ide\electron-app\win64\resources\app\lib\backend\19.js:1:38965
    at Map.forEach (<anonymous>)
    at Object.<anonymous> (C:\Xilinx\2025.1\Vitis\ide\electron-app\win64\resources\app\lib\backend\19.js:1:38935)
    at e.dispose (C:\Xilinx\2025.1\Vitis\ide\electron-app\win64\resources\app\lib\backend\19.js:1:13001)
    at t.DisposableCollection.dispose (C:\Xilinx\2025.1\Vitis\ide\electron-app\win64\resources\app\lib\backend\19.js:1:12718)
    at t.ChannelMultiplexer.dispose (C:\Xilinx\2025.1\Vitis\ide\electron-app\win64\resources\app\lib\backend\19.js:1:40869)
    at t.ChannelMultiplexer.onUnderlyingChannelClose (C:\Xilinx\2025.1\Vitis\ide\electron-app\win64\resources\app\lib\backend\19.js:1:39093)
    at C:\Xilinx\2025.1\Vitis\ide\electron-app\win64\resources\app\lib\backend\19.js:1:38603
    at C:\Xilinx\2025.1\Vitis\ide\electron-app\win64\resources\app\lib\backend\19.js:1:15380
    at s.invoke (C:\Xilinx\2025.1\Vitis\ide\electron-app\win64\resources\app\lib\backend\19.js:1:15470) 
2026-01-02 20:41:56 [debug] : Uncaught Exception:  {"0":"Error: client namespace disconnect"}
2026-01-02 20:41:56 [debug] : Error: client namespace disconnect
    at C:\Xilinx\2025.1\Vitis\ide\electron-app\win64\resources\app\lib\backend\19.js:1:44345
    at Map.forEach (<anonymous>)
    at C:\Xilinx\2025.1\Vitis\ide\electron-app\win64\resources\app\lib\backend\19.js:1:44324
    at C:\Xilinx\2025.1\Vitis\ide\electron-app\win64\resources\app\lib\backend\19.js:1:15380
    at s.invoke (C:\Xilinx\2025.1\Vitis\ide\electron-app\win64\resources\app\lib\backend\19.js:1:15470)
    at a.fire (C:\Xilinx\2025.1\Vitis\ide\electron-app\win64\resources\app\lib\backend\19.js:1:17273)
    at C:\Xilinx\2025.1\Vitis\ide\electron-app\win64\resources\app\lib\backend\19.js:1:38965
    at Map.forEach (<anonymous>)
    at Object.<anonymous> (C:\Xilinx\2025.1\Vitis\ide\electron-app\win64\resources\app\lib\backend\19.js:1:38935)
    at e.dispose (C:\Xilinx\2025.1\Vitis\ide\electron-app\win64\resources\app\lib\backend\19.js:1:13001)
    at t.DisposableCollection.dispose (C:\Xilinx\2025.1\Vitis\ide\electron-app\win64\resources\app\lib\backend\19.js:1:12718)
    at t.ChannelMultiplexer.dispose (C:\Xilinx\2025.1\Vitis\ide\electron-app\win64\resources\app\lib\backend\19.js:1:40869)
    at t.ChannelMultiplexer.onUnderlyingChannelClose (C:\Xilinx\2025.1\Vitis\ide\electron-app\win64\resources\app\lib\backend\19.js:1:39093)
    at C:\Xilinx\2025.1\Vitis\ide\electron-app\win64\resources\app\lib\backend\19.js:1:38603
    at C:\Xilinx\2025.1\Vitis\ide\electron-app\win64\resources\app\lib\backend\19.js:1:15380
    at s.invoke (C:\Xilinx\2025.1\Vitis\ide\electron-app\win64\resources\app\lib\backend\19.js:1:15470) 
2026-01-02 20:41:56 [debug] : Uncaught Exception:  {"0":"Error: client namespace disconnect"}
2026-01-02 20:41:56 [debug] : Error: client namespace disconnect
    at C:\Xilinx\2025.1\Vitis\ide\electron-app\win64\resources\app\lib\backend\19.js:1:44345
    at Map.forEach (<anonymous>)
    at C:\Xilinx\2025.1\Vitis\ide\electron-app\win64\resources\app\lib\backend\19.js:1:44324
    at C:\Xilinx\2025.1\Vitis\ide\electron-app\win64\resources\app\lib\backend\19.js:1:15380
    at s.invoke (C:\Xilinx\2025.1\Vitis\ide\electron-app\win64\resources\app\lib\backend\19.js:1:15470)
    at a.fire (C:\Xilinx\2025.1\Vitis\ide\electron-app\win64\resources\app\lib\backend\19.js:1:17273)
    at C:\Xilinx\2025.1\Vitis\ide\electron-app\win64\resources\app\lib\backend\19.js:1:38965
    at Map.forEach (<anonymous>)
    at Object.<anonymous> (C:\Xilinx\2025.1\Vitis\ide\electron-app\win64\resources\app\lib\backend\19.js:1:38935)
    at e.dispose (C:\Xilinx\2025.1\Vitis\ide\electron-app\win64\resources\app\lib\backend\19.js:1:13001)
    at t.DisposableCollection.dispose (C:\Xilinx\2025.1\Vitis\ide\electron-app\win64\resources\app\lib\backend\19.js:1:12718)
    at t.ChannelMultiplexer.dispose (C:\Xilinx\2025.1\Vitis\ide\electron-app\win64\resources\app\lib\backend\19.js:1:40869)
    at t.ChannelMultiplexer.onUnderlyingChannelClose (C:\Xilinx\2025.1\Vitis\ide\electron-app\win64\resources\app\lib\backend\19.js:1:39093)
    at C:\Xilinx\2025.1\Vitis\ide\electron-app\win64\resources\app\lib\backend\19.js:1:38603
    at C:\Xilinx\2025.1\Vitis\ide\electron-app\win64\resources\app\lib\backend\19.js:1:15380
    at s.invoke (C:\Xilinx\2025.1\Vitis\ide\electron-app\win64\resources\app\lib\backend\19.js:1:15470) 
2026-01-02 20:41:56 [debug] : Uncaught Exception:  {"0":"Error: client namespace disconnect"}
2026-01-02 20:41:56 [debug] : Error: client namespace disconnect
    at C:\Xilinx\2025.1\Vitis\ide\electron-app\win64\resources\app\lib\backend\19.js:1:44345
    at Map.forEach (<anonymous>)
    at C:\Xilinx\2025.1\Vitis\ide\electron-app\win64\resources\app\lib\backend\19.js:1:44324
    at C:\Xilinx\2025.1\Vitis\ide\electron-app\win64\resources\app\lib\backend\19.js:1:15380
    at s.invoke (C:\Xilinx\2025.1\Vitis\ide\electron-app\win64\resources\app\lib\backend\19.js:1:15470)
    at a.fire (C:\Xilinx\2025.1\Vitis\ide\electron-app\win64\resources\app\lib\backend\19.js:1:17273)
    at C:\Xilinx\2025.1\Vitis\ide\electron-app\win64\resources\app\lib\backend\19.js:1:38965
    at Map.forEach (<anonymous>)
    at Object.<anonymous> (C:\Xilinx\2025.1\Vitis\ide\electron-app\win64\resources\app\lib\backend\19.js:1:38935)
    at e.dispose (C:\Xilinx\2025.1\Vitis\ide\electron-app\win64\resources\app\lib\backend\19.js:1:13001)
    at t.DisposableCollection.dispose (C:\Xilinx\2025.1\Vitis\ide\electron-app\win64\resources\app\lib\backend\19.js:1:12718)
    at t.ChannelMultiplexer.dispose (C:\Xilinx\2025.1\Vitis\ide\electron-app\win64\resources\app\lib\backend\19.js:1:40869)
    at t.ChannelMultiplexer.onUnderlyingChannelClose (C:\Xilinx\2025.1\Vitis\ide\electron-app\win64\resources\app\lib\backend\19.js:1:39093)
    at C:\Xilinx\2025.1\Vitis\ide\electron-app\win64\resources\app\lib\backend\19.js:1:38603
    at C:\Xilinx\2025.1\Vitis\ide\electron-app\win64\resources\app\lib\backend\19.js:1:15380
    at s.invoke (C:\Xilinx\2025.1\Vitis\ide\electron-app\win64\resources\app\lib\backend\19.js:1:15470) 
2026-01-02 20:41:56 [debug] : Uncaught Exception:  {"0":"Error: client namespace disconnect"}
2026-01-02 20:41:56 [debug] : Error: client namespace disconnect
    at C:\Xilinx\2025.1\Vitis\ide\electron-app\win64\resources\app\lib\backend\19.js:1:44345
    at Map.forEach (<anonymous>)
    at C:\Xilinx\2025.1\Vitis\ide\electron-app\win64\resources\app\lib\backend\19.js:1:44324
    at C:\Xilinx\2025.1\Vitis\ide\electron-app\win64\resources\app\lib\backend\19.js:1:15380
    at s.invoke (C:\Xilinx\2025.1\Vitis\ide\electron-app\win64\resources\app\lib\backend\19.js:1:15470)
    at a.fire (C:\Xilinx\2025.1\Vitis\ide\electron-app\win64\resources\app\lib\backend\19.js:1:17273)
    at C:\Xilinx\2025.1\Vitis\ide\electron-app\win64\resources\app\lib\backend\19.js:1:38965
    at Map.forEach (<anonymous>)
    at Object.<anonymous> (C:\Xilinx\2025.1\Vitis\ide\electron-app\win64\resources\app\lib\backend\19.js:1:38935)
    at e.dispose (C:\Xilinx\2025.1\Vitis\ide\electron-app\win64\resources\app\lib\backend\19.js:1:13001)
    at t.DisposableCollection.dispose (C:\Xilinx\2025.1\Vitis\ide\electron-app\win64\resources\app\lib\backend\19.js:1:12718)
    at t.ChannelMultiplexer.dispose (C:\Xilinx\2025.1\Vitis\ide\electron-app\win64\resources\app\lib\backend\19.js:1:40869)
    at t.ChannelMultiplexer.onUnderlyingChannelClose (C:\Xilinx\2025.1\Vitis\ide\electron-app\win64\resources\app\lib\backend\19.js:1:39093)
    at C:\Xilinx\2025.1\Vitis\ide\electron-app\win64\resources\app\lib\backend\19.js:1:38603
    at C:\Xilinx\2025.1\Vitis\ide\electron-app\win64\resources\app\lib\backend\19.js:1:15380
    at s.invoke (C:\Xilinx\2025.1\Vitis\ide\electron-app\win64\resources\app\lib\backend\19.js:1:15470) 
2026-01-02 20:41:56 [debug] : Uncaught Exception:  {"0":"Error: client namespace disconnect"}
2026-01-02 20:41:56 [debug] : Error: client namespace disconnect
    at C:\Xilinx\2025.1\Vitis\ide\electron-app\win64\resources\app\lib\backend\19.js:1:44345
    at Map.forEach (<anonymous>)
    at C:\Xilinx\2025.1\Vitis\ide\electron-app\win64\resources\app\lib\backend\19.js:1:44324
    at C:\Xilinx\2025.1\Vitis\ide\electron-app\win64\resources\app\lib\backend\19.js:1:15380
    at s.invoke (C:\Xilinx\2025.1\Vitis\ide\electron-app\win64\resources\app\lib\backend\19.js:1:15470)
    at a.fire (C:\Xilinx\2025.1\Vitis\ide\electron-app\win64\resources\app\lib\backend\19.js:1:17273)
    at C:\Xilinx\2025.1\Vitis\ide\electron-app\win64\resources\app\lib\backend\19.js:1:38965
    at Map.forEach (<anonymous>)
    at Object.<anonymous> (C:\Xilinx\2025.1\Vitis\ide\electron-app\win64\resources\app\lib\backend\19.js:1:38935)
    at e.dispose (C:\Xilinx\2025.1\Vitis\ide\electron-app\win64\resources\app\lib\backend\19.js:1:13001)
    at t.DisposableCollection.dispose (C:\Xilinx\2025.1\Vitis\ide\electron-app\win64\resources\app\lib\backend\19.js:1:12718)
    at t.ChannelMultiplexer.dispose (C:\Xilinx\2025.1\Vitis\ide\electron-app\win64\resources\app\lib\backend\19.js:1:40869)
    at t.ChannelMultiplexer.onUnderlyingChannelClose (C:\Xilinx\2025.1\Vitis\ide\electron-app\win64\resources\app\lib\backend\19.js:1:39093)
    at C:\Xilinx\2025.1\Vitis\ide\electron-app\win64\resources\app\lib\backend\19.js:1:38603
    at C:\Xilinx\2025.1\Vitis\ide\electron-app\win64\resources\app\lib\backend\19.js:1:15380
    at s.invoke (C:\Xilinx\2025.1\Vitis\ide\electron-app\win64\resources\app\lib\backend\19.js:1:15470) 
2026-01-02 20:41:56 [debug] : Uncaught Exception:  {"0":"Error: client namespace disconnect"}
2026-01-02 20:41:56 [debug] : Error: client namespace disconnect
    at C:\Xilinx\2025.1\Vitis\ide\electron-app\win64\resources\app\lib\backend\19.js:1:44345
    at Map.forEach (<anonymous>)
    at C:\Xilinx\2025.1\Vitis\ide\electron-app\win64\resources\app\lib\backend\19.js:1:44324
    at C:\Xilinx\2025.1\Vitis\ide\electron-app\win64\resources\app\lib\backend\19.js:1:15380
    at s.invoke (C:\Xilinx\2025.1\Vitis\ide\electron-app\win64\resources\app\lib\backend\19.js:1:15470)
    at a.fire (C:\Xilinx\2025.1\Vitis\ide\electron-app\win64\resources\app\lib\backend\19.js:1:17273)
    at C:\Xilinx\2025.1\Vitis\ide\electron-app\win64\resources\app\lib\backend\19.js:1:38965
    at Map.forEach (<anonymous>)
    at Object.<anonymous> (C:\Xilinx\2025.1\Vitis\ide\electron-app\win64\resources\app\lib\backend\19.js:1:38935)
    at e.dispose (C:\Xilinx\2025.1\Vitis\ide\electron-app\win64\resources\app\lib\backend\19.js:1:13001)
    at t.DisposableCollection.dispose (C:\Xilinx\2025.1\Vitis\ide\electron-app\win64\resources\app\lib\backend\19.js:1:12718)
    at t.ChannelMultiplexer.dispose (C:\Xilinx\2025.1\Vitis\ide\electron-app\win64\resources\app\lib\backend\19.js:1:40869)
    at t.ChannelMultiplexer.onUnderlyingChannelClose (C:\Xilinx\2025.1\Vitis\ide\electron-app\win64\resources\app\lib\backend\19.js:1:39093)
    at C:\Xilinx\2025.1\Vitis\ide\electron-app\win64\resources\app\lib\backend\19.js:1:38603
    at C:\Xilinx\2025.1\Vitis\ide\electron-app\win64\resources\app\lib\backend\19.js:1:15380
    at s.invoke (C:\Xilinx\2025.1\Vitis\ide\electron-app\win64\resources\app\lib\backend\19.js:1:15470) 
2026-01-02 20:41:56 [debug] : Uncaught Exception:  {"0":"Error: client namespace disconnect"}
2026-01-02 20:41:56 [debug] : Error: client namespace disconnect
    at C:\Xilinx\2025.1\Vitis\ide\electron-app\win64\resources\app\lib\backend\19.js:1:44345
    at Map.forEach (<anonymous>)
    at C:\Xilinx\2025.1\Vitis\ide\electron-app\win64\resources\app\lib\backend\19.js:1:44324
    at C:\Xilinx\2025.1\Vitis\ide\electron-app\win64\resources\app\lib\backend\19.js:1:15380
    at s.invoke (C:\Xilinx\2025.1\Vitis\ide\electron-app\win64\resources\app\lib\backend\19.js:1:15470)
    at a.fire (C:\Xilinx\2025.1\Vitis\ide\electron-app\win64\resources\app\lib\backend\19.js:1:17273)
    at C:\Xilinx\2025.1\Vitis\ide\electron-app\win64\resources\app\lib\backend\19.js:1:38965
    at Map.forEach (<anonymous>)
    at Object.<anonymous> (C:\Xilinx\2025.1\Vitis\ide\electron-app\win64\resources\app\lib\backend\19.js:1:38935)
    at e.dispose (C:\Xilinx\2025.1\Vitis\ide\electron-app\win64\resources\app\lib\backend\19.js:1:13001)
    at t.DisposableCollection.dispose (C:\Xilinx\2025.1\Vitis\ide\electron-app\win64\resources\app\lib\backend\19.js:1:12718)
    at t.ChannelMultiplexer.dispose (C:\Xilinx\2025.1\Vitis\ide\electron-app\win64\resources\app\lib\backend\19.js:1:40869)
    at t.ChannelMultiplexer.onUnderlyingChannelClose (C:\Xilinx\2025.1\Vitis\ide\electron-app\win64\resources\app\lib\backend\19.js:1:39093)
    at C:\Xilinx\2025.1\Vitis\ide\electron-app\win64\resources\app\lib\backend\19.js:1:38603
    at C:\Xilinx\2025.1\Vitis\ide\electron-app\win64\resources\app\lib\backend\19.js:1:15380
    at s.invoke (C:\Xilinx\2025.1\Vitis\ide\electron-app\win64\resources\app\lib\backend\19.js:1:15470) 
2026-01-02 20:41:56 [debug] : Uncaught Exception:  {"0":"Error: client namespace disconnect"}
2026-01-02 20:41:56 [debug] : Error: client namespace disconnect
    at C:\Xilinx\2025.1\Vitis\ide\electron-app\win64\resources\app\lib\backend\19.js:1:44345
    at Map.forEach (<anonymous>)
    at C:\Xilinx\2025.1\Vitis\ide\electron-app\win64\resources\app\lib\backend\19.js:1:44324
    at C:\Xilinx\2025.1\Vitis\ide\electron-app\win64\resources\app\lib\backend\19.js:1:15380
    at s.invoke (C:\Xilinx\2025.1\Vitis\ide\electron-app\win64\resources\app\lib\backend\19.js:1:15470)
    at a.fire (C:\Xilinx\2025.1\Vitis\ide\electron-app\win64\resources\app\lib\backend\19.js:1:17273)
    at C:\Xilinx\2025.1\Vitis\ide\electron-app\win64\resources\app\lib\backend\19.js:1:38965
    at Map.forEach (<anonymous>)
    at Object.<anonymous> (C:\Xilinx\2025.1\Vitis\ide\electron-app\win64\resources\app\lib\backend\19.js:1:38935)
    at e.dispose (C:\Xilinx\2025.1\Vitis\ide\electron-app\win64\resources\app\lib\backend\19.js:1:13001)
    at t.DisposableCollection.dispose (C:\Xilinx\2025.1\Vitis\ide\electron-app\win64\resources\app\lib\backend\19.js:1:12718)
    at t.ChannelMultiplexer.dispose (C:\Xilinx\2025.1\Vitis\ide\electron-app\win64\resources\app\lib\backend\19.js:1:40869)
    at t.ChannelMultiplexer.onUnderlyingChannelClose (C:\Xilinx\2025.1\Vitis\ide\electron-app\win64\resources\app\lib\backend\19.js:1:39093)
    at C:\Xilinx\2025.1\Vitis\ide\electron-app\win64\resources\app\lib\backend\19.js:1:38603
    at C:\Xilinx\2025.1\Vitis\ide\electron-app\win64\resources\app\lib\backend\19.js:1:15380
    at s.invoke (C:\Xilinx\2025.1\Vitis\ide\electron-app\win64\resources\app\lib\backend\19.js:1:15470) 
2026-01-02 20:41:56 [debug] : Uncaught Exception:  {"0":"Error: client namespace disconnect"}
2026-01-02 20:41:56 [debug] : Error: client namespace disconnect
    at C:\Xilinx\2025.1\Vitis\ide\electron-app\win64\resources\app\lib\backend\19.js:1:44345
    at Map.forEach (<anonymous>)
    at C:\Xilinx\2025.1\Vitis\ide\electron-app\win64\resources\app\lib\backend\19.js:1:44324
    at C:\Xilinx\2025.1\Vitis\ide\electron-app\win64\resources\app\lib\backend\19.js:1:15380
    at s.invoke (C:\Xilinx\2025.1\Vitis\ide\electron-app\win64\resources\app\lib\backend\19.js:1:15470)
    at a.fire (C:\Xilinx\2025.1\Vitis\ide\electron-app\win64\resources\app\lib\backend\19.js:1:17273)
    at C:\Xilinx\2025.1\Vitis\ide\electron-app\win64\resources\app\lib\backend\19.js:1:38965
    at Map.forEach (<anonymous>)
    at Object.<anonymous> (C:\Xilinx\2025.1\Vitis\ide\electron-app\win64\resources\app\lib\backend\19.js:1:38935)
    at e.dispose (C:\Xilinx\2025.1\Vitis\ide\electron-app\win64\resources\app\lib\backend\19.js:1:13001)
    at t.DisposableCollection.dispose (C:\Xilinx\2025.1\Vitis\ide\electron-app\win64\resources\app\lib\backend\19.js:1:12718)
    at t.ChannelMultiplexer.dispose (C:\Xilinx\2025.1\Vitis\ide\electron-app\win64\resources\app\lib\backend\19.js:1:40869)
    at t.ChannelMultiplexer.onUnderlyingChannelClose (C:\Xilinx\2025.1\Vitis\ide\electron-app\win64\resources\app\lib\backend\19.js:1:39093)
    at C:\Xilinx\2025.1\Vitis\ide\electron-app\win64\resources\app\lib\backend\19.js:1:38603
    at C:\Xilinx\2025.1\Vitis\ide\electron-app\win64\resources\app\lib\backend\19.js:1:15380
    at s.invoke (C:\Xilinx\2025.1\Vitis\ide\electron-app\win64\resources\app\lib\backend\19.js:1:15470) 
2026-01-02 20:41:56 [debug] : Uncaught Exception:  {"0":"Error: client namespace disconnect"}
2026-01-02 20:41:56 [debug] : Error: client namespace disconnect
    at C:\Xilinx\2025.1\Vitis\ide\electron-app\win64\resources\app\lib\backend\19.js:1:44345
    at Map.forEach (<anonymous>)
    at C:\Xilinx\2025.1\Vitis\ide\electron-app\win64\resources\app\lib\backend\19.js:1:44324
    at C:\Xilinx\2025.1\Vitis\ide\electron-app\win64\resources\app\lib\backend\19.js:1:15380
    at s.invoke (C:\Xilinx\2025.1\Vitis\ide\electron-app\win64\resources\app\lib\backend\19.js:1:15470)
    at a.fire (C:\Xilinx\2025.1\Vitis\ide\electron-app\win64\resources\app\lib\backend\19.js:1:17273)
    at C:\Xilinx\2025.1\Vitis\ide\electron-app\win64\resources\app\lib\backend\19.js:1:38965
    at Map.forEach (<anonymous>)
    at Object.<anonymous> (C:\Xilinx\2025.1\Vitis\ide\electron-app\win64\resources\app\lib\backend\19.js:1:38935)
    at e.dispose (C:\Xilinx\2025.1\Vitis\ide\electron-app\win64\resources\app\lib\backend\19.js:1:13001)
    at t.DisposableCollection.dispose (C:\Xilinx\2025.1\Vitis\ide\electron-app\win64\resources\app\lib\backend\19.js:1:12718)
    at t.ChannelMultiplexer.dispose (C:\Xilinx\2025.1\Vitis\ide\electron-app\win64\resources\app\lib\backend\19.js:1:40869)
    at t.ChannelMultiplexer.onUnderlyingChannelClose (C:\Xilinx\2025.1\Vitis\ide\electron-app\win64\resources\app\lib\backend\19.js:1:39093)
    at C:\Xilinx\2025.1\Vitis\ide\electron-app\win64\resources\app\lib\backend\19.js:1:38603
    at C:\Xilinx\2025.1\Vitis\ide\electron-app\win64\resources\app\lib\backend\19.js:1:15380
    at s.invoke (C:\Xilinx\2025.1\Vitis\ide\electron-app\win64\resources\app\lib\backend\19.js:1:15470) 
2026-01-02 20:41:56 [debug] : Uncaught Exception:  {"0":"Error: client namespace disconnect"}
2026-01-02 20:41:56 [debug] : Error: client namespace disconnect
    at C:\Xilinx\2025.1\Vitis\ide\electron-app\win64\resources\app\lib\backend\19.js:1:44345
    at Map.forEach (<anonymous>)
    at C:\Xilinx\2025.1\Vitis\ide\electron-app\win64\resources\app\lib\backend\19.js:1:44324
    at C:\Xilinx\2025.1\Vitis\ide\electron-app\win64\resources\app\lib\backend\19.js:1:15380
    at s.invoke (C:\Xilinx\2025.1\Vitis\ide\electron-app\win64\resources\app\lib\backend\19.js:1:15470)
    at a.fire (C:\Xilinx\2025.1\Vitis\ide\electron-app\win64\resources\app\lib\backend\19.js:1:17273)
    at C:\Xilinx\2025.1\Vitis\ide\electron-app\win64\resources\app\lib\backend\19.js:1:38965
    at Map.forEach (<anonymous>)
    at Object.<anonymous> (C:\Xilinx\2025.1\Vitis\ide\electron-app\win64\resources\app\lib\backend\19.js:1:38935)
    at e.dispose (C:\Xilinx\2025.1\Vitis\ide\electron-app\win64\resources\app\lib\backend\19.js:1:13001)
    at t.DisposableCollection.dispose (C:\Xilinx\2025.1\Vitis\ide\electron-app\win64\resources\app\lib\backend\19.js:1:12718)
    at t.ChannelMultiplexer.dispose (C:\Xilinx\2025.1\Vitis\ide\electron-app\win64\resources\app\lib\backend\19.js:1:40869)
    at t.ChannelMultiplexer.onUnderlyingChannelClose (C:\Xilinx\2025.1\Vitis\ide\electron-app\win64\resources\app\lib\backend\19.js:1:39093)
    at C:\Xilinx\2025.1\Vitis\ide\electron-app\win64\resources\app\lib\backend\19.js:1:38603
    at C:\Xilinx\2025.1\Vitis\ide\electron-app\win64\resources\app\lib\backend\19.js:1:15380
    at s.invoke (C:\Xilinx\2025.1\Vitis\ide\electron-app\win64\resources\app\lib\backend\19.js:1:15470) 
2026-01-02 20:41:56 [debug] : Uncaught Exception:  {"0":"Error: spawn wmic.exe ENOENT"}
2026-01-02 20:41:56 [debug] : Error: spawn wmic.exe ENOENT
    at ChildProcess._handle.onexit (node:internal/child_process:286:19)
    at onErrorNT (node:internal/child_process:484:16)
    at process.processTicksAndRejections (node:internal/process/task_queues:82:21) 
2026-01-02 20:41:56 [debug] : Uncaught Exception:  {"0":"TypeError: Cannot read properties of undefined (reading 'forEach')"}
2026-01-02 20:41:56 [debug] : TypeError: Cannot read properties of undefined (reading 'forEach')
    at Stream.<anonymous> (C:\Xilinx\2025.1\Vitis\ide\electron-app\win64\resources\app\lib\backend\6.js:2:505721)
    at Stream.emit (node:events:519:28)
    at Stream.o (C:\Xilinx\2025.1\Vitis\ide\electron-app\win64\resources\app\lib\backend\6.js:2:2735199)
    at Stream.emit (node:events:531:35)
    at g (C:\Xilinx\2025.1\Vitis\ide\electron-app\win64\resources\app\lib\backend\6.js:2:2063454)
    at r.write (C:\Xilinx\2025.1\Vitis\ide\electron-app\win64\resources\app\lib\backend\6.js:2:2063811)
    at Stream.ondata (node:internal/streams/legacy:21:31)
    at Stream.emit (node:events:519:28)
    at c (C:\Xilinx\2025.1\Vitis\ide\electron-app\win64\resources\app\lib\backend\6.js:2:2784493)
    at l.queue.l.push (C:\Xilinx\2025.1\Vitis\ide\electron-app\win64\resources\app\lib\backend\6.js:2:2784710)
    at l (C:\Xilinx\2025.1\Vitis\ide\electron-app\win64\resources\app\lib\backend\6.js:2:2730257)
    at Stream.<anonymous> (C:\Xilinx\2025.1\Vitis\ide\electron-app\win64\resources\app\lib\backend\6.js:2:2730519)
    at l.end (C:\Xilinx\2025.1\Vitis\ide\electron-app\win64\resources\app\lib\backend\6.js:2:2784911)
    at Socket.onend (node:internal/streams/readable:946:10)
    at Object.onceWrapper (node:events:633:28)
    at Socket.emit (node:events:531:35) 
2026-01-02 20:41:58 [debug] : creating connection for 1 
2026-01-02 20:41:59 [debug] : [Workspace Server] Connection established from backend to the frontend client. 
2026-01-02 20:41:59 [debug] : [Rigel Utils Server] Connection established from backend to the frontend client. 
2026-01-02 20:41:59 [debug] : [Debugger Server] Connection established from backend to the frontend client. 
2026-01-02 20:41:59 [debug] : a client has connected - adding it to the list: 
2026-01-02 20:41:59 [debug] : [Repository Server] Connection established from backend to the frontend client. 
2026-01-02 20:41:59 [debug] : [Program Flash Server] Connection established from backend to the frontend client. 
2026-01-02 20:41:59 [debug] : [Build Server] Connection established from backend to the frontend client. 
2026-01-02 20:41:59 [debug] : [AIE Server] Connection established from backend to the frontend client. 
2026-01-02 20:41:59 [debug] : [Platform Server] Connection established from backend to the frontend client. 
2026-01-02 20:41:59 [debug] : [Elf Reader Server] Connection established from backend to the frontend client. 
2026-01-02 20:41:59 [debug] : [Logger Server] Connection established from backend to the frontend client. 
2026-01-02 20:41:59 [debug] : [Rigel Vcxx Server] Connection established from backend to the frontend client. 
2026-01-02 20:41:59 [debug] : [Hls Flow Server] Connection established from backend to the frontend client. 
2026-01-02 20:41:59 [debug] : [Workspace Server] Initializing the frontend client. 
2026-01-02 20:41:59 [debug] : [Rigel Utils Server] Initializing the frontend client. 
2026-01-02 20:41:59 [debug] : [Debugger Server] Initializing the frontend client. 
2026-01-02 20:41:59 [debug] : [Repository Server] Initializing the frontend client. 
2026-01-02 20:41:59 [debug] : [Logger Server] Initializing the frontend client. 
2026-01-02 20:41:59 [debug] : [Rigel Vcxx Server] Initializing the frontend client. 
2026-01-02 20:41:59 [debug] : [Hls Flow Server] Initializing the frontend client. 
2026-01-02 20:41:59 [debug] : getTasks(): about to return task information for 0 tasks 
2026-01-02 20:41:59 [debug] : [Repository Server] Executing method:listAppRepos with connection:(object). {"0":"request:","1":{"wrappers_":null,"arrayIndexOffset_":-1,"array":[],"pivot_":1.7976931348623157e+308,"convertedPrimitiveFields_":{}}}
2026-01-02 20:41:59 [debug] : [Repository Server] Executed method:listAppRepos. {"0":"result:","1":[{"id":"vitis_examples","name":"Vitis Accel Examples Repository","description":"This repository contains examples to showcase various features of the Vitis tools and platforms. The examples illustrate specific scenarios related to host code and kernel programming through small working examples.","installDirectory":"C:/Xilinx/2025.1/Vitis/vitis_examples","localDirectory":"C:/Users/User/.Xilinx/Vitis/2025.1/vitis_examples","gitUrl":"https://github.com/Xilinx/Vitis_Accel_Examples.git","gitBranch":"2025.1","gitSubfoldersList":[],"type":2},{"id":"installed_examples","name":"Installed Examples Repository","description":"This repository contains some simple examples.","installDirectory":"C:/Xilinx/2025.1/Vitis/installed_examples","localDirectory":"C:/Xilinx/2025.1/Vitis/samples","gitUrl":"","gitBranch":"","gitSubfoldersList":[],"type":2},{"id":"vitis_libraries","name":"Vitis Accelerated Libraries Repository","description":"The Vitis software development platform includes an extensive set of open-source, performance-optimized libraries that offer out-of-the-box acceleration with minimal to zero-code changes to your existing applications.","installDirectory":"C:/Xilinx/2025.1/Vitis/vitis_libraries","localDirectory":"C:/Users/User/.Xilinx/Vitis/2025.1/vitis_libraries","gitUrl":"https://github.com/Xilinx/Vitis_Libraries.git","gitBranch":"2025.1","gitSubfoldersList":["blas","codec","data_analytics","data_compression","data_mover","database","dsp","graph","hpc","motor_control","quantitative_finance","security","solver","sparse","ultrasound","utils","vision"],"type":1}]}
2026-01-02 20:41:59 [debug] : [Repository Server] Executing method:listAppRepos with connection:(object). {"0":"request:","1":{"wrappers_":null,"arrayIndexOffset_":-1,"array":[],"pivot_":1.7976931348623157e+308,"convertedPrimitiveFields_":{}}}
2026-01-02 20:41:59 [debug] : [Repository Server] Executing method:listAppRepos with connection:(object). {"0":"request:","1":{"wrappers_":null,"arrayIndexOffset_":-1,"array":[],"pivot_":1.7976931348623157e+308,"convertedPrimitiveFields_":{}}}
2026-01-02 20:41:59 [debug] : [Repository Server] Executing method:listAieExampleRepos with connection:(object). {"0":"request:","1":{"wrappers_":null,"arrayIndexOffset_":-1,"array":[],"pivot_":1.7976931348623157e+308,"convertedPrimitiveFields_":{}}}
2026-01-02 20:41:59 [debug] : [Repository Server] Executing method:listHlsExampleRepos with connection:(object). {"0":"request:","1":{"wrappers_":null,"arrayIndexOffset_":-1,"array":[],"pivot_":1.7976931348623157e+308,"convertedPrimitiveFields_":{}}}
2026-01-02 20:41:59 [debug] : [Repository Server] Executing method:getEmbeddedExampleTemplateTree with connection:(object). {"0":"request:","1":{"wrappers_":null,"arrayIndexOffset_":-1,"array":[],"pivot_":1.7976931348623157e+308,"convertedPrimitiveFields_":{}}}
2026-01-02 20:41:59 [debug] : [Repository Server] Executed method:listHlsExampleRepos. {"0":"result:","1":[{"id":"vitis_hls_examples","name":"Vitis HLS Introductory Examples","description":"Basic examples for Vitis HLS.","installDirectory":"C:/Xilinx/2025.1/Vitis/vitis_hls_examples","localDirectory":"C:/Users/User/.Xilinx/Vitis/2025.1/vitis_hls_examples","gitUrl":"https://github.com/Xilinx/Vitis-HLS-Introductory-Examples.git","gitBranch":"2025.1","gitSubfoldersList":[],"type":4},{"id":"vitis_libraries","name":"Vitis Accelerated Libraries Repository","description":"The Vitis software development platform includes an extensive set of open-source, performance-optimized libraries that offer out-of-the-box acceleration with minimal to zero-code changes to your existing applications.","installDirectory":"C:/Xilinx/2025.1/Vitis/vitis_libraries","localDirectory":"C:/Users/User/.Xilinx/Vitis/2025.1/vitis_libraries","gitUrl":"https://github.com/Xilinx/Vitis_Libraries.git","gitBranch":"2025.1","gitSubfoldersList":["blas","codec","data_analytics","data_compression","data_mover","database","dsp","graph","hpc","motor_control","quantitative_finance","security","solver","sparse","ultrasound","utils","vision"],"type":1}]}
2026-01-02 20:41:59 [debug] : [Repository Server] Executed method:listAppRepos. {"0":"result:","1":[{"id":"vitis_examples","name":"Vitis Accel Examples Repository","description":"This repository contains examples to showcase various features of the Vitis tools and platforms. The examples illustrate specific scenarios related to host code and kernel programming through small working examples.","installDirectory":"C:/Xilinx/2025.1/Vitis/vitis_examples","localDirectory":"C:/Users/User/.Xilinx/Vitis/2025.1/vitis_examples","gitUrl":"https://github.com/Xilinx/Vitis_Accel_Examples.git","gitBranch":"2025.1","gitSubfoldersList":[],"type":2},{"id":"installed_examples","name":"Installed Examples Repository","description":"This repository contains some simple examples.","installDirectory":"C:/Xilinx/2025.1/Vitis/installed_examples","localDirectory":"C:/Xilinx/2025.1/Vitis/samples","gitUrl":"","gitBranch":"","gitSubfoldersList":[],"type":2},{"id":"vitis_libraries","name":"Vitis Accelerated Libraries Repository","description":"The Vitis software development platform includes an extensive set of open-source, performance-optimized libraries that offer out-of-the-box acceleration with minimal to zero-code changes to your existing applications.","installDirectory":"C:/Xilinx/2025.1/Vitis/vitis_libraries","localDirectory":"C:/Users/User/.Xilinx/Vitis/2025.1/vitis_libraries","gitUrl":"https://github.com/Xilinx/Vitis_Libraries.git","gitBranch":"2025.1","gitSubfoldersList":["blas","codec","data_analytics","data_compression","data_mover","database","dsp","graph","hpc","motor_control","quantitative_finance","security","solver","sparse","ultrasound","utils","vision"],"type":1}]}
2026-01-02 20:41:59 [debug] : [Repository Server] Executed method:listAppRepos. {"0":"result:","1":[{"id":"vitis_examples","name":"Vitis Accel Examples Repository","description":"This repository contains examples to showcase various features of the Vitis tools and platforms. The examples illustrate specific scenarios related to host code and kernel programming through small working examples.","installDirectory":"C:/Xilinx/2025.1/Vitis/vitis_examples","localDirectory":"C:/Users/User/.Xilinx/Vitis/2025.1/vitis_examples","gitUrl":"https://github.com/Xilinx/Vitis_Accel_Examples.git","gitBranch":"2025.1","gitSubfoldersList":[],"type":2},{"id":"installed_examples","name":"Installed Examples Repository","description":"This repository contains some simple examples.","installDirectory":"C:/Xilinx/2025.1/Vitis/installed_examples","localDirectory":"C:/Xilinx/2025.1/Vitis/samples","gitUrl":"","gitBranch":"","gitSubfoldersList":[],"type":2},{"id":"vitis_libraries","name":"Vitis Accelerated Libraries Repository","description":"The Vitis software development platform includes an extensive set of open-source, performance-optimized libraries that offer out-of-the-box acceleration with minimal to zero-code changes to your existing applications.","installDirectory":"C:/Xilinx/2025.1/Vitis/vitis_libraries","localDirectory":"C:/Users/User/.Xilinx/Vitis/2025.1/vitis_libraries","gitUrl":"https://github.com/Xilinx/Vitis_Libraries.git","gitBranch":"2025.1","gitSubfoldersList":["blas","codec","data_analytics","data_compression","data_mover","database","dsp","graph","hpc","motor_control","quantitative_finance","security","solver","sparse","ultrasound","utils","vision"],"type":1}]}
2026-01-02 20:41:59 [debug] : [Repository Server] Executed method:listAieExampleRepos. {"0":"result:","1":[{"id":"installed_aie_examples","name":"Installed AI Engine Examples","description":"This repository contains some simple AI Engine examples.","installDirectory":"C:/Xilinx/2025.1/Vitis/installed_aie_examples","localDirectory":"C:/Xilinx/2025.1/Vitis/samples","gitUrl":"","gitBranch":"","gitSubfoldersList":[],"type":3},{"id":"vitis_libraries","name":"Vitis Accelerated Libraries Repository","description":"The Vitis software development platform includes an extensive set of open-source, performance-optimized libraries that offer out-of-the-box acceleration with minimal to zero-code changes to your existing applications.","installDirectory":"C:/Xilinx/2025.1/Vitis/vitis_libraries","localDirectory":"C:/Users/User/.Xilinx/Vitis/2025.1/vitis_libraries","gitUrl":"https://github.com/Xilinx/Vitis_Libraries.git","gitBranch":"2025.1","gitSubfoldersList":["blas","codec","data_analytics","data_compression","data_mover","database","dsp","graph","hpc","motor_control","quantitative_finance","security","solver","sparse","ultrasound","utils","vision"],"type":1}]}
2026-01-02 20:41:59 [debug] : [Repository Service] Executing method:listAppRepos from frontend. {"0":"request:"}
2026-01-02 20:41:59 [debug] : Frontend u.initialize: 1.7 ms [Finished 3.157 s after frontend start] 
2026-01-02 20:41:59 [debug] : Frontend $.initialize: 1.3 ms [Finished 3.159 s after frontend start] 
2026-01-02 20:41:59 [debug] : Frontend $.initialize: 0.0 ms [Finished 3.159 s after frontend start] 
2026-01-02 20:41:59 [debug] : Frontend n.initialize: 0.0 ms [Finished 3.159 s after frontend start] 
2026-01-02 20:41:59 [debug] : Frontend Object.initialize: 0.1 ms [Finished 3.159 s after frontend start] 
2026-01-02 20:41:59 [debug] : Frontend a.initialize: 0.1 ms [Finished 3.159 s after frontend start] 
2026-01-02 20:41:59 [debug] : Frontend _.initialize: 0.1 ms [Finished 3.159 s after frontend start] 
2026-01-02 20:41:59 [debug] : Frontend d.initialize: 0.1 ms [Finished 3.159 s after frontend start] 
2026-01-02 20:41:59 [debug] : Frontend _.initialize: 0.2 ms [Finished 3.159 s after frontend start] 
2026-01-02 20:41:59 [debug] : Frontend f.initialize: 0.0 ms [Finished 3.159 s after frontend start] 
2026-01-02 20:41:59 [debug] : Frontend y.initialize: 2.7 ms [Finished 3.162 s after frontend start] 
2026-01-02 20:41:59 [debug] : Frontend f.initialize: 0.0 ms [Finished 3.162 s after frontend start] 
2026-01-02 20:41:59 [debug] : Frontend d.initialize: 0.0 ms [Finished 3.162 s after frontend start] 
2026-01-02 20:41:59 [debug] : [Workspace Client] Initializaton completed. 
2026-01-02 20:41:59 [debug] : [Rigel Utils Client] Initializaton completed. 
2026-01-02 20:41:59 [debug] : [Debugger Client] Initializaton completed. 
2026-01-02 20:41:59 [debug] : [Repository Client] Initializaton completed. 
2026-01-02 20:41:59 [debug] : [Repository Client] Ready to accept calls from the UI widgets. 
2026-01-02 20:41:59 [debug] : [Application Examples Provider]  updating the model on initialization. 
2026-01-02 20:41:59 [debug] : [Application Examples Provider] refresh requested. 
2026-01-02 20:41:59 [debug] : [Application Examples Provider] refresh requested. 
2026-01-02 20:41:59 [debug] : [Application Examples Provider] refresh requested. 
2026-01-02 20:41:59 [debug] : [Application Examples Provider] refresh requested. 
2026-01-02 20:41:59 [debug] : [Repository Service] Executing method:listAppRepos from frontend. {"0":"request:"}
2026-01-02 20:41:59 [debug] : [Application Examples Provider] common calling method requested. 
2026-01-02 20:41:59 [debug] : [Application Examples Provider] Repositories model update requested. 
2026-01-02 20:41:59 [debug] : [Repository Service] Executing method:listAppRepos from frontend. {"0":"request:"}
2026-01-02 20:41:59 [debug] : [Application Examples Provider] common calling method requested. 
2026-01-02 20:41:59 [debug] : [Application Examples Provider] Repositories model update requested. 
2026-01-02 20:41:59 [debug] : [Repository Service] Executing method:listAieExampleRepos from frontend. {"0":"request:"}
2026-01-02 20:41:59 [debug] : [Application Examples Provider] common calling method requested. 
2026-01-02 20:41:59 [debug] : [Application Examples Provider] Repositories model update requested. 
2026-01-02 20:41:59 [debug] : [Repository Service] Executing method:listHlsExampleRepos from frontend. {"0":"request:"}
2026-01-02 20:41:59 [debug] : [Application Examples Provider] common calling method requested. 
2026-01-02 20:41:59 [debug] : [Application Examples Provider] Repositories model update requested. 
2026-01-02 20:41:59 [debug] : [Application Examples Provider] Repositories model update completed. 
2026-01-02 20:41:59 [debug] : [Application Examples Provider] Templates model update requested. 
2026-01-02 20:41:59 [debug] : [Repository Service] Executing method:getEmbeddedExampleTemplateTree from frontend. {"0":"request:"}
2026-01-02 20:41:59 [debug] : [Program Flash Client]  {"0":"Initializaton completed and program flash service is ready in the frontend to receive program flash logs."}
2026-01-02 20:41:59 [debug] : [Build Client] Initializaton completed and build service is ready in the frontend to receive build logs. 
2026-01-02 20:41:59 [debug] : [AIE Client] Initializaton completed and build service is ready in the frontend to receive build logs. 
2026-01-02 20:41:59 [debug] : Initializaton completed and build service is ready in the frontend to receive build logs. 
2026-01-02 20:41:59 [debug] : [Elf Reader Client] Initializaton completed. 
2026-01-02 20:41:59 [debug] : [Logger Client] Initializaton completed. 
2026-01-02 20:41:59 [debug] : [Rigel vcxx Client] Initializaton completed. 
2026-01-02 20:41:59 [debug] : [HLS Flow Client] Initialization completed. 
2026-01-02 20:41:59 [debug] : Frontend x.initialize took longer than the expected maximum 100 milliseconds: 102.2 ms [Finished 3.264 s after frontend start] 
2026-01-02 20:41:59 [debug] : Frontend n.initialize: 0.1 ms [Finished 3.264 s after frontend start] 
2026-01-02 20:41:59 [debug] : Frontend n.initialize: 0.2 ms [Finished 3.265 s after frontend start] 
2026-01-02 20:41:59 [debug] : [Program Flash Output] Adding listeners to program flash service. 
2026-01-02 20:41:59 [debug] : Frontend T.initialize: 0.4 ms [Finished 3.265 s after frontend start] 
2026-01-02 20:41:59 [debug] : [Program Device Output] Adding listeners to program device service. 
2026-01-02 20:41:59 [debug] : Frontend S.initialize: 0.3 ms [Finished 3.266 s after frontend start] 
2026-01-02 20:41:59 [debug] : [Build Output] Adding listeners to build service. 
2026-01-02 20:41:59 [debug] : Frontend z.initialize: 0.5 ms [Finished 3.267 s after frontend start] 
2026-01-02 20:41:59 [debug] : [Launch Menu] Adding listeners to manage launch session. 
2026-01-02 20:41:59 [debug] : [Debug Manager] A debug session listener is registered to receive launch events. 
2026-01-02 20:41:59 [debug] : Frontend X.initialize: 0.6 ms [Finished 3.268 s after frontend start] 
2026-01-02 20:41:59 [debug] : Frontend h.initialize: 0.2 ms [Finished 3.268 s after frontend start] 
2026-01-02 20:41:59 [debug] : Frontend $.initialize: 0.2 ms [Finished 3.269 s after frontend start] 
2026-01-02 20:41:59 [debug] : Frontend h.initialize: 0.1 ms [Finished 3.269 s after frontend start] 
2026-01-02 20:41:59 [debug] : RIGEL SERVER 20:41:59 INFO  : cmd.exe, /C, empyro.bat get_template_data -d C:\Users\User\AppData\Local\Temp\rigel_lopper_User15888320481656608011 -r C:\Users\User\Documents\GitHub\AHE_Group_G\Project_workspace\_ide\.wsdata\.repo.yaml 
2026-01-02 20:41:59 [debug] : Adding listeners to preference service. 
2026-01-02 20:41:59 [debug] : Frontend h.initialize: 0.2 ms [Finished 3.269 s after frontend start] 
2026-01-02 20:41:59 [debug] : [Platform Output] Adding listeners to build service. 
2026-01-02 20:41:59 [debug] : Frontend N.initialize: 0.4 ms [Finished 3.270 s after frontend start] 
2026-01-02 20:41:59 [debug] : [Rigel Vcxx Server] Executing method:vcxx.hasVcxx with connection:(object). {"0":"request:"}
2026-01-02 20:41:59 [debug] : Frontend h.initialize: 6.9 ms [Finished 3.277 s after frontend start] 
2026-01-02 20:41:59 [debug] : [Build Output] Adding listeners to build service. 
2026-01-02 20:41:59 [debug] : Frontend m.initialize: 0.5 ms [Finished 3.278 s after frontend start] 
2026-01-02 20:41:59 [debug] : Frontend d.initialize: 0.1 ms [Finished 3.278 s after frontend start] 
2026-01-02 20:41:59 [debug] : [HLS Output] Adding listeners to HLS service. 
2026-01-02 20:41:59 [debug] : Frontend m.initialize: 0.5 ms [Finished 3.279 s after frontend start] 
2026-01-02 20:41:59 [debug] : [Rigel Vcxx Server] Executed method:vcxx.hasVcxx. {"0":"result:","1":{"wrappers_":null,"arrayIndexOffset_":-1,"array":[true],"pivot_":1.7976931348623157e+308,"convertedPrimitiveFields_":{}}}
2026-01-02 20:41:59 [debug] : Event posted using notification server in backend. {"0":{"wrappers_":{},"arrayIndexOffset_":-1,"array":["6b2e2531-9b38-425f-8bcc-f5c273918aa5",null,53,null,null,null,null,"list-reports"],"pivot_":1.7976931348623157e+308,"convertedPrimitiveFields_":{}}}
2026-01-02 20:41:59 [debug] : [Repository Server] Executing method:getAppRepoState with connection:(object). {"0":"request:","1":{"repoId":"vitis_libraries","repoType":1}}
2026-01-02 20:41:59 [debug] : [Repository Service] Executing method:getAppRepoState from frontend. {"0":"request:","1":{"repoId":"vitis_libraries","repoType":1}}
2026-01-02 20:41:59 [debug] : [Repository Server] Executing method:getAppRepoState with connection:(object). {"0":"request:","1":{"repoId":"vitis_hls_examples","repoType":4}}
2026-01-02 20:41:59 [debug] : [Repository Service] Executing method:getAppRepoState from frontend. {"0":"request:","1":{"repoId":"vitis_hls_examples","repoType":4}}
2026-01-02 20:41:59 [debug] : [Repository Server] Executing method:getAppRepoState with connection:(object). {"0":"request:","1":{"repoId":"vitis_libraries","repoType":1}}
2026-01-02 20:41:59 [debug] : [Repository Service] Executing method:getAppRepoState from frontend. {"0":"request:","1":{"repoId":"vitis_libraries","repoType":1}}
2026-01-02 20:41:59 [debug] : [Repository Server] Executing method:getAppRepoState with connection:(object). {"0":"request:","1":{"repoId":"vitis_examples","repoType":2}}
2026-01-02 20:41:59 [debug] : [Repository Service] Executing method:getAppRepoState from frontend. {"0":"request:","1":{"repoId":"vitis_examples","repoType":2}}
2026-01-02 20:41:59 [debug] : [Repository Server] Executing method:getAppRepoState with connection:(object). {"0":"request:","1":{"repoId":"vitis_libraries","repoType":1}}
2026-01-02 20:41:59 [debug] : [Repository Service] Executing method:getAppRepoState from frontend. {"0":"request:","1":{"repoId":"vitis_libraries","repoType":1}}
2026-01-02 20:41:59 [debug] : [Repository Server] Executed method:getAppRepoState. {"0":"result:","1":{"repoId":"","status":2}}
2026-01-02 20:41:59 [debug] : [Repository Server] Executed method:getAppRepoState. {"0":"result:","1":{"repoId":"","status":2}}
2026-01-02 20:41:59 [debug] : [Repository Server] Executed method:getAppRepoState. {"0":"result:","1":{"repoId":"","status":2}}
2026-01-02 20:41:59 [debug] : [Repository Server] Executed method:getAppRepoState. {"0":"result:","1":{"repoId":"","status":2}}
2026-01-02 20:41:59 [debug] : [Repository Server] Executed method:getAppRepoState. {"0":"result:","1":{"repoId":"","status":2}}
2026-01-02 20:41:59 [debug] : Frontend Q.configure: 35.8 ms [Finished 3.315 s after frontend start] 
2026-01-02 20:41:59 [debug] : Frontend l.configure: 0.0 ms [Finished 3.315 s after frontend start] 
2026-01-02 20:41:59 [debug] : Frontend u.configure: 0.4 ms [Finished 3.316 s after frontend start] 
2026-01-02 20:41:59 [debug] : Received event from notification service: ON_START_ANALYSIS_PROGRESS. 
2026-01-02 20:41:59 [debug] : Event posted using notification server in backend. {"0":{"wrappers_":{},"arrayIndexOffset_":-1,"array":["1e03eb57-85b6-4c22-bf55-c557439a56db",null,54,null,null,null,null,"list-reports"],"pivot_":1.7976931348623157e+308,"convertedPrimitiveFields_":{}}}
2026-01-02 20:41:59 [debug] : [Application Examples Provider]  Application repository status:2 for id:vitis_libraries 
2026-01-02 20:41:59 [debug] : [Repository Server] Executing method:getAieExampleTemplateTree with connection:(object). {"0":"request:","1":{"wrappers_":null,"arrayIndexOffset_":-1,"array":[],"pivot_":1.7976931348623157e+308,"convertedPrimitiveFields_":{}}}
2026-01-02 20:41:59 [debug] : [Application Examples Provider] installed_aie_examples:true 
2026-01-02 20:41:59 [debug] : [Application Examples Provider] vitis_libraries:false 
2026-01-02 20:41:59 [debug] : [Application Examples Provider] Repositories model update completed. 
2026-01-02 20:41:59 [debug] : [Application Examples Provider] Templates model update requested. 
2026-01-02 20:41:59 [debug] : [Repository Service] Executing method:getAieExampleTemplateTree from frontend. {"0":"request:"}
2026-01-02 20:41:59 [debug] : [Application Examples Provider]  Application repository status:2 for id:vitis_examples 
2026-01-02 20:41:59 [debug] : [Repository Service] Executing method:getAppRepoState from frontend. {"0":"request:","1":{"repoId":"vitis_libraries","repoType":1}}
2026-01-02 20:41:59 [debug] : [Repository Server] Executing method:getAppRepoState with connection:(object). {"0":"request:","1":{"repoId":"vitis_libraries","repoType":1}}
2026-01-02 20:41:59 [debug] : [Application Examples Provider]  Application repository status:2 for id:vitis_hls_examples 
2026-01-02 20:41:59 [debug] : [Repository Service] Executing method:getAppRepoState from frontend. {"0":"request:","1":{"repoId":"vitis_libraries","repoType":1}}
2026-01-02 20:41:59 [debug] : [Repository Server] Executing method:getAppRepoState with connection:(object). {"0":"request:","1":{"repoId":"vitis_libraries","repoType":1}}
2026-01-02 20:41:59 [debug] : [Repository Server] Executed method:getAppRepoState. {"0":"result:","1":{"repoId":"","status":2}}
2026-01-02 20:41:59 [debug] : [Repository Server] Executed method:getAppRepoState. {"0":"result:","1":{"repoId":"","status":2}}
2026-01-02 20:41:59 [debug] : Received event from notification service: ON_STOP_ANALYSIS_PROGRESS. 
2026-01-02 20:41:59 [debug] : [Repository Server] Executing method:getHlsExampleTemplateTree with connection:(object). {"0":"request:","1":{"wrappers_":null,"arrayIndexOffset_":-1,"array":[],"pivot_":1.7976931348623157e+308,"convertedPrimitiveFields_":{}}}
2026-01-02 20:41:59 [debug] : [Application Examples Provider]  Application repository status:2 for id:vitis_libraries 
2026-01-02 20:41:59 [debug] : [Application Examples Provider] vitis_hls_examples:false 
2026-01-02 20:41:59 [debug] : [Application Examples Provider] vitis_libraries:false 
2026-01-02 20:41:59 [debug] : [Application Examples Provider] Repositories model update completed. 
2026-01-02 20:41:59 [debug] : [Application Examples Provider] Templates model update requested. 
2026-01-02 20:41:59 [debug] : [Repository Service] Executing method:getHlsExampleTemplateTree from frontend. {"0":"request:"}
2026-01-02 20:41:59 [debug] : [Repository Server] Executing method:getAppTemplateTree with connection:(object). {"0":"request:","1":{"wrappers_":{},"arrayIndexOffset_":-1,"array":[],"pivot_":1.7976931348623157e+308,"convertedPrimitiveFields_":{}}}
2026-01-02 20:41:59 [debug] : [Application Examples Provider]  Application repository status:2 for id:vitis_libraries 
2026-01-02 20:41:59 [debug] : [Application Examples Provider] vitis_examples:false 
2026-01-02 20:41:59 [debug] : [Application Examples Provider] installed_examples:true 
2026-01-02 20:41:59 [debug] : [Application Examples Provider] vitis_libraries:false 
2026-01-02 20:41:59 [debug] : [Application Examples Provider] Repositories model update completed. 
2026-01-02 20:41:59 [debug] : [Application Examples Provider] Templates model update requested. 
2026-01-02 20:41:59 [debug] : [Repository Service] Executing method:getAppTemplateTree from frontend. {"0":"request:"}
2026-01-02 20:42:00 [debug] : [Application Examples Provider] Templates model update completed. 
2026-01-02 20:42:00 [debug] : [Application Examples Provider] common calling method completed. 
2026-01-02 20:42:00 [debug] : [Application Examples Provider] refresh completed. 
2026-01-02 20:42:00 [debug] : [Workspace Server] In 'setWorkspace' with connection:[object Object] request:{"path":"C:\\Users\\User\\Documents\\GitHub\\AHE_Group_G\\Project_Work\\Vitis_workspace"} 
2026-01-02 20:42:00 [debug] : [Workspace Service] Initializaton completed. Updating workspace 'C:\Users\User\Documents\GitHub\AHE_Group_G\Project_Work\Vitis_workspace' in the server from service. 
