TRACE::2026-01-04.21:58:16::SCWPlatform::Trying to open the hw design at F:/Advanced_Hardware_Engineering/Vivado_2021/Workspace/ALL_PMODS/All_PMods_Platform/hw/TEST_J_2021_ALLPMODS_wrapper.xsa
TRACE::2026-01-04.21:58:16::SCWPlatform::DSA given F:/Advanced_Hardware_Engineering/Vivado_2021/Workspace/ALL_PMODS/All_PMods_Platform/hw/TEST_J_2021_ALLPMODS_wrapper.xsa
TRACE::2026-01-04.21:58:16::SCWPlatform::DSA absoulate path F:/Advanced_Hardware_Engineering/Vivado_2021/Workspace/ALL_PMODS/All_PMods_Platform/hw/TEST_J_2021_ALLPMODS_wrapper.xsa
TRACE::2026-01-04.21:58:16::SCWPlatform::DSA directory F:/Advanced_Hardware_Engineering/Vivado_2021/Workspace/ALL_PMODS/All_PMods_Platform/hw
TRACE::2026-01-04.21:58:16::SCWPlatform:: Platform Path F:/Advanced_Hardware_Engineering/Vivado_2021/Workspace/ALL_PMODS/All_PMods_Platform/hw/TEST_J_2021_ALLPMODS_wrapper.xsa
TRACE::2026-01-04.21:58:16::SCWPlatform:: Unique name xilinx:nexys-a7-100t::0.0
TRACE::2026-01-04.21:58:16::SCWPlatform::Do not have an existing db opened. 
TRACE::2026-01-04.21:58:17::SCWPlatform::Opened new HwDB with name TEST_J_2021_ALLPMODS_wrapper_0
TRACE::2026-01-04.21:58:17::SCWWriter::formatted JSON is {
	"platformName":	"All_PMods_Platform",
	"sprVersion":	"2.0",
	"mode":	"gui",
	"dsaType":	"Fixed",
	"platformDesc":	"All_PMods_Platform",
	"platHandOff":	"F:/Advanced_Hardware_Engineering/Vivado_2021/TEST_J_2021_ALLPMODS/TEST_J_2021_ALLPMODS/TEST_J_2021_ALLPMODS_wrapper.xsa",
	"platIntHandOff":	"<platformDir>/hw/TEST_J_2021_ALLPMODS_wrapper.xsa",
	"deviceType":	"FPGA",
	"platIsPrebuiltAutogen":	"false",
	"platIsNoBootBsp":	"false",
	"hasFsblMakeHasChanges":	"false",
	"hasPmufwMakeHasChanges":	"false",
	"platPreBuiltFlag":	false,
	"platformSamplesDir":	""
}
TRACE::2026-01-04.21:58:17::SCWWriter::formatted JSON is {
	"platformName":	"All_PMods_Platform",
	"sprVersion":	"2.0",
	"mode":	"gui",
	"dsaType":	"Fixed",
	"platformDesc":	"All_PMods_Platform",
	"platHandOff":	"F:/Advanced_Hardware_Engineering/Vivado_2021/TEST_J_2021_ALLPMODS/TEST_J_2021_ALLPMODS/TEST_J_2021_ALLPMODS_wrapper.xsa",
	"platIntHandOff":	"<platformDir>/hw/TEST_J_2021_ALLPMODS_wrapper.xsa",
	"deviceType":	"FPGA",
	"platIsPrebuiltAutogen":	"false",
	"platIsNoBootBsp":	"false",
	"hasFsblMakeHasChanges":	"false",
	"hasPmufwMakeHasChanges":	"false",
	"platPreBuiltFlag":	false,
	"platformSamplesDir":	"",
	"platActiveSys":	"All_PMods_Platform",
	"systems":	[{
			"systemName":	"All_PMods_Platform",
			"systemDesc":	"All_PMods_Platform",
			"sysIsBootAutoGen":	"true",
			"systemDispName":	"All_PMods_Platform"
		}]
}
TRACE::2026-01-04.21:58:17::SCWPlatform::Boot application domains not present, creating them
TRACE::2026-01-04.21:58:17::SCWPlatform::Pure FPGA device, no boot application will be created.
TRACE::2026-01-04.21:58:17::SCWWriter::formatted JSON is {
	"platformName":	"All_PMods_Platform",
	"sprVersion":	"2.0",
	"mode":	"gui",
	"dsaType":	"Fixed",
	"platformDesc":	"All_PMods_Platform",
	"platHandOff":	"F:/Advanced_Hardware_Engineering/Vivado_2021/TEST_J_2021_ALLPMODS/TEST_J_2021_ALLPMODS/TEST_J_2021_ALLPMODS_wrapper.xsa",
	"platIntHandOff":	"<platformDir>/hw/TEST_J_2021_ALLPMODS_wrapper.xsa",
	"deviceType":	"FPGA",
	"platIsPrebuiltAutogen":	"false",
	"platIsNoBootBsp":	"false",
	"hasFsblMakeHasChanges":	"false",
	"hasPmufwMakeHasChanges":	"false",
	"platPreBuiltFlag":	false,
	"platformSamplesDir":	"",
	"platActiveSys":	"All_PMods_Platform",
	"systems":	[{
			"systemName":	"All_PMods_Platform",
			"systemDesc":	"All_PMods_Platform",
			"sysIsBootAutoGen":	"true",
			"systemDispName":	"All_PMods_Platform"
		}]
}
TRACE::2026-01-04.21:58:17::SCWPlatform::Trying to open the hw design at F:/Advanced_Hardware_Engineering/Vivado_2021/Workspace/ALL_PMODS/All_PMods_Platform/hw/TEST_J_2021_ALLPMODS_wrapper.xsa
TRACE::2026-01-04.21:58:17::SCWPlatform::DSA given F:/Advanced_Hardware_Engineering/Vivado_2021/Workspace/ALL_PMODS/All_PMods_Platform/hw/TEST_J_2021_ALLPMODS_wrapper.xsa
TRACE::2026-01-04.21:58:17::SCWPlatform::DSA absoulate path F:/Advanced_Hardware_Engineering/Vivado_2021/Workspace/ALL_PMODS/All_PMods_Platform/hw/TEST_J_2021_ALLPMODS_wrapper.xsa
TRACE::2026-01-04.21:58:17::SCWPlatform::DSA directory F:/Advanced_Hardware_Engineering/Vivado_2021/Workspace/ALL_PMODS/All_PMods_Platform/hw
TRACE::2026-01-04.21:58:17::SCWPlatform:: Platform Path F:/Advanced_Hardware_Engineering/Vivado_2021/Workspace/ALL_PMODS/All_PMods_Platform/hw/TEST_J_2021_ALLPMODS_wrapper.xsa
TRACE::2026-01-04.21:58:17::SCWPlatform:: Unique name xilinx:nexys-a7-100t::0.0
TRACE::2026-01-04.21:58:17::SCWPlatform::Trying to set the existing hwdb with name TEST_J_2021_ALLPMODS_wrapper_0
TRACE::2026-01-04.21:58:17::SCWPlatform::Opened existing hwdb TEST_J_2021_ALLPMODS_wrapper_0
TRACE::2026-01-04.21:58:17::SCWPlatform::Found the Hw Db part of the input DSA
TRACE::2026-01-04.21:58:17::SCWPlatform::Trying to open the hw design at F:/Advanced_Hardware_Engineering/Vivado_2021/Workspace/ALL_PMODS/All_PMods_Platform/hw/TEST_J_2021_ALLPMODS_wrapper.xsa
TRACE::2026-01-04.21:58:17::SCWPlatform::DSA given F:/Advanced_Hardware_Engineering/Vivado_2021/Workspace/ALL_PMODS/All_PMods_Platform/hw/TEST_J_2021_ALLPMODS_wrapper.xsa
TRACE::2026-01-04.21:58:17::SCWPlatform::DSA absoulate path F:/Advanced_Hardware_Engineering/Vivado_2021/Workspace/ALL_PMODS/All_PMods_Platform/hw/TEST_J_2021_ALLPMODS_wrapper.xsa
TRACE::2026-01-04.21:58:17::SCWPlatform::DSA directory F:/Advanced_Hardware_Engineering/Vivado_2021/Workspace/ALL_PMODS/All_PMods_Platform/hw
TRACE::2026-01-04.21:58:17::SCWPlatform:: Platform Path F:/Advanced_Hardware_Engineering/Vivado_2021/Workspace/ALL_PMODS/All_PMods_Platform/hw/TEST_J_2021_ALLPMODS_wrapper.xsa
TRACE::2026-01-04.21:58:17::SCWPlatform:: Unique name xilinx:nexys-a7-100t::0.0
TRACE::2026-01-04.21:58:17::SCWPlatform::Trying to set the existing hwdb with name TEST_J_2021_ALLPMODS_wrapper_0
TRACE::2026-01-04.21:58:17::SCWPlatform::Opened existing hwdb TEST_J_2021_ALLPMODS_wrapper_0
TRACE::2026-01-04.21:58:17::SCWPlatform::Found the Hw Db part of the input DSA
TRACE::2026-01-04.21:58:17::SCWPlatform::Trying to open the hw design at F:/Advanced_Hardware_Engineering/Vivado_2021/Workspace/ALL_PMODS/All_PMods_Platform/hw/TEST_J_2021_ALLPMODS_wrapper.xsa
TRACE::2026-01-04.21:58:17::SCWPlatform::DSA given F:/Advanced_Hardware_Engineering/Vivado_2021/Workspace/ALL_PMODS/All_PMods_Platform/hw/TEST_J_2021_ALLPMODS_wrapper.xsa
TRACE::2026-01-04.21:58:17::SCWPlatform::DSA absoulate path F:/Advanced_Hardware_Engineering/Vivado_2021/Workspace/ALL_PMODS/All_PMods_Platform/hw/TEST_J_2021_ALLPMODS_wrapper.xsa
TRACE::2026-01-04.21:58:17::SCWPlatform::DSA directory F:/Advanced_Hardware_Engineering/Vivado_2021/Workspace/ALL_PMODS/All_PMods_Platform/hw
TRACE::2026-01-04.21:58:17::SCWPlatform:: Platform Path F:/Advanced_Hardware_Engineering/Vivado_2021/Workspace/ALL_PMODS/All_PMods_Platform/hw/TEST_J_2021_ALLPMODS_wrapper.xsa
TRACE::2026-01-04.21:58:17::SCWPlatform:: Unique name xilinx:nexys-a7-100t::0.0
TRACE::2026-01-04.21:58:17::SCWPlatform::Trying to set the existing hwdb with name TEST_J_2021_ALLPMODS_wrapper_0
TRACE::2026-01-04.21:58:17::SCWPlatform::Opened existing hwdb TEST_J_2021_ALLPMODS_wrapper_0
TRACE::2026-01-04.21:58:17::SCWPlatform::Found the Hw Db part of the input DSA
TRACE::2026-01-04.21:58:17::SCWDomain::checking for install qemu data   : 
TRACE::2026-01-04.21:58:17::SCWPlatform::Trying to open the hw design at F:/Advanced_Hardware_Engineering/Vivado_2021/Workspace/ALL_PMODS/All_PMods_Platform/hw/TEST_J_2021_ALLPMODS_wrapper.xsa
TRACE::2026-01-04.21:58:17::SCWPlatform::DSA given F:/Advanced_Hardware_Engineering/Vivado_2021/Workspace/ALL_PMODS/All_PMods_Platform/hw/TEST_J_2021_ALLPMODS_wrapper.xsa
TRACE::2026-01-04.21:58:17::SCWPlatform::DSA absoulate path F:/Advanced_Hardware_Engineering/Vivado_2021/Workspace/ALL_PMODS/All_PMods_Platform/hw/TEST_J_2021_ALLPMODS_wrapper.xsa
TRACE::2026-01-04.21:58:17::SCWPlatform::DSA directory F:/Advanced_Hardware_Engineering/Vivado_2021/Workspace/ALL_PMODS/All_PMods_Platform/hw
TRACE::2026-01-04.21:58:17::SCWPlatform:: Platform Path F:/Advanced_Hardware_Engineering/Vivado_2021/Workspace/ALL_PMODS/All_PMods_Platform/hw/TEST_J_2021_ALLPMODS_wrapper.xsa
TRACE::2026-01-04.21:58:17::SCWPlatform:: Unique name xilinx:nexys-a7-100t::0.0
TRACE::2026-01-04.21:58:17::SCWPlatform::Trying to set the existing hwdb with name TEST_J_2021_ALLPMODS_wrapper_0
TRACE::2026-01-04.21:58:17::SCWPlatform::Opened existing hwdb TEST_J_2021_ALLPMODS_wrapper_0
TRACE::2026-01-04.21:58:17::SCWPlatform::Found the Hw Db part of the input DSA
TRACE::2026-01-04.21:58:17::SCWPlatform::Trying to open the hw design at F:/Advanced_Hardware_Engineering/Vivado_2021/Workspace/ALL_PMODS/All_PMods_Platform/hw/TEST_J_2021_ALLPMODS_wrapper.xsa
TRACE::2026-01-04.21:58:17::SCWPlatform::DSA given F:/Advanced_Hardware_Engineering/Vivado_2021/Workspace/ALL_PMODS/All_PMods_Platform/hw/TEST_J_2021_ALLPMODS_wrapper.xsa
TRACE::2026-01-04.21:58:17::SCWPlatform::DSA absoulate path F:/Advanced_Hardware_Engineering/Vivado_2021/Workspace/ALL_PMODS/All_PMods_Platform/hw/TEST_J_2021_ALLPMODS_wrapper.xsa
TRACE::2026-01-04.21:58:17::SCWPlatform::DSA directory F:/Advanced_Hardware_Engineering/Vivado_2021/Workspace/ALL_PMODS/All_PMods_Platform/hw
TRACE::2026-01-04.21:58:17::SCWPlatform:: Platform Path F:/Advanced_Hardware_Engineering/Vivado_2021/Workspace/ALL_PMODS/All_PMods_Platform/hw/TEST_J_2021_ALLPMODS_wrapper.xsa
TRACE::2026-01-04.21:58:17::SCWPlatform:: Unique name xilinx:nexys-a7-100t::0.0
TRACE::2026-01-04.21:58:17::SCWPlatform::Trying to set the existing hwdb with name TEST_J_2021_ALLPMODS_wrapper_0
TRACE::2026-01-04.21:58:17::SCWPlatform::Opened existing hwdb TEST_J_2021_ALLPMODS_wrapper_0
TRACE::2026-01-04.21:58:17::SCWPlatform::Found the Hw Db part of the input DSA
TRACE::2026-01-04.21:58:17::SCWPlatform::Trying to open the hw design at F:/Advanced_Hardware_Engineering/Vivado_2021/Workspace/ALL_PMODS/All_PMods_Platform/hw/TEST_J_2021_ALLPMODS_wrapper.xsa
TRACE::2026-01-04.21:58:17::SCWPlatform::DSA given F:/Advanced_Hardware_Engineering/Vivado_2021/Workspace/ALL_PMODS/All_PMods_Platform/hw/TEST_J_2021_ALLPMODS_wrapper.xsa
TRACE::2026-01-04.21:58:17::SCWPlatform::DSA absoulate path F:/Advanced_Hardware_Engineering/Vivado_2021/Workspace/ALL_PMODS/All_PMods_Platform/hw/TEST_J_2021_ALLPMODS_wrapper.xsa
TRACE::2026-01-04.21:58:17::SCWPlatform::DSA directory F:/Advanced_Hardware_Engineering/Vivado_2021/Workspace/ALL_PMODS/All_PMods_Platform/hw
TRACE::2026-01-04.21:58:17::SCWPlatform:: Platform Path F:/Advanced_Hardware_Engineering/Vivado_2021/Workspace/ALL_PMODS/All_PMods_Platform/hw/TEST_J_2021_ALLPMODS_wrapper.xsa
TRACE::2026-01-04.21:58:17::SCWPlatform:: Unique name xilinx:nexys-a7-100t::0.0
TRACE::2026-01-04.21:58:17::SCWPlatform::Trying to set the existing hwdb with name TEST_J_2021_ALLPMODS_wrapper_0
TRACE::2026-01-04.21:58:17::SCWPlatform::Opened existing hwdb TEST_J_2021_ALLPMODS_wrapper_0
TRACE::2026-01-04.21:58:17::SCWPlatform::Found the Hw Db part of the input DSA
TRACE::2026-01-04.21:58:17::SCWMssOS::Checking the sw design at  F:/Advanced_Hardware_Engineering/Vivado_2021/Workspace/ALL_PMODS/All_PMods_Platform/microblaze_0/standalone_domain/bsp/system.mss
TRACE::2026-01-04.21:58:17::SCWMssOS::DEBUG:  swdes dump  
TRACE::2026-01-04.21:58:17::SCWMssOS::No sw design opened at  F:/Advanced_Hardware_Engineering/Vivado_2021/Workspace/ALL_PMODS/All_PMods_Platform/microblaze_0/standalone_domain/bsp/system.mss
TRACE::2026-01-04.21:58:17::SCWMssOS::mss does not exists at F:/Advanced_Hardware_Engineering/Vivado_2021/Workspace/ALL_PMODS/All_PMods_Platform/microblaze_0/standalone_domain/bsp/system.mss
TRACE::2026-01-04.21:58:17::SCWMssOS::Creating sw design at  F:/Advanced_Hardware_Engineering/Vivado_2021/Workspace/ALL_PMODS/All_PMods_Platform/microblaze_0/standalone_domain/bsp/system.mss
TRACE::2026-01-04.21:58:17::SCWMssOS::Adding the swdes entry, created swdb F:/Advanced_Hardware_Engineering/Vivado_2021/Workspace/ALL_PMODS/All_PMods_Platform/microblaze_0/standalone_domain/bsp/system.mss with des name F:/Advanced_Hardware_Engineering/Vivado_2021/Workspace/ALL_PMODS/All_PMods_Platform/microblaze_0/standalone_domain/bsp/system.mss
TRACE::2026-01-04.21:58:17::SCWMssOS::updating the scw layer changes to swdes at   F:/Advanced_Hardware_Engineering/Vivado_2021/Workspace/ALL_PMODS/All_PMods_Platform/microblaze_0/standalone_domain/bsp/system.mss
TRACE::2026-01-04.21:58:17::SCWMssOS::Writing mss at F:/Advanced_Hardware_Engineering/Vivado_2021/Workspace/ALL_PMODS/All_PMods_Platform/microblaze_0/standalone_domain/bsp/system.mss
TRACE::2026-01-04.21:58:17::SCWMssOS::Completed writing the mss file at F:/Advanced_Hardware_Engineering/Vivado_2021/Workspace/ALL_PMODS/All_PMods_Platform/microblaze_0/standalone_domain/bsp
TRACE::2026-01-04.21:58:17::SCWMssOS::Picking up changes from newly written mss file into SCW Layer. 
TRACE::2026-01-04.21:58:17::SCWMssOS::Updated the changes from newly written mss file into SCW Layer. 
TRACE::2026-01-04.21:58:17::SCWMssOS::Completed writing the mss file at F:/Advanced_Hardware_Engineering/Vivado_2021/Workspace/ALL_PMODS/All_PMods_Platform/microblaze_0/standalone_domain/bsp
TRACE::2026-01-04.21:58:17::SCWMssOS::Forcing BSP Sources regeneration.
TRACE::2026-01-04.21:58:18::SCWMssOS::Saving the mss changes F:/Advanced_Hardware_Engineering/Vivado_2021/Workspace/ALL_PMODS/All_PMods_Platform/microblaze_0/standalone_domain/bsp/system.mss
TRACE::2026-01-04.21:58:18::SCWMssOS::Adding the swdes entry, mss present, able to open swdb F:/Advanced_Hardware_Engineering/Vivado_2021/Workspace/ALL_PMODS/All_PMods_Platform/microblaze_0/standalone_domain/bsp/system.mss with des name system
TRACE::2026-01-04.21:58:18::SCWMssOS::Writing the mss file completed F:/Advanced_Hardware_Engineering/Vivado_2021/Workspace/ALL_PMODS/All_PMods_Platform/microblaze_0/standalone_domain/bsp/system.mss
TRACE::2026-01-04.21:58:18::SCWMssOS::Commit changes completed.
TRACE::2026-01-04.21:58:18::SCWPlatform::Trying to open the hw design at F:/Advanced_Hardware_Engineering/Vivado_2021/Workspace/ALL_PMODS/All_PMods_Platform/hw/TEST_J_2021_ALLPMODS_wrapper.xsa
TRACE::2026-01-04.21:58:18::SCWPlatform::DSA given F:/Advanced_Hardware_Engineering/Vivado_2021/Workspace/ALL_PMODS/All_PMods_Platform/hw/TEST_J_2021_ALLPMODS_wrapper.xsa
TRACE::2026-01-04.21:58:18::SCWPlatform::DSA absoulate path F:/Advanced_Hardware_Engineering/Vivado_2021/Workspace/ALL_PMODS/All_PMods_Platform/hw/TEST_J_2021_ALLPMODS_wrapper.xsa
TRACE::2026-01-04.21:58:18::SCWPlatform::DSA directory F:/Advanced_Hardware_Engineering/Vivado_2021/Workspace/ALL_PMODS/All_PMods_Platform/hw
TRACE::2026-01-04.21:58:18::SCWPlatform:: Platform Path F:/Advanced_Hardware_Engineering/Vivado_2021/Workspace/ALL_PMODS/All_PMods_Platform/hw/TEST_J_2021_ALLPMODS_wrapper.xsa
TRACE::2026-01-04.21:58:18::SCWPlatform:: Unique name xilinx:nexys-a7-100t::0.0
TRACE::2026-01-04.21:58:18::SCWPlatform::Trying to set the existing hwdb with name TEST_J_2021_ALLPMODS_wrapper_0
TRACE::2026-01-04.21:58:18::SCWPlatform::Opened existing hwdb TEST_J_2021_ALLPMODS_wrapper_0
TRACE::2026-01-04.21:58:18::SCWPlatform::Found the Hw Db part of the input DSA
TRACE::2026-01-04.21:58:18::SCWMssOS::Checking the sw design at  F:/Advanced_Hardware_Engineering/Vivado_2021/Workspace/ALL_PMODS/All_PMods_Platform/microblaze_0/standalone_domain/bsp/system.mss
TRACE::2026-01-04.21:58:18::SCWMssOS::DEBUG:  swdes dump  F:/Advanced_Hardware_Engineering/Vivado_2021/Workspace/ALL_PMODS/All_PMods_Platform/microblaze_0/standalone_domain/bsp/system.mss|system||

TRACE::2026-01-04.21:58:18::SCWMssOS::Sw design exists and opened at  F:/Advanced_Hardware_Engineering/Vivado_2021/Workspace/ALL_PMODS/All_PMods_Platform/microblaze_0/standalone_domain/bsp/system.mss
TRACE::2026-01-04.21:58:18::SCWPlatform::Trying to open the hw design at F:/Advanced_Hardware_Engineering/Vivado_2021/Workspace/ALL_PMODS/All_PMods_Platform/hw/TEST_J_2021_ALLPMODS_wrapper.xsa
TRACE::2026-01-04.21:58:18::SCWPlatform::DSA given F:/Advanced_Hardware_Engineering/Vivado_2021/Workspace/ALL_PMODS/All_PMods_Platform/hw/TEST_J_2021_ALLPMODS_wrapper.xsa
TRACE::2026-01-04.21:58:18::SCWPlatform::DSA absoulate path F:/Advanced_Hardware_Engineering/Vivado_2021/Workspace/ALL_PMODS/All_PMods_Platform/hw/TEST_J_2021_ALLPMODS_wrapper.xsa
TRACE::2026-01-04.21:58:18::SCWPlatform::DSA directory F:/Advanced_Hardware_Engineering/Vivado_2021/Workspace/ALL_PMODS/All_PMods_Platform/hw
TRACE::2026-01-04.21:58:18::SCWPlatform:: Platform Path F:/Advanced_Hardware_Engineering/Vivado_2021/Workspace/ALL_PMODS/All_PMods_Platform/hw/TEST_J_2021_ALLPMODS_wrapper.xsa
TRACE::2026-01-04.21:58:18::SCWPlatform:: Unique name xilinx:nexys-a7-100t::0.0
TRACE::2026-01-04.21:58:18::SCWPlatform::Trying to set the existing hwdb with name TEST_J_2021_ALLPMODS_wrapper_0
TRACE::2026-01-04.21:58:18::SCWPlatform::Opened existing hwdb TEST_J_2021_ALLPMODS_wrapper_0
TRACE::2026-01-04.21:58:18::SCWPlatform::Found the Hw Db part of the input DSA
TRACE::2026-01-04.21:58:18::SCWMssOS::Checking the sw design at  F:/Advanced_Hardware_Engineering/Vivado_2021/Workspace/ALL_PMODS/All_PMods_Platform/microblaze_0/standalone_domain/bsp/system.mss
TRACE::2026-01-04.21:58:18::SCWMssOS::DEBUG:  swdes dump  F:/Advanced_Hardware_Engineering/Vivado_2021/Workspace/ALL_PMODS/All_PMods_Platform/microblaze_0/standalone_domain/bsp/system.mss|system||

TRACE::2026-01-04.21:58:18::SCWMssOS::Sw design exists and opened at  F:/Advanced_Hardware_Engineering/Vivado_2021/Workspace/ALL_PMODS/All_PMods_Platform/microblaze_0/standalone_domain/bsp/system.mss
TRACE::2026-01-04.21:58:18::SCWPlatform::Trying to open the hw design at F:/Advanced_Hardware_Engineering/Vivado_2021/Workspace/ALL_PMODS/All_PMods_Platform/hw/TEST_J_2021_ALLPMODS_wrapper.xsa
TRACE::2026-01-04.21:58:18::SCWPlatform::DSA given F:/Advanced_Hardware_Engineering/Vivado_2021/Workspace/ALL_PMODS/All_PMods_Platform/hw/TEST_J_2021_ALLPMODS_wrapper.xsa
TRACE::2026-01-04.21:58:18::SCWPlatform::DSA absoulate path F:/Advanced_Hardware_Engineering/Vivado_2021/Workspace/ALL_PMODS/All_PMods_Platform/hw/TEST_J_2021_ALLPMODS_wrapper.xsa
TRACE::2026-01-04.21:58:18::SCWPlatform::DSA directory F:/Advanced_Hardware_Engineering/Vivado_2021/Workspace/ALL_PMODS/All_PMods_Platform/hw
TRACE::2026-01-04.21:58:18::SCWPlatform:: Platform Path F:/Advanced_Hardware_Engineering/Vivado_2021/Workspace/ALL_PMODS/All_PMods_Platform/hw/TEST_J_2021_ALLPMODS_wrapper.xsa
TRACE::2026-01-04.21:58:18::SCWPlatform:: Unique name xilinx:nexys-a7-100t::0.0
TRACE::2026-01-04.21:58:18::SCWPlatform::Trying to set the existing hwdb with name TEST_J_2021_ALLPMODS_wrapper_0
TRACE::2026-01-04.21:58:18::SCWPlatform::Opened existing hwdb TEST_J_2021_ALLPMODS_wrapper_0
TRACE::2026-01-04.21:58:18::SCWPlatform::Found the Hw Db part of the input DSA
TRACE::2026-01-04.21:58:18::SCWMssOS::Checking the sw design at  F:/Advanced_Hardware_Engineering/Vivado_2021/Workspace/ALL_PMODS/All_PMods_Platform/microblaze_0/standalone_domain/bsp/system.mss
TRACE::2026-01-04.21:58:18::SCWMssOS::DEBUG:  swdes dump  F:/Advanced_Hardware_Engineering/Vivado_2021/Workspace/ALL_PMODS/All_PMods_Platform/microblaze_0/standalone_domain/bsp/system.mss|system||

TRACE::2026-01-04.21:58:18::SCWMssOS::Sw design exists and opened at  F:/Advanced_Hardware_Engineering/Vivado_2021/Workspace/ALL_PMODS/All_PMods_Platform/microblaze_0/standalone_domain/bsp/system.mss
TRACE::2026-01-04.21:58:18::SCWWriter::formatted JSON is {
	"platformName":	"All_PMods_Platform",
	"sprVersion":	"2.0",
	"mode":	"gui",
	"dsaType":	"Fixed",
	"platformDesc":	"All_PMods_Platform",
	"platHandOff":	"F:/Advanced_Hardware_Engineering/Vivado_2021/TEST_J_2021_ALLPMODS/TEST_J_2021_ALLPMODS/TEST_J_2021_ALLPMODS_wrapper.xsa",
	"platIntHandOff":	"<platformDir>/hw/TEST_J_2021_ALLPMODS_wrapper.xsa",
	"deviceType":	"FPGA",
	"platIsPrebuiltAutogen":	"false",
	"platIsNoBootBsp":	"false",
	"hasFsblMakeHasChanges":	"false",
	"hasPmufwMakeHasChanges":	"false",
	"platPreBuiltFlag":	false,
	"platformSamplesDir":	"",
	"platActiveSys":	"All_PMods_Platform",
	"systems":	[{
			"systemName":	"All_PMods_Platform",
			"systemDesc":	"All_PMods_Platform",
			"sysIsBootAutoGen":	"true",
			"systemDispName":	"All_PMods_Platform",
			"sysActiveDom":	"standalone_domain",
			"sysDefaultDom":	"standalone_domain",
			"domains":	[{
					"domainName":	"standalone_domain",
					"domainDispName":	"standalone_domain",
					"domainDesc":	"standalone_domain",
					"processors":	"microblaze_0",
					"os":	"standalone",
					"sdxOs":	"standalone",
					"debugEnable":	"False",
					"domRuntimes":	["cpp"],
					"swRepo":	"",
					"mssOsVer":	"7.6",
					"mssFile":	"",
					"md5Digest":	"20e6946f2494afee0dccc84a368ff156",
					"compatibleApp":	"",
					"domType":	"mssDomain",
					"arch":	"32-bit",
					"appSettings":	{
						"appCompilerFlags":	"",
						"appLinkerFlags":	""
					},
					"addedLibs":	[],
					"libOptions":	{
						"libsContainingOptions":	[]
					},
					"prebuiltLibs":	{
						"prebuiltIncPath":	[],
						"prebuiltLibPath":	[]
					},
					"isolation":	{
					}
				}]
		}]
}
LOG::2026-01-04.21:58:18::SCWPlatform::Started generating the artifacts platform All_PMods_Platform
TRACE::2026-01-04.21:58:18::SCWPlatform::Sanity checking of platform is completed
LOG::2026-01-04.21:58:18::SCWPlatform::Started generating the artifacts for system configuration All_PMods_Platform
LOG::2026-01-04.21:58:18::SCWSystem::Checking the domain standalone_domain
LOG::2026-01-04.21:58:18::SCWSystem::Not a boot domain 
LOG::2026-01-04.21:58:18::SCWSystem::Started Processing the domain standalone_domain
TRACE::2026-01-04.21:58:18::SCWDomain::Generating domain artifcats
TRACE::2026-01-04.21:58:18::SCWMssOS::Generating standalone artifcats
TRACE::2026-01-04.21:58:18::SCWMssOS:: Copying the user libraries. 
TRACE::2026-01-04.21:58:18::SCWPlatform::Trying to open the hw design at F:/Advanced_Hardware_Engineering/Vivado_2021/Workspace/ALL_PMODS/All_PMods_Platform/hw/TEST_J_2021_ALLPMODS_wrapper.xsa
TRACE::2026-01-04.21:58:18::SCWPlatform::DSA given F:/Advanced_Hardware_Engineering/Vivado_2021/Workspace/ALL_PMODS/All_PMods_Platform/hw/TEST_J_2021_ALLPMODS_wrapper.xsa
TRACE::2026-01-04.21:58:18::SCWPlatform::DSA absoulate path F:/Advanced_Hardware_Engineering/Vivado_2021/Workspace/ALL_PMODS/All_PMods_Platform/hw/TEST_J_2021_ALLPMODS_wrapper.xsa
TRACE::2026-01-04.21:58:18::SCWPlatform::DSA directory F:/Advanced_Hardware_Engineering/Vivado_2021/Workspace/ALL_PMODS/All_PMods_Platform/hw
TRACE::2026-01-04.21:58:18::SCWPlatform:: Platform Path F:/Advanced_Hardware_Engineering/Vivado_2021/Workspace/ALL_PMODS/All_PMods_Platform/hw/TEST_J_2021_ALLPMODS_wrapper.xsa
TRACE::2026-01-04.21:58:18::SCWPlatform:: Unique name xilinx:nexys-a7-100t::0.0
TRACE::2026-01-04.21:58:18::SCWPlatform::Trying to set the existing hwdb with name TEST_J_2021_ALLPMODS_wrapper_0
TRACE::2026-01-04.21:58:18::SCWPlatform::Opened existing hwdb TEST_J_2021_ALLPMODS_wrapper_0
TRACE::2026-01-04.21:58:18::SCWPlatform::Found the Hw Db part of the input DSA
TRACE::2026-01-04.21:58:18::SCWMssOS::Checking the sw design at  F:/Advanced_Hardware_Engineering/Vivado_2021/Workspace/ALL_PMODS/All_PMods_Platform/microblaze_0/standalone_domain/bsp/system.mss
TRACE::2026-01-04.21:58:18::SCWMssOS::DEBUG:  swdes dump  F:/Advanced_Hardware_Engineering/Vivado_2021/Workspace/ALL_PMODS/All_PMods_Platform/microblaze_0/standalone_domain/bsp/system.mss|system||

TRACE::2026-01-04.21:58:18::SCWMssOS::Sw design exists and opened at  F:/Advanced_Hardware_Engineering/Vivado_2021/Workspace/ALL_PMODS/All_PMods_Platform/microblaze_0/standalone_domain/bsp/system.mss
TRACE::2026-01-04.21:58:18::SCWMssOS::Completed writing the mss file at F:/Advanced_Hardware_Engineering/Vivado_2021/Workspace/ALL_PMODS/All_PMods_Platform/microblaze_0/standalone_domain/bsp
TRACE::2026-01-04.21:58:18::SCWMssOS::Mss edits present, copying mssfile into export location F:/Advanced_Hardware_Engineering/Vivado_2021/Workspace/ALL_PMODS/All_PMods_Platform/microblaze_0/standalone_domain/bsp/system.mss
TRACE::2026-01-04.21:58:18::SCWMssOS::bsp generated is upto date with the mss file. Skipping bsp generation.
TRACE::2026-01-04.21:58:18::SCWMssOS::BSP is already built. skipping the bsp build ... 
TRACE::2026-01-04.21:58:18::SCWDomain::Skipping the build for domain :  standalone_domain
TRACE::2026-01-04.21:58:18::SCWMssOS::skipping the bsp build ... 
TRACE::2026-01-04.21:58:18::SCWMssOS::Copying to export directory.
TRACE::2026-01-04.21:58:19::SCWMssOS:: Checking if to create the Supporting Applications
TRACE::2026-01-04.21:58:19::SCWMssOS:: No Linux domain exists, trying to generate FSBL 
LOG::2026-01-04.21:58:19::SCWSystem::Completed Processing the domain standalone_domain
LOG::2026-01-04.21:58:19::SCWSystem::Completed Processing the sysconfig All_PMods_Platform
LOG::2026-01-04.21:58:19::SCWPlatform::Completed generating the artifacts for system configuration All_PMods_Platform
TRACE::2026-01-04.21:58:19::SCWPlatform::Started preparing the platform 
TRACE::2026-01-04.21:58:19::SCWSystem::Writing the bif file for system config All_PMods_Platform
TRACE::2026-01-04.21:58:19::SCWSystem::dir created 
TRACE::2026-01-04.21:58:19::SCWSystem::Writing the bif 
TRACE::2026-01-04.21:58:19::SCWPlatform::Started writing the spfm file 
TRACE::2026-01-04.21:58:19::SCWPlatform::Started writing the xpfm file 
TRACE::2026-01-04.21:58:19::SCWPlatform::Completed generating the platform
TRACE::2026-01-04.21:58:19::SCWMssOS::Saving the mss changes F:/Advanced_Hardware_Engineering/Vivado_2021/Workspace/ALL_PMODS/All_PMods_Platform/microblaze_0/standalone_domain/bsp/system.mss
TRACE::2026-01-04.21:58:19::SCWMssOS::Found a swdesign opened with the mssfile.
TRACE::2026-01-04.21:58:19::SCWMssOS::Completed writemss as part of save.
TRACE::2026-01-04.21:58:19::SCWMssOS::Commit changes completed.
TRACE::2026-01-04.21:58:19::SCWPlatform::Trying to open the hw design at F:/Advanced_Hardware_Engineering/Vivado_2021/Workspace/ALL_PMODS/All_PMods_Platform/hw/TEST_J_2021_ALLPMODS_wrapper.xsa
TRACE::2026-01-04.21:58:19::SCWPlatform::DSA given F:/Advanced_Hardware_Engineering/Vivado_2021/Workspace/ALL_PMODS/All_PMods_Platform/hw/TEST_J_2021_ALLPMODS_wrapper.xsa
TRACE::2026-01-04.21:58:19::SCWPlatform::DSA absoulate path F:/Advanced_Hardware_Engineering/Vivado_2021/Workspace/ALL_PMODS/All_PMods_Platform/hw/TEST_J_2021_ALLPMODS_wrapper.xsa
TRACE::2026-01-04.21:58:19::SCWPlatform::DSA directory F:/Advanced_Hardware_Engineering/Vivado_2021/Workspace/ALL_PMODS/All_PMods_Platform/hw
TRACE::2026-01-04.21:58:19::SCWPlatform:: Platform Path F:/Advanced_Hardware_Engineering/Vivado_2021/Workspace/ALL_PMODS/All_PMods_Platform/hw/TEST_J_2021_ALLPMODS_wrapper.xsa
TRACE::2026-01-04.21:58:19::SCWPlatform:: Unique name xilinx:nexys-a7-100t::0.0
TRACE::2026-01-04.21:58:19::SCWPlatform::Trying to set the existing hwdb with name TEST_J_2021_ALLPMODS_wrapper_0
TRACE::2026-01-04.21:58:19::SCWPlatform::Opened existing hwdb TEST_J_2021_ALLPMODS_wrapper_0
TRACE::2026-01-04.21:58:19::SCWPlatform::Found the Hw Db part of the input DSA
TRACE::2026-01-04.21:58:19::SCWMssOS::Checking the sw design at  F:/Advanced_Hardware_Engineering/Vivado_2021/Workspace/ALL_PMODS/All_PMods_Platform/microblaze_0/standalone_domain/bsp/system.mss
TRACE::2026-01-04.21:58:19::SCWMssOS::DEBUG:  swdes dump  F:/Advanced_Hardware_Engineering/Vivado_2021/Workspace/ALL_PMODS/All_PMods_Platform/microblaze_0/standalone_domain/bsp/system.mss|system||

TRACE::2026-01-04.21:58:19::SCWMssOS::Sw design exists and opened at  F:/Advanced_Hardware_Engineering/Vivado_2021/Workspace/ALL_PMODS/All_PMods_Platform/microblaze_0/standalone_domain/bsp/system.mss
TRACE::2026-01-04.21:58:19::SCWPlatform::Trying to open the hw design at F:/Advanced_Hardware_Engineering/Vivado_2021/Workspace/ALL_PMODS/All_PMods_Platform/hw/TEST_J_2021_ALLPMODS_wrapper.xsa
TRACE::2026-01-04.21:58:19::SCWPlatform::DSA given F:/Advanced_Hardware_Engineering/Vivado_2021/Workspace/ALL_PMODS/All_PMods_Platform/hw/TEST_J_2021_ALLPMODS_wrapper.xsa
TRACE::2026-01-04.21:58:19::SCWPlatform::DSA absoulate path F:/Advanced_Hardware_Engineering/Vivado_2021/Workspace/ALL_PMODS/All_PMods_Platform/hw/TEST_J_2021_ALLPMODS_wrapper.xsa
TRACE::2026-01-04.21:58:19::SCWPlatform::DSA directory F:/Advanced_Hardware_Engineering/Vivado_2021/Workspace/ALL_PMODS/All_PMods_Platform/hw
TRACE::2026-01-04.21:58:19::SCWPlatform:: Platform Path F:/Advanced_Hardware_Engineering/Vivado_2021/Workspace/ALL_PMODS/All_PMods_Platform/hw/TEST_J_2021_ALLPMODS_wrapper.xsa
TRACE::2026-01-04.21:58:19::SCWPlatform:: Unique name xilinx:nexys-a7-100t::0.0
TRACE::2026-01-04.21:58:19::SCWPlatform::Trying to set the existing hwdb with name TEST_J_2021_ALLPMODS_wrapper_0
TRACE::2026-01-04.21:58:19::SCWPlatform::Opened existing hwdb TEST_J_2021_ALLPMODS_wrapper_0
TRACE::2026-01-04.21:58:19::SCWPlatform::Found the Hw Db part of the input DSA
TRACE::2026-01-04.21:58:19::SCWMssOS::Checking the sw design at  F:/Advanced_Hardware_Engineering/Vivado_2021/Workspace/ALL_PMODS/All_PMods_Platform/microblaze_0/standalone_domain/bsp/system.mss
TRACE::2026-01-04.21:58:19::SCWMssOS::DEBUG:  swdes dump  F:/Advanced_Hardware_Engineering/Vivado_2021/Workspace/ALL_PMODS/All_PMods_Platform/microblaze_0/standalone_domain/bsp/system.mss|system||

TRACE::2026-01-04.21:58:19::SCWMssOS::Sw design exists and opened at  F:/Advanced_Hardware_Engineering/Vivado_2021/Workspace/ALL_PMODS/All_PMods_Platform/microblaze_0/standalone_domain/bsp/system.mss
TRACE::2026-01-04.21:58:19::SCWPlatform::Trying to open the hw design at F:/Advanced_Hardware_Engineering/Vivado_2021/Workspace/ALL_PMODS/All_PMods_Platform/hw/TEST_J_2021_ALLPMODS_wrapper.xsa
TRACE::2026-01-04.21:58:19::SCWPlatform::DSA given F:/Advanced_Hardware_Engineering/Vivado_2021/Workspace/ALL_PMODS/All_PMods_Platform/hw/TEST_J_2021_ALLPMODS_wrapper.xsa
TRACE::2026-01-04.21:58:19::SCWPlatform::DSA absoulate path F:/Advanced_Hardware_Engineering/Vivado_2021/Workspace/ALL_PMODS/All_PMods_Platform/hw/TEST_J_2021_ALLPMODS_wrapper.xsa
TRACE::2026-01-04.21:58:19::SCWPlatform::DSA directory F:/Advanced_Hardware_Engineering/Vivado_2021/Workspace/ALL_PMODS/All_PMods_Platform/hw
TRACE::2026-01-04.21:58:19::SCWPlatform:: Platform Path F:/Advanced_Hardware_Engineering/Vivado_2021/Workspace/ALL_PMODS/All_PMods_Platform/hw/TEST_J_2021_ALLPMODS_wrapper.xsa
TRACE::2026-01-04.21:58:19::SCWPlatform:: Unique name xilinx:nexys-a7-100t::0.0
TRACE::2026-01-04.21:58:19::SCWPlatform::Trying to set the existing hwdb with name TEST_J_2021_ALLPMODS_wrapper_0
TRACE::2026-01-04.21:58:19::SCWPlatform::Opened existing hwdb TEST_J_2021_ALLPMODS_wrapper_0
TRACE::2026-01-04.21:58:19::SCWPlatform::Found the Hw Db part of the input DSA
TRACE::2026-01-04.21:58:19::SCWMssOS::Checking the sw design at  F:/Advanced_Hardware_Engineering/Vivado_2021/Workspace/ALL_PMODS/All_PMods_Platform/microblaze_0/standalone_domain/bsp/system.mss
TRACE::2026-01-04.21:58:19::SCWMssOS::DEBUG:  swdes dump  F:/Advanced_Hardware_Engineering/Vivado_2021/Workspace/ALL_PMODS/All_PMods_Platform/microblaze_0/standalone_domain/bsp/system.mss|system||

TRACE::2026-01-04.21:58:19::SCWMssOS::Sw design exists and opened at  F:/Advanced_Hardware_Engineering/Vivado_2021/Workspace/ALL_PMODS/All_PMods_Platform/microblaze_0/standalone_domain/bsp/system.mss
TRACE::2026-01-04.21:58:19::SCWWriter::formatted JSON is {
	"platformName":	"All_PMods_Platform",
	"sprVersion":	"2.0",
	"mode":	"gui",
	"dsaType":	"Fixed",
	"platformDesc":	"All_PMods_Platform",
	"platHandOff":	"F:/Advanced_Hardware_Engineering/Vivado_2021/TEST_J_2021_ALLPMODS/TEST_J_2021_ALLPMODS/TEST_J_2021_ALLPMODS_wrapper.xsa",
	"platIntHandOff":	"<platformDir>/hw/TEST_J_2021_ALLPMODS_wrapper.xsa",
	"deviceType":	"FPGA",
	"platIsPrebuiltAutogen":	"false",
	"platIsNoBootBsp":	"false",
	"hasFsblMakeHasChanges":	"false",
	"hasPmufwMakeHasChanges":	"false",
	"platPreBuiltFlag":	false,
	"platformSamplesDir":	"",
	"platActiveSys":	"All_PMods_Platform",
	"systems":	[{
			"systemName":	"All_PMods_Platform",
			"systemDesc":	"All_PMods_Platform",
			"sysIsBootAutoGen":	"true",
			"systemDispName":	"All_PMods_Platform",
			"sysActiveDom":	"standalone_domain",
			"sysDefaultDom":	"standalone_domain",
			"domains":	[{
					"domainName":	"standalone_domain",
					"domainDispName":	"standalone_domain",
					"domainDesc":	"standalone_domain",
					"processors":	"microblaze_0",
					"os":	"standalone",
					"sdxOs":	"standalone",
					"debugEnable":	"False",
					"domRuntimes":	["cpp"],
					"swRepo":	"",
					"mssOsVer":	"7.6",
					"mssFile":	"",
					"md5Digest":	"20e6946f2494afee0dccc84a368ff156",
					"compatibleApp":	"",
					"domType":	"mssDomain",
					"arch":	"32-bit",
					"appSettings":	{
						"appCompilerFlags":	"",
						"appLinkerFlags":	""
					},
					"addedLibs":	[],
					"libOptions":	{
						"libsContainingOptions":	[]
					},
					"prebuiltLibs":	{
						"prebuiltIncPath":	[],
						"prebuiltLibPath":	[]
					},
					"isolation":	{
					}
				}]
		}]
}
KEYINFO::2026-01-04.21:58:19::SCWPlatform::updated the xpfm file.
TRACE::2026-01-04.21:58:19::SCWPlatform::Trying to open the hw design at F:/Advanced_Hardware_Engineering/Vivado_2021/Workspace/ALL_PMODS/All_PMods_Platform/hw/TEST_J_2021_ALLPMODS_wrapper.xsa
TRACE::2026-01-04.21:58:19::SCWPlatform::DSA given F:/Advanced_Hardware_Engineering/Vivado_2021/Workspace/ALL_PMODS/All_PMods_Platform/hw/TEST_J_2021_ALLPMODS_wrapper.xsa
TRACE::2026-01-04.21:58:19::SCWPlatform::DSA absoulate path F:/Advanced_Hardware_Engineering/Vivado_2021/Workspace/ALL_PMODS/All_PMods_Platform/hw/TEST_J_2021_ALLPMODS_wrapper.xsa
TRACE::2026-01-04.21:58:19::SCWPlatform::DSA directory F:/Advanced_Hardware_Engineering/Vivado_2021/Workspace/ALL_PMODS/All_PMods_Platform/hw
TRACE::2026-01-04.21:58:19::SCWPlatform:: Platform Path F:/Advanced_Hardware_Engineering/Vivado_2021/Workspace/ALL_PMODS/All_PMods_Platform/hw/TEST_J_2021_ALLPMODS_wrapper.xsa
TRACE::2026-01-04.21:58:19::SCWPlatform:: Unique name xilinx:nexys-a7-100t::0.0
TRACE::2026-01-04.21:58:19::SCWPlatform::Trying to set the existing hwdb with name TEST_J_2021_ALLPMODS_wrapper_0
TRACE::2026-01-04.21:58:19::SCWPlatform::Opened existing hwdb TEST_J_2021_ALLPMODS_wrapper_0
TRACE::2026-01-04.21:58:19::SCWPlatform::Found the Hw Db part of the input DSA
TRACE::2026-01-04.21:58:19::SCWMssOS::Checking the sw design at  F:/Advanced_Hardware_Engineering/Vivado_2021/Workspace/ALL_PMODS/All_PMods_Platform/microblaze_0/standalone_domain/bsp/system.mss
TRACE::2026-01-04.21:58:19::SCWMssOS::DEBUG:  swdes dump  F:/Advanced_Hardware_Engineering/Vivado_2021/Workspace/ALL_PMODS/All_PMods_Platform/microblaze_0/standalone_domain/bsp/system.mss|system||

TRACE::2026-01-04.21:58:19::SCWMssOS::Sw design exists and opened at  F:/Advanced_Hardware_Engineering/Vivado_2021/Workspace/ALL_PMODS/All_PMods_Platform/microblaze_0/standalone_domain/bsp/system.mss
TRACE::2026-01-04.21:58:19::SCWMssOS::Saving the mss changes F:/Advanced_Hardware_Engineering/Vivado_2021/Workspace/ALL_PMODS/All_PMods_Platform/microblaze_0/standalone_domain/bsp/system.mss
TRACE::2026-01-04.21:58:19::SCWMssOS::Found a swdesign opened with the mssfile.
TRACE::2026-01-04.21:58:19::SCWMssOS::Completed writemss as part of save.
TRACE::2026-01-04.21:58:19::SCWMssOS::Commit changes completed.
TRACE::2026-01-04.21:58:19::SCWPlatform::Trying to open the hw design at F:/Advanced_Hardware_Engineering/Vivado_2021/Workspace/ALL_PMODS/All_PMods_Platform/hw/TEST_J_2021_ALLPMODS_wrapper.xsa
TRACE::2026-01-04.21:58:19::SCWPlatform::DSA given F:/Advanced_Hardware_Engineering/Vivado_2021/Workspace/ALL_PMODS/All_PMods_Platform/hw/TEST_J_2021_ALLPMODS_wrapper.xsa
TRACE::2026-01-04.21:58:19::SCWPlatform::DSA absoulate path F:/Advanced_Hardware_Engineering/Vivado_2021/Workspace/ALL_PMODS/All_PMods_Platform/hw/TEST_J_2021_ALLPMODS_wrapper.xsa
TRACE::2026-01-04.21:58:19::SCWPlatform::DSA directory F:/Advanced_Hardware_Engineering/Vivado_2021/Workspace/ALL_PMODS/All_PMods_Platform/hw
TRACE::2026-01-04.21:58:19::SCWPlatform:: Platform Path F:/Advanced_Hardware_Engineering/Vivado_2021/Workspace/ALL_PMODS/All_PMods_Platform/hw/TEST_J_2021_ALLPMODS_wrapper.xsa
TRACE::2026-01-04.21:58:19::SCWPlatform:: Unique name xilinx:nexys-a7-100t::0.0
TRACE::2026-01-04.21:58:19::SCWPlatform::Trying to set the existing hwdb with name TEST_J_2021_ALLPMODS_wrapper_0
TRACE::2026-01-04.21:58:19::SCWPlatform::Opened existing hwdb TEST_J_2021_ALLPMODS_wrapper_0
TRACE::2026-01-04.21:58:19::SCWPlatform::Found the Hw Db part of the input DSA
TRACE::2026-01-04.21:58:19::SCWMssOS::Checking the sw design at  F:/Advanced_Hardware_Engineering/Vivado_2021/Workspace/ALL_PMODS/All_PMods_Platform/microblaze_0/standalone_domain/bsp/system.mss
TRACE::2026-01-04.21:58:19::SCWMssOS::DEBUG:  swdes dump  F:/Advanced_Hardware_Engineering/Vivado_2021/Workspace/ALL_PMODS/All_PMods_Platform/microblaze_0/standalone_domain/bsp/system.mss|system||

TRACE::2026-01-04.21:58:19::SCWMssOS::Sw design exists and opened at  F:/Advanced_Hardware_Engineering/Vivado_2021/Workspace/ALL_PMODS/All_PMods_Platform/microblaze_0/standalone_domain/bsp/system.mss
TRACE::2026-01-04.21:58:19::SCWPlatform::Trying to open the hw design at F:/Advanced_Hardware_Engineering/Vivado_2021/Workspace/ALL_PMODS/All_PMods_Platform/hw/TEST_J_2021_ALLPMODS_wrapper.xsa
TRACE::2026-01-04.21:58:19::SCWPlatform::DSA given F:/Advanced_Hardware_Engineering/Vivado_2021/Workspace/ALL_PMODS/All_PMods_Platform/hw/TEST_J_2021_ALLPMODS_wrapper.xsa
TRACE::2026-01-04.21:58:19::SCWPlatform::DSA absoulate path F:/Advanced_Hardware_Engineering/Vivado_2021/Workspace/ALL_PMODS/All_PMods_Platform/hw/TEST_J_2021_ALLPMODS_wrapper.xsa
TRACE::2026-01-04.21:58:19::SCWPlatform::DSA directory F:/Advanced_Hardware_Engineering/Vivado_2021/Workspace/ALL_PMODS/All_PMods_Platform/hw
TRACE::2026-01-04.21:58:19::SCWPlatform:: Platform Path F:/Advanced_Hardware_Engineering/Vivado_2021/Workspace/ALL_PMODS/All_PMods_Platform/hw/TEST_J_2021_ALLPMODS_wrapper.xsa
TRACE::2026-01-04.21:58:19::SCWPlatform:: Unique name xilinx:nexys-a7-100t::0.0
TRACE::2026-01-04.21:58:19::SCWPlatform::Trying to set the existing hwdb with name TEST_J_2021_ALLPMODS_wrapper_0
TRACE::2026-01-04.21:58:19::SCWPlatform::Opened existing hwdb TEST_J_2021_ALLPMODS_wrapper_0
TRACE::2026-01-04.21:58:19::SCWPlatform::Found the Hw Db part of the input DSA
TRACE::2026-01-04.21:58:19::SCWMssOS::Checking the sw design at  F:/Advanced_Hardware_Engineering/Vivado_2021/Workspace/ALL_PMODS/All_PMods_Platform/microblaze_0/standalone_domain/bsp/system.mss
TRACE::2026-01-04.21:58:19::SCWMssOS::DEBUG:  swdes dump  F:/Advanced_Hardware_Engineering/Vivado_2021/Workspace/ALL_PMODS/All_PMods_Platform/microblaze_0/standalone_domain/bsp/system.mss|system||

TRACE::2026-01-04.21:58:19::SCWMssOS::Sw design exists and opened at  F:/Advanced_Hardware_Engineering/Vivado_2021/Workspace/ALL_PMODS/All_PMods_Platform/microblaze_0/standalone_domain/bsp/system.mss
TRACE::2026-01-04.21:58:19::SCWPlatform::Trying to open the hw design at F:/Advanced_Hardware_Engineering/Vivado_2021/Workspace/ALL_PMODS/All_PMods_Platform/hw/TEST_J_2021_ALLPMODS_wrapper.xsa
TRACE::2026-01-04.21:58:19::SCWPlatform::DSA given F:/Advanced_Hardware_Engineering/Vivado_2021/Workspace/ALL_PMODS/All_PMods_Platform/hw/TEST_J_2021_ALLPMODS_wrapper.xsa
TRACE::2026-01-04.21:58:19::SCWPlatform::DSA absoulate path F:/Advanced_Hardware_Engineering/Vivado_2021/Workspace/ALL_PMODS/All_PMods_Platform/hw/TEST_J_2021_ALLPMODS_wrapper.xsa
TRACE::2026-01-04.21:58:19::SCWPlatform::DSA directory F:/Advanced_Hardware_Engineering/Vivado_2021/Workspace/ALL_PMODS/All_PMods_Platform/hw
TRACE::2026-01-04.21:58:19::SCWPlatform:: Platform Path F:/Advanced_Hardware_Engineering/Vivado_2021/Workspace/ALL_PMODS/All_PMods_Platform/hw/TEST_J_2021_ALLPMODS_wrapper.xsa
TRACE::2026-01-04.21:58:19::SCWPlatform:: Unique name xilinx:nexys-a7-100t::0.0
TRACE::2026-01-04.21:58:19::SCWPlatform::Trying to set the existing hwdb with name TEST_J_2021_ALLPMODS_wrapper_0
TRACE::2026-01-04.21:58:19::SCWPlatform::Opened existing hwdb TEST_J_2021_ALLPMODS_wrapper_0
TRACE::2026-01-04.21:58:19::SCWPlatform::Found the Hw Db part of the input DSA
TRACE::2026-01-04.21:58:19::SCWMssOS::Checking the sw design at  F:/Advanced_Hardware_Engineering/Vivado_2021/Workspace/ALL_PMODS/All_PMods_Platform/microblaze_0/standalone_domain/bsp/system.mss
TRACE::2026-01-04.21:58:19::SCWMssOS::DEBUG:  swdes dump  F:/Advanced_Hardware_Engineering/Vivado_2021/Workspace/ALL_PMODS/All_PMods_Platform/microblaze_0/standalone_domain/bsp/system.mss|system||

TRACE::2026-01-04.21:58:19::SCWMssOS::Sw design exists and opened at  F:/Advanced_Hardware_Engineering/Vivado_2021/Workspace/ALL_PMODS/All_PMods_Platform/microblaze_0/standalone_domain/bsp/system.mss
TRACE::2026-01-04.21:58:19::SCWWriter::formatted JSON is {
	"platformName":	"All_PMods_Platform",
	"sprVersion":	"2.0",
	"mode":	"gui",
	"dsaType":	"Fixed",
	"platformDesc":	"All_PMods_Platform",
	"platHandOff":	"F:/Advanced_Hardware_Engineering/Vivado_2021/TEST_J_2021_ALLPMODS/TEST_J_2021_ALLPMODS/TEST_J_2021_ALLPMODS_wrapper.xsa",
	"platIntHandOff":	"<platformDir>/hw/TEST_J_2021_ALLPMODS_wrapper.xsa",
	"deviceType":	"FPGA",
	"platIsPrebuiltAutogen":	"false",
	"platIsNoBootBsp":	"false",
	"hasFsblMakeHasChanges":	"false",
	"hasPmufwMakeHasChanges":	"false",
	"platPreBuiltFlag":	false,
	"platformSamplesDir":	"",
	"platActiveSys":	"All_PMods_Platform",
	"systems":	[{
			"systemName":	"All_PMods_Platform",
			"systemDesc":	"All_PMods_Platform",
			"sysIsBootAutoGen":	"true",
			"systemDispName":	"All_PMods_Platform",
			"sysActiveDom":	"standalone_domain",
			"sysDefaultDom":	"standalone_domain",
			"domains":	[{
					"domainName":	"standalone_domain",
					"domainDispName":	"standalone_domain",
					"domainDesc":	"standalone_domain",
					"processors":	"microblaze_0",
					"os":	"standalone",
					"sdxOs":	"standalone",
					"debugEnable":	"False",
					"domRuntimes":	["cpp"],
					"swRepo":	"",
					"mssOsVer":	"7.6",
					"mssFile":	"",
					"md5Digest":	"20e6946f2494afee0dccc84a368ff156",
					"compatibleApp":	"",
					"domType":	"mssDomain",
					"arch":	"32-bit",
					"appSettings":	{
						"appCompilerFlags":	"",
						"appLinkerFlags":	""
					},
					"addedLibs":	[],
					"libOptions":	{
						"libsContainingOptions":	[]
					},
					"prebuiltLibs":	{
						"prebuiltIncPath":	[],
						"prebuiltLibPath":	[]
					},
					"isolation":	{
					}
				}]
		}]
}
TRACE::2026-01-04.21:58:19::SCWPlatform::Trying to open the hw design at F:/Advanced_Hardware_Engineering/Vivado_2021/Workspace/ALL_PMODS/All_PMods_Platform/hw/TEST_J_2021_ALLPMODS_wrapper.xsa
TRACE::2026-01-04.21:58:19::SCWPlatform::DSA given F:/Advanced_Hardware_Engineering/Vivado_2021/Workspace/ALL_PMODS/All_PMods_Platform/hw/TEST_J_2021_ALLPMODS_wrapper.xsa
TRACE::2026-01-04.21:58:19::SCWPlatform::DSA absoulate path F:/Advanced_Hardware_Engineering/Vivado_2021/Workspace/ALL_PMODS/All_PMods_Platform/hw/TEST_J_2021_ALLPMODS_wrapper.xsa
TRACE::2026-01-04.21:58:19::SCWPlatform::DSA directory F:/Advanced_Hardware_Engineering/Vivado_2021/Workspace/ALL_PMODS/All_PMods_Platform/hw
TRACE::2026-01-04.21:58:19::SCWPlatform:: Platform Path F:/Advanced_Hardware_Engineering/Vivado_2021/Workspace/ALL_PMODS/All_PMods_Platform/hw/TEST_J_2021_ALLPMODS_wrapper.xsa
TRACE::2026-01-04.21:58:19::SCWPlatform:: Unique name xilinx:nexys-a7-100t::0.0
TRACE::2026-01-04.21:58:19::SCWPlatform::Trying to set the existing hwdb with name TEST_J_2021_ALLPMODS_wrapper_0
TRACE::2026-01-04.21:58:19::SCWPlatform::Opened existing hwdb TEST_J_2021_ALLPMODS_wrapper_0
TRACE::2026-01-04.21:58:19::SCWPlatform::Found the Hw Db part of the input DSA
TRACE::2026-01-04.21:58:19::SCWMssOS::Checking the sw design at  F:/Advanced_Hardware_Engineering/Vivado_2021/Workspace/ALL_PMODS/All_PMods_Platform/microblaze_0/standalone_domain/bsp/system.mss
TRACE::2026-01-04.21:58:19::SCWMssOS::DEBUG:  swdes dump  F:/Advanced_Hardware_Engineering/Vivado_2021/Workspace/ALL_PMODS/All_PMods_Platform/microblaze_0/standalone_domain/bsp/system.mss|system||

TRACE::2026-01-04.21:58:19::SCWMssOS::Sw design exists and opened at  F:/Advanced_Hardware_Engineering/Vivado_2021/Workspace/ALL_PMODS/All_PMods_Platform/microblaze_0/standalone_domain/bsp/system.mss
TRACE::2026-01-04.21:58:19::SCWPlatform::Trying to open the hw design at F:/Advanced_Hardware_Engineering/Vivado_2021/Workspace/ALL_PMODS/All_PMods_Platform/hw/TEST_J_2021_ALLPMODS_wrapper.xsa
TRACE::2026-01-04.21:58:19::SCWPlatform::DSA given F:/Advanced_Hardware_Engineering/Vivado_2021/Workspace/ALL_PMODS/All_PMods_Platform/hw/TEST_J_2021_ALLPMODS_wrapper.xsa
TRACE::2026-01-04.21:58:19::SCWPlatform::DSA absoulate path F:/Advanced_Hardware_Engineering/Vivado_2021/Workspace/ALL_PMODS/All_PMods_Platform/hw/TEST_J_2021_ALLPMODS_wrapper.xsa
TRACE::2026-01-04.21:58:19::SCWPlatform::DSA directory F:/Advanced_Hardware_Engineering/Vivado_2021/Workspace/ALL_PMODS/All_PMods_Platform/hw
TRACE::2026-01-04.21:58:19::SCWPlatform:: Platform Path F:/Advanced_Hardware_Engineering/Vivado_2021/Workspace/ALL_PMODS/All_PMods_Platform/hw/TEST_J_2021_ALLPMODS_wrapper.xsa
TRACE::2026-01-04.21:58:19::SCWPlatform:: Unique name xilinx:nexys-a7-100t::0.0
TRACE::2026-01-04.21:58:19::SCWPlatform::Trying to set the existing hwdb with name TEST_J_2021_ALLPMODS_wrapper_0
TRACE::2026-01-04.21:58:19::SCWPlatform::Opened existing hwdb TEST_J_2021_ALLPMODS_wrapper_0
TRACE::2026-01-04.21:58:19::SCWPlatform::Found the Hw Db part of the input DSA
TRACE::2026-01-04.21:58:19::SCWMssOS::Checking the sw design at  F:/Advanced_Hardware_Engineering/Vivado_2021/Workspace/ALL_PMODS/All_PMods_Platform/microblaze_0/standalone_domain/bsp/system.mss
TRACE::2026-01-04.21:58:19::SCWMssOS::DEBUG:  swdes dump  F:/Advanced_Hardware_Engineering/Vivado_2021/Workspace/ALL_PMODS/All_PMods_Platform/microblaze_0/standalone_domain/bsp/system.mss|system||

TRACE::2026-01-04.21:58:19::SCWMssOS::Sw design exists and opened at  F:/Advanced_Hardware_Engineering/Vivado_2021/Workspace/ALL_PMODS/All_PMods_Platform/microblaze_0/standalone_domain/bsp/system.mss
TRACE::2026-01-04.21:58:19::SCWPlatform::Trying to open the hw design at F:/Advanced_Hardware_Engineering/Vivado_2021/Workspace/ALL_PMODS/All_PMods_Platform/hw/TEST_J_2021_ALLPMODS_wrapper.xsa
TRACE::2026-01-04.21:58:19::SCWPlatform::DSA given F:/Advanced_Hardware_Engineering/Vivado_2021/Workspace/ALL_PMODS/All_PMods_Platform/hw/TEST_J_2021_ALLPMODS_wrapper.xsa
TRACE::2026-01-04.21:58:19::SCWPlatform::DSA absoulate path F:/Advanced_Hardware_Engineering/Vivado_2021/Workspace/ALL_PMODS/All_PMods_Platform/hw/TEST_J_2021_ALLPMODS_wrapper.xsa
TRACE::2026-01-04.21:58:19::SCWPlatform::DSA directory F:/Advanced_Hardware_Engineering/Vivado_2021/Workspace/ALL_PMODS/All_PMods_Platform/hw
TRACE::2026-01-04.21:58:19::SCWPlatform:: Platform Path F:/Advanced_Hardware_Engineering/Vivado_2021/Workspace/ALL_PMODS/All_PMods_Platform/hw/TEST_J_2021_ALLPMODS_wrapper.xsa
TRACE::2026-01-04.21:58:19::SCWPlatform:: Unique name xilinx:nexys-a7-100t::0.0
TRACE::2026-01-04.21:58:19::SCWPlatform::Trying to set the existing hwdb with name TEST_J_2021_ALLPMODS_wrapper_0
TRACE::2026-01-04.21:58:19::SCWPlatform::Opened existing hwdb TEST_J_2021_ALLPMODS_wrapper_0
TRACE::2026-01-04.21:58:19::SCWPlatform::Found the Hw Db part of the input DSA
TRACE::2026-01-04.21:58:19::SCWMssOS::Checking the sw design at  F:/Advanced_Hardware_Engineering/Vivado_2021/Workspace/ALL_PMODS/All_PMods_Platform/microblaze_0/standalone_domain/bsp/system.mss
TRACE::2026-01-04.21:58:19::SCWMssOS::DEBUG:  swdes dump  F:/Advanced_Hardware_Engineering/Vivado_2021/Workspace/ALL_PMODS/All_PMods_Platform/microblaze_0/standalone_domain/bsp/system.mss|system||

TRACE::2026-01-04.21:58:19::SCWMssOS::Sw design exists and opened at  F:/Advanced_Hardware_Engineering/Vivado_2021/Workspace/ALL_PMODS/All_PMods_Platform/microblaze_0/standalone_domain/bsp/system.mss
TRACE::2026-01-04.21:58:19::SCWMssOS::Saving the mss changes F:/Advanced_Hardware_Engineering/Vivado_2021/Workspace/ALL_PMODS/All_PMods_Platform/microblaze_0/standalone_domain/bsp/system.mss
TRACE::2026-01-04.21:58:19::SCWMssOS::Found a swdesign opened with the mssfile.
TRACE::2026-01-04.21:58:19::SCWMssOS::Completed writemss as part of save.
TRACE::2026-01-04.21:58:19::SCWMssOS::Commit changes completed.
TRACE::2026-01-04.21:58:19::SCWPlatform::Trying to open the hw design at F:/Advanced_Hardware_Engineering/Vivado_2021/Workspace/ALL_PMODS/All_PMods_Platform/hw/TEST_J_2021_ALLPMODS_wrapper.xsa
TRACE::2026-01-04.21:58:19::SCWPlatform::DSA given F:/Advanced_Hardware_Engineering/Vivado_2021/Workspace/ALL_PMODS/All_PMods_Platform/hw/TEST_J_2021_ALLPMODS_wrapper.xsa
TRACE::2026-01-04.21:58:19::SCWPlatform::DSA absoulate path F:/Advanced_Hardware_Engineering/Vivado_2021/Workspace/ALL_PMODS/All_PMods_Platform/hw/TEST_J_2021_ALLPMODS_wrapper.xsa
TRACE::2026-01-04.21:58:19::SCWPlatform::DSA directory F:/Advanced_Hardware_Engineering/Vivado_2021/Workspace/ALL_PMODS/All_PMods_Platform/hw
TRACE::2026-01-04.21:58:19::SCWPlatform:: Platform Path F:/Advanced_Hardware_Engineering/Vivado_2021/Workspace/ALL_PMODS/All_PMods_Platform/hw/TEST_J_2021_ALLPMODS_wrapper.xsa
TRACE::2026-01-04.21:58:19::SCWPlatform:: Unique name xilinx:nexys-a7-100t::0.0
TRACE::2026-01-04.21:58:19::SCWPlatform::Trying to set the existing hwdb with name TEST_J_2021_ALLPMODS_wrapper_0
TRACE::2026-01-04.21:58:19::SCWPlatform::Opened existing hwdb TEST_J_2021_ALLPMODS_wrapper_0
TRACE::2026-01-04.21:58:19::SCWPlatform::Found the Hw Db part of the input DSA
TRACE::2026-01-04.21:58:19::SCWMssOS::Checking the sw design at  F:/Advanced_Hardware_Engineering/Vivado_2021/Workspace/ALL_PMODS/All_PMods_Platform/microblaze_0/standalone_domain/bsp/system.mss
TRACE::2026-01-04.21:58:19::SCWMssOS::DEBUG:  swdes dump  F:/Advanced_Hardware_Engineering/Vivado_2021/Workspace/ALL_PMODS/All_PMods_Platform/microblaze_0/standalone_domain/bsp/system.mss|system||

TRACE::2026-01-04.21:58:19::SCWMssOS::Sw design exists and opened at  F:/Advanced_Hardware_Engineering/Vivado_2021/Workspace/ALL_PMODS/All_PMods_Platform/microblaze_0/standalone_domain/bsp/system.mss
TRACE::2026-01-04.21:58:19::SCWPlatform::Trying to open the hw design at F:/Advanced_Hardware_Engineering/Vivado_2021/Workspace/ALL_PMODS/All_PMods_Platform/hw/TEST_J_2021_ALLPMODS_wrapper.xsa
TRACE::2026-01-04.21:58:19::SCWPlatform::DSA given F:/Advanced_Hardware_Engineering/Vivado_2021/Workspace/ALL_PMODS/All_PMods_Platform/hw/TEST_J_2021_ALLPMODS_wrapper.xsa
TRACE::2026-01-04.21:58:19::SCWPlatform::DSA absoulate path F:/Advanced_Hardware_Engineering/Vivado_2021/Workspace/ALL_PMODS/All_PMods_Platform/hw/TEST_J_2021_ALLPMODS_wrapper.xsa
TRACE::2026-01-04.21:58:19::SCWPlatform::DSA directory F:/Advanced_Hardware_Engineering/Vivado_2021/Workspace/ALL_PMODS/All_PMods_Platform/hw
TRACE::2026-01-04.21:58:19::SCWPlatform:: Platform Path F:/Advanced_Hardware_Engineering/Vivado_2021/Workspace/ALL_PMODS/All_PMods_Platform/hw/TEST_J_2021_ALLPMODS_wrapper.xsa
TRACE::2026-01-04.21:58:19::SCWPlatform:: Unique name xilinx:nexys-a7-100t::0.0
TRACE::2026-01-04.21:58:19::SCWPlatform::Trying to set the existing hwdb with name TEST_J_2021_ALLPMODS_wrapper_0
TRACE::2026-01-04.21:58:19::SCWPlatform::Opened existing hwdb TEST_J_2021_ALLPMODS_wrapper_0
TRACE::2026-01-04.21:58:19::SCWPlatform::Found the Hw Db part of the input DSA
TRACE::2026-01-04.21:58:19::SCWMssOS::Checking the sw design at  F:/Advanced_Hardware_Engineering/Vivado_2021/Workspace/ALL_PMODS/All_PMods_Platform/microblaze_0/standalone_domain/bsp/system.mss
TRACE::2026-01-04.21:58:19::SCWMssOS::DEBUG:  swdes dump  F:/Advanced_Hardware_Engineering/Vivado_2021/Workspace/ALL_PMODS/All_PMods_Platform/microblaze_0/standalone_domain/bsp/system.mss|system||

TRACE::2026-01-04.21:58:19::SCWMssOS::Sw design exists and opened at  F:/Advanced_Hardware_Engineering/Vivado_2021/Workspace/ALL_PMODS/All_PMods_Platform/microblaze_0/standalone_domain/bsp/system.mss
TRACE::2026-01-04.21:58:19::SCWPlatform::Trying to open the hw design at F:/Advanced_Hardware_Engineering/Vivado_2021/Workspace/ALL_PMODS/All_PMods_Platform/hw/TEST_J_2021_ALLPMODS_wrapper.xsa
TRACE::2026-01-04.21:58:19::SCWPlatform::DSA given F:/Advanced_Hardware_Engineering/Vivado_2021/Workspace/ALL_PMODS/All_PMods_Platform/hw/TEST_J_2021_ALLPMODS_wrapper.xsa
TRACE::2026-01-04.21:58:19::SCWPlatform::DSA absoulate path F:/Advanced_Hardware_Engineering/Vivado_2021/Workspace/ALL_PMODS/All_PMods_Platform/hw/TEST_J_2021_ALLPMODS_wrapper.xsa
TRACE::2026-01-04.21:58:19::SCWPlatform::DSA directory F:/Advanced_Hardware_Engineering/Vivado_2021/Workspace/ALL_PMODS/All_PMods_Platform/hw
TRACE::2026-01-04.21:58:19::SCWPlatform:: Platform Path F:/Advanced_Hardware_Engineering/Vivado_2021/Workspace/ALL_PMODS/All_PMods_Platform/hw/TEST_J_2021_ALLPMODS_wrapper.xsa
TRACE::2026-01-04.21:58:19::SCWPlatform:: Unique name xilinx:nexys-a7-100t::0.0
TRACE::2026-01-04.21:58:19::SCWPlatform::Trying to set the existing hwdb with name TEST_J_2021_ALLPMODS_wrapper_0
TRACE::2026-01-04.21:58:19::SCWPlatform::Opened existing hwdb TEST_J_2021_ALLPMODS_wrapper_0
TRACE::2026-01-04.21:58:19::SCWPlatform::Found the Hw Db part of the input DSA
TRACE::2026-01-04.21:58:19::SCWMssOS::Checking the sw design at  F:/Advanced_Hardware_Engineering/Vivado_2021/Workspace/ALL_PMODS/All_PMods_Platform/microblaze_0/standalone_domain/bsp/system.mss
TRACE::2026-01-04.21:58:19::SCWMssOS::DEBUG:  swdes dump  F:/Advanced_Hardware_Engineering/Vivado_2021/Workspace/ALL_PMODS/All_PMods_Platform/microblaze_0/standalone_domain/bsp/system.mss|system||

TRACE::2026-01-04.21:58:19::SCWMssOS::Sw design exists and opened at  F:/Advanced_Hardware_Engineering/Vivado_2021/Workspace/ALL_PMODS/All_PMods_Platform/microblaze_0/standalone_domain/bsp/system.mss
TRACE::2026-01-04.21:58:19::SCWWriter::formatted JSON is {
	"platformName":	"All_PMods_Platform",
	"sprVersion":	"2.0",
	"mode":	"gui",
	"dsaType":	"Fixed",
	"platformDesc":	"All_PMods_Platform",
	"platHandOff":	"F:/Advanced_Hardware_Engineering/Vivado_2021/TEST_J_2021_ALLPMODS/TEST_J_2021_ALLPMODS/TEST_J_2021_ALLPMODS_wrapper.xsa",
	"platIntHandOff":	"<platformDir>/hw/TEST_J_2021_ALLPMODS_wrapper.xsa",
	"deviceType":	"FPGA",
	"platIsPrebuiltAutogen":	"false",
	"platIsNoBootBsp":	"false",
	"hasFsblMakeHasChanges":	"false",
	"hasPmufwMakeHasChanges":	"false",
	"platPreBuiltFlag":	false,
	"platformSamplesDir":	"",
	"platActiveSys":	"All_PMods_Platform",
	"systems":	[{
			"systemName":	"All_PMods_Platform",
			"systemDesc":	"All_PMods_Platform",
			"sysIsBootAutoGen":	"true",
			"systemDispName":	"All_PMods_Platform",
			"sysActiveDom":	"standalone_domain",
			"sysDefaultDom":	"standalone_domain",
			"domains":	[{
					"domainName":	"standalone_domain",
					"domainDispName":	"standalone on microblaze_0",
					"domainDesc":	"standalone_domain",
					"processors":	"microblaze_0",
					"os":	"standalone",
					"sdxOs":	"standalone",
					"debugEnable":	"False",
					"domRuntimes":	["cpp"],
					"swRepo":	"",
					"mssOsVer":	"7.6",
					"mssFile":	"",
					"md5Digest":	"20e6946f2494afee0dccc84a368ff156",
					"compatibleApp":	"",
					"domType":	"mssDomain",
					"arch":	"32-bit",
					"appSettings":	{
						"appCompilerFlags":	"",
						"appLinkerFlags":	""
					},
					"addedLibs":	[],
					"libOptions":	{
						"libsContainingOptions":	[]
					},
					"prebuiltLibs":	{
						"prebuiltIncPath":	[],
						"prebuiltLibPath":	[]
					},
					"isolation":	{
					}
				}]
		}]
}
TRACE::2026-01-04.21:58:19::SCWMssOS::Saving the mss changes F:/Advanced_Hardware_Engineering/Vivado_2021/Workspace/ALL_PMODS/All_PMods_Platform/microblaze_0/standalone_domain/bsp/system.mss
TRACE::2026-01-04.21:58:19::SCWMssOS::Found a swdesign opened with the mssfile.
TRACE::2026-01-04.21:58:19::SCWMssOS::Completed writemss as part of save.
TRACE::2026-01-04.21:58:19::SCWMssOS::Commit changes completed.
TRACE::2026-01-04.21:58:19::SCWPlatform::Trying to open the hw design at F:/Advanced_Hardware_Engineering/Vivado_2021/Workspace/ALL_PMODS/All_PMods_Platform/hw/TEST_J_2021_ALLPMODS_wrapper.xsa
TRACE::2026-01-04.21:58:19::SCWPlatform::DSA given F:/Advanced_Hardware_Engineering/Vivado_2021/Workspace/ALL_PMODS/All_PMods_Platform/hw/TEST_J_2021_ALLPMODS_wrapper.xsa
TRACE::2026-01-04.21:58:19::SCWPlatform::DSA absoulate path F:/Advanced_Hardware_Engineering/Vivado_2021/Workspace/ALL_PMODS/All_PMods_Platform/hw/TEST_J_2021_ALLPMODS_wrapper.xsa
TRACE::2026-01-04.21:58:19::SCWPlatform::DSA directory F:/Advanced_Hardware_Engineering/Vivado_2021/Workspace/ALL_PMODS/All_PMods_Platform/hw
TRACE::2026-01-04.21:58:19::SCWPlatform:: Platform Path F:/Advanced_Hardware_Engineering/Vivado_2021/Workspace/ALL_PMODS/All_PMods_Platform/hw/TEST_J_2021_ALLPMODS_wrapper.xsa
TRACE::2026-01-04.21:58:19::SCWPlatform:: Unique name xilinx:nexys-a7-100t::0.0
TRACE::2026-01-04.21:58:19::SCWPlatform::Trying to set the existing hwdb with name TEST_J_2021_ALLPMODS_wrapper_0
TRACE::2026-01-04.21:58:19::SCWPlatform::Opened existing hwdb TEST_J_2021_ALLPMODS_wrapper_0
TRACE::2026-01-04.21:58:19::SCWPlatform::Found the Hw Db part of the input DSA
TRACE::2026-01-04.21:58:19::SCWMssOS::Checking the sw design at  F:/Advanced_Hardware_Engineering/Vivado_2021/Workspace/ALL_PMODS/All_PMods_Platform/microblaze_0/standalone_domain/bsp/system.mss
TRACE::2026-01-04.21:58:19::SCWMssOS::DEBUG:  swdes dump  F:/Advanced_Hardware_Engineering/Vivado_2021/Workspace/ALL_PMODS/All_PMods_Platform/microblaze_0/standalone_domain/bsp/system.mss|system||

TRACE::2026-01-04.21:58:19::SCWMssOS::Sw design exists and opened at  F:/Advanced_Hardware_Engineering/Vivado_2021/Workspace/ALL_PMODS/All_PMods_Platform/microblaze_0/standalone_domain/bsp/system.mss
TRACE::2026-01-04.21:58:19::SCWPlatform::Trying to open the hw design at F:/Advanced_Hardware_Engineering/Vivado_2021/Workspace/ALL_PMODS/All_PMods_Platform/hw/TEST_J_2021_ALLPMODS_wrapper.xsa
TRACE::2026-01-04.21:58:19::SCWPlatform::DSA given F:/Advanced_Hardware_Engineering/Vivado_2021/Workspace/ALL_PMODS/All_PMods_Platform/hw/TEST_J_2021_ALLPMODS_wrapper.xsa
TRACE::2026-01-04.21:58:19::SCWPlatform::DSA absoulate path F:/Advanced_Hardware_Engineering/Vivado_2021/Workspace/ALL_PMODS/All_PMods_Platform/hw/TEST_J_2021_ALLPMODS_wrapper.xsa
TRACE::2026-01-04.21:58:19::SCWPlatform::DSA directory F:/Advanced_Hardware_Engineering/Vivado_2021/Workspace/ALL_PMODS/All_PMods_Platform/hw
TRACE::2026-01-04.21:58:19::SCWPlatform:: Platform Path F:/Advanced_Hardware_Engineering/Vivado_2021/Workspace/ALL_PMODS/All_PMods_Platform/hw/TEST_J_2021_ALLPMODS_wrapper.xsa
TRACE::2026-01-04.21:58:19::SCWPlatform:: Unique name xilinx:nexys-a7-100t::0.0
TRACE::2026-01-04.21:58:19::SCWPlatform::Trying to set the existing hwdb with name TEST_J_2021_ALLPMODS_wrapper_0
TRACE::2026-01-04.21:58:19::SCWPlatform::Opened existing hwdb TEST_J_2021_ALLPMODS_wrapper_0
TRACE::2026-01-04.21:58:19::SCWPlatform::Found the Hw Db part of the input DSA
TRACE::2026-01-04.21:58:19::SCWMssOS::Checking the sw design at  F:/Advanced_Hardware_Engineering/Vivado_2021/Workspace/ALL_PMODS/All_PMods_Platform/microblaze_0/standalone_domain/bsp/system.mss
TRACE::2026-01-04.21:58:19::SCWMssOS::DEBUG:  swdes dump  F:/Advanced_Hardware_Engineering/Vivado_2021/Workspace/ALL_PMODS/All_PMods_Platform/microblaze_0/standalone_domain/bsp/system.mss|system||

TRACE::2026-01-04.21:58:19::SCWMssOS::Sw design exists and opened at  F:/Advanced_Hardware_Engineering/Vivado_2021/Workspace/ALL_PMODS/All_PMods_Platform/microblaze_0/standalone_domain/bsp/system.mss
TRACE::2026-01-04.21:58:19::SCWPlatform::Trying to open the hw design at F:/Advanced_Hardware_Engineering/Vivado_2021/Workspace/ALL_PMODS/All_PMods_Platform/hw/TEST_J_2021_ALLPMODS_wrapper.xsa
TRACE::2026-01-04.21:58:19::SCWPlatform::DSA given F:/Advanced_Hardware_Engineering/Vivado_2021/Workspace/ALL_PMODS/All_PMods_Platform/hw/TEST_J_2021_ALLPMODS_wrapper.xsa
TRACE::2026-01-04.21:58:19::SCWPlatform::DSA absoulate path F:/Advanced_Hardware_Engineering/Vivado_2021/Workspace/ALL_PMODS/All_PMods_Platform/hw/TEST_J_2021_ALLPMODS_wrapper.xsa
TRACE::2026-01-04.21:58:19::SCWPlatform::DSA directory F:/Advanced_Hardware_Engineering/Vivado_2021/Workspace/ALL_PMODS/All_PMods_Platform/hw
TRACE::2026-01-04.21:58:19::SCWPlatform:: Platform Path F:/Advanced_Hardware_Engineering/Vivado_2021/Workspace/ALL_PMODS/All_PMods_Platform/hw/TEST_J_2021_ALLPMODS_wrapper.xsa
TRACE::2026-01-04.21:58:19::SCWPlatform:: Unique name xilinx:nexys-a7-100t::0.0
TRACE::2026-01-04.21:58:19::SCWPlatform::Trying to set the existing hwdb with name TEST_J_2021_ALLPMODS_wrapper_0
TRACE::2026-01-04.21:58:19::SCWPlatform::Opened existing hwdb TEST_J_2021_ALLPMODS_wrapper_0
TRACE::2026-01-04.21:58:19::SCWPlatform::Found the Hw Db part of the input DSA
TRACE::2026-01-04.21:58:19::SCWMssOS::Checking the sw design at  F:/Advanced_Hardware_Engineering/Vivado_2021/Workspace/ALL_PMODS/All_PMods_Platform/microblaze_0/standalone_domain/bsp/system.mss
TRACE::2026-01-04.21:58:19::SCWMssOS::DEBUG:  swdes dump  F:/Advanced_Hardware_Engineering/Vivado_2021/Workspace/ALL_PMODS/All_PMods_Platform/microblaze_0/standalone_domain/bsp/system.mss|system||

TRACE::2026-01-04.21:58:19::SCWMssOS::Sw design exists and opened at  F:/Advanced_Hardware_Engineering/Vivado_2021/Workspace/ALL_PMODS/All_PMods_Platform/microblaze_0/standalone_domain/bsp/system.mss
TRACE::2026-01-04.21:58:19::SCWWriter::formatted JSON is {
	"platformName":	"All_PMods_Platform",
	"sprVersion":	"2.0",
	"mode":	"gui",
	"dsaType":	"Fixed",
	"platformDesc":	"All_PMods_Platform",
	"platHandOff":	"F:/Advanced_Hardware_Engineering/Vivado_2021/TEST_J_2021_ALLPMODS/TEST_J_2021_ALLPMODS/TEST_J_2021_ALLPMODS_wrapper.xsa",
	"platIntHandOff":	"<platformDir>/hw/TEST_J_2021_ALLPMODS_wrapper.xsa",
	"deviceType":	"FPGA",
	"platIsPrebuiltAutogen":	"false",
	"platIsNoBootBsp":	"false",
	"hasFsblMakeHasChanges":	"false",
	"hasPmufwMakeHasChanges":	"false",
	"platPreBuiltFlag":	false,
	"platformSamplesDir":	"",
	"platActiveSys":	"All_PMods_Platform",
	"systems":	[{
			"systemName":	"All_PMods_Platform",
			"systemDesc":	"All_PMods_Platform",
			"sysIsBootAutoGen":	"true",
			"systemDispName":	"All_PMods_Platform",
			"sysActiveDom":	"standalone_domain",
			"sysDefaultDom":	"standalone_domain",
			"domains":	[{
					"domainName":	"standalone_domain",
					"domainDispName":	"standalone on microblaze_0",
					"domainDesc":	"standalone_domain",
					"processors":	"microblaze_0",
					"os":	"standalone",
					"sdxOs":	"standalone",
					"debugEnable":	"False",
					"domRuntimes":	["cpp"],
					"swRepo":	"",
					"mssOsVer":	"7.6",
					"mssFile":	"",
					"md5Digest":	"20e6946f2494afee0dccc84a368ff156",
					"compatibleApp":	"",
					"domType":	"mssDomain",
					"arch":	"32-bit",
					"appSettings":	{
						"appCompilerFlags":	"",
						"appLinkerFlags":	""
					},
					"addedLibs":	[],
					"libOptions":	{
						"libsContainingOptions":	[]
					},
					"prebuiltLibs":	{
						"prebuiltIncPath":	[],
						"prebuiltLibPath":	[]
					},
					"isolation":	{
					}
				}]
		}]
}
TRACE::2026-01-04.21:58:19::SCWPlatform::Clearing the existing platform
TRACE::2026-01-04.21:58:19::SCWSystem::Clearing the existing sysconfig
TRACE::2026-01-04.21:58:19::SCWMssOS::Removing the swdes entry for  F:/Advanced_Hardware_Engineering/Vivado_2021/Workspace/ALL_PMODS/All_PMods_Platform/microblaze_0/standalone_domain/bsp/system.mss
TRACE::2026-01-04.21:58:19::SCWSystem::Clearing the domains completed.
TRACE::2026-01-04.21:58:19::SCWPlatform::Clearing the opened hw db.
TRACE::2026-01-04.21:58:19::SCWPlatform::DSA given F:/Advanced_Hardware_Engineering/Vivado_2021/Workspace/ALL_PMODS/All_PMods_Platform/hw/TEST_J_2021_ALLPMODS_wrapper.xsa
TRACE::2026-01-04.21:58:19::SCWPlatform::DSA absoulate path F:/Advanced_Hardware_Engineering/Vivado_2021/Workspace/ALL_PMODS/All_PMods_Platform/hw/TEST_J_2021_ALLPMODS_wrapper.xsa
TRACE::2026-01-04.21:58:19::SCWPlatform:: Platform location is F:/Advanced_Hardware_Engineering/Vivado_2021/Workspace/ALL_PMODS/All_PMods_Platform/hw
TRACE::2026-01-04.21:58:19::SCWPlatform:: Platform Path F:/Advanced_Hardware_Engineering/Vivado_2021/Workspace/ALL_PMODS/All_PMods_Platform/hw/TEST_J_2021_ALLPMODS_wrapper.xsa
TRACE::2026-01-04.21:58:19::SCWPlatform:: Unique name xilinx:nexys-a7-100t::0.0
TRACE::2026-01-04.21:58:19::SCWPlatform::Removing the HwDB with name F:/Advanced_Hardware_Engineering/Vivado_2021/Workspace/ALL_PMODS/All_PMods_Platform/hw/TEST_J_2021_ALLPMODS_wrapper.xsa
TRACE::2026-01-04.21:58:19::SCWPlatform::Trying to open the hw design at F:/Advanced_Hardware_Engineering/Vivado_2021/Workspace/ALL_PMODS/All_PMods_Platform/hw/TEST_J_2021_ALLPMODS_wrapper.xsa
TRACE::2026-01-04.21:58:19::SCWPlatform::DSA given F:/Advanced_Hardware_Engineering/Vivado_2021/Workspace/ALL_PMODS/All_PMods_Platform/hw/TEST_J_2021_ALLPMODS_wrapper.xsa
TRACE::2026-01-04.21:58:19::SCWPlatform::DSA absoulate path F:/Advanced_Hardware_Engineering/Vivado_2021/Workspace/ALL_PMODS/All_PMods_Platform/hw/TEST_J_2021_ALLPMODS_wrapper.xsa
TRACE::2026-01-04.21:58:19::SCWPlatform::DSA directory F:/Advanced_Hardware_Engineering/Vivado_2021/Workspace/ALL_PMODS/All_PMods_Platform/hw
TRACE::2026-01-04.21:58:19::SCWPlatform:: Platform Path F:/Advanced_Hardware_Engineering/Vivado_2021/Workspace/ALL_PMODS/All_PMods_Platform/hw/TEST_J_2021_ALLPMODS_wrapper.xsa
TRACE::2026-01-04.21:58:19::SCWPlatform:: Unique name xilinx:nexys-a7-100t::0.0
TRACE::2026-01-04.21:58:19::SCWPlatform::Do not have an existing db opened. 
TRACE::2026-01-04.21:58:20::SCWPlatform::Opened new HwDB with name TEST_J_2021_ALLPMODS_wrapper_1
TRACE::2026-01-04.21:58:20::SCWReader::Active system found as  All_PMods_Platform
TRACE::2026-01-04.21:58:20::SCWReader::Handling sysconfig All_PMods_Platform
TRACE::2026-01-04.21:58:20::SCWDomain::checking for install qemu data   : 
TRACE::2026-01-04.21:58:20::SCWPlatform::Trying to open the hw design at F:/Advanced_Hardware_Engineering/Vivado_2021/Workspace/ALL_PMODS/All_PMods_Platform/hw/TEST_J_2021_ALLPMODS_wrapper.xsa
TRACE::2026-01-04.21:58:20::SCWPlatform::DSA given F:/Advanced_Hardware_Engineering/Vivado_2021/Workspace/ALL_PMODS/All_PMods_Platform/hw/TEST_J_2021_ALLPMODS_wrapper.xsa
TRACE::2026-01-04.21:58:20::SCWPlatform::DSA absoulate path F:/Advanced_Hardware_Engineering/Vivado_2021/Workspace/ALL_PMODS/All_PMods_Platform/hw/TEST_J_2021_ALLPMODS_wrapper.xsa
TRACE::2026-01-04.21:58:20::SCWPlatform::DSA directory F:/Advanced_Hardware_Engineering/Vivado_2021/Workspace/ALL_PMODS/All_PMods_Platform/hw
TRACE::2026-01-04.21:58:20::SCWPlatform:: Platform Path F:/Advanced_Hardware_Engineering/Vivado_2021/Workspace/ALL_PMODS/All_PMods_Platform/hw/TEST_J_2021_ALLPMODS_wrapper.xsa
TRACE::2026-01-04.21:58:20::SCWPlatform:: Unique name xilinx:nexys-a7-100t::0.0
TRACE::2026-01-04.21:58:20::SCWPlatform::Trying to set the existing hwdb with name TEST_J_2021_ALLPMODS_wrapper_1
TRACE::2026-01-04.21:58:20::SCWPlatform::Opened existing hwdb TEST_J_2021_ALLPMODS_wrapper_1
TRACE::2026-01-04.21:58:20::SCWPlatform::Found the Hw Db part of the input DSA
TRACE::2026-01-04.21:58:20::SCWPlatform::Trying to open the hw design at F:/Advanced_Hardware_Engineering/Vivado_2021/Workspace/ALL_PMODS/All_PMods_Platform/hw/TEST_J_2021_ALLPMODS_wrapper.xsa
TRACE::2026-01-04.21:58:20::SCWPlatform::DSA given F:/Advanced_Hardware_Engineering/Vivado_2021/Workspace/ALL_PMODS/All_PMods_Platform/hw/TEST_J_2021_ALLPMODS_wrapper.xsa
TRACE::2026-01-04.21:58:20::SCWPlatform::DSA absoulate path F:/Advanced_Hardware_Engineering/Vivado_2021/Workspace/ALL_PMODS/All_PMods_Platform/hw/TEST_J_2021_ALLPMODS_wrapper.xsa
TRACE::2026-01-04.21:58:20::SCWPlatform::DSA directory F:/Advanced_Hardware_Engineering/Vivado_2021/Workspace/ALL_PMODS/All_PMods_Platform/hw
TRACE::2026-01-04.21:58:20::SCWPlatform:: Platform Path F:/Advanced_Hardware_Engineering/Vivado_2021/Workspace/ALL_PMODS/All_PMods_Platform/hw/TEST_J_2021_ALLPMODS_wrapper.xsa
TRACE::2026-01-04.21:58:20::SCWPlatform:: Unique name xilinx:nexys-a7-100t::0.0
TRACE::2026-01-04.21:58:20::SCWPlatform::Trying to set the existing hwdb with name TEST_J_2021_ALLPMODS_wrapper_1
TRACE::2026-01-04.21:58:20::SCWPlatform::Opened existing hwdb TEST_J_2021_ALLPMODS_wrapper_1
TRACE::2026-01-04.21:58:20::SCWPlatform::Found the Hw Db part of the input DSA
TRACE::2026-01-04.21:58:20::SCWPlatform::Trying to open the hw design at F:/Advanced_Hardware_Engineering/Vivado_2021/Workspace/ALL_PMODS/All_PMods_Platform/hw/TEST_J_2021_ALLPMODS_wrapper.xsa
TRACE::2026-01-04.21:58:20::SCWPlatform::DSA given F:/Advanced_Hardware_Engineering/Vivado_2021/Workspace/ALL_PMODS/All_PMods_Platform/hw/TEST_J_2021_ALLPMODS_wrapper.xsa
TRACE::2026-01-04.21:58:20::SCWPlatform::DSA absoulate path F:/Advanced_Hardware_Engineering/Vivado_2021/Workspace/ALL_PMODS/All_PMods_Platform/hw/TEST_J_2021_ALLPMODS_wrapper.xsa
TRACE::2026-01-04.21:58:20::SCWPlatform::DSA directory F:/Advanced_Hardware_Engineering/Vivado_2021/Workspace/ALL_PMODS/All_PMods_Platform/hw
TRACE::2026-01-04.21:58:20::SCWPlatform:: Platform Path F:/Advanced_Hardware_Engineering/Vivado_2021/Workspace/ALL_PMODS/All_PMods_Platform/hw/TEST_J_2021_ALLPMODS_wrapper.xsa
TRACE::2026-01-04.21:58:20::SCWPlatform:: Unique name xilinx:nexys-a7-100t::0.0
TRACE::2026-01-04.21:58:20::SCWPlatform::Trying to set the existing hwdb with name TEST_J_2021_ALLPMODS_wrapper_1
TRACE::2026-01-04.21:58:20::SCWPlatform::Opened existing hwdb TEST_J_2021_ALLPMODS_wrapper_1
TRACE::2026-01-04.21:58:20::SCWPlatform::Found the Hw Db part of the input DSA
TRACE::2026-01-04.21:58:20::SCWPlatform::Trying to open the hw design at F:/Advanced_Hardware_Engineering/Vivado_2021/Workspace/ALL_PMODS/All_PMods_Platform/hw/TEST_J_2021_ALLPMODS_wrapper.xsa
TRACE::2026-01-04.21:58:20::SCWPlatform::DSA given F:/Advanced_Hardware_Engineering/Vivado_2021/Workspace/ALL_PMODS/All_PMods_Platform/hw/TEST_J_2021_ALLPMODS_wrapper.xsa
TRACE::2026-01-04.21:58:20::SCWPlatform::DSA absoulate path F:/Advanced_Hardware_Engineering/Vivado_2021/Workspace/ALL_PMODS/All_PMods_Platform/hw/TEST_J_2021_ALLPMODS_wrapper.xsa
TRACE::2026-01-04.21:58:20::SCWPlatform::DSA directory F:/Advanced_Hardware_Engineering/Vivado_2021/Workspace/ALL_PMODS/All_PMods_Platform/hw
TRACE::2026-01-04.21:58:20::SCWPlatform:: Platform Path F:/Advanced_Hardware_Engineering/Vivado_2021/Workspace/ALL_PMODS/All_PMods_Platform/hw/TEST_J_2021_ALLPMODS_wrapper.xsa
TRACE::2026-01-04.21:58:20::SCWPlatform:: Unique name xilinx:nexys-a7-100t::0.0
TRACE::2026-01-04.21:58:20::SCWPlatform::Trying to set the existing hwdb with name TEST_J_2021_ALLPMODS_wrapper_1
TRACE::2026-01-04.21:58:20::SCWPlatform::Opened existing hwdb TEST_J_2021_ALLPMODS_wrapper_1
TRACE::2026-01-04.21:58:20::SCWPlatform::Found the Hw Db part of the input DSA
TRACE::2026-01-04.21:58:20::SCWMssOS::Checking the sw design at  F:/Advanced_Hardware_Engineering/Vivado_2021/Workspace/ALL_PMODS/All_PMods_Platform/microblaze_0/standalone_domain/bsp/system.mss
TRACE::2026-01-04.21:58:20::SCWMssOS::DEBUG:  swdes dump  
TRACE::2026-01-04.21:58:20::SCWMssOS::No sw design opened at  F:/Advanced_Hardware_Engineering/Vivado_2021/Workspace/ALL_PMODS/All_PMods_Platform/microblaze_0/standalone_domain/bsp/system.mss
TRACE::2026-01-04.21:58:20::SCWMssOS::mss exists loading the mss file  F:/Advanced_Hardware_Engineering/Vivado_2021/Workspace/ALL_PMODS/All_PMods_Platform/microblaze_0/standalone_domain/bsp/system.mss
TRACE::2026-01-04.21:58:20::SCWMssOS::Opened the sw design from mss  F:/Advanced_Hardware_Engineering/Vivado_2021/Workspace/ALL_PMODS/All_PMods_Platform/microblaze_0/standalone_domain/bsp/system.mss
TRACE::2026-01-04.21:58:20::SCWMssOS::Adding the swdes entry F:/Advanced_Hardware_Engineering/Vivado_2021/Workspace/ALL_PMODS/All_PMods_Platform/microblaze_0/standalone_domain/bsp/system.mss with des name system
TRACE::2026-01-04.21:58:20::SCWMssOS::updating the scw layer about changes
TRACE::2026-01-04.21:58:20::SCWMssOS::Opened the sw design.  F:/Advanced_Hardware_Engineering/Vivado_2021/Workspace/ALL_PMODS/All_PMods_Platform/microblaze_0/standalone_domain/bsp/system.mss
TRACE::2026-01-04.21:58:20::SCWMssOS::Saving the mss changes F:/Advanced_Hardware_Engineering/Vivado_2021/Workspace/ALL_PMODS/All_PMods_Platform/microblaze_0/standalone_domain/bsp/system.mss
TRACE::2026-01-04.21:58:20::SCWMssOS::Found a swdesign opened with the mssfile.
TRACE::2026-01-04.21:58:20::SCWMssOS::Completed writemss as part of save.
TRACE::2026-01-04.21:58:20::SCWMssOS::Commit changes completed.
TRACE::2026-01-04.21:58:20::SCWReader::Adding prebuilt librarypaths as   
TRACE::2026-01-04.21:58:20::SCWReader::Adding prebuilt incpaths  as   
TRACE::2026-01-04.21:58:20::SCWPlatform::Trying to open the hw design at F:/Advanced_Hardware_Engineering/Vivado_2021/Workspace/ALL_PMODS/All_PMods_Platform/hw/TEST_J_2021_ALLPMODS_wrapper.xsa
TRACE::2026-01-04.21:58:20::SCWPlatform::DSA given F:/Advanced_Hardware_Engineering/Vivado_2021/Workspace/ALL_PMODS/All_PMods_Platform/hw/TEST_J_2021_ALLPMODS_wrapper.xsa
TRACE::2026-01-04.21:58:20::SCWPlatform::DSA absoulate path F:/Advanced_Hardware_Engineering/Vivado_2021/Workspace/ALL_PMODS/All_PMods_Platform/hw/TEST_J_2021_ALLPMODS_wrapper.xsa
TRACE::2026-01-04.21:58:20::SCWPlatform::DSA directory F:/Advanced_Hardware_Engineering/Vivado_2021/Workspace/ALL_PMODS/All_PMods_Platform/hw
TRACE::2026-01-04.21:58:20::SCWPlatform:: Platform Path F:/Advanced_Hardware_Engineering/Vivado_2021/Workspace/ALL_PMODS/All_PMods_Platform/hw/TEST_J_2021_ALLPMODS_wrapper.xsa
TRACE::2026-01-04.21:58:20::SCWPlatform:: Unique name xilinx:nexys-a7-100t::0.0
TRACE::2026-01-04.21:58:20::SCWPlatform::Trying to set the existing hwdb with name TEST_J_2021_ALLPMODS_wrapper_1
TRACE::2026-01-04.21:58:20::SCWPlatform::Opened existing hwdb TEST_J_2021_ALLPMODS_wrapper_1
TRACE::2026-01-04.21:58:20::SCWPlatform::Found the Hw Db part of the input DSA
TRACE::2026-01-04.21:58:20::SCWMssOS::Checking the sw design at  F:/Advanced_Hardware_Engineering/Vivado_2021/Workspace/ALL_PMODS/All_PMods_Platform/microblaze_0/standalone_domain/bsp/system.mss
TRACE::2026-01-04.21:58:20::SCWMssOS::DEBUG:  swdes dump  F:/Advanced_Hardware_Engineering/Vivado_2021/Workspace/ALL_PMODS/All_PMods_Platform/microblaze_0/standalone_domain/bsp/system.mss|system||

TRACE::2026-01-04.21:58:20::SCWMssOS::Sw design exists and opened at  F:/Advanced_Hardware_Engineering/Vivado_2021/Workspace/ALL_PMODS/All_PMods_Platform/microblaze_0/standalone_domain/bsp/system.mss
TRACE::2026-01-04.21:58:20::SCWReader::No isolation master present  
TRACE::2026-01-04.21:58:24::SCWMssOS::cleaning the bsp 
TRACE::2026-01-04.21:58:24::SCWMssOS::System Command Ran  F: & cd  F:/Advanced_Hardware_Engineering/Vivado_2021/Workspace/ALL_PMODS/All_PMods_Platform/microblaze_0/standalone_domain/bsp & make clean 
TRACE::2026-01-04.21:58:24::SCWMssOS::make -C microblaze_0/libsrc/bram_v4_7/src -s clean 

TRACE::2026-01-04.21:58:24::SCWMssOS::make -C microblaze_0/libsrc/cpu_v2_14/src -s clean 

TRACE::2026-01-04.21:58:24::SCWMssOS::make -C microblaze_0/libsrc/intc_v3_13/src -s clean 

TRACE::2026-01-04.21:58:24::SCWMssOS::make -C microblaze_0/libsrc/PmodALS_v1_0/src -s clean 

TRACE::2026-01-04.21:58:24::SCWMssOS::make -C microblaze_0/libsrc/PmodMAXSONAR_v1_0/src -s clean 

TRACE::2026-01-04.21:58:24::SCWMssOS::make -C microblaze_0/libsrc/PmodOLEDrgb_v1_0/src -s clean 

TRACE::2026-01-04.21:58:24::SCWMssOS::make -C microblaze_0/libsrc/PmodTMP3_v1_0/src -s clean 

TRACE::2026-01-04.21:58:24::SCWMssOS::make -C microblaze_0/libsrc/standalone_v7_6/src -s clean 

TRACE::2026-01-04.21:58:25::SCWMssOS::make -C microblaze_0/libsrc/uartlite_v3_6/src -s clean 

TRACE::2026-01-04.21:58:25::SCWMssOS::rm -f microblaze_0/lib/libxil.a

LOG::2026-01-04.21:58:27::SCWPlatform::Started generating the artifacts platform All_PMods_Platform
TRACE::2026-01-04.21:58:27::SCWPlatform::Sanity checking of platform is completed
LOG::2026-01-04.21:58:27::SCWPlatform::Started generating the artifacts for system configuration All_PMods_Platform
LOG::2026-01-04.21:58:27::SCWSystem::Checking the domain standalone_domain
LOG::2026-01-04.21:58:27::SCWSystem::Not a boot domain 
LOG::2026-01-04.21:58:27::SCWSystem::Started Processing the domain standalone_domain
TRACE::2026-01-04.21:58:27::SCWDomain::Generating domain artifcats
TRACE::2026-01-04.21:58:27::SCWMssOS::Generating standalone artifcats
TRACE::2026-01-04.21:58:27::SCWMssOS:: Copying the user libraries. 
TRACE::2026-01-04.21:58:27::SCWPlatform::Trying to open the hw design at F:/Advanced_Hardware_Engineering/Vivado_2021/Workspace/ALL_PMODS/All_PMods_Platform/hw/TEST_J_2021_ALLPMODS_wrapper.xsa
TRACE::2026-01-04.21:58:27::SCWPlatform::DSA given F:/Advanced_Hardware_Engineering/Vivado_2021/Workspace/ALL_PMODS/All_PMods_Platform/hw/TEST_J_2021_ALLPMODS_wrapper.xsa
TRACE::2026-01-04.21:58:27::SCWPlatform::DSA absoulate path F:/Advanced_Hardware_Engineering/Vivado_2021/Workspace/ALL_PMODS/All_PMods_Platform/hw/TEST_J_2021_ALLPMODS_wrapper.xsa
TRACE::2026-01-04.21:58:27::SCWPlatform::DSA directory F:/Advanced_Hardware_Engineering/Vivado_2021/Workspace/ALL_PMODS/All_PMods_Platform/hw
TRACE::2026-01-04.21:58:27::SCWPlatform:: Platform Path F:/Advanced_Hardware_Engineering/Vivado_2021/Workspace/ALL_PMODS/All_PMods_Platform/hw/TEST_J_2021_ALLPMODS_wrapper.xsa
TRACE::2026-01-04.21:58:27::SCWPlatform:: Unique name xilinx:nexys-a7-100t::0.0
TRACE::2026-01-04.21:58:27::SCWPlatform::Trying to set the existing hwdb with name TEST_J_2021_ALLPMODS_wrapper_1
TRACE::2026-01-04.21:58:27::SCWPlatform::Opened existing hwdb TEST_J_2021_ALLPMODS_wrapper_1
TRACE::2026-01-04.21:58:27::SCWPlatform::Found the Hw Db part of the input DSA
TRACE::2026-01-04.21:58:27::SCWMssOS::Checking the sw design at  F:/Advanced_Hardware_Engineering/Vivado_2021/Workspace/ALL_PMODS/All_PMods_Platform/microblaze_0/standalone_domain/bsp/system.mss
TRACE::2026-01-04.21:58:27::SCWMssOS::DEBUG:  swdes dump  F:/Advanced_Hardware_Engineering/Vivado_2021/Workspace/ALL_PMODS/All_PMods_Platform/microblaze_0/standalone_domain/bsp/system.mss|system||

TRACE::2026-01-04.21:58:27::SCWMssOS::Sw design exists and opened at  F:/Advanced_Hardware_Engineering/Vivado_2021/Workspace/ALL_PMODS/All_PMods_Platform/microblaze_0/standalone_domain/bsp/system.mss
TRACE::2026-01-04.21:58:27::SCWMssOS::Completed writing the mss file at F:/Advanced_Hardware_Engineering/Vivado_2021/Workspace/ALL_PMODS/All_PMods_Platform/microblaze_0/standalone_domain/bsp
TRACE::2026-01-04.21:58:27::SCWMssOS::Mss edits present, copying mssfile into export location F:/Advanced_Hardware_Engineering/Vivado_2021/Workspace/ALL_PMODS/All_PMods_Platform/microblaze_0/standalone_domain/bsp/system.mss
TRACE::2026-01-04.21:58:27::SCWMssOS::bsp generated is upto date with the mss file. Skipping bsp generation.
TRACE::2026-01-04.21:58:27::SCWMssOS::BSP is already built. skipping the bsp build ... 
TRACE::2026-01-04.21:58:27::SCWDomain::Building the domain as part of full build :  standalone_domain
TRACE::2026-01-04.21:58:27::SCWMssOS::doing bsp build ... 
TRACE::2026-01-04.21:58:27::SCWMssOS::System Command Ran  F: & cd  F:/Advanced_Hardware_Engineering/Vivado_2021/Workspace/ALL_PMODS/All_PMods_Platform/microblaze_0/standalone_domain/bsp & make 
TRACE::2026-01-04.21:58:27::SCWMssOS::make --no-print-directory seq_libs

TRACE::2026-01-04.21:58:27::SCWMssOS::"Running Make include in microblaze_0/libsrc/bram_v4_7/src"

TRACE::2026-01-04.21:58:27::SCWMssOS::make -C microblaze_0/libsrc/bram_v4_7/src -s include  "SHELL=CMD" "COMPILER=mb-gcc" "ASSEMBLER=mb-as" "ARCHIVER=mb-ar" "COMPILE
TRACE::2026-01-04.21:58:27::SCWMssOS::R_FLAGS=  -O2 -c -mcpu=v11.0 -mlittle-endian -mxl-soft-mul" "EXTRA_COMPILER_FLAGS=-g -ffunction-sections -fdata-sections -Wall 
TRACE::2026-01-04.21:58:27::SCWMssOS::-Wextra -fno-tree-loop-distribute-patterns"

TRACE::2026-01-04.21:58:27::SCWMssOS::"Running Make include in microblaze_0/libsrc/cpu_v2_14/src"

TRACE::2026-01-04.21:58:27::SCWMssOS::make -C microblaze_0/libsrc/cpu_v2_14/src -s include  "SHELL=CMD" "COMPILER=mb-gcc" "ASSEMBLER=mb-as" "ARCHIVER=mb-ar" "COMPILE
TRACE::2026-01-04.21:58:27::SCWMssOS::R_FLAGS=  -O2 -c -mcpu=v11.0 -mlittle-endian -mxl-soft-mul" "EXTRA_COMPILER_FLAGS=-g -ffunction-sections -fdata-sections -Wall 
TRACE::2026-01-04.21:58:27::SCWMssOS::-Wextra -fno-tree-loop-distribute-patterns"

TRACE::2026-01-04.21:58:27::SCWMssOS::"Running Make include in microblaze_0/libsrc/intc_v3_13/src"

TRACE::2026-01-04.21:58:27::SCWMssOS::make -C microblaze_0/libsrc/intc_v3_13/src -s include  "SHELL=CMD" "COMPILER=mb-gcc" "ASSEMBLER=mb-as" "ARCHIVER=mb-ar" "COMPIL
TRACE::2026-01-04.21:58:27::SCWMssOS::ER_FLAGS=  -O2 -c -mcpu=v11.0 -mlittle-endian -mxl-soft-mul" "EXTRA_COMPILER_FLAGS=-g -ffunction-sections -fdata-sections -Wall
TRACE::2026-01-04.21:58:27::SCWMssOS:: -Wextra -fno-tree-loop-distribute-patterns"

TRACE::2026-01-04.21:58:28::SCWMssOS::"Running Make include in microblaze_0/libsrc/PmodALS_v1_0/src"

TRACE::2026-01-04.21:58:28::SCWMssOS::make -C microblaze_0/libsrc/PmodALS_v1_0/src -s include  "SHELL=CMD" "COMPILER=mb-gcc" "ASSEMBLER=mb-as" "ARCHIVER=mb-ar" "COMP
TRACE::2026-01-04.21:58:28::SCWMssOS::ILER_FLAGS=  -O2 -c -mcpu=v11.0 -mlittle-endian -mxl-soft-mul" "EXTRA_COMPILER_FLAGS=-g -ffunction-sections -fdata-sections -Wa
TRACE::2026-01-04.21:58:28::SCWMssOS::ll -Wextra -fno-tree-loop-distribute-patterns"

TRACE::2026-01-04.21:58:28::SCWMssOS::"Running Make include in microblaze_0/libsrc/PmodMAXSONAR_v1_0/src"

TRACE::2026-01-04.21:58:28::SCWMssOS::make -C microblaze_0/libsrc/PmodMAXSONAR_v1_0/src -s include  "SHELL=CMD" "COMPILER=mb-gcc" "ASSEMBLER=mb-as" "ARCHIVER=mb-ar" 
TRACE::2026-01-04.21:58:28::SCWMssOS::"COMPILER_FLAGS=  -O2 -c -mcpu=v11.0 -mlittle-endian -mxl-soft-mul" "EXTRA_COMPILER_FLAGS=-g -ffunction-sections -fdata-section
TRACE::2026-01-04.21:58:28::SCWMssOS::s -Wall -Wextra -fno-tree-loop-distribute-patterns"

TRACE::2026-01-04.21:58:28::SCWMssOS::"Running Make include in microblaze_0/libsrc/PmodOLEDrgb_v1_0/src"

TRACE::2026-01-04.21:58:28::SCWMssOS::make -C microblaze_0/libsrc/PmodOLEDrgb_v1_0/src -s include  "SHELL=CMD" "COMPILER=mb-gcc" "ASSEMBLER=mb-as" "ARCHIVER=mb-ar" "
TRACE::2026-01-04.21:58:28::SCWMssOS::COMPILER_FLAGS=  -O2 -c -mcpu=v11.0 -mlittle-endian -mxl-soft-mul" "EXTRA_COMPILER_FLAGS=-g -ffunction-sections -fdata-sections
TRACE::2026-01-04.21:58:28::SCWMssOS:: -Wall -Wextra -fno-tree-loop-distribute-patterns"

TRACE::2026-01-04.21:58:28::SCWMssOS::"Running Make include in microblaze_0/libsrc/PmodTMP3_v1_0/src"

TRACE::2026-01-04.21:58:28::SCWMssOS::make -C microblaze_0/libsrc/PmodTMP3_v1_0/src -s include  "SHELL=CMD" "COMPILER=mb-gcc" "ASSEMBLER=mb-as" "ARCHIVER=mb-ar" "COM
TRACE::2026-01-04.21:58:28::SCWMssOS::PILER_FLAGS=  -O2 -c -mcpu=v11.0 -mlittle-endian -mxl-soft-mul" "EXTRA_COMPILER_FLAGS=-g -ffunction-sections -fdata-sections -W
TRACE::2026-01-04.21:58:28::SCWMssOS::all -Wextra -fno-tree-loop-distribute-patterns"

TRACE::2026-01-04.21:58:28::SCWMssOS::"Running Make include in microblaze_0/libsrc/standalone_v7_6/src"

TRACE::2026-01-04.21:58:28::SCWMssOS::make -C microblaze_0/libsrc/standalone_v7_6/src -s include  "SHELL=CMD" "COMPILER=mb-gcc" "ASSEMBLER=mb-as" "ARCHIVER=mb-ar" "C
TRACE::2026-01-04.21:58:28::SCWMssOS::OMPILER_FLAGS=  -O2 -c -mcpu=v11.0 -mlittle-endian -mxl-soft-mul" "EXTRA_COMPILER_FLAGS=-g -ffunction-sections -fdata-sections 
TRACE::2026-01-04.21:58:28::SCWMssOS::-Wall -Wextra -fno-tree-loop-distribute-patterns"

TRACE::2026-01-04.21:58:28::SCWMssOS::"Running Make include in microblaze_0/libsrc/uartlite_v3_6/src"

TRACE::2026-01-04.21:58:28::SCWMssOS::make -C microblaze_0/libsrc/uartlite_v3_6/src -s include  "SHELL=CMD" "COMPILER=mb-gcc" "ASSEMBLER=mb-as" "ARCHIVER=mb-ar" "COM
TRACE::2026-01-04.21:58:28::SCWMssOS::PILER_FLAGS=  -O2 -c -mcpu=v11.0 -mlittle-endian -mxl-soft-mul" "EXTRA_COMPILER_FLAGS=-g -ffunction-sections -fdata-sections -W
TRACE::2026-01-04.21:58:28::SCWMssOS::all -Wextra -fno-tree-loop-distribute-patterns"

TRACE::2026-01-04.21:58:28::SCWMssOS::"Running Make libs in microblaze_0/libsrc/PmodALS_v1_0/src"

TRACE::2026-01-04.21:58:28::SCWMssOS::make -C microblaze_0/libsrc/PmodALS_v1_0/src -s libs  "SHELL=CMD" "COMPILER=mb-gcc" "ASSEMBLER=mb-as" "ARCHIVER=mb-ar" "COMPILE
TRACE::2026-01-04.21:58:28::SCWMssOS::R_FLAGS=  -O2 -c -mcpu=v11.0 -mlittle-endian -mxl-soft-mul" "EXTRA_COMPILER_FLAGS=-g -ffunction-sections -fdata-sections -Wall 
TRACE::2026-01-04.21:58:28::SCWMssOS::-Wextra -fno-tree-loop-distribute-patterns"

TRACE::2026-01-04.21:58:28::SCWMssOS::"Compiling PmodALS"

TRACE::2026-01-04.21:58:29::SCWMssOS::"Running Make libs in microblaze_0/libsrc/PmodMAXSONAR_v1_0/src"

TRACE::2026-01-04.21:58:29::SCWMssOS::make -C microblaze_0/libsrc/PmodMAXSONAR_v1_0/src -s libs  "SHELL=CMD" "COMPILER=mb-gcc" "ASSEMBLER=mb-as" "ARCHIVER=mb-ar" "CO
TRACE::2026-01-04.21:58:29::SCWMssOS::MPILER_FLAGS=  -O2 -c -mcpu=v11.0 -mlittle-endian -mxl-soft-mul" "EXTRA_COMPILER_FLAGS=-g -ffunction-sections -fdata-sections -
TRACE::2026-01-04.21:58:29::SCWMssOS::Wall -Wextra -fno-tree-loop-distribute-patterns"

TRACE::2026-01-04.21:58:29::SCWMssOS::"Compiling PmodMAXSONAR"

TRACE::2026-01-04.21:58:29::SCWMssOS::"Running Make libs in microblaze_0/libsrc/PmodOLEDrgb_v1_0/src"

TRACE::2026-01-04.21:58:29::SCWMssOS::make -C microblaze_0/libsrc/PmodOLEDrgb_v1_0/src -s libs  "SHELL=CMD" "COMPILER=mb-gcc" "ASSEMBLER=mb-as" "ARCHIVER=mb-ar" "COM
TRACE::2026-01-04.21:58:29::SCWMssOS::PILER_FLAGS=  -O2 -c -mcpu=v11.0 -mlittle-endian -mxl-soft-mul" "EXTRA_COMPILER_FLAGS=-g -ffunction-sections -fdata-sections -W
TRACE::2026-01-04.21:58:29::SCWMssOS::all -Wextra -fno-tree-loop-distribute-patterns"

TRACE::2026-01-04.21:58:29::SCWMssOS::"Compiling pmodOLEDrgb"

TRACE::2026-01-04.21:58:29::SCWMssOS::"Running Make libs in microblaze_0/libsrc/PmodTMP3_v1_0/src"

TRACE::2026-01-04.21:58:29::SCWMssOS::make -C microblaze_0/libsrc/PmodTMP3_v1_0/src -s libs  "SHELL=CMD" "COMPILER=mb-gcc" "ASSEMBLER=mb-as" "ARCHIVER=mb-ar" "COMPIL
TRACE::2026-01-04.21:58:29::SCWMssOS::ER_FLAGS=  -O2 -c -mcpu=v11.0 -mlittle-endian -mxl-soft-mul" "EXTRA_COMPILER_FLAGS=-g -ffunction-sections -fdata-sections -Wall
TRACE::2026-01-04.21:58:29::SCWMssOS:: -Wextra -fno-tree-loop-distribute-patterns"

TRACE::2026-01-04.21:58:29::SCWMssOS::"Compiling PmodTMP3"

TRACE::2026-01-04.21:58:30::SCWMssOS::'Finished building libraries sequentially.'

TRACE::2026-01-04.21:58:30::SCWMssOS::make -j 14 --no-print-directory par_libs

TRACE::2026-01-04.21:58:30::SCWMssOS::"Running Make include in microblaze_0/libsrc/bram_v4_7/src"

TRACE::2026-01-04.21:58:30::SCWMssOS::"Running Make include in microblaze_0/libsrc/cpu_v2_14/src"

TRACE::2026-01-04.21:58:30::SCWMssOS::make -C microblaze_0/libsrc/bram_v4_7/src -s include  "SHELL=CMD" "COMPILER=mb-gcc" "ASSEMBLER=mb-as" "ARCHIVER=mb-ar" "COMPILE
TRACE::2026-01-04.21:58:30::SCWMssOS::R_FLAGS=  -O2 -c -mcpu=v11.0 -mlittle-endian -mxl-soft-mul" "EXTRA_COMPILER_FLAGS=-g -ffunction-sections -fdata-sections -Wall 
TRACE::2026-01-04.21:58:30::SCWMssOS::-Wextra -fno-tree-loop-distribute-patterns"

TRACE::2026-01-04.21:58:30::SCWMssOS::make -C microblaze_0/libsrc/cpu_v2_14/src -s include  "SHELL=CMD" "COMPILER=mb-gcc" "ASSEMBLER=mb-as" "ARCHIVER=mb-ar" "COMPILE
TRACE::2026-01-04.21:58:30::SCWMssOS::R_FLAGS=  -O2 -c -mcpu=v11.0 -mlittle-endian -mxl-soft-mul" "EXTRA_COMPILER_FLAGS=-g -ffunction-sections -fdata-sections -Wall 
TRACE::2026-01-04.21:58:30::SCWMssOS::-Wextra -fno-tree-loop-distribute-patterns"

TRACE::2026-01-04.21:58:30::SCWMssOS::"Running Make include in microblaze_0/libsrc/intc_v3_13/src"

TRACE::2026-01-04.21:58:30::SCWMssOS::"Running Make include in microblaze_0/libsrc/PmodALS_v1_0/src"

TRACE::2026-01-04.21:58:30::SCWMssOS::make -C microblaze_0/libsrc/intc_v3_13/src -s include  "SHELL=CMD" "COMPILER=mb-gcc" "ASSEMBLER=mb-as" "ARCHIVER=mb-ar" "COMPIL
TRACE::2026-01-04.21:58:30::SCWMssOS::ER_FLAGS=  -O2 -c -mcpu=v11.0 -mlittle-endian -mxl-soft-mul" "EXTRA_COMPILER_FLAGS=-g -ffunction-sections -fdata-sections -Wall
TRACE::2026-01-04.21:58:30::SCWMssOS:: -Wextra -fno-tree-loop-distribute-patterns"

TRACE::2026-01-04.21:58:30::SCWMssOS::make -C microblaze_0/libsrc/PmodALS_v1_0/src -s include  "SHELL=CMD" "COMPILER=mb-gcc" "ASSEMBLER=mb-as" "ARCHIVER=mb-ar" "COMP
TRACE::2026-01-04.21:58:30::SCWMssOS::ILER_FLAGS=  -O2 -c -mcpu=v11.0 -mlittle-endian -mxl-soft-mul" "EXTRA_COMPILER_FLAGS=-g -ffunction-sections -fdata-sections -Wa
TRACE::2026-01-04.21:58:30::SCWMssOS::ll -Wextra -fno-tree-loop-distribute-patterns"

TRACE::2026-01-04.21:58:30::SCWMssOS::"Running Make include in microblaze_0/libsrc/PmodMAXSONAR_v1_0/src"

TRACE::2026-01-04.21:58:30::SCWMssOS::make -C microblaze_0/libsrc/PmodMAXSONAR_v1_0/src -s include  "SHELL=CMD" "COMPILER=mb-gcc" "ASSEMBLER=mb-as" "ARCHIVER=mb-ar" 
TRACE::2026-01-04.21:58:30::SCWMssOS::"COMPILER_FLAGS=  -O2 -c -mcpu=v11.0 -mlittle-endian -mxl-soft-mul" "EXTRA_COMPILER_FLAGS=-g -ffunction-sections -fdata-section
TRACE::2026-01-04.21:58:30::SCWMssOS::s -Wall -Wextra -fno-tree-loop-distribute-patterns"

TRACE::2026-01-04.21:58:30::SCWMssOS::"Running Make include in microblaze_0/libsrc/PmodOLEDrgb_v1_0/src"

TRACE::2026-01-04.21:58:30::SCWMssOS::make -C microblaze_0/libsrc/PmodOLEDrgb_v1_0/src -s include  "SHELL=CMD" "COMPILER=mb-gcc" "ASSEMBLER=mb-as" "ARCHIVER=mb-ar" "
TRACE::2026-01-04.21:58:30::SCWMssOS::COMPILER_FLAGS=  -O2 -c -mcpu=v11.0 -mlittle-endian -mxl-soft-mul" "EXTRA_COMPILER_FLAGS=-g -ffunction-sections -fdata-sections
TRACE::2026-01-04.21:58:30::SCWMssOS:: -Wall -Wextra -fno-tree-loop-distribute-patterns"

TRACE::2026-01-04.21:58:30::SCWMssOS::"Running Make include in microblaze_0/libsrc/PmodTMP3_v1_0/src"

TRACE::2026-01-04.21:58:30::SCWMssOS::make -C microblaze_0/libsrc/PmodTMP3_v1_0/src -s include  "SHELL=CMD" "COMPILER=mb-gcc" "ASSEMBLER=mb-as" "ARCHIVER=mb-ar" "COM
TRACE::2026-01-04.21:58:30::SCWMssOS::PILER_FLAGS=  -O2 -c -mcpu=v11.0 -mlittle-endian -mxl-soft-mul" "EXTRA_COMPILER_FLAGS=-g -ffunction-sections -fdata-sections -W
TRACE::2026-01-04.21:58:30::SCWMssOS::all -Wextra -fno-tree-loop-distribute-patterns"

TRACE::2026-01-04.21:58:30::SCWMssOS::"Running Make include in microblaze_0/libsrc/standalone_v7_6/src"

TRACE::2026-01-04.21:58:30::SCWMssOS::make -C microblaze_0/libsrc/standalone_v7_6/src -s include  "SHELL=CMD" "COMPILER=mb-gcc" "ASSEMBLER=mb-as" "ARCHIVER=mb-ar" "C
TRACE::2026-01-04.21:58:30::SCWMssOS::OMPILER_FLAGS=  -O2 -c -mcpu=v11.0 -mlittle-endian -mxl-soft-mul" "EXTRA_COMPILER_FLAGS=-g -ffunction-sections -fdata-sections 
TRACE::2026-01-04.21:58:30::SCWMssOS::-Wall -Wextra -fno-tree-loop-distribute-patterns"

TRACE::2026-01-04.21:58:30::SCWMssOS::"Running Make include in microblaze_0/libsrc/uartlite_v3_6/src"

TRACE::2026-01-04.21:58:30::SCWMssOS::make -C microblaze_0/libsrc/uartlite_v3_6/src -s include  "SHELL=CMD" "COMPILER=mb-gcc" "ASSEMBLER=mb-as" "ARCHIVER=mb-ar" "COM
TRACE::2026-01-04.21:58:30::SCWMssOS::PILER_FLAGS=  -O2 -c -mcpu=v11.0 -mlittle-endian -mxl-soft-mul" "EXTRA_COMPILER_FLAGS=-g -ffunction-sections -fdata-sections -W
TRACE::2026-01-04.21:58:30::SCWMssOS::all -Wextra -fno-tree-loop-distribute-patterns"

TRACE::2026-01-04.21:58:30::SCWMssOS::"Running Make libs in microblaze_0/libsrc/bram_v4_7/src"

TRACE::2026-01-04.21:58:30::SCWMssOS::"Running Make libs in microblaze_0/libsrc/cpu_v2_14/src"

TRACE::2026-01-04.21:58:30::SCWMssOS::make -C microblaze_0/libsrc/bram_v4_7/src -s libs  "SHELL=CMD" "COMPILER=mb-gcc" "ASSEMBLER=mb-as" "ARCHIVER=mb-ar" "COMPILER_F
TRACE::2026-01-04.21:58:30::SCWMssOS::LAGS=  -O2 -c -mcpu=v11.0 -mlittle-endian -mxl-soft-mul" "EXTRA_COMPILER_FLAGS=-g -ffunction-sections -fdata-sections -Wall -We
TRACE::2026-01-04.21:58:30::SCWMssOS::xtra -fno-tree-loop-distribute-patterns"

TRACE::2026-01-04.21:58:30::SCWMssOS::make -C microblaze_0/libsrc/cpu_v2_14/src -s libs  "SHELL=CMD" "COMPILER=mb-gcc" "ASSEMBLER=mb-as" "ARCHIVER=mb-ar" "COMPILER_F
TRACE::2026-01-04.21:58:30::SCWMssOS::LAGS=  -O2 -c -mcpu=v11.0 -mlittle-endian -mxl-soft-mul" "EXTRA_COMPILER_FLAGS=-g -ffunction-sections -fdata-sections -Wall -We
TRACE::2026-01-04.21:58:30::SCWMssOS::xtra -fno-tree-loop-distribute-patterns"

TRACE::2026-01-04.21:58:30::SCWMssOS::"Running Make libs in microblaze_0/libsrc/intc_v3_13/src"

TRACE::2026-01-04.21:58:30::SCWMssOS::"Running Make libs in microblaze_0/libsrc/standalone_v7_6/src"

TRACE::2026-01-04.21:58:30::SCWMssOS::make -C microblaze_0/libsrc/intc_v3_13/src -s libs  "SHELL=CMD" "COMPILER=mb-gcc" "ASSEMBLER=mb-as" "ARCHIVER=mb-ar" "COMPILER_
TRACE::2026-01-04.21:58:30::SCWMssOS::FLAGS=  -O2 -c -mcpu=v11.0 -mlittle-endian -mxl-soft-mul" "EXTRA_COMPILER_FLAGS=-g -ffunction-sections -fdata-sections -Wall -W
TRACE::2026-01-04.21:58:30::SCWMssOS::extra -fno-tree-loop-distribute-patterns"

TRACE::2026-01-04.21:58:30::SCWMssOS::make -C microblaze_0/libsrc/standalone_v7_6/src -s libs  "SHELL=CMD" "COMPILER=mb-gcc" "ASSEMBLER=mb-as" "ARCHIVER=mb-ar" "COMP
TRACE::2026-01-04.21:58:30::SCWMssOS::ILER_FLAGS=  -O2 -c -mcpu=v11.0 -mlittle-endian -mxl-soft-mul" "EXTRA_COMPILER_FLAGS=-g -ffunction-sections -fdata-sections -Wa
TRACE::2026-01-04.21:58:30::SCWMssOS::ll -Wextra -fno-tree-loop-distribute-patterns"

TRACE::2026-01-04.21:58:30::SCWMssOS::"Running Make libs in microblaze_0/libsrc/uartlite_v3_6/src"

TRACE::2026-01-04.21:58:30::SCWMssOS::make -C microblaze_0/libsrc/uartlite_v3_6/src -s libs  "SHELL=CMD" "COMPILER=mb-gcc" "ASSEMBLER=mb-as" "ARCHIVER=mb-ar" "COMPIL
TRACE::2026-01-04.21:58:30::SCWMssOS::ER_FLAGS=  -O2 -c -mcpu=v11.0 -mlittle-endian -mxl-soft-mul" "EXTRA_COMPILER_FLAGS=-g -ffunction-sections -fdata-sections -Wall
TRACE::2026-01-04.21:58:30::SCWMssOS:: -Wextra -fno-tree-loop-distribute-patterns"

TRACE::2026-01-04.21:58:30::SCWMssOS::"DEBUG NON_LTO_OBJECTS is ../../../lib/microblaze_interrupt_handler.o"

TRACE::2026-01-04.21:58:31::SCWMssOS::'Finished building libraries parallelly.'

TRACE::2026-01-04.21:58:31::SCWMssOS::make --no-print-directory archive

TRACE::2026-01-04.21:58:31::SCWMssOS::mb-ar -r  microblaze_0/lib/libxil.a microblaze_0/lib/xplatform_info.o microblaze_0/lib/xuartlite.o microblaze_0/lib/microblaze_
TRACE::2026-01-04.21:58:31::SCWMssOS::disable_exceptions.o microblaze_0/lib/print.o microblaze_0/lib/_exit.o microblaze_0/lib/xil_testio.o microblaze_0/lib/microblaz
TRACE::2026-01-04.21:58:31::SCWMssOS::e_disable_dcache.o microblaze_0/lib/microblaze_flush_dcache_range.o microblaze_0/lib/microblaze_flush_cache_ext.o microblaze_0/
TRACE::2026-01-04.21:58:31::SCWMssOS::lib/xbram_sinit.o microblaze_0/lib/xil_misc_psreset_api.o microblaze_0/lib/xil_cache.o microblaze_0/lib/xil_util.o microblaze_0
TRACE::2026-01-04.21:58:31::SCWMssOS::/lib/inbyte.o microblaze_0/lib/xbram_g.o microblaze_0/lib/xuartlite_stats.o microblaze_0/lib/microblaze_exception_handler.o mic
TRACE::2026-01-04.21:58:31::SCWMssOS::roblaze_0/lib/microblaze_scrub.o microblaze_0/lib/microblaze_invalidate_dcache.o microblaze_0/lib/microblaze_disable_interrupts
TRACE::2026-01-04.21:58:31::SCWMssOS::.o microblaze_0/lib/xbram_selftest.o microblaze_0/lib/microblaze_interrupt_handler.o microblaze_0/lib/microblaze_disable_icache
TRACE::2026-01-04.21:58:31::SCWMssOS::.o microblaze_0/lib/xil_mem.o microblaze_0/lib/xuartlite_intr.o microblaze_0/lib/microblaze_flush_cache_ext_range.o microblaze_
TRACE::2026-01-04.21:58:31::SCWMssOS::0/lib/xbram_intr.o microblaze_0/lib/xil_sleepcommon.o microblaze_0/lib/xil_printf.o microblaze_0/lib/xintc_g.o microblaze_0/lib
TRACE::2026-01-04.21:58:31::SCWMssOS::/xuartlite_g.o microblaze_0/lib/xintc_selftest.o microblaze_0/lib/xintc_l.o microblaze_0/lib/outbyte.o microblaze_0/lib/microbl
TRACE::2026-01-04.21:58:31::SCWMssOS::aze_invalidate_dcache_range.o microblaze_0/lib/microblaze_invalidate_cache_ext.o microblaze_0/lib/microblaze_sleep.o microblaze
TRACE::2026-01-04.21:58:31::SCWMssOS::_0/lib/hw_exception_handler.o microblaze_0/lib/xuartlite_selftest.o microblaze_0/lib/xintc_intr.o microblaze_0/lib/microblaze_u
TRACE::2026-01-04.21:58:31::SCWMssOS::pdate_dcache.o microblaze_0/lib/xil_testcache.o microblaze_0/lib/microblaze_selftest.o microblaze_0/lib/microblaze_interrupts_g
TRACE::2026-01-04.21:58:31::SCWMssOS::.o microblaze_0/lib/microblaze_enable_exceptions.o microblaze_0/lib/xio.o microblaze_0/lib/microblaze_enable_dcache.o microblaz
TRACE::2026-01-04.21:58:31::SCWMssOS::e_0/lib/xbram.o microblaze_0/lib/microblaze_invalidate_icache_range.o microblaze_0/lib/microblaze_init_dcache_range.o microblaz
TRACE::2026-01-04.21:58:31::SCWMssOS::e_0/lib/microblaze_invalidate_icache.o microblaze_0/lib/errno.o microblaze_0/lib/xuartlite_l.o microblaze_0/lib/xintc_options.o
TRACE::2026-01-04.21:58:31::SCWMssOS:: microblaze_0/lib/microblaze_invalidate_cache_ext_range.o microblaze_0/lib/xil_exception.o microblaze_0/lib/pvr.o microblaze_0/
TRACE::2026-01-04.21:58:31::SCWMssOS::lib/xil_testmem.o microblaze_0/lib/microblaze_update_icache.o microblaze_0/lib/microblaze_flush_dcache.o microblaze_0/lib/xil_c
TRACE::2026-01-04.21:58:31::SCWMssOS::locking.o microblaze_0/lib/xil_assert.o microblaze_0/lib/microblaze_enable_interrupts.o microblaze_0/lib/microblaze_enable_icac
TRACE::2026-01-04.21:58:31::SCWMssOS::he.o microblaze_0/lib/xintc.o microblaze_0/lib/xuartlite_sinit.o microblaze_0/lib/fcntl.o microblaze_0/lib/microblaze_init_icac
TRACE::2026-01-04.21:58:31::SCWMssOS::he_range.o

TRACE::2026-01-04.21:58:31::SCWMssOS::'Finished building libraries'

TRACE::2026-01-04.21:58:31::SCWMssOS::Copying to export directory.
TRACE::2026-01-04.21:58:32::SCWMssOS:: Checking if to create the Supporting Applications
TRACE::2026-01-04.21:58:32::SCWMssOS:: No Linux domain exists, trying to generate FSBL 
LOG::2026-01-04.21:58:32::SCWSystem::Completed Processing the domain standalone_domain
LOG::2026-01-04.21:58:32::SCWSystem::Completed Processing the sysconfig All_PMods_Platform
LOG::2026-01-04.21:58:32::SCWPlatform::Completed generating the artifacts for system configuration All_PMods_Platform
TRACE::2026-01-04.21:58:32::SCWPlatform::Started preparing the platform 
TRACE::2026-01-04.21:58:32::SCWSystem::Writing the bif file for system config All_PMods_Platform
TRACE::2026-01-04.21:58:32::SCWSystem::dir created 
TRACE::2026-01-04.21:58:32::SCWSystem::Writing the bif 
TRACE::2026-01-04.21:58:32::SCWPlatform::Started writing the spfm file 
TRACE::2026-01-04.21:58:32::SCWPlatform::Started writing the xpfm file 
TRACE::2026-01-04.21:58:32::SCWPlatform::Completed generating the platform
TRACE::2026-01-04.21:58:32::SCWMssOS::Saving the mss changes F:/Advanced_Hardware_Engineering/Vivado_2021/Workspace/ALL_PMODS/All_PMods_Platform/microblaze_0/standalone_domain/bsp/system.mss
TRACE::2026-01-04.21:58:32::SCWMssOS::Found a swdesign opened with the mssfile.
TRACE::2026-01-04.21:58:32::SCWMssOS::Completed writemss as part of save.
TRACE::2026-01-04.21:58:32::SCWMssOS::Commit changes completed.
TRACE::2026-01-04.21:58:32::SCWPlatform::Trying to open the hw design at F:/Advanced_Hardware_Engineering/Vivado_2021/Workspace/ALL_PMODS/All_PMods_Platform/hw/TEST_J_2021_ALLPMODS_wrapper.xsa
TRACE::2026-01-04.21:58:32::SCWPlatform::DSA given F:/Advanced_Hardware_Engineering/Vivado_2021/Workspace/ALL_PMODS/All_PMods_Platform/hw/TEST_J_2021_ALLPMODS_wrapper.xsa
TRACE::2026-01-04.21:58:32::SCWPlatform::DSA absoulate path F:/Advanced_Hardware_Engineering/Vivado_2021/Workspace/ALL_PMODS/All_PMods_Platform/hw/TEST_J_2021_ALLPMODS_wrapper.xsa
TRACE::2026-01-04.21:58:32::SCWPlatform::DSA directory F:/Advanced_Hardware_Engineering/Vivado_2021/Workspace/ALL_PMODS/All_PMods_Platform/hw
TRACE::2026-01-04.21:58:32::SCWPlatform:: Platform Path F:/Advanced_Hardware_Engineering/Vivado_2021/Workspace/ALL_PMODS/All_PMods_Platform/hw/TEST_J_2021_ALLPMODS_wrapper.xsa
TRACE::2026-01-04.21:58:32::SCWPlatform:: Unique name xilinx:nexys-a7-100t::0.0
TRACE::2026-01-04.21:58:32::SCWPlatform::Trying to set the existing hwdb with name TEST_J_2021_ALLPMODS_wrapper_1
TRACE::2026-01-04.21:58:32::SCWPlatform::Opened existing hwdb TEST_J_2021_ALLPMODS_wrapper_1
TRACE::2026-01-04.21:58:32::SCWPlatform::Found the Hw Db part of the input DSA
TRACE::2026-01-04.21:58:32::SCWMssOS::Checking the sw design at  F:/Advanced_Hardware_Engineering/Vivado_2021/Workspace/ALL_PMODS/All_PMods_Platform/microblaze_0/standalone_domain/bsp/system.mss
TRACE::2026-01-04.21:58:32::SCWMssOS::DEBUG:  swdes dump  F:/Advanced_Hardware_Engineering/Vivado_2021/Workspace/ALL_PMODS/All_PMods_Platform/microblaze_0/standalone_domain/bsp/system.mss|system||

TRACE::2026-01-04.21:58:32::SCWMssOS::Sw design exists and opened at  F:/Advanced_Hardware_Engineering/Vivado_2021/Workspace/ALL_PMODS/All_PMods_Platform/microblaze_0/standalone_domain/bsp/system.mss
TRACE::2026-01-04.21:58:32::SCWWriter::formatted JSON is {
	"platformName":	"All_PMods_Platform",
	"sprVersion":	"2.0",
	"mode":	"gui",
	"dsaType":	"Fixed",
	"platformDesc":	"All_PMods_Platform",
	"platHandOff":	"F:/Advanced_Hardware_Engineering/Vivado_2021/TEST_J_2021_ALLPMODS/TEST_J_2021_ALLPMODS/TEST_J_2021_ALLPMODS_wrapper.xsa",
	"platIntHandOff":	"<platformDir>/hw/TEST_J_2021_ALLPMODS_wrapper.xsa",
	"deviceType":	"FPGA",
	"platIsPrebuiltAutogen":	"false",
	"platIsNoBootBsp":	"false",
	"hasFsblMakeHasChanges":	"false",
	"hasPmufwMakeHasChanges":	"false",
	"platPreBuiltFlag":	false,
	"platformSamplesDir":	"",
	"platActiveSys":	"All_PMods_Platform",
	"systems":	[{
			"systemName":	"All_PMods_Platform",
			"systemDesc":	"All_PMods_Platform",
			"sysIsBootAutoGen":	"true",
			"systemDispName":	"All_PMods_Platform",
			"sysActiveDom":	"standalone_domain",
			"sysDefaultDom":	"standalone_domain",
			"domains":	[{
					"domainName":	"standalone_domain",
					"domainDispName":	"standalone on microblaze_0",
					"domainDesc":	"standalone_domain",
					"processors":	"microblaze_0",
					"os":	"standalone",
					"sdxOs":	"standalone",
					"debugEnable":	"False",
					"domRuntimes":	["cpp"],
					"swRepo":	"",
					"mssOsVer":	"7.6",
					"mssFile":	"",
					"md5Digest":	"20e6946f2494afee0dccc84a368ff156",
					"compatibleApp":	"",
					"domType":	"mssDomain",
					"arch":	"32-bit",
					"appSettings":	{
						"appCompilerFlags":	"",
						"appLinkerFlags":	""
					},
					"addedLibs":	[],
					"libOptions":	{
						"libsContainingOptions":	[]
					},
					"prebuiltLibs":	{
						"prebuiltIncPath":	[],
						"prebuiltLibPath":	[]
					},
					"isolation":	{
					}
				}]
		}]
}
KEYINFO::2026-01-04.21:58:32::SCWPlatform::updated the xpfm file.
TRACE::2026-01-04.21:58:32::SCWPlatform::Trying to open the hw design at F:/Advanced_Hardware_Engineering/Vivado_2021/Workspace/ALL_PMODS/All_PMods_Platform/hw/TEST_J_2021_ALLPMODS_wrapper.xsa
TRACE::2026-01-04.21:58:32::SCWPlatform::DSA given F:/Advanced_Hardware_Engineering/Vivado_2021/Workspace/ALL_PMODS/All_PMods_Platform/hw/TEST_J_2021_ALLPMODS_wrapper.xsa
TRACE::2026-01-04.21:58:32::SCWPlatform::DSA absoulate path F:/Advanced_Hardware_Engineering/Vivado_2021/Workspace/ALL_PMODS/All_PMods_Platform/hw/TEST_J_2021_ALLPMODS_wrapper.xsa
TRACE::2026-01-04.21:58:32::SCWPlatform::DSA directory F:/Advanced_Hardware_Engineering/Vivado_2021/Workspace/ALL_PMODS/All_PMods_Platform/hw
TRACE::2026-01-04.21:58:32::SCWPlatform:: Platform Path F:/Advanced_Hardware_Engineering/Vivado_2021/Workspace/ALL_PMODS/All_PMods_Platform/hw/TEST_J_2021_ALLPMODS_wrapper.xsa
TRACE::2026-01-04.21:58:32::SCWPlatform:: Unique name xilinx:nexys-a7-100t::0.0
TRACE::2026-01-04.21:58:32::SCWPlatform::Trying to set the existing hwdb with name TEST_J_2021_ALLPMODS_wrapper_1
TRACE::2026-01-04.21:58:32::SCWPlatform::Opened existing hwdb TEST_J_2021_ALLPMODS_wrapper_1
TRACE::2026-01-04.21:58:32::SCWPlatform::Found the Hw Db part of the input DSA
TRACE::2026-01-04.21:58:32::SCWMssOS::Checking the sw design at  F:/Advanced_Hardware_Engineering/Vivado_2021/Workspace/ALL_PMODS/All_PMods_Platform/microblaze_0/standalone_domain/bsp/system.mss
TRACE::2026-01-04.21:58:32::SCWMssOS::DEBUG:  swdes dump  F:/Advanced_Hardware_Engineering/Vivado_2021/Workspace/ALL_PMODS/All_PMods_Platform/microblaze_0/standalone_domain/bsp/system.mss|system||

TRACE::2026-01-04.21:58:32::SCWMssOS::Sw design exists and opened at  F:/Advanced_Hardware_Engineering/Vivado_2021/Workspace/ALL_PMODS/All_PMods_Platform/microblaze_0/standalone_domain/bsp/system.mss
TRACE::2026-01-04.22:00:07::SCWMssOS::cleaning the bsp 
TRACE::2026-01-04.22:00:07::SCWMssOS::System Command Ran  F: & cd  F:/Advanced_Hardware_Engineering/Vivado_2021/Workspace/ALL_PMODS/All_PMods_Platform/microblaze_0/standalone_domain/bsp & make clean 
TRACE::2026-01-04.22:00:07::SCWMssOS::make -C microblaze_0/libsrc/bram_v4_7/src -s clean 

TRACE::2026-01-04.22:00:07::SCWMssOS::make -C microblaze_0/libsrc/cpu_v2_14/src -s clean 

TRACE::2026-01-04.22:00:07::SCWMssOS::make -C microblaze_0/libsrc/intc_v3_13/src -s clean 

TRACE::2026-01-04.22:00:07::SCWMssOS::make -C microblaze_0/libsrc/PmodALS_v1_0/src -s clean 

TRACE::2026-01-04.22:00:07::SCWMssOS::make -C microblaze_0/libsrc/PmodMAXSONAR_v1_0/src -s clean 

TRACE::2026-01-04.22:00:07::SCWMssOS::make -C microblaze_0/libsrc/PmodOLEDrgb_v1_0/src -s clean 

TRACE::2026-01-04.22:00:07::SCWMssOS::make -C microblaze_0/libsrc/PmodTMP3_v1_0/src -s clean 

TRACE::2026-01-04.22:00:07::SCWMssOS::make -C microblaze_0/libsrc/standalone_v7_6/src -s clean 

TRACE::2026-01-04.22:00:07::SCWMssOS::make -C microblaze_0/libsrc/uartlite_v3_6/src -s clean 

TRACE::2026-01-04.22:00:07::SCWMssOS::rm -f microblaze_0/lib/libxil.a

LOG::2026-01-04.22:00:13::SCWPlatform::Started generating the artifacts platform All_PMods_Platform
TRACE::2026-01-04.22:00:13::SCWPlatform::Sanity checking of platform is completed
LOG::2026-01-04.22:00:13::SCWPlatform::Started generating the artifacts for system configuration All_PMods_Platform
LOG::2026-01-04.22:00:13::SCWSystem::Checking the domain standalone_domain
LOG::2026-01-04.22:00:13::SCWSystem::Not a boot domain 
LOG::2026-01-04.22:00:13::SCWSystem::Started Processing the domain standalone_domain
TRACE::2026-01-04.22:00:13::SCWDomain::Generating domain artifcats
TRACE::2026-01-04.22:00:13::SCWMssOS::Generating standalone artifcats
TRACE::2026-01-04.22:00:13::SCWMssOS:: Copying the user libraries. 
TRACE::2026-01-04.22:00:13::SCWPlatform::Trying to open the hw design at F:/Advanced_Hardware_Engineering/Vivado_2021/Workspace/ALL_PMODS/All_PMods_Platform/hw/TEST_J_2021_ALLPMODS_wrapper.xsa
TRACE::2026-01-04.22:00:13::SCWPlatform::DSA given F:/Advanced_Hardware_Engineering/Vivado_2021/Workspace/ALL_PMODS/All_PMods_Platform/hw/TEST_J_2021_ALLPMODS_wrapper.xsa
TRACE::2026-01-04.22:00:13::SCWPlatform::DSA absoulate path F:/Advanced_Hardware_Engineering/Vivado_2021/Workspace/ALL_PMODS/All_PMods_Platform/hw/TEST_J_2021_ALLPMODS_wrapper.xsa
TRACE::2026-01-04.22:00:13::SCWPlatform::DSA directory F:/Advanced_Hardware_Engineering/Vivado_2021/Workspace/ALL_PMODS/All_PMods_Platform/hw
TRACE::2026-01-04.22:00:13::SCWPlatform:: Platform Path F:/Advanced_Hardware_Engineering/Vivado_2021/Workspace/ALL_PMODS/All_PMods_Platform/hw/TEST_J_2021_ALLPMODS_wrapper.xsa
TRACE::2026-01-04.22:00:13::SCWPlatform:: Unique name xilinx:nexys-a7-100t::0.0
TRACE::2026-01-04.22:00:13::SCWPlatform::Trying to set the existing hwdb with name TEST_J_2021_ALLPMODS_wrapper_1
TRACE::2026-01-04.22:00:13::SCWPlatform::Opened existing hwdb TEST_J_2021_ALLPMODS_wrapper_1
TRACE::2026-01-04.22:00:13::SCWPlatform::Found the Hw Db part of the input DSA
TRACE::2026-01-04.22:00:13::SCWMssOS::Checking the sw design at  F:/Advanced_Hardware_Engineering/Vivado_2021/Workspace/ALL_PMODS/All_PMods_Platform/microblaze_0/standalone_domain/bsp/system.mss
TRACE::2026-01-04.22:00:13::SCWMssOS::DEBUG:  swdes dump  F:/Advanced_Hardware_Engineering/Vivado_2021/Workspace/ALL_PMODS/All_PMods_Platform/microblaze_0/standalone_domain/bsp/system.mss|system||

TRACE::2026-01-04.22:00:13::SCWMssOS::Sw design exists and opened at  F:/Advanced_Hardware_Engineering/Vivado_2021/Workspace/ALL_PMODS/All_PMods_Platform/microblaze_0/standalone_domain/bsp/system.mss
TRACE::2026-01-04.22:00:13::SCWMssOS::Completed writing the mss file at F:/Advanced_Hardware_Engineering/Vivado_2021/Workspace/ALL_PMODS/All_PMods_Platform/microblaze_0/standalone_domain/bsp
TRACE::2026-01-04.22:00:13::SCWMssOS::Mss edits present, copying mssfile into export location F:/Advanced_Hardware_Engineering/Vivado_2021/Workspace/ALL_PMODS/All_PMods_Platform/microblaze_0/standalone_domain/bsp/system.mss
TRACE::2026-01-04.22:00:13::SCWMssOS::bsp generated is upto date with the mss file. Skipping bsp generation.
TRACE::2026-01-04.22:00:13::SCWMssOS::BSP is already built. skipping the bsp build ... 
TRACE::2026-01-04.22:00:13::SCWDomain::Building the domain as part of full build :  standalone_domain
TRACE::2026-01-04.22:00:13::SCWMssOS::doing bsp build ... 
TRACE::2026-01-04.22:00:13::SCWMssOS::System Command Ran  F: & cd  F:/Advanced_Hardware_Engineering/Vivado_2021/Workspace/ALL_PMODS/All_PMods_Platform/microblaze_0/standalone_domain/bsp & make 
TRACE::2026-01-04.22:00:13::SCWMssOS::make --no-print-directory seq_libs

TRACE::2026-01-04.22:00:13::SCWMssOS::"Running Make include in microblaze_0/libsrc/bram_v4_7/src"

TRACE::2026-01-04.22:00:13::SCWMssOS::make -C microblaze_0/libsrc/bram_v4_7/src -s include  "SHELL=CMD" "COMPILER=mb-gcc" "ASSEMBLER=mb-as" "ARCHIVER=mb-ar" "COMPILE
TRACE::2026-01-04.22:00:13::SCWMssOS::R_FLAGS=  -O2 -c -mcpu=v11.0 -mlittle-endian -mxl-soft-mul" "EXTRA_COMPILER_FLAGS=-g -ffunction-sections -fdata-sections -Wall 
TRACE::2026-01-04.22:00:13::SCWMssOS::-Wextra -fno-tree-loop-distribute-patterns"

TRACE::2026-01-04.22:00:13::SCWMssOS::"Running Make include in microblaze_0/libsrc/cpu_v2_14/src"

TRACE::2026-01-04.22:00:13::SCWMssOS::make -C microblaze_0/libsrc/cpu_v2_14/src -s include  "SHELL=CMD" "COMPILER=mb-gcc" "ASSEMBLER=mb-as" "ARCHIVER=mb-ar" "COMPILE
TRACE::2026-01-04.22:00:13::SCWMssOS::R_FLAGS=  -O2 -c -mcpu=v11.0 -mlittle-endian -mxl-soft-mul" "EXTRA_COMPILER_FLAGS=-g -ffunction-sections -fdata-sections -Wall 
TRACE::2026-01-04.22:00:13::SCWMssOS::-Wextra -fno-tree-loop-distribute-patterns"

TRACE::2026-01-04.22:00:13::SCWMssOS::"Running Make include in microblaze_0/libsrc/intc_v3_13/src"

TRACE::2026-01-04.22:00:13::SCWMssOS::make -C microblaze_0/libsrc/intc_v3_13/src -s include  "SHELL=CMD" "COMPILER=mb-gcc" "ASSEMBLER=mb-as" "ARCHIVER=mb-ar" "COMPIL
TRACE::2026-01-04.22:00:13::SCWMssOS::ER_FLAGS=  -O2 -c -mcpu=v11.0 -mlittle-endian -mxl-soft-mul" "EXTRA_COMPILER_FLAGS=-g -ffunction-sections -fdata-sections -Wall
TRACE::2026-01-04.22:00:13::SCWMssOS:: -Wextra -fno-tree-loop-distribute-patterns"

TRACE::2026-01-04.22:00:13::SCWMssOS::"Running Make include in microblaze_0/libsrc/PmodALS_v1_0/src"

TRACE::2026-01-04.22:00:13::SCWMssOS::make -C microblaze_0/libsrc/PmodALS_v1_0/src -s include  "SHELL=CMD" "COMPILER=mb-gcc" "ASSEMBLER=mb-as" "ARCHIVER=mb-ar" "COMP
TRACE::2026-01-04.22:00:13::SCWMssOS::ILER_FLAGS=  -O2 -c -mcpu=v11.0 -mlittle-endian -mxl-soft-mul" "EXTRA_COMPILER_FLAGS=-g -ffunction-sections -fdata-sections -Wa
TRACE::2026-01-04.22:00:13::SCWMssOS::ll -Wextra -fno-tree-loop-distribute-patterns"

TRACE::2026-01-04.22:00:13::SCWMssOS::"Running Make include in microblaze_0/libsrc/PmodMAXSONAR_v1_0/src"

TRACE::2026-01-04.22:00:13::SCWMssOS::make -C microblaze_0/libsrc/PmodMAXSONAR_v1_0/src -s include  "SHELL=CMD" "COMPILER=mb-gcc" "ASSEMBLER=mb-as" "ARCHIVER=mb-ar" 
TRACE::2026-01-04.22:00:13::SCWMssOS::"COMPILER_FLAGS=  -O2 -c -mcpu=v11.0 -mlittle-endian -mxl-soft-mul" "EXTRA_COMPILER_FLAGS=-g -ffunction-sections -fdata-section
TRACE::2026-01-04.22:00:13::SCWMssOS::s -Wall -Wextra -fno-tree-loop-distribute-patterns"

TRACE::2026-01-04.22:00:13::SCWMssOS::"Running Make include in microblaze_0/libsrc/PmodOLEDrgb_v1_0/src"

TRACE::2026-01-04.22:00:13::SCWMssOS::make -C microblaze_0/libsrc/PmodOLEDrgb_v1_0/src -s include  "SHELL=CMD" "COMPILER=mb-gcc" "ASSEMBLER=mb-as" "ARCHIVER=mb-ar" "
TRACE::2026-01-04.22:00:13::SCWMssOS::COMPILER_FLAGS=  -O2 -c -mcpu=v11.0 -mlittle-endian -mxl-soft-mul" "EXTRA_COMPILER_FLAGS=-g -ffunction-sections -fdata-sections
TRACE::2026-01-04.22:00:13::SCWMssOS:: -Wall -Wextra -fno-tree-loop-distribute-patterns"

TRACE::2026-01-04.22:00:13::SCWMssOS::"Running Make include in microblaze_0/libsrc/PmodTMP3_v1_0/src"

TRACE::2026-01-04.22:00:13::SCWMssOS::make -C microblaze_0/libsrc/PmodTMP3_v1_0/src -s include  "SHELL=CMD" "COMPILER=mb-gcc" "ASSEMBLER=mb-as" "ARCHIVER=mb-ar" "COM
TRACE::2026-01-04.22:00:13::SCWMssOS::PILER_FLAGS=  -O2 -c -mcpu=v11.0 -mlittle-endian -mxl-soft-mul" "EXTRA_COMPILER_FLAGS=-g -ffunction-sections -fdata-sections -W
TRACE::2026-01-04.22:00:13::SCWMssOS::all -Wextra -fno-tree-loop-distribute-patterns"

TRACE::2026-01-04.22:00:13::SCWMssOS::"Running Make include in microblaze_0/libsrc/standalone_v7_6/src"

TRACE::2026-01-04.22:00:13::SCWMssOS::make -C microblaze_0/libsrc/standalone_v7_6/src -s include  "SHELL=CMD" "COMPILER=mb-gcc" "ASSEMBLER=mb-as" "ARCHIVER=mb-ar" "C
TRACE::2026-01-04.22:00:13::SCWMssOS::OMPILER_FLAGS=  -O2 -c -mcpu=v11.0 -mlittle-endian -mxl-soft-mul" "EXTRA_COMPILER_FLAGS=-g -ffunction-sections -fdata-sections 
TRACE::2026-01-04.22:00:13::SCWMssOS::-Wall -Wextra -fno-tree-loop-distribute-patterns"

TRACE::2026-01-04.22:00:13::SCWMssOS::"Running Make include in microblaze_0/libsrc/uartlite_v3_6/src"

TRACE::2026-01-04.22:00:13::SCWMssOS::make -C microblaze_0/libsrc/uartlite_v3_6/src -s include  "SHELL=CMD" "COMPILER=mb-gcc" "ASSEMBLER=mb-as" "ARCHIVER=mb-ar" "COM
TRACE::2026-01-04.22:00:13::SCWMssOS::PILER_FLAGS=  -O2 -c -mcpu=v11.0 -mlittle-endian -mxl-soft-mul" "EXTRA_COMPILER_FLAGS=-g -ffunction-sections -fdata-sections -W
TRACE::2026-01-04.22:00:13::SCWMssOS::all -Wextra -fno-tree-loop-distribute-patterns"

TRACE::2026-01-04.22:00:13::SCWMssOS::"Running Make libs in microblaze_0/libsrc/PmodALS_v1_0/src"

TRACE::2026-01-04.22:00:13::SCWMssOS::make -C microblaze_0/libsrc/PmodALS_v1_0/src -s libs  "SHELL=CMD" "COMPILER=mb-gcc" "ASSEMBLER=mb-as" "ARCHIVER=mb-ar" "COMPILE
TRACE::2026-01-04.22:00:13::SCWMssOS::R_FLAGS=  -O2 -c -mcpu=v11.0 -mlittle-endian -mxl-soft-mul" "EXTRA_COMPILER_FLAGS=-g -ffunction-sections -fdata-sections -Wall 
TRACE::2026-01-04.22:00:13::SCWMssOS::-Wextra -fno-tree-loop-distribute-patterns"

TRACE::2026-01-04.22:00:13::SCWMssOS::"Compiling PmodALS"

TRACE::2026-01-04.22:00:14::SCWMssOS::"Running Make libs in microblaze_0/libsrc/PmodMAXSONAR_v1_0/src"

TRACE::2026-01-04.22:00:14::SCWMssOS::make -C microblaze_0/libsrc/PmodMAXSONAR_v1_0/src -s libs  "SHELL=CMD" "COMPILER=mb-gcc" "ASSEMBLER=mb-as" "ARCHIVER=mb-ar" "CO
TRACE::2026-01-04.22:00:14::SCWMssOS::MPILER_FLAGS=  -O2 -c -mcpu=v11.0 -mlittle-endian -mxl-soft-mul" "EXTRA_COMPILER_FLAGS=-g -ffunction-sections -fdata-sections -
TRACE::2026-01-04.22:00:14::SCWMssOS::Wall -Wextra -fno-tree-loop-distribute-patterns"

TRACE::2026-01-04.22:00:14::SCWMssOS::"Compiling PmodMAXSONAR"

TRACE::2026-01-04.22:00:14::SCWMssOS::"Running Make libs in microblaze_0/libsrc/PmodOLEDrgb_v1_0/src"

TRACE::2026-01-04.22:00:14::SCWMssOS::make -C microblaze_0/libsrc/PmodOLEDrgb_v1_0/src -s libs  "SHELL=CMD" "COMPILER=mb-gcc" "ASSEMBLER=mb-as" "ARCHIVER=mb-ar" "COM
TRACE::2026-01-04.22:00:14::SCWMssOS::PILER_FLAGS=  -O2 -c -mcpu=v11.0 -mlittle-endian -mxl-soft-mul" "EXTRA_COMPILER_FLAGS=-g -ffunction-sections -fdata-sections -W
TRACE::2026-01-04.22:00:14::SCWMssOS::all -Wextra -fno-tree-loop-distribute-patterns"

TRACE::2026-01-04.22:00:14::SCWMssOS::"Compiling pmodOLEDrgb"

TRACE::2026-01-04.22:00:14::SCWMssOS::"Running Make libs in microblaze_0/libsrc/PmodTMP3_v1_0/src"

TRACE::2026-01-04.22:00:14::SCWMssOS::make -C microblaze_0/libsrc/PmodTMP3_v1_0/src -s libs  "SHELL=CMD" "COMPILER=mb-gcc" "ASSEMBLER=mb-as" "ARCHIVER=mb-ar" "COMPIL
TRACE::2026-01-04.22:00:14::SCWMssOS::ER_FLAGS=  -O2 -c -mcpu=v11.0 -mlittle-endian -mxl-soft-mul" "EXTRA_COMPILER_FLAGS=-g -ffunction-sections -fdata-sections -Wall
TRACE::2026-01-04.22:00:14::SCWMssOS:: -Wextra -fno-tree-loop-distribute-patterns"

TRACE::2026-01-04.22:00:14::SCWMssOS::"Compiling PmodTMP3"

TRACE::2026-01-04.22:00:15::SCWMssOS::'Finished building libraries sequentially.'

TRACE::2026-01-04.22:00:15::SCWMssOS::make -j 14 --no-print-directory par_libs

TRACE::2026-01-04.22:00:15::SCWMssOS::"Running Make include in microblaze_0/libsrc/bram_v4_7/src"

TRACE::2026-01-04.22:00:15::SCWMssOS::"Running Make include in microblaze_0/libsrc/cpu_v2_14/src"

TRACE::2026-01-04.22:00:15::SCWMssOS::make -C microblaze_0/libsrc/bram_v4_7/src -s include  "SHELL=CMD" "COMPILER=mb-gcc" "ASSEMBLER=mb-as" "ARCHIVER=mb-ar" "COMPILE
TRACE::2026-01-04.22:00:15::SCWMssOS::R_FLAGS=  -O2 -c -mcpu=v11.0 -mlittle-endian -mxl-soft-mul" "EXTRA_COMPILER_FLAGS=-g -ffunction-sections -fdata-sections -Wall 
TRACE::2026-01-04.22:00:15::SCWMssOS::-Wextra -fno-tree-loop-distribute-patterns"

TRACE::2026-01-04.22:00:15::SCWMssOS::make -C microblaze_0/libsrc/cpu_v2_14/src -s include  "SHELL=CMD" "COMPILER=mb-gcc" "ASSEMBLER=mb-as" "ARCHIVER=mb-ar" "COMPILE
TRACE::2026-01-04.22:00:15::SCWMssOS::R_FLAGS=  -O2 -c -mcpu=v11.0 -mlittle-endian -mxl-soft-mul" "EXTRA_COMPILER_FLAGS=-g -ffunction-sections -fdata-sections -Wall 
TRACE::2026-01-04.22:00:15::SCWMssOS::-Wextra -fno-tree-loop-distribute-patterns"

TRACE::2026-01-04.22:00:15::SCWMssOS::"Running Make include in microblaze_0/libsrc/intc_v3_13/src"

TRACE::2026-01-04.22:00:15::SCWMssOS::"Running Make include in microblaze_0/libsrc/PmodALS_v1_0/src"

TRACE::2026-01-04.22:00:15::SCWMssOS::make -C microblaze_0/libsrc/intc_v3_13/src -s include  "SHELL=CMD" "COMPILER=mb-gcc" "ASSEMBLER=mb-as" "ARCHIVER=mb-ar" "COMPIL
TRACE::2026-01-04.22:00:15::SCWMssOS::ER_FLAGS=  -O2 -c -mcpu=v11.0 -mlittle-endian -mxl-soft-mul" "EXTRA_COMPILER_FLAGS=-g -ffunction-sections -fdata-sections -Wall
TRACE::2026-01-04.22:00:15::SCWMssOS:: -Wextra -fno-tree-loop-distribute-patterns"

TRACE::2026-01-04.22:00:15::SCWMssOS::make -C microblaze_0/libsrc/PmodALS_v1_0/src -s include  "SHELL=CMD" "COMPILER=mb-gcc" "ASSEMBLER=mb-as" "ARCHIVER=mb-ar" "COMP
TRACE::2026-01-04.22:00:15::SCWMssOS::ILER_FLAGS=  -O2 -c -mcpu=v11.0 -mlittle-endian -mxl-soft-mul" "EXTRA_COMPILER_FLAGS=-g -ffunction-sections -fdata-sections -Wa
TRACE::2026-01-04.22:00:15::SCWMssOS::ll -Wextra -fno-tree-loop-distribute-patterns"

TRACE::2026-01-04.22:00:15::SCWMssOS::"Running Make include in microblaze_0/libsrc/PmodMAXSONAR_v1_0/src"

TRACE::2026-01-04.22:00:15::SCWMssOS::make -C microblaze_0/libsrc/PmodMAXSONAR_v1_0/src -s include  "SHELL=CMD" "COMPILER=mb-gcc" "ASSEMBLER=mb-as" "ARCHIVER=mb-ar" 
TRACE::2026-01-04.22:00:15::SCWMssOS::"COMPILER_FLAGS=  -O2 -c -mcpu=v11.0 -mlittle-endian -mxl-soft-mul" "EXTRA_COMPILER_FLAGS=-g -ffunction-sections -fdata-section
TRACE::2026-01-04.22:00:15::SCWMssOS::s -Wall -Wextra -fno-tree-loop-distribute-patterns"

TRACE::2026-01-04.22:00:15::SCWMssOS::"Running Make include in microblaze_0/libsrc/PmodOLEDrgb_v1_0/src"

TRACE::2026-01-04.22:00:15::SCWMssOS::make -C microblaze_0/libsrc/PmodOLEDrgb_v1_0/src -s include  "SHELL=CMD" "COMPILER=mb-gcc" "ASSEMBLER=mb-as" "ARCHIVER=mb-ar" "
TRACE::2026-01-04.22:00:15::SCWMssOS::COMPILER_FLAGS=  -O2 -c -mcpu=v11.0 -mlittle-endian -mxl-soft-mul" "EXTRA_COMPILER_FLAGS=-g -ffunction-sections -fdata-sections
TRACE::2026-01-04.22:00:15::SCWMssOS:: -Wall -Wextra -fno-tree-loop-distribute-patterns"

TRACE::2026-01-04.22:00:15::SCWMssOS::"Running Make include in microblaze_0/libsrc/PmodTMP3_v1_0/src"

TRACE::2026-01-04.22:00:15::SCWMssOS::make -C microblaze_0/libsrc/PmodTMP3_v1_0/src -s include  "SHELL=CMD" "COMPILER=mb-gcc" "ASSEMBLER=mb-as" "ARCHIVER=mb-ar" "COM
TRACE::2026-01-04.22:00:15::SCWMssOS::PILER_FLAGS=  -O2 -c -mcpu=v11.0 -mlittle-endian -mxl-soft-mul" "EXTRA_COMPILER_FLAGS=-g -ffunction-sections -fdata-sections -W
TRACE::2026-01-04.22:00:15::SCWMssOS::all -Wextra -fno-tree-loop-distribute-patterns"

TRACE::2026-01-04.22:00:15::SCWMssOS::"Running Make include in microblaze_0/libsrc/standalone_v7_6/src"

TRACE::2026-01-04.22:00:15::SCWMssOS::make -C microblaze_0/libsrc/standalone_v7_6/src -s include  "SHELL=CMD" "COMPILER=mb-gcc" "ASSEMBLER=mb-as" "ARCHIVER=mb-ar" "C
TRACE::2026-01-04.22:00:15::SCWMssOS::OMPILER_FLAGS=  -O2 -c -mcpu=v11.0 -mlittle-endian -mxl-soft-mul" "EXTRA_COMPILER_FLAGS=-g -ffunction-sections -fdata-sections 
TRACE::2026-01-04.22:00:15::SCWMssOS::-Wall -Wextra -fno-tree-loop-distribute-patterns"

TRACE::2026-01-04.22:00:15::SCWMssOS::"Running Make include in microblaze_0/libsrc/uartlite_v3_6/src"

TRACE::2026-01-04.22:00:15::SCWMssOS::make -C microblaze_0/libsrc/uartlite_v3_6/src -s include  "SHELL=CMD" "COMPILER=mb-gcc" "ASSEMBLER=mb-as" "ARCHIVER=mb-ar" "COM
TRACE::2026-01-04.22:00:15::SCWMssOS::PILER_FLAGS=  -O2 -c -mcpu=v11.0 -mlittle-endian -mxl-soft-mul" "EXTRA_COMPILER_FLAGS=-g -ffunction-sections -fdata-sections -W
TRACE::2026-01-04.22:00:15::SCWMssOS::all -Wextra -fno-tree-loop-distribute-patterns"

TRACE::2026-01-04.22:00:15::SCWMssOS::"Running Make libs in microblaze_0/libsrc/bram_v4_7/src"

TRACE::2026-01-04.22:00:15::SCWMssOS::make -C microblaze_0/libsrc/bram_v4_7/src -s libs  "SHELL=CMD" "COMPILER=mb-gcc" "ASSEMBLER=mb-as" "ARCHIVER=mb-ar" "COMPILER_F
TRACE::2026-01-04.22:00:15::SCWMssOS::LAGS=  -O2 -c -mcpu=v11.0 -mlittle-endian -mxl-soft-mul" "EXTRA_COMPILER_FLAGS=-g -ffunction-sections -fdata-sections -Wall -We
TRACE::2026-01-04.22:00:15::SCWMssOS::xtra -fno-tree-loop-distribute-patterns"

TRACE::2026-01-04.22:00:15::SCWMssOS::"Running Make libs in microblaze_0/libsrc/cpu_v2_14/src"

TRACE::2026-01-04.22:00:15::SCWMssOS::make -C microblaze_0/libsrc/cpu_v2_14/src -s libs  "SHELL=CMD" "COMPILER=mb-gcc" "ASSEMBLER=mb-as" "ARCHIVER=mb-ar" "COMPILER_F
TRACE::2026-01-04.22:00:15::SCWMssOS::LAGS=  -O2 -c -mcpu=v11.0 -mlittle-endian -mxl-soft-mul" "EXTRA_COMPILER_FLAGS=-g -ffunction-sections -fdata-sections -Wall -We
TRACE::2026-01-04.22:00:15::SCWMssOS::xtra -fno-tree-loop-distribute-patterns"

TRACE::2026-01-04.22:00:15::SCWMssOS::"Running Make libs in microblaze_0/libsrc/intc_v3_13/src"

TRACE::2026-01-04.22:00:15::SCWMssOS::make -C microblaze_0/libsrc/intc_v3_13/src -s libs  "SHELL=CMD" "COMPILER=mb-gcc" "ASSEMBLER=mb-as" "ARCHIVER=mb-ar" "COMPILER_
TRACE::2026-01-04.22:00:15::SCWMssOS::FLAGS=  -O2 -c -mcpu=v11.0 -mlittle-endian -mxl-soft-mul" "EXTRA_COMPILER_FLAGS=-g -ffunction-sections -fdata-sections -Wall -W
TRACE::2026-01-04.22:00:15::SCWMssOS::extra -fno-tree-loop-distribute-patterns"

TRACE::2026-01-04.22:00:15::SCWMssOS::"Running Make libs in microblaze_0/libsrc/standalone_v7_6/src"

TRACE::2026-01-04.22:00:15::SCWMssOS::make -C microblaze_0/libsrc/standalone_v7_6/src -s libs  "SHELL=CMD" "COMPILER=mb-gcc" "ASSEMBLER=mb-as" "ARCHIVER=mb-ar" "COMP
TRACE::2026-01-04.22:00:15::SCWMssOS::ILER_FLAGS=  -O2 -c -mcpu=v11.0 -mlittle-endian -mxl-soft-mul" "EXTRA_COMPILER_FLAGS=-g -ffunction-sections -fdata-sections -Wa
TRACE::2026-01-04.22:00:15::SCWMssOS::ll -Wextra -fno-tree-loop-distribute-patterns"

TRACE::2026-01-04.22:00:15::SCWMssOS::"Running Make libs in microblaze_0/libsrc/uartlite_v3_6/src"

TRACE::2026-01-04.22:00:15::SCWMssOS::make -C microblaze_0/libsrc/uartlite_v3_6/src -s libs  "SHELL=CMD" "COMPILER=mb-gcc" "ASSEMBLER=mb-as" "ARCHIVER=mb-ar" "COMPIL
TRACE::2026-01-04.22:00:15::SCWMssOS::ER_FLAGS=  -O2 -c -mcpu=v11.0 -mlittle-endian -mxl-soft-mul" "EXTRA_COMPILER_FLAGS=-g -ffunction-sections -fdata-sections -Wall
TRACE::2026-01-04.22:00:15::SCWMssOS:: -Wextra -fno-tree-loop-distribute-patterns"

TRACE::2026-01-04.22:00:16::SCWMssOS::"DEBUG NON_LTO_OBJECTS is ../../../lib/microblaze_interrupt_handler.o"

TRACE::2026-01-04.22:00:16::SCWMssOS::'Finished building libraries parallelly.'

TRACE::2026-01-04.22:00:16::SCWMssOS::make --no-print-directory archive

TRACE::2026-01-04.22:00:16::SCWMssOS::mb-ar -r  microblaze_0/lib/libxil.a microblaze_0/lib/xplatform_info.o microblaze_0/lib/xuartlite.o microblaze_0/lib/microblaze_
TRACE::2026-01-04.22:00:16::SCWMssOS::disable_exceptions.o microblaze_0/lib/print.o microblaze_0/lib/_exit.o microblaze_0/lib/xil_testio.o microblaze_0/lib/microblaz
TRACE::2026-01-04.22:00:16::SCWMssOS::e_disable_dcache.o microblaze_0/lib/microblaze_flush_dcache_range.o microblaze_0/lib/microblaze_flush_cache_ext.o microblaze_0/
TRACE::2026-01-04.22:00:16::SCWMssOS::lib/xbram_sinit.o microblaze_0/lib/xil_misc_psreset_api.o microblaze_0/lib/xil_cache.o microblaze_0/lib/xil_util.o microblaze_0
TRACE::2026-01-04.22:00:16::SCWMssOS::/lib/inbyte.o microblaze_0/lib/xbram_g.o microblaze_0/lib/xuartlite_stats.o microblaze_0/lib/microblaze_exception_handler.o mic
TRACE::2026-01-04.22:00:16::SCWMssOS::roblaze_0/lib/microblaze_scrub.o microblaze_0/lib/microblaze_invalidate_dcache.o microblaze_0/lib/microblaze_disable_interrupts
TRACE::2026-01-04.22:00:16::SCWMssOS::.o microblaze_0/lib/xbram_selftest.o microblaze_0/lib/microblaze_interrupt_handler.o microblaze_0/lib/microblaze_disable_icache
TRACE::2026-01-04.22:00:16::SCWMssOS::.o microblaze_0/lib/xil_mem.o microblaze_0/lib/xuartlite_intr.o microblaze_0/lib/microblaze_flush_cache_ext_range.o microblaze_
TRACE::2026-01-04.22:00:16::SCWMssOS::0/lib/xbram_intr.o microblaze_0/lib/xil_sleepcommon.o microblaze_0/lib/xil_printf.o microblaze_0/lib/xintc_g.o microblaze_0/lib
TRACE::2026-01-04.22:00:16::SCWMssOS::/xuartlite_g.o microblaze_0/lib/xintc_selftest.o microblaze_0/lib/xintc_l.o microblaze_0/lib/outbyte.o microblaze_0/lib/microbl
TRACE::2026-01-04.22:00:16::SCWMssOS::aze_invalidate_dcache_range.o microblaze_0/lib/microblaze_invalidate_cache_ext.o microblaze_0/lib/microblaze_sleep.o microblaze
TRACE::2026-01-04.22:00:16::SCWMssOS::_0/lib/hw_exception_handler.o microblaze_0/lib/xuartlite_selftest.o microblaze_0/lib/xintc_intr.o microblaze_0/lib/microblaze_u
TRACE::2026-01-04.22:00:16::SCWMssOS::pdate_dcache.o microblaze_0/lib/xil_testcache.o microblaze_0/lib/microblaze_selftest.o microblaze_0/lib/microblaze_interrupts_g
TRACE::2026-01-04.22:00:16::SCWMssOS::.o microblaze_0/lib/microblaze_enable_exceptions.o microblaze_0/lib/xio.o microblaze_0/lib/microblaze_enable_dcache.o microblaz
TRACE::2026-01-04.22:00:16::SCWMssOS::e_0/lib/xbram.o microblaze_0/lib/microblaze_invalidate_icache_range.o microblaze_0/lib/microblaze_init_dcache_range.o microblaz
TRACE::2026-01-04.22:00:16::SCWMssOS::e_0/lib/microblaze_invalidate_icache.o microblaze_0/lib/errno.o microblaze_0/lib/xuartlite_l.o microblaze_0/lib/xintc_options.o
TRACE::2026-01-04.22:00:16::SCWMssOS:: microblaze_0/lib/microblaze_invalidate_cache_ext_range.o microblaze_0/lib/xil_exception.o microblaze_0/lib/pvr.o microblaze_0/
TRACE::2026-01-04.22:00:16::SCWMssOS::lib/xil_testmem.o microblaze_0/lib/microblaze_update_icache.o microblaze_0/lib/microblaze_flush_dcache.o microblaze_0/lib/xil_c
TRACE::2026-01-04.22:00:16::SCWMssOS::locking.o microblaze_0/lib/xil_assert.o microblaze_0/lib/microblaze_enable_interrupts.o microblaze_0/lib/microblaze_enable_icac
TRACE::2026-01-04.22:00:16::SCWMssOS::he.o microblaze_0/lib/xintc.o microblaze_0/lib/xuartlite_sinit.o microblaze_0/lib/fcntl.o microblaze_0/lib/microblaze_init_icac
TRACE::2026-01-04.22:00:16::SCWMssOS::he_range.o

TRACE::2026-01-04.22:00:16::SCWMssOS::'Finished building libraries'

TRACE::2026-01-04.22:00:16::SCWMssOS::Copying to export directory.
TRACE::2026-01-04.22:00:17::SCWMssOS:: Checking if to create the Supporting Applications
TRACE::2026-01-04.22:00:17::SCWMssOS:: No Linux domain exists, trying to generate FSBL 
LOG::2026-01-04.22:00:17::SCWSystem::Completed Processing the domain standalone_domain
LOG::2026-01-04.22:00:17::SCWSystem::Completed Processing the sysconfig All_PMods_Platform
LOG::2026-01-04.22:00:17::SCWPlatform::Completed generating the artifacts for system configuration All_PMods_Platform
TRACE::2026-01-04.22:00:17::SCWPlatform::Started preparing the platform 
TRACE::2026-01-04.22:00:17::SCWSystem::Writing the bif file for system config All_PMods_Platform
TRACE::2026-01-04.22:00:17::SCWSystem::dir created 
TRACE::2026-01-04.22:00:17::SCWSystem::Writing the bif 
TRACE::2026-01-04.22:00:17::SCWPlatform::Started writing the spfm file 
TRACE::2026-01-04.22:00:17::SCWPlatform::Started writing the xpfm file 
TRACE::2026-01-04.22:00:17::SCWPlatform::Completed generating the platform
TRACE::2026-01-04.22:00:17::SCWMssOS::Saving the mss changes F:/Advanced_Hardware_Engineering/Vivado_2021/Workspace/ALL_PMODS/All_PMods_Platform/microblaze_0/standalone_domain/bsp/system.mss
TRACE::2026-01-04.22:00:17::SCWMssOS::Found a swdesign opened with the mssfile.
TRACE::2026-01-04.22:00:17::SCWMssOS::Completed writemss as part of save.
TRACE::2026-01-04.22:00:17::SCWMssOS::Commit changes completed.
TRACE::2026-01-04.22:00:17::SCWPlatform::Trying to open the hw design at F:/Advanced_Hardware_Engineering/Vivado_2021/Workspace/ALL_PMODS/All_PMods_Platform/hw/TEST_J_2021_ALLPMODS_wrapper.xsa
TRACE::2026-01-04.22:00:17::SCWPlatform::DSA given F:/Advanced_Hardware_Engineering/Vivado_2021/Workspace/ALL_PMODS/All_PMods_Platform/hw/TEST_J_2021_ALLPMODS_wrapper.xsa
TRACE::2026-01-04.22:00:17::SCWPlatform::DSA absoulate path F:/Advanced_Hardware_Engineering/Vivado_2021/Workspace/ALL_PMODS/All_PMods_Platform/hw/TEST_J_2021_ALLPMODS_wrapper.xsa
TRACE::2026-01-04.22:00:17::SCWPlatform::DSA directory F:/Advanced_Hardware_Engineering/Vivado_2021/Workspace/ALL_PMODS/All_PMods_Platform/hw
TRACE::2026-01-04.22:00:17::SCWPlatform:: Platform Path F:/Advanced_Hardware_Engineering/Vivado_2021/Workspace/ALL_PMODS/All_PMods_Platform/hw/TEST_J_2021_ALLPMODS_wrapper.xsa
TRACE::2026-01-04.22:00:17::SCWPlatform:: Unique name xilinx:nexys-a7-100t::0.0
TRACE::2026-01-04.22:00:17::SCWPlatform::Trying to set the existing hwdb with name TEST_J_2021_ALLPMODS_wrapper_1
TRACE::2026-01-04.22:00:17::SCWPlatform::Opened existing hwdb TEST_J_2021_ALLPMODS_wrapper_1
TRACE::2026-01-04.22:00:17::SCWPlatform::Found the Hw Db part of the input DSA
TRACE::2026-01-04.22:00:17::SCWMssOS::Checking the sw design at  F:/Advanced_Hardware_Engineering/Vivado_2021/Workspace/ALL_PMODS/All_PMods_Platform/microblaze_0/standalone_domain/bsp/system.mss
TRACE::2026-01-04.22:00:17::SCWMssOS::DEBUG:  swdes dump  F:/Advanced_Hardware_Engineering/Vivado_2021/Workspace/ALL_PMODS/All_PMods_Platform/microblaze_0/standalone_domain/bsp/system.mss|system||

TRACE::2026-01-04.22:00:17::SCWMssOS::Sw design exists and opened at  F:/Advanced_Hardware_Engineering/Vivado_2021/Workspace/ALL_PMODS/All_PMods_Platform/microblaze_0/standalone_domain/bsp/system.mss
TRACE::2026-01-04.22:00:17::SCWWriter::formatted JSON is {
	"platformName":	"All_PMods_Platform",
	"sprVersion":	"2.0",
	"mode":	"gui",
	"dsaType":	"Fixed",
	"platformDesc":	"All_PMods_Platform",
	"platHandOff":	"F:/Advanced_Hardware_Engineering/Vivado_2021/TEST_J_2021_ALLPMODS/TEST_J_2021_ALLPMODS/TEST_J_2021_ALLPMODS_wrapper.xsa",
	"platIntHandOff":	"<platformDir>/hw/TEST_J_2021_ALLPMODS_wrapper.xsa",
	"deviceType":	"FPGA",
	"platIsPrebuiltAutogen":	"false",
	"platIsNoBootBsp":	"false",
	"hasFsblMakeHasChanges":	"false",
	"hasPmufwMakeHasChanges":	"false",
	"platPreBuiltFlag":	false,
	"platformSamplesDir":	"",
	"platActiveSys":	"All_PMods_Platform",
	"systems":	[{
			"systemName":	"All_PMods_Platform",
			"systemDesc":	"All_PMods_Platform",
			"sysIsBootAutoGen":	"true",
			"systemDispName":	"All_PMods_Platform",
			"sysActiveDom":	"standalone_domain",
			"sysDefaultDom":	"standalone_domain",
			"domains":	[{
					"domainName":	"standalone_domain",
					"domainDispName":	"standalone on microblaze_0",
					"domainDesc":	"standalone_domain",
					"processors":	"microblaze_0",
					"os":	"standalone",
					"sdxOs":	"standalone",
					"debugEnable":	"False",
					"domRuntimes":	["cpp"],
					"swRepo":	"",
					"mssOsVer":	"7.6",
					"mssFile":	"",
					"md5Digest":	"20e6946f2494afee0dccc84a368ff156",
					"compatibleApp":	"",
					"domType":	"mssDomain",
					"arch":	"32-bit",
					"appSettings":	{
						"appCompilerFlags":	"",
						"appLinkerFlags":	""
					},
					"addedLibs":	[],
					"libOptions":	{
						"libsContainingOptions":	[]
					},
					"prebuiltLibs":	{
						"prebuiltIncPath":	[],
						"prebuiltLibPath":	[]
					},
					"isolation":	{
					}
				}]
		}]
}
KEYINFO::2026-01-04.22:00:17::SCWPlatform::updated the xpfm file.
TRACE::2026-01-04.22:00:17::SCWPlatform::Trying to open the hw design at F:/Advanced_Hardware_Engineering/Vivado_2021/Workspace/ALL_PMODS/All_PMods_Platform/hw/TEST_J_2021_ALLPMODS_wrapper.xsa
TRACE::2026-01-04.22:00:17::SCWPlatform::DSA given F:/Advanced_Hardware_Engineering/Vivado_2021/Workspace/ALL_PMODS/All_PMods_Platform/hw/TEST_J_2021_ALLPMODS_wrapper.xsa
TRACE::2026-01-04.22:00:17::SCWPlatform::DSA absoulate path F:/Advanced_Hardware_Engineering/Vivado_2021/Workspace/ALL_PMODS/All_PMods_Platform/hw/TEST_J_2021_ALLPMODS_wrapper.xsa
TRACE::2026-01-04.22:00:17::SCWPlatform::DSA directory F:/Advanced_Hardware_Engineering/Vivado_2021/Workspace/ALL_PMODS/All_PMods_Platform/hw
TRACE::2026-01-04.22:00:17::SCWPlatform:: Platform Path F:/Advanced_Hardware_Engineering/Vivado_2021/Workspace/ALL_PMODS/All_PMods_Platform/hw/TEST_J_2021_ALLPMODS_wrapper.xsa
TRACE::2026-01-04.22:00:17::SCWPlatform:: Unique name xilinx:nexys-a7-100t::0.0
TRACE::2026-01-04.22:00:17::SCWPlatform::Trying to set the existing hwdb with name TEST_J_2021_ALLPMODS_wrapper_1
TRACE::2026-01-04.22:00:17::SCWPlatform::Opened existing hwdb TEST_J_2021_ALLPMODS_wrapper_1
TRACE::2026-01-04.22:00:17::SCWPlatform::Found the Hw Db part of the input DSA
TRACE::2026-01-04.22:00:17::SCWMssOS::Checking the sw design at  F:/Advanced_Hardware_Engineering/Vivado_2021/Workspace/ALL_PMODS/All_PMods_Platform/microblaze_0/standalone_domain/bsp/system.mss
TRACE::2026-01-04.22:00:17::SCWMssOS::DEBUG:  swdes dump  F:/Advanced_Hardware_Engineering/Vivado_2021/Workspace/ALL_PMODS/All_PMods_Platform/microblaze_0/standalone_domain/bsp/system.mss|system||

TRACE::2026-01-04.22:00:17::SCWMssOS::Sw design exists and opened at  F:/Advanced_Hardware_Engineering/Vivado_2021/Workspace/ALL_PMODS/All_PMods_Platform/microblaze_0/standalone_domain/bsp/system.mss
TRACE::2026-01-04.22:00:39::SCWMssOS::cleaning the bsp 
TRACE::2026-01-04.22:00:39::SCWMssOS::System Command Ran  F: & cd  F:/Advanced_Hardware_Engineering/Vivado_2021/Workspace/ALL_PMODS/All_PMods_Platform/microblaze_0/standalone_domain/bsp & make clean 
TRACE::2026-01-04.22:00:39::SCWMssOS::make -C microblaze_0/libsrc/bram_v4_7/src -s clean 

TRACE::2026-01-04.22:00:39::SCWMssOS::make -C microblaze_0/libsrc/cpu_v2_14/src -s clean 

TRACE::2026-01-04.22:00:39::SCWMssOS::make -C microblaze_0/libsrc/intc_v3_13/src -s clean 

TRACE::2026-01-04.22:00:39::SCWMssOS::make -C microblaze_0/libsrc/PmodALS_v1_0/src -s clean 

TRACE::2026-01-04.22:00:39::SCWMssOS::make -C microblaze_0/libsrc/PmodMAXSONAR_v1_0/src -s clean 

TRACE::2026-01-04.22:00:39::SCWMssOS::make -C microblaze_0/libsrc/PmodOLEDrgb_v1_0/src -s clean 

TRACE::2026-01-04.22:00:39::SCWMssOS::make -C microblaze_0/libsrc/PmodTMP3_v1_0/src -s clean 

TRACE::2026-01-04.22:00:39::SCWMssOS::make -C microblaze_0/libsrc/standalone_v7_6/src -s clean 

TRACE::2026-01-04.22:00:39::SCWMssOS::make -C microblaze_0/libsrc/uartlite_v3_6/src -s clean 

TRACE::2026-01-04.22:00:39::SCWMssOS::rm -f microblaze_0/lib/libxil.a

LOG::2026-01-04.22:00:45::SCWPlatform::Started generating the artifacts platform All_PMods_Platform
TRACE::2026-01-04.22:00:45::SCWPlatform::Sanity checking of platform is completed
LOG::2026-01-04.22:00:45::SCWPlatform::Started generating the artifacts for system configuration All_PMods_Platform
LOG::2026-01-04.22:00:45::SCWSystem::Checking the domain standalone_domain
LOG::2026-01-04.22:00:45::SCWSystem::Not a boot domain 
LOG::2026-01-04.22:00:45::SCWSystem::Started Processing the domain standalone_domain
TRACE::2026-01-04.22:00:45::SCWDomain::Generating domain artifcats
TRACE::2026-01-04.22:00:45::SCWMssOS::Generating standalone artifcats
TRACE::2026-01-04.22:00:45::SCWMssOS:: Copying the user libraries. 
TRACE::2026-01-04.22:00:45::SCWPlatform::Trying to open the hw design at F:/Advanced_Hardware_Engineering/Vivado_2021/Workspace/ALL_PMODS/All_PMods_Platform/hw/TEST_J_2021_ALLPMODS_wrapper.xsa
TRACE::2026-01-04.22:00:45::SCWPlatform::DSA given F:/Advanced_Hardware_Engineering/Vivado_2021/Workspace/ALL_PMODS/All_PMods_Platform/hw/TEST_J_2021_ALLPMODS_wrapper.xsa
TRACE::2026-01-04.22:00:45::SCWPlatform::DSA absoulate path F:/Advanced_Hardware_Engineering/Vivado_2021/Workspace/ALL_PMODS/All_PMods_Platform/hw/TEST_J_2021_ALLPMODS_wrapper.xsa
TRACE::2026-01-04.22:00:45::SCWPlatform::DSA directory F:/Advanced_Hardware_Engineering/Vivado_2021/Workspace/ALL_PMODS/All_PMods_Platform/hw
TRACE::2026-01-04.22:00:45::SCWPlatform:: Platform Path F:/Advanced_Hardware_Engineering/Vivado_2021/Workspace/ALL_PMODS/All_PMods_Platform/hw/TEST_J_2021_ALLPMODS_wrapper.xsa
TRACE::2026-01-04.22:00:45::SCWPlatform:: Unique name xilinx:nexys-a7-100t::0.0
TRACE::2026-01-04.22:00:45::SCWPlatform::Trying to set the existing hwdb with name TEST_J_2021_ALLPMODS_wrapper_1
TRACE::2026-01-04.22:00:45::SCWPlatform::Opened existing hwdb TEST_J_2021_ALLPMODS_wrapper_1
TRACE::2026-01-04.22:00:45::SCWPlatform::Found the Hw Db part of the input DSA
TRACE::2026-01-04.22:00:45::SCWMssOS::Checking the sw design at  F:/Advanced_Hardware_Engineering/Vivado_2021/Workspace/ALL_PMODS/All_PMods_Platform/microblaze_0/standalone_domain/bsp/system.mss
TRACE::2026-01-04.22:00:45::SCWMssOS::DEBUG:  swdes dump  F:/Advanced_Hardware_Engineering/Vivado_2021/Workspace/ALL_PMODS/All_PMods_Platform/microblaze_0/standalone_domain/bsp/system.mss|system||

TRACE::2026-01-04.22:00:45::SCWMssOS::Sw design exists and opened at  F:/Advanced_Hardware_Engineering/Vivado_2021/Workspace/ALL_PMODS/All_PMods_Platform/microblaze_0/standalone_domain/bsp/system.mss
TRACE::2026-01-04.22:00:45::SCWMssOS::Completed writing the mss file at F:/Advanced_Hardware_Engineering/Vivado_2021/Workspace/ALL_PMODS/All_PMods_Platform/microblaze_0/standalone_domain/bsp
TRACE::2026-01-04.22:00:45::SCWMssOS::Mss edits present, copying mssfile into export location F:/Advanced_Hardware_Engineering/Vivado_2021/Workspace/ALL_PMODS/All_PMods_Platform/microblaze_0/standalone_domain/bsp/system.mss
TRACE::2026-01-04.22:00:45::SCWMssOS::bsp generated is upto date with the mss file. Skipping bsp generation.
TRACE::2026-01-04.22:00:45::SCWMssOS::BSP is already built. skipping the bsp build ... 
TRACE::2026-01-04.22:00:45::SCWDomain::Building the domain as part of full build :  standalone_domain
TRACE::2026-01-04.22:00:45::SCWMssOS::doing bsp build ... 
TRACE::2026-01-04.22:00:45::SCWMssOS::System Command Ran  F: & cd  F:/Advanced_Hardware_Engineering/Vivado_2021/Workspace/ALL_PMODS/All_PMods_Platform/microblaze_0/standalone_domain/bsp & make 
TRACE::2026-01-04.22:00:45::SCWMssOS::make --no-print-directory seq_libs

TRACE::2026-01-04.22:00:45::SCWMssOS::"Running Make include in microblaze_0/libsrc/bram_v4_7/src"

TRACE::2026-01-04.22:00:45::SCWMssOS::make -C microblaze_0/libsrc/bram_v4_7/src -s include  "SHELL=CMD" "COMPILER=mb-gcc" "ASSEMBLER=mb-as" "ARCHIVER=mb-ar" "COMPILE
TRACE::2026-01-04.22:00:45::SCWMssOS::R_FLAGS=  -O2 -c -mcpu=v11.0 -mlittle-endian -mxl-soft-mul" "EXTRA_COMPILER_FLAGS=-g -ffunction-sections -fdata-sections -Wall 
TRACE::2026-01-04.22:00:45::SCWMssOS::-Wextra -fno-tree-loop-distribute-patterns"

TRACE::2026-01-04.22:00:45::SCWMssOS::"Running Make include in microblaze_0/libsrc/cpu_v2_14/src"

TRACE::2026-01-04.22:00:45::SCWMssOS::make -C microblaze_0/libsrc/cpu_v2_14/src -s include  "SHELL=CMD" "COMPILER=mb-gcc" "ASSEMBLER=mb-as" "ARCHIVER=mb-ar" "COMPILE
TRACE::2026-01-04.22:00:45::SCWMssOS::R_FLAGS=  -O2 -c -mcpu=v11.0 -mlittle-endian -mxl-soft-mul" "EXTRA_COMPILER_FLAGS=-g -ffunction-sections -fdata-sections -Wall 
TRACE::2026-01-04.22:00:45::SCWMssOS::-Wextra -fno-tree-loop-distribute-patterns"

TRACE::2026-01-04.22:00:45::SCWMssOS::"Running Make include in microblaze_0/libsrc/intc_v3_13/src"

TRACE::2026-01-04.22:00:45::SCWMssOS::make -C microblaze_0/libsrc/intc_v3_13/src -s include  "SHELL=CMD" "COMPILER=mb-gcc" "ASSEMBLER=mb-as" "ARCHIVER=mb-ar" "COMPIL
TRACE::2026-01-04.22:00:45::SCWMssOS::ER_FLAGS=  -O2 -c -mcpu=v11.0 -mlittle-endian -mxl-soft-mul" "EXTRA_COMPILER_FLAGS=-g -ffunction-sections -fdata-sections -Wall
TRACE::2026-01-04.22:00:45::SCWMssOS:: -Wextra -fno-tree-loop-distribute-patterns"

TRACE::2026-01-04.22:00:45::SCWMssOS::"Running Make include in microblaze_0/libsrc/PmodALS_v1_0/src"

TRACE::2026-01-04.22:00:45::SCWMssOS::make -C microblaze_0/libsrc/PmodALS_v1_0/src -s include  "SHELL=CMD" "COMPILER=mb-gcc" "ASSEMBLER=mb-as" "ARCHIVER=mb-ar" "COMP
TRACE::2026-01-04.22:00:45::SCWMssOS::ILER_FLAGS=  -O2 -c -mcpu=v11.0 -mlittle-endian -mxl-soft-mul" "EXTRA_COMPILER_FLAGS=-g -ffunction-sections -fdata-sections -Wa
TRACE::2026-01-04.22:00:45::SCWMssOS::ll -Wextra -fno-tree-loop-distribute-patterns"

TRACE::2026-01-04.22:00:45::SCWMssOS::"Running Make include in microblaze_0/libsrc/PmodMAXSONAR_v1_0/src"

TRACE::2026-01-04.22:00:45::SCWMssOS::make -C microblaze_0/libsrc/PmodMAXSONAR_v1_0/src -s include  "SHELL=CMD" "COMPILER=mb-gcc" "ASSEMBLER=mb-as" "ARCHIVER=mb-ar" 
TRACE::2026-01-04.22:00:45::SCWMssOS::"COMPILER_FLAGS=  -O2 -c -mcpu=v11.0 -mlittle-endian -mxl-soft-mul" "EXTRA_COMPILER_FLAGS=-g -ffunction-sections -fdata-section
TRACE::2026-01-04.22:00:45::SCWMssOS::s -Wall -Wextra -fno-tree-loop-distribute-patterns"

TRACE::2026-01-04.22:00:45::SCWMssOS::"Running Make include in microblaze_0/libsrc/PmodOLEDrgb_v1_0/src"

TRACE::2026-01-04.22:00:45::SCWMssOS::make -C microblaze_0/libsrc/PmodOLEDrgb_v1_0/src -s include  "SHELL=CMD" "COMPILER=mb-gcc" "ASSEMBLER=mb-as" "ARCHIVER=mb-ar" "
TRACE::2026-01-04.22:00:45::SCWMssOS::COMPILER_FLAGS=  -O2 -c -mcpu=v11.0 -mlittle-endian -mxl-soft-mul" "EXTRA_COMPILER_FLAGS=-g -ffunction-sections -fdata-sections
TRACE::2026-01-04.22:00:45::SCWMssOS:: -Wall -Wextra -fno-tree-loop-distribute-patterns"

TRACE::2026-01-04.22:00:45::SCWMssOS::"Running Make include in microblaze_0/libsrc/PmodTMP3_v1_0/src"

TRACE::2026-01-04.22:00:45::SCWMssOS::make -C microblaze_0/libsrc/PmodTMP3_v1_0/src -s include  "SHELL=CMD" "COMPILER=mb-gcc" "ASSEMBLER=mb-as" "ARCHIVER=mb-ar" "COM
TRACE::2026-01-04.22:00:45::SCWMssOS::PILER_FLAGS=  -O2 -c -mcpu=v11.0 -mlittle-endian -mxl-soft-mul" "EXTRA_COMPILER_FLAGS=-g -ffunction-sections -fdata-sections -W
TRACE::2026-01-04.22:00:45::SCWMssOS::all -Wextra -fno-tree-loop-distribute-patterns"

TRACE::2026-01-04.22:00:45::SCWMssOS::"Running Make include in microblaze_0/libsrc/standalone_v7_6/src"

TRACE::2026-01-04.22:00:45::SCWMssOS::make -C microblaze_0/libsrc/standalone_v7_6/src -s include  "SHELL=CMD" "COMPILER=mb-gcc" "ASSEMBLER=mb-as" "ARCHIVER=mb-ar" "C
TRACE::2026-01-04.22:00:45::SCWMssOS::OMPILER_FLAGS=  -O2 -c -mcpu=v11.0 -mlittle-endian -mxl-soft-mul" "EXTRA_COMPILER_FLAGS=-g -ffunction-sections -fdata-sections 
TRACE::2026-01-04.22:00:45::SCWMssOS::-Wall -Wextra -fno-tree-loop-distribute-patterns"

TRACE::2026-01-04.22:00:45::SCWMssOS::"Running Make include in microblaze_0/libsrc/uartlite_v3_6/src"

TRACE::2026-01-04.22:00:45::SCWMssOS::make -C microblaze_0/libsrc/uartlite_v3_6/src -s include  "SHELL=CMD" "COMPILER=mb-gcc" "ASSEMBLER=mb-as" "ARCHIVER=mb-ar" "COM
TRACE::2026-01-04.22:00:45::SCWMssOS::PILER_FLAGS=  -O2 -c -mcpu=v11.0 -mlittle-endian -mxl-soft-mul" "EXTRA_COMPILER_FLAGS=-g -ffunction-sections -fdata-sections -W
TRACE::2026-01-04.22:00:45::SCWMssOS::all -Wextra -fno-tree-loop-distribute-patterns"

TRACE::2026-01-04.22:00:45::SCWMssOS::"Running Make libs in microblaze_0/libsrc/PmodALS_v1_0/src"

TRACE::2026-01-04.22:00:45::SCWMssOS::make -C microblaze_0/libsrc/PmodALS_v1_0/src -s libs  "SHELL=CMD" "COMPILER=mb-gcc" "ASSEMBLER=mb-as" "ARCHIVER=mb-ar" "COMPILE
TRACE::2026-01-04.22:00:45::SCWMssOS::R_FLAGS=  -O2 -c -mcpu=v11.0 -mlittle-endian -mxl-soft-mul" "EXTRA_COMPILER_FLAGS=-g -ffunction-sections -fdata-sections -Wall 
TRACE::2026-01-04.22:00:45::SCWMssOS::-Wextra -fno-tree-loop-distribute-patterns"

TRACE::2026-01-04.22:00:45::SCWMssOS::"Compiling PmodALS"

TRACE::2026-01-04.22:00:46::SCWMssOS::"Running Make libs in microblaze_0/libsrc/PmodMAXSONAR_v1_0/src"

TRACE::2026-01-04.22:00:46::SCWMssOS::make -C microblaze_0/libsrc/PmodMAXSONAR_v1_0/src -s libs  "SHELL=CMD" "COMPILER=mb-gcc" "ASSEMBLER=mb-as" "ARCHIVER=mb-ar" "CO
TRACE::2026-01-04.22:00:46::SCWMssOS::MPILER_FLAGS=  -O2 -c -mcpu=v11.0 -mlittle-endian -mxl-soft-mul" "EXTRA_COMPILER_FLAGS=-g -ffunction-sections -fdata-sections -
TRACE::2026-01-04.22:00:46::SCWMssOS::Wall -Wextra -fno-tree-loop-distribute-patterns"

TRACE::2026-01-04.22:00:46::SCWMssOS::"Compiling PmodMAXSONAR"

TRACE::2026-01-04.22:00:46::SCWMssOS::"Running Make libs in microblaze_0/libsrc/PmodOLEDrgb_v1_0/src"

TRACE::2026-01-04.22:00:46::SCWMssOS::make -C microblaze_0/libsrc/PmodOLEDrgb_v1_0/src -s libs  "SHELL=CMD" "COMPILER=mb-gcc" "ASSEMBLER=mb-as" "ARCHIVER=mb-ar" "COM
TRACE::2026-01-04.22:00:46::SCWMssOS::PILER_FLAGS=  -O2 -c -mcpu=v11.0 -mlittle-endian -mxl-soft-mul" "EXTRA_COMPILER_FLAGS=-g -ffunction-sections -fdata-sections -W
TRACE::2026-01-04.22:00:46::SCWMssOS::all -Wextra -fno-tree-loop-distribute-patterns"

TRACE::2026-01-04.22:00:46::SCWMssOS::"Compiling pmodOLEDrgb"

TRACE::2026-01-04.22:00:46::SCWMssOS::"Running Make libs in microblaze_0/libsrc/PmodTMP3_v1_0/src"

TRACE::2026-01-04.22:00:46::SCWMssOS::make -C microblaze_0/libsrc/PmodTMP3_v1_0/src -s libs  "SHELL=CMD" "COMPILER=mb-gcc" "ASSEMBLER=mb-as" "ARCHIVER=mb-ar" "COMPIL
TRACE::2026-01-04.22:00:46::SCWMssOS::ER_FLAGS=  -O2 -c -mcpu=v11.0 -mlittle-endian -mxl-soft-mul" "EXTRA_COMPILER_FLAGS=-g -ffunction-sections -fdata-sections -Wall
TRACE::2026-01-04.22:00:46::SCWMssOS:: -Wextra -fno-tree-loop-distribute-patterns"

TRACE::2026-01-04.22:00:46::SCWMssOS::"Compiling PmodTMP3"

TRACE::2026-01-04.22:00:47::SCWMssOS::'Finished building libraries sequentially.'

TRACE::2026-01-04.22:00:47::SCWMssOS::make -j 14 --no-print-directory par_libs

TRACE::2026-01-04.22:00:47::SCWMssOS::"Running Make include in microblaze_0/libsrc/bram_v4_7/src"

TRACE::2026-01-04.22:00:47::SCWMssOS::"Running Make include in microblaze_0/libsrc/cpu_v2_14/src"

TRACE::2026-01-04.22:00:47::SCWMssOS::make -C microblaze_0/libsrc/bram_v4_7/src -s include  "SHELL=CMD" "COMPILER=mb-gcc" "ASSEMBLER=mb-as" "ARCHIVER=mb-ar" "COMPILE
TRACE::2026-01-04.22:00:47::SCWMssOS::R_FLAGS=  -O2 -c -mcpu=v11.0 -mlittle-endian -mxl-soft-mul" "EXTRA_COMPILER_FLAGS=-g -ffunction-sections -fdata-sections -Wall 
TRACE::2026-01-04.22:00:47::SCWMssOS::-Wextra -fno-tree-loop-distribute-patterns"

TRACE::2026-01-04.22:00:47::SCWMssOS::make -C microblaze_0/libsrc/cpu_v2_14/src -s include  "SHELL=CMD" "COMPILER=mb-gcc" "ASSEMBLER=mb-as" "ARCHIVER=mb-ar" "COMPILE
TRACE::2026-01-04.22:00:47::SCWMssOS::R_FLAGS=  -O2 -c -mcpu=v11.0 -mlittle-endian -mxl-soft-mul" "EXTRA_COMPILER_FLAGS=-g -ffunction-sections -fdata-sections -Wall 
TRACE::2026-01-04.22:00:47::SCWMssOS::-Wextra -fno-tree-loop-distribute-patterns"

TRACE::2026-01-04.22:00:47::SCWMssOS::"Running Make include in microblaze_0/libsrc/intc_v3_13/src"

TRACE::2026-01-04.22:00:47::SCWMssOS::"Running Make include in microblaze_0/libsrc/PmodALS_v1_0/src"

TRACE::2026-01-04.22:00:47::SCWMssOS::make -C microblaze_0/libsrc/intc_v3_13/src -s include  "SHELL=CMD" "COMPILER=mb-gcc" "ASSEMBLER=mb-as" "ARCHIVER=mb-ar" "COMPIL
TRACE::2026-01-04.22:00:47::SCWMssOS::ER_FLAGS=  -O2 -c -mcpu=v11.0 -mlittle-endian -mxl-soft-mul" "EXTRA_COMPILER_FLAGS=-g -ffunction-sections -fdata-sections -Wall
TRACE::2026-01-04.22:00:47::SCWMssOS:: -Wextra -fno-tree-loop-distribute-patterns"

TRACE::2026-01-04.22:00:47::SCWMssOS::make -C microblaze_0/libsrc/PmodALS_v1_0/src -s include  "SHELL=CMD" "COMPILER=mb-gcc" "ASSEMBLER=mb-as" "ARCHIVER=mb-ar" "COMP
TRACE::2026-01-04.22:00:47::SCWMssOS::ILER_FLAGS=  -O2 -c -mcpu=v11.0 -mlittle-endian -mxl-soft-mul" "EXTRA_COMPILER_FLAGS=-g -ffunction-sections -fdata-sections -Wa
TRACE::2026-01-04.22:00:47::SCWMssOS::ll -Wextra -fno-tree-loop-distribute-patterns"

TRACE::2026-01-04.22:00:47::SCWMssOS::"Running Make include in microblaze_0/libsrc/PmodMAXSONAR_v1_0/src"

TRACE::2026-01-04.22:00:47::SCWMssOS::make -C microblaze_0/libsrc/PmodMAXSONAR_v1_0/src -s include  "SHELL=CMD" "COMPILER=mb-gcc" "ASSEMBLER=mb-as" "ARCHIVER=mb-ar" 
TRACE::2026-01-04.22:00:47::SCWMssOS::"COMPILER_FLAGS=  -O2 -c -mcpu=v11.0 -mlittle-endian -mxl-soft-mul" "EXTRA_COMPILER_FLAGS=-g -ffunction-sections -fdata-section
TRACE::2026-01-04.22:00:47::SCWMssOS::s -Wall -Wextra -fno-tree-loop-distribute-patterns"

TRACE::2026-01-04.22:00:47::SCWMssOS::"Running Make include in microblaze_0/libsrc/PmodOLEDrgb_v1_0/src"

TRACE::2026-01-04.22:00:47::SCWMssOS::make -C microblaze_0/libsrc/PmodOLEDrgb_v1_0/src -s include  "SHELL=CMD" "COMPILER=mb-gcc" "ASSEMBLER=mb-as" "ARCHIVER=mb-ar" "
TRACE::2026-01-04.22:00:47::SCWMssOS::COMPILER_FLAGS=  -O2 -c -mcpu=v11.0 -mlittle-endian -mxl-soft-mul" "EXTRA_COMPILER_FLAGS=-g -ffunction-sections -fdata-sections
TRACE::2026-01-04.22:00:47::SCWMssOS:: -Wall -Wextra -fno-tree-loop-distribute-patterns"

TRACE::2026-01-04.22:00:47::SCWMssOS::"Running Make include in microblaze_0/libsrc/PmodTMP3_v1_0/src"

TRACE::2026-01-04.22:00:47::SCWMssOS::make -C microblaze_0/libsrc/PmodTMP3_v1_0/src -s include  "SHELL=CMD" "COMPILER=mb-gcc" "ASSEMBLER=mb-as" "ARCHIVER=mb-ar" "COM
TRACE::2026-01-04.22:00:47::SCWMssOS::PILER_FLAGS=  -O2 -c -mcpu=v11.0 -mlittle-endian -mxl-soft-mul" "EXTRA_COMPILER_FLAGS=-g -ffunction-sections -fdata-sections -W
TRACE::2026-01-04.22:00:47::SCWMssOS::all -Wextra -fno-tree-loop-distribute-patterns"

TRACE::2026-01-04.22:00:47::SCWMssOS::"Running Make include in microblaze_0/libsrc/standalone_v7_6/src"

TRACE::2026-01-04.22:00:47::SCWMssOS::make -C microblaze_0/libsrc/standalone_v7_6/src -s include  "SHELL=CMD" "COMPILER=mb-gcc" "ASSEMBLER=mb-as" "ARCHIVER=mb-ar" "C
TRACE::2026-01-04.22:00:47::SCWMssOS::OMPILER_FLAGS=  -O2 -c -mcpu=v11.0 -mlittle-endian -mxl-soft-mul" "EXTRA_COMPILER_FLAGS=-g -ffunction-sections -fdata-sections 
TRACE::2026-01-04.22:00:47::SCWMssOS::-Wall -Wextra -fno-tree-loop-distribute-patterns"

TRACE::2026-01-04.22:00:47::SCWMssOS::"Running Make include in microblaze_0/libsrc/uartlite_v3_6/src"

TRACE::2026-01-04.22:00:47::SCWMssOS::make -C microblaze_0/libsrc/uartlite_v3_6/src -s include  "SHELL=CMD" "COMPILER=mb-gcc" "ASSEMBLER=mb-as" "ARCHIVER=mb-ar" "COM
TRACE::2026-01-04.22:00:47::SCWMssOS::PILER_FLAGS=  -O2 -c -mcpu=v11.0 -mlittle-endian -mxl-soft-mul" "EXTRA_COMPILER_FLAGS=-g -ffunction-sections -fdata-sections -W
TRACE::2026-01-04.22:00:47::SCWMssOS::all -Wextra -fno-tree-loop-distribute-patterns"

TRACE::2026-01-04.22:00:47::SCWMssOS::"Running Make libs in microblaze_0/libsrc/bram_v4_7/src"

TRACE::2026-01-04.22:00:47::SCWMssOS::"Running Make libs in microblaze_0/libsrc/cpu_v2_14/src"

TRACE::2026-01-04.22:00:47::SCWMssOS::make -C microblaze_0/libsrc/bram_v4_7/src -s libs  "SHELL=CMD" "COMPILER=mb-gcc" "ASSEMBLER=mb-as" "ARCHIVER=mb-ar" "COMPILER_F
TRACE::2026-01-04.22:00:47::SCWMssOS::LAGS=  -O2 -c -mcpu=v11.0 -mlittle-endian -mxl-soft-mul" "EXTRA_COMPILER_FLAGS=-g -ffunction-sections -fdata-sections -Wall -We
TRACE::2026-01-04.22:00:47::SCWMssOS::xtra -fno-tree-loop-distribute-patterns"

TRACE::2026-01-04.22:00:47::SCWMssOS::make -C microblaze_0/libsrc/cpu_v2_14/src -s libs  "SHELL=CMD" "COMPILER=mb-gcc" "ASSEMBLER=mb-as" "ARCHIVER=mb-ar" "COMPILER_F
TRACE::2026-01-04.22:00:47::SCWMssOS::LAGS=  -O2 -c -mcpu=v11.0 -mlittle-endian -mxl-soft-mul" "EXTRA_COMPILER_FLAGS=-g -ffunction-sections -fdata-sections -Wall -We
TRACE::2026-01-04.22:00:47::SCWMssOS::xtra -fno-tree-loop-distribute-patterns"

TRACE::2026-01-04.22:00:47::SCWMssOS::"Running Make libs in microblaze_0/libsrc/intc_v3_13/src"

TRACE::2026-01-04.22:00:47::SCWMssOS::"Running Make libs in microblaze_0/libsrc/standalone_v7_6/src"

TRACE::2026-01-04.22:00:47::SCWMssOS::make -C microblaze_0/libsrc/intc_v3_13/src -s libs  "SHELL=CMD" "COMPILER=mb-gcc" "ASSEMBLER=mb-as" "ARCHIVER=mb-ar" "COMPILER_
TRACE::2026-01-04.22:00:47::SCWMssOS::FLAGS=  -O2 -c -mcpu=v11.0 -mlittle-endian -mxl-soft-mul" "EXTRA_COMPILER_FLAGS=-g -ffunction-sections -fdata-sections -Wall -W
TRACE::2026-01-04.22:00:47::SCWMssOS::extra -fno-tree-loop-distribute-patterns"

TRACE::2026-01-04.22:00:47::SCWMssOS::make -C microblaze_0/libsrc/standalone_v7_6/src -s libs  "SHELL=CMD" "COMPILER=mb-gcc" "ASSEMBLER=mb-as" "ARCHIVER=mb-ar" "COMP
TRACE::2026-01-04.22:00:47::SCWMssOS::ILER_FLAGS=  -O2 -c -mcpu=v11.0 -mlittle-endian -mxl-soft-mul" "EXTRA_COMPILER_FLAGS=-g -ffunction-sections -fdata-sections -Wa
TRACE::2026-01-04.22:00:47::SCWMssOS::ll -Wextra -fno-tree-loop-distribute-patterns"

TRACE::2026-01-04.22:00:47::SCWMssOS::"Running Make libs in microblaze_0/libsrc/uartlite_v3_6/src"

TRACE::2026-01-04.22:00:47::SCWMssOS::make -C microblaze_0/libsrc/uartlite_v3_6/src -s libs  "SHELL=CMD" "COMPILER=mb-gcc" "ASSEMBLER=mb-as" "ARCHIVER=mb-ar" "COMPIL
TRACE::2026-01-04.22:00:47::SCWMssOS::ER_FLAGS=  -O2 -c -mcpu=v11.0 -mlittle-endian -mxl-soft-mul" "EXTRA_COMPILER_FLAGS=-g -ffunction-sections -fdata-sections -Wall
TRACE::2026-01-04.22:00:47::SCWMssOS:: -Wextra -fno-tree-loop-distribute-patterns"

TRACE::2026-01-04.22:00:48::SCWMssOS::"DEBUG NON_LTO_OBJECTS is ../../../lib/microblaze_interrupt_handler.o"

TRACE::2026-01-04.22:00:48::SCWMssOS::'Finished building libraries parallelly.'

TRACE::2026-01-04.22:00:48::SCWMssOS::make --no-print-directory archive

TRACE::2026-01-04.22:00:48::SCWMssOS::mb-ar -r  microblaze_0/lib/libxil.a microblaze_0/lib/xplatform_info.o microblaze_0/lib/xuartlite.o microblaze_0/lib/microblaze_
TRACE::2026-01-04.22:00:48::SCWMssOS::disable_exceptions.o microblaze_0/lib/print.o microblaze_0/lib/_exit.o microblaze_0/lib/xil_testio.o microblaze_0/lib/microblaz
TRACE::2026-01-04.22:00:48::SCWMssOS::e_disable_dcache.o microblaze_0/lib/microblaze_flush_dcache_range.o microblaze_0/lib/microblaze_flush_cache_ext.o microblaze_0/
TRACE::2026-01-04.22:00:48::SCWMssOS::lib/xbram_sinit.o microblaze_0/lib/xil_misc_psreset_api.o microblaze_0/lib/xil_cache.o microblaze_0/lib/xil_util.o microblaze_0
TRACE::2026-01-04.22:00:48::SCWMssOS::/lib/inbyte.o microblaze_0/lib/xbram_g.o microblaze_0/lib/xuartlite_stats.o microblaze_0/lib/microblaze_exception_handler.o mic
TRACE::2026-01-04.22:00:48::SCWMssOS::roblaze_0/lib/microblaze_scrub.o microblaze_0/lib/microblaze_invalidate_dcache.o microblaze_0/lib/microblaze_disable_interrupts
TRACE::2026-01-04.22:00:48::SCWMssOS::.o microblaze_0/lib/xbram_selftest.o microblaze_0/lib/microblaze_interrupt_handler.o microblaze_0/lib/microblaze_disable_icache
TRACE::2026-01-04.22:00:48::SCWMssOS::.o microblaze_0/lib/xil_mem.o microblaze_0/lib/xuartlite_intr.o microblaze_0/lib/microblaze_flush_cache_ext_range.o microblaze_
TRACE::2026-01-04.22:00:48::SCWMssOS::0/lib/xbram_intr.o microblaze_0/lib/xil_sleepcommon.o microblaze_0/lib/xil_printf.o microblaze_0/lib/xintc_g.o microblaze_0/lib
TRACE::2026-01-04.22:00:48::SCWMssOS::/xuartlite_g.o microblaze_0/lib/xintc_selftest.o microblaze_0/lib/xintc_l.o microblaze_0/lib/outbyte.o microblaze_0/lib/microbl
TRACE::2026-01-04.22:00:48::SCWMssOS::aze_invalidate_dcache_range.o microblaze_0/lib/microblaze_invalidate_cache_ext.o microblaze_0/lib/microblaze_sleep.o microblaze
TRACE::2026-01-04.22:00:48::SCWMssOS::_0/lib/hw_exception_handler.o microblaze_0/lib/xuartlite_selftest.o microblaze_0/lib/xintc_intr.o microblaze_0/lib/microblaze_u
TRACE::2026-01-04.22:00:48::SCWMssOS::pdate_dcache.o microblaze_0/lib/xil_testcache.o microblaze_0/lib/microblaze_selftest.o microblaze_0/lib/microblaze_interrupts_g
TRACE::2026-01-04.22:00:48::SCWMssOS::.o microblaze_0/lib/microblaze_enable_exceptions.o microblaze_0/lib/xio.o microblaze_0/lib/microblaze_enable_dcache.o microblaz
TRACE::2026-01-04.22:00:48::SCWMssOS::e_0/lib/xbram.o microblaze_0/lib/microblaze_invalidate_icache_range.o microblaze_0/lib/microblaze_init_dcache_range.o microblaz
TRACE::2026-01-04.22:00:48::SCWMssOS::e_0/lib/microblaze_invalidate_icache.o microblaze_0/lib/errno.o microblaze_0/lib/xuartlite_l.o microblaze_0/lib/xintc_options.o
TRACE::2026-01-04.22:00:48::SCWMssOS:: microblaze_0/lib/microblaze_invalidate_cache_ext_range.o microblaze_0/lib/xil_exception.o microblaze_0/lib/pvr.o microblaze_0/
TRACE::2026-01-04.22:00:48::SCWMssOS::lib/xil_testmem.o microblaze_0/lib/microblaze_update_icache.o microblaze_0/lib/microblaze_flush_dcache.o microblaze_0/lib/xil_c
TRACE::2026-01-04.22:00:48::SCWMssOS::locking.o microblaze_0/lib/xil_assert.o microblaze_0/lib/microblaze_enable_interrupts.o microblaze_0/lib/microblaze_enable_icac
TRACE::2026-01-04.22:00:48::SCWMssOS::he.o microblaze_0/lib/xintc.o microblaze_0/lib/xuartlite_sinit.o microblaze_0/lib/fcntl.o microblaze_0/lib/microblaze_init_icac
TRACE::2026-01-04.22:00:48::SCWMssOS::he_range.o

TRACE::2026-01-04.22:00:48::SCWMssOS::'Finished building libraries'

TRACE::2026-01-04.22:00:48::SCWMssOS::Copying to export directory.
TRACE::2026-01-04.22:00:49::SCWMssOS:: Checking if to create the Supporting Applications
TRACE::2026-01-04.22:00:49::SCWMssOS:: No Linux domain exists, trying to generate FSBL 
LOG::2026-01-04.22:00:49::SCWSystem::Completed Processing the domain standalone_domain
LOG::2026-01-04.22:00:49::SCWSystem::Completed Processing the sysconfig All_PMods_Platform
LOG::2026-01-04.22:00:49::SCWPlatform::Completed generating the artifacts for system configuration All_PMods_Platform
TRACE::2026-01-04.22:00:49::SCWPlatform::Started preparing the platform 
TRACE::2026-01-04.22:00:49::SCWSystem::Writing the bif file for system config All_PMods_Platform
TRACE::2026-01-04.22:00:49::SCWSystem::dir created 
TRACE::2026-01-04.22:00:49::SCWSystem::Writing the bif 
TRACE::2026-01-04.22:00:49::SCWPlatform::Started writing the spfm file 
TRACE::2026-01-04.22:00:49::SCWPlatform::Started writing the xpfm file 
TRACE::2026-01-04.22:00:49::SCWPlatform::Completed generating the platform
TRACE::2026-01-04.22:00:49::SCWMssOS::Saving the mss changes F:/Advanced_Hardware_Engineering/Vivado_2021/Workspace/ALL_PMODS/All_PMods_Platform/microblaze_0/standalone_domain/bsp/system.mss
TRACE::2026-01-04.22:00:49::SCWMssOS::Found a swdesign opened with the mssfile.
TRACE::2026-01-04.22:00:49::SCWMssOS::Completed writemss as part of save.
TRACE::2026-01-04.22:00:49::SCWMssOS::Commit changes completed.
TRACE::2026-01-04.22:00:49::SCWPlatform::Trying to open the hw design at F:/Advanced_Hardware_Engineering/Vivado_2021/Workspace/ALL_PMODS/All_PMods_Platform/hw/TEST_J_2021_ALLPMODS_wrapper.xsa
TRACE::2026-01-04.22:00:49::SCWPlatform::DSA given F:/Advanced_Hardware_Engineering/Vivado_2021/Workspace/ALL_PMODS/All_PMods_Platform/hw/TEST_J_2021_ALLPMODS_wrapper.xsa
TRACE::2026-01-04.22:00:49::SCWPlatform::DSA absoulate path F:/Advanced_Hardware_Engineering/Vivado_2021/Workspace/ALL_PMODS/All_PMods_Platform/hw/TEST_J_2021_ALLPMODS_wrapper.xsa
TRACE::2026-01-04.22:00:49::SCWPlatform::DSA directory F:/Advanced_Hardware_Engineering/Vivado_2021/Workspace/ALL_PMODS/All_PMods_Platform/hw
TRACE::2026-01-04.22:00:49::SCWPlatform:: Platform Path F:/Advanced_Hardware_Engineering/Vivado_2021/Workspace/ALL_PMODS/All_PMods_Platform/hw/TEST_J_2021_ALLPMODS_wrapper.xsa
TRACE::2026-01-04.22:00:49::SCWPlatform:: Unique name xilinx:nexys-a7-100t::0.0
TRACE::2026-01-04.22:00:49::SCWPlatform::Trying to set the existing hwdb with name TEST_J_2021_ALLPMODS_wrapper_1
TRACE::2026-01-04.22:00:49::SCWPlatform::Opened existing hwdb TEST_J_2021_ALLPMODS_wrapper_1
TRACE::2026-01-04.22:00:49::SCWPlatform::Found the Hw Db part of the input DSA
TRACE::2026-01-04.22:00:49::SCWMssOS::Checking the sw design at  F:/Advanced_Hardware_Engineering/Vivado_2021/Workspace/ALL_PMODS/All_PMods_Platform/microblaze_0/standalone_domain/bsp/system.mss
TRACE::2026-01-04.22:00:49::SCWMssOS::DEBUG:  swdes dump  F:/Advanced_Hardware_Engineering/Vivado_2021/Workspace/ALL_PMODS/All_PMods_Platform/microblaze_0/standalone_domain/bsp/system.mss|system||

TRACE::2026-01-04.22:00:49::SCWMssOS::Sw design exists and opened at  F:/Advanced_Hardware_Engineering/Vivado_2021/Workspace/ALL_PMODS/All_PMods_Platform/microblaze_0/standalone_domain/bsp/system.mss
TRACE::2026-01-04.22:00:49::SCWWriter::formatted JSON is {
	"platformName":	"All_PMods_Platform",
	"sprVersion":	"2.0",
	"mode":	"gui",
	"dsaType":	"Fixed",
	"platformDesc":	"All_PMods_Platform",
	"platHandOff":	"F:/Advanced_Hardware_Engineering/Vivado_2021/TEST_J_2021_ALLPMODS/TEST_J_2021_ALLPMODS/TEST_J_2021_ALLPMODS_wrapper.xsa",
	"platIntHandOff":	"<platformDir>/hw/TEST_J_2021_ALLPMODS_wrapper.xsa",
	"deviceType":	"FPGA",
	"platIsPrebuiltAutogen":	"false",
	"platIsNoBootBsp":	"false",
	"hasFsblMakeHasChanges":	"false",
	"hasPmufwMakeHasChanges":	"false",
	"platPreBuiltFlag":	false,
	"platformSamplesDir":	"",
	"platActiveSys":	"All_PMods_Platform",
	"systems":	[{
			"systemName":	"All_PMods_Platform",
			"systemDesc":	"All_PMods_Platform",
			"sysIsBootAutoGen":	"true",
			"systemDispName":	"All_PMods_Platform",
			"sysActiveDom":	"standalone_domain",
			"sysDefaultDom":	"standalone_domain",
			"domains":	[{
					"domainName":	"standalone_domain",
					"domainDispName":	"standalone on microblaze_0",
					"domainDesc":	"standalone_domain",
					"processors":	"microblaze_0",
					"os":	"standalone",
					"sdxOs":	"standalone",
					"debugEnable":	"False",
					"domRuntimes":	["cpp"],
					"swRepo":	"",
					"mssOsVer":	"7.6",
					"mssFile":	"",
					"md5Digest":	"20e6946f2494afee0dccc84a368ff156",
					"compatibleApp":	"",
					"domType":	"mssDomain",
					"arch":	"32-bit",
					"appSettings":	{
						"appCompilerFlags":	"",
						"appLinkerFlags":	""
					},
					"addedLibs":	[],
					"libOptions":	{
						"libsContainingOptions":	[]
					},
					"prebuiltLibs":	{
						"prebuiltIncPath":	[],
						"prebuiltLibPath":	[]
					},
					"isolation":	{
					}
				}]
		}]
}
KEYINFO::2026-01-04.22:00:49::SCWPlatform::updated the xpfm file.
TRACE::2026-01-04.22:00:49::SCWPlatform::Trying to open the hw design at F:/Advanced_Hardware_Engineering/Vivado_2021/Workspace/ALL_PMODS/All_PMods_Platform/hw/TEST_J_2021_ALLPMODS_wrapper.xsa
TRACE::2026-01-04.22:00:49::SCWPlatform::DSA given F:/Advanced_Hardware_Engineering/Vivado_2021/Workspace/ALL_PMODS/All_PMods_Platform/hw/TEST_J_2021_ALLPMODS_wrapper.xsa
TRACE::2026-01-04.22:00:49::SCWPlatform::DSA absoulate path F:/Advanced_Hardware_Engineering/Vivado_2021/Workspace/ALL_PMODS/All_PMods_Platform/hw/TEST_J_2021_ALLPMODS_wrapper.xsa
TRACE::2026-01-04.22:00:49::SCWPlatform::DSA directory F:/Advanced_Hardware_Engineering/Vivado_2021/Workspace/ALL_PMODS/All_PMods_Platform/hw
TRACE::2026-01-04.22:00:49::SCWPlatform:: Platform Path F:/Advanced_Hardware_Engineering/Vivado_2021/Workspace/ALL_PMODS/All_PMods_Platform/hw/TEST_J_2021_ALLPMODS_wrapper.xsa
TRACE::2026-01-04.22:00:49::SCWPlatform:: Unique name xilinx:nexys-a7-100t::0.0
TRACE::2026-01-04.22:00:49::SCWPlatform::Trying to set the existing hwdb with name TEST_J_2021_ALLPMODS_wrapper_1
TRACE::2026-01-04.22:00:49::SCWPlatform::Opened existing hwdb TEST_J_2021_ALLPMODS_wrapper_1
TRACE::2026-01-04.22:00:49::SCWPlatform::Found the Hw Db part of the input DSA
TRACE::2026-01-04.22:00:49::SCWMssOS::Checking the sw design at  F:/Advanced_Hardware_Engineering/Vivado_2021/Workspace/ALL_PMODS/All_PMods_Platform/microblaze_0/standalone_domain/bsp/system.mss
TRACE::2026-01-04.22:00:49::SCWMssOS::DEBUG:  swdes dump  F:/Advanced_Hardware_Engineering/Vivado_2021/Workspace/ALL_PMODS/All_PMods_Platform/microblaze_0/standalone_domain/bsp/system.mss|system||

TRACE::2026-01-04.22:00:49::SCWMssOS::Sw design exists and opened at  F:/Advanced_Hardware_Engineering/Vivado_2021/Workspace/ALL_PMODS/All_PMods_Platform/microblaze_0/standalone_domain/bsp/system.mss
TRACE::2026-01-04.22:00:58::SCWMssOS::cleaning the bsp 
TRACE::2026-01-04.22:00:58::SCWMssOS::System Command Ran  F: & cd  F:/Advanced_Hardware_Engineering/Vivado_2021/Workspace/ALL_PMODS/All_PMods_Platform/microblaze_0/standalone_domain/bsp & make clean 
TRACE::2026-01-04.22:00:58::SCWMssOS::make -C microblaze_0/libsrc/bram_v4_7/src -s clean 

TRACE::2026-01-04.22:00:58::SCWMssOS::make -C microblaze_0/libsrc/cpu_v2_14/src -s clean 

TRACE::2026-01-04.22:00:58::SCWMssOS::make -C microblaze_0/libsrc/intc_v3_13/src -s clean 

TRACE::2026-01-04.22:00:58::SCWMssOS::make -C microblaze_0/libsrc/PmodALS_v1_0/src -s clean 

TRACE::2026-01-04.22:00:58::SCWMssOS::make -C microblaze_0/libsrc/PmodMAXSONAR_v1_0/src -s clean 

TRACE::2026-01-04.22:00:58::SCWMssOS::make -C microblaze_0/libsrc/PmodOLEDrgb_v1_0/src -s clean 

TRACE::2026-01-04.22:00:58::SCWMssOS::make -C microblaze_0/libsrc/PmodTMP3_v1_0/src -s clean 

TRACE::2026-01-04.22:00:58::SCWMssOS::make -C microblaze_0/libsrc/standalone_v7_6/src -s clean 

TRACE::2026-01-04.22:00:59::SCWMssOS::make -C microblaze_0/libsrc/uartlite_v3_6/src -s clean 

TRACE::2026-01-04.22:00:59::SCWMssOS::rm -f microblaze_0/lib/libxil.a

LOG::2026-01-04.22:01:05::SCWPlatform::Started generating the artifacts platform All_PMods_Platform
TRACE::2026-01-04.22:01:05::SCWPlatform::Sanity checking of platform is completed
LOG::2026-01-04.22:01:05::SCWPlatform::Started generating the artifacts for system configuration All_PMods_Platform
LOG::2026-01-04.22:01:05::SCWSystem::Checking the domain standalone_domain
LOG::2026-01-04.22:01:05::SCWSystem::Not a boot domain 
LOG::2026-01-04.22:01:05::SCWSystem::Started Processing the domain standalone_domain
TRACE::2026-01-04.22:01:05::SCWDomain::Generating domain artifcats
TRACE::2026-01-04.22:01:05::SCWMssOS::Generating standalone artifcats
TRACE::2026-01-04.22:01:05::SCWMssOS:: Copying the user libraries. 
TRACE::2026-01-04.22:01:05::SCWPlatform::Trying to open the hw design at F:/Advanced_Hardware_Engineering/Vivado_2021/Workspace/ALL_PMODS/All_PMods_Platform/hw/TEST_J_2021_ALLPMODS_wrapper.xsa
TRACE::2026-01-04.22:01:05::SCWPlatform::DSA given F:/Advanced_Hardware_Engineering/Vivado_2021/Workspace/ALL_PMODS/All_PMods_Platform/hw/TEST_J_2021_ALLPMODS_wrapper.xsa
TRACE::2026-01-04.22:01:05::SCWPlatform::DSA absoulate path F:/Advanced_Hardware_Engineering/Vivado_2021/Workspace/ALL_PMODS/All_PMods_Platform/hw/TEST_J_2021_ALLPMODS_wrapper.xsa
TRACE::2026-01-04.22:01:05::SCWPlatform::DSA directory F:/Advanced_Hardware_Engineering/Vivado_2021/Workspace/ALL_PMODS/All_PMods_Platform/hw
TRACE::2026-01-04.22:01:05::SCWPlatform:: Platform Path F:/Advanced_Hardware_Engineering/Vivado_2021/Workspace/ALL_PMODS/All_PMods_Platform/hw/TEST_J_2021_ALLPMODS_wrapper.xsa
TRACE::2026-01-04.22:01:05::SCWPlatform:: Unique name xilinx:nexys-a7-100t::0.0
TRACE::2026-01-04.22:01:05::SCWPlatform::Trying to set the existing hwdb with name TEST_J_2021_ALLPMODS_wrapper_1
TRACE::2026-01-04.22:01:05::SCWPlatform::Opened existing hwdb TEST_J_2021_ALLPMODS_wrapper_1
TRACE::2026-01-04.22:01:05::SCWPlatform::Found the Hw Db part of the input DSA
TRACE::2026-01-04.22:01:05::SCWMssOS::Checking the sw design at  F:/Advanced_Hardware_Engineering/Vivado_2021/Workspace/ALL_PMODS/All_PMods_Platform/microblaze_0/standalone_domain/bsp/system.mss
TRACE::2026-01-04.22:01:05::SCWMssOS::DEBUG:  swdes dump  F:/Advanced_Hardware_Engineering/Vivado_2021/Workspace/ALL_PMODS/All_PMods_Platform/microblaze_0/standalone_domain/bsp/system.mss|system||

TRACE::2026-01-04.22:01:05::SCWMssOS::Sw design exists and opened at  F:/Advanced_Hardware_Engineering/Vivado_2021/Workspace/ALL_PMODS/All_PMods_Platform/microblaze_0/standalone_domain/bsp/system.mss
TRACE::2026-01-04.22:01:05::SCWMssOS::Completed writing the mss file at F:/Advanced_Hardware_Engineering/Vivado_2021/Workspace/ALL_PMODS/All_PMods_Platform/microblaze_0/standalone_domain/bsp
TRACE::2026-01-04.22:01:05::SCWMssOS::Mss edits present, copying mssfile into export location F:/Advanced_Hardware_Engineering/Vivado_2021/Workspace/ALL_PMODS/All_PMods_Platform/microblaze_0/standalone_domain/bsp/system.mss
TRACE::2026-01-04.22:01:05::SCWMssOS::bsp generated is upto date with the mss file. Skipping bsp generation.
TRACE::2026-01-04.22:01:05::SCWMssOS::BSP is already built. skipping the bsp build ... 
TRACE::2026-01-04.22:01:05::SCWDomain::Building the domain as part of full build :  standalone_domain
TRACE::2026-01-04.22:01:05::SCWMssOS::doing bsp build ... 
TRACE::2026-01-04.22:01:05::SCWMssOS::System Command Ran  F: & cd  F:/Advanced_Hardware_Engineering/Vivado_2021/Workspace/ALL_PMODS/All_PMods_Platform/microblaze_0/standalone_domain/bsp & make 
TRACE::2026-01-04.22:01:05::SCWMssOS::make --no-print-directory seq_libs

TRACE::2026-01-04.22:01:05::SCWMssOS::"Running Make include in microblaze_0/libsrc/bram_v4_7/src"

TRACE::2026-01-04.22:01:05::SCWMssOS::make -C microblaze_0/libsrc/bram_v4_7/src -s include  "SHELL=CMD" "COMPILER=mb-gcc" "ASSEMBLER=mb-as" "ARCHIVER=mb-ar" "COMPILE
TRACE::2026-01-04.22:01:05::SCWMssOS::R_FLAGS=  -O2 -c -mcpu=v11.0 -mlittle-endian -mxl-soft-mul" "EXTRA_COMPILER_FLAGS=-g -ffunction-sections -fdata-sections -Wall 
TRACE::2026-01-04.22:01:05::SCWMssOS::-Wextra -fno-tree-loop-distribute-patterns"

TRACE::2026-01-04.22:01:05::SCWMssOS::"Running Make include in microblaze_0/libsrc/cpu_v2_14/src"

TRACE::2026-01-04.22:01:05::SCWMssOS::make -C microblaze_0/libsrc/cpu_v2_14/src -s include  "SHELL=CMD" "COMPILER=mb-gcc" "ASSEMBLER=mb-as" "ARCHIVER=mb-ar" "COMPILE
TRACE::2026-01-04.22:01:05::SCWMssOS::R_FLAGS=  -O2 -c -mcpu=v11.0 -mlittle-endian -mxl-soft-mul" "EXTRA_COMPILER_FLAGS=-g -ffunction-sections -fdata-sections -Wall 
TRACE::2026-01-04.22:01:05::SCWMssOS::-Wextra -fno-tree-loop-distribute-patterns"

TRACE::2026-01-04.22:01:05::SCWMssOS::"Running Make include in microblaze_0/libsrc/intc_v3_13/src"

TRACE::2026-01-04.22:01:05::SCWMssOS::make -C microblaze_0/libsrc/intc_v3_13/src -s include  "SHELL=CMD" "COMPILER=mb-gcc" "ASSEMBLER=mb-as" "ARCHIVER=mb-ar" "COMPIL
TRACE::2026-01-04.22:01:05::SCWMssOS::ER_FLAGS=  -O2 -c -mcpu=v11.0 -mlittle-endian -mxl-soft-mul" "EXTRA_COMPILER_FLAGS=-g -ffunction-sections -fdata-sections -Wall
TRACE::2026-01-04.22:01:05::SCWMssOS:: -Wextra -fno-tree-loop-distribute-patterns"

TRACE::2026-01-04.22:01:05::SCWMssOS::"Running Make include in microblaze_0/libsrc/PmodALS_v1_0/src"

TRACE::2026-01-04.22:01:05::SCWMssOS::make -C microblaze_0/libsrc/PmodALS_v1_0/src -s include  "SHELL=CMD" "COMPILER=mb-gcc" "ASSEMBLER=mb-as" "ARCHIVER=mb-ar" "COMP
TRACE::2026-01-04.22:01:05::SCWMssOS::ILER_FLAGS=  -O2 -c -mcpu=v11.0 -mlittle-endian -mxl-soft-mul" "EXTRA_COMPILER_FLAGS=-g -ffunction-sections -fdata-sections -Wa
TRACE::2026-01-04.22:01:05::SCWMssOS::ll -Wextra -fno-tree-loop-distribute-patterns"

TRACE::2026-01-04.22:01:05::SCWMssOS::"Running Make include in microblaze_0/libsrc/PmodMAXSONAR_v1_0/src"

TRACE::2026-01-04.22:01:05::SCWMssOS::make -C microblaze_0/libsrc/PmodMAXSONAR_v1_0/src -s include  "SHELL=CMD" "COMPILER=mb-gcc" "ASSEMBLER=mb-as" "ARCHIVER=mb-ar" 
TRACE::2026-01-04.22:01:05::SCWMssOS::"COMPILER_FLAGS=  -O2 -c -mcpu=v11.0 -mlittle-endian -mxl-soft-mul" "EXTRA_COMPILER_FLAGS=-g -ffunction-sections -fdata-section
TRACE::2026-01-04.22:01:05::SCWMssOS::s -Wall -Wextra -fno-tree-loop-distribute-patterns"

TRACE::2026-01-04.22:01:05::SCWMssOS::"Running Make include in microblaze_0/libsrc/PmodOLEDrgb_v1_0/src"

TRACE::2026-01-04.22:01:05::SCWMssOS::make -C microblaze_0/libsrc/PmodOLEDrgb_v1_0/src -s include  "SHELL=CMD" "COMPILER=mb-gcc" "ASSEMBLER=mb-as" "ARCHIVER=mb-ar" "
TRACE::2026-01-04.22:01:05::SCWMssOS::COMPILER_FLAGS=  -O2 -c -mcpu=v11.0 -mlittle-endian -mxl-soft-mul" "EXTRA_COMPILER_FLAGS=-g -ffunction-sections -fdata-sections
TRACE::2026-01-04.22:01:05::SCWMssOS:: -Wall -Wextra -fno-tree-loop-distribute-patterns"

TRACE::2026-01-04.22:01:05::SCWMssOS::"Running Make include in microblaze_0/libsrc/PmodTMP3_v1_0/src"

TRACE::2026-01-04.22:01:05::SCWMssOS::make -C microblaze_0/libsrc/PmodTMP3_v1_0/src -s include  "SHELL=CMD" "COMPILER=mb-gcc" "ASSEMBLER=mb-as" "ARCHIVER=mb-ar" "COM
TRACE::2026-01-04.22:01:05::SCWMssOS::PILER_FLAGS=  -O2 -c -mcpu=v11.0 -mlittle-endian -mxl-soft-mul" "EXTRA_COMPILER_FLAGS=-g -ffunction-sections -fdata-sections -W
TRACE::2026-01-04.22:01:05::SCWMssOS::all -Wextra -fno-tree-loop-distribute-patterns"

TRACE::2026-01-04.22:01:05::SCWMssOS::"Running Make include in microblaze_0/libsrc/standalone_v7_6/src"

TRACE::2026-01-04.22:01:05::SCWMssOS::make -C microblaze_0/libsrc/standalone_v7_6/src -s include  "SHELL=CMD" "COMPILER=mb-gcc" "ASSEMBLER=mb-as" "ARCHIVER=mb-ar" "C
TRACE::2026-01-04.22:01:05::SCWMssOS::OMPILER_FLAGS=  -O2 -c -mcpu=v11.0 -mlittle-endian -mxl-soft-mul" "EXTRA_COMPILER_FLAGS=-g -ffunction-sections -fdata-sections 
TRACE::2026-01-04.22:01:05::SCWMssOS::-Wall -Wextra -fno-tree-loop-distribute-patterns"

TRACE::2026-01-04.22:01:05::SCWMssOS::"Running Make include in microblaze_0/libsrc/uartlite_v3_6/src"

TRACE::2026-01-04.22:01:05::SCWMssOS::make -C microblaze_0/libsrc/uartlite_v3_6/src -s include  "SHELL=CMD" "COMPILER=mb-gcc" "ASSEMBLER=mb-as" "ARCHIVER=mb-ar" "COM
TRACE::2026-01-04.22:01:05::SCWMssOS::PILER_FLAGS=  -O2 -c -mcpu=v11.0 -mlittle-endian -mxl-soft-mul" "EXTRA_COMPILER_FLAGS=-g -ffunction-sections -fdata-sections -W
TRACE::2026-01-04.22:01:05::SCWMssOS::all -Wextra -fno-tree-loop-distribute-patterns"

TRACE::2026-01-04.22:01:05::SCWMssOS::"Running Make libs in microblaze_0/libsrc/PmodALS_v1_0/src"

TRACE::2026-01-04.22:01:05::SCWMssOS::make -C microblaze_0/libsrc/PmodALS_v1_0/src -s libs  "SHELL=CMD" "COMPILER=mb-gcc" "ASSEMBLER=mb-as" "ARCHIVER=mb-ar" "COMPILE
TRACE::2026-01-04.22:01:05::SCWMssOS::R_FLAGS=  -O2 -c -mcpu=v11.0 -mlittle-endian -mxl-soft-mul" "EXTRA_COMPILER_FLAGS=-g -ffunction-sections -fdata-sections -Wall 
TRACE::2026-01-04.22:01:05::SCWMssOS::-Wextra -fno-tree-loop-distribute-patterns"

TRACE::2026-01-04.22:01:05::SCWMssOS::"Compiling PmodALS"

TRACE::2026-01-04.22:01:05::SCWMssOS::"Running Make libs in microblaze_0/libsrc/PmodMAXSONAR_v1_0/src"

TRACE::2026-01-04.22:01:05::SCWMssOS::make -C microblaze_0/libsrc/PmodMAXSONAR_v1_0/src -s libs  "SHELL=CMD" "COMPILER=mb-gcc" "ASSEMBLER=mb-as" "ARCHIVER=mb-ar" "CO
TRACE::2026-01-04.22:01:05::SCWMssOS::MPILER_FLAGS=  -O2 -c -mcpu=v11.0 -mlittle-endian -mxl-soft-mul" "EXTRA_COMPILER_FLAGS=-g -ffunction-sections -fdata-sections -
TRACE::2026-01-04.22:01:05::SCWMssOS::Wall -Wextra -fno-tree-loop-distribute-patterns"

TRACE::2026-01-04.22:01:05::SCWMssOS::"Compiling PmodMAXSONAR"

TRACE::2026-01-04.22:01:05::SCWMssOS::"Running Make libs in microblaze_0/libsrc/PmodOLEDrgb_v1_0/src"

TRACE::2026-01-04.22:01:05::SCWMssOS::make -C microblaze_0/libsrc/PmodOLEDrgb_v1_0/src -s libs  "SHELL=CMD" "COMPILER=mb-gcc" "ASSEMBLER=mb-as" "ARCHIVER=mb-ar" "COM
TRACE::2026-01-04.22:01:05::SCWMssOS::PILER_FLAGS=  -O2 -c -mcpu=v11.0 -mlittle-endian -mxl-soft-mul" "EXTRA_COMPILER_FLAGS=-g -ffunction-sections -fdata-sections -W
TRACE::2026-01-04.22:01:05::SCWMssOS::all -Wextra -fno-tree-loop-distribute-patterns"

TRACE::2026-01-04.22:01:05::SCWMssOS::"Compiling pmodOLEDrgb"

TRACE::2026-01-04.22:01:06::SCWMssOS::"Running Make libs in microblaze_0/libsrc/PmodTMP3_v1_0/src"

TRACE::2026-01-04.22:01:06::SCWMssOS::make -C microblaze_0/libsrc/PmodTMP3_v1_0/src -s libs  "SHELL=CMD" "COMPILER=mb-gcc" "ASSEMBLER=mb-as" "ARCHIVER=mb-ar" "COMPIL
TRACE::2026-01-04.22:01:06::SCWMssOS::ER_FLAGS=  -O2 -c -mcpu=v11.0 -mlittle-endian -mxl-soft-mul" "EXTRA_COMPILER_FLAGS=-g -ffunction-sections -fdata-sections -Wall
TRACE::2026-01-04.22:01:06::SCWMssOS:: -Wextra -fno-tree-loop-distribute-patterns"

TRACE::2026-01-04.22:01:06::SCWMssOS::"Compiling PmodTMP3"

TRACE::2026-01-04.22:01:07::SCWMssOS::'Finished building libraries sequentially.'

TRACE::2026-01-04.22:01:07::SCWMssOS::make -j 14 --no-print-directory par_libs

TRACE::2026-01-04.22:01:07::SCWMssOS::"Running Make include in microblaze_0/libsrc/bram_v4_7/src"

TRACE::2026-01-04.22:01:07::SCWMssOS::"Running Make include in microblaze_0/libsrc/cpu_v2_14/src"

TRACE::2026-01-04.22:01:07::SCWMssOS::make -C microblaze_0/libsrc/bram_v4_7/src -s include  "SHELL=CMD" "COMPILER=mb-gcc" "ASSEMBLER=mb-as" "ARCHIVER=mb-ar" "COMPILE
TRACE::2026-01-04.22:01:07::SCWMssOS::R_FLAGS=  -O2 -c -mcpu=v11.0 -mlittle-endian -mxl-soft-mul" "EXTRA_COMPILER_FLAGS=-g -ffunction-sections -fdata-sections -Wall 
TRACE::2026-01-04.22:01:07::SCWMssOS::-Wextra -fno-tree-loop-distribute-patterns"

TRACE::2026-01-04.22:01:07::SCWMssOS::make -C microblaze_0/libsrc/cpu_v2_14/src -s include  "SHELL=CMD" "COMPILER=mb-gcc" "ASSEMBLER=mb-as" "ARCHIVER=mb-ar" "COMPILE
TRACE::2026-01-04.22:01:07::SCWMssOS::R_FLAGS=  -O2 -c -mcpu=v11.0 -mlittle-endian -mxl-soft-mul" "EXTRA_COMPILER_FLAGS=-g -ffunction-sections -fdata-sections -Wall 
TRACE::2026-01-04.22:01:07::SCWMssOS::-Wextra -fno-tree-loop-distribute-patterns"

TRACE::2026-01-04.22:01:07::SCWMssOS::"Running Make include in microblaze_0/libsrc/intc_v3_13/src"

TRACE::2026-01-04.22:01:07::SCWMssOS::"Running Make include in microblaze_0/libsrc/PmodALS_v1_0/src"

TRACE::2026-01-04.22:01:07::SCWMssOS::make -C microblaze_0/libsrc/intc_v3_13/src -s include  "SHELL=CMD" "COMPILER=mb-gcc" "ASSEMBLER=mb-as" "ARCHIVER=mb-ar" "COMPIL
TRACE::2026-01-04.22:01:07::SCWMssOS::ER_FLAGS=  -O2 -c -mcpu=v11.0 -mlittle-endian -mxl-soft-mul" "EXTRA_COMPILER_FLAGS=-g -ffunction-sections -fdata-sections -Wall
TRACE::2026-01-04.22:01:07::SCWMssOS:: -Wextra -fno-tree-loop-distribute-patterns"

TRACE::2026-01-04.22:01:07::SCWMssOS::make -C microblaze_0/libsrc/PmodALS_v1_0/src -s include  "SHELL=CMD" "COMPILER=mb-gcc" "ASSEMBLER=mb-as" "ARCHIVER=mb-ar" "COMP
TRACE::2026-01-04.22:01:07::SCWMssOS::ILER_FLAGS=  -O2 -c -mcpu=v11.0 -mlittle-endian -mxl-soft-mul" "EXTRA_COMPILER_FLAGS=-g -ffunction-sections -fdata-sections -Wa
TRACE::2026-01-04.22:01:07::SCWMssOS::ll -Wextra -fno-tree-loop-distribute-patterns"

TRACE::2026-01-04.22:01:07::SCWMssOS::"Running Make include in microblaze_0/libsrc/PmodMAXSONAR_v1_0/src"

TRACE::2026-01-04.22:01:07::SCWMssOS::make -C microblaze_0/libsrc/PmodMAXSONAR_v1_0/src -s include  "SHELL=CMD" "COMPILER=mb-gcc" "ASSEMBLER=mb-as" "ARCHIVER=mb-ar" 
TRACE::2026-01-04.22:01:07::SCWMssOS::"COMPILER_FLAGS=  -O2 -c -mcpu=v11.0 -mlittle-endian -mxl-soft-mul" "EXTRA_COMPILER_FLAGS=-g -ffunction-sections -fdata-section
TRACE::2026-01-04.22:01:07::SCWMssOS::s -Wall -Wextra -fno-tree-loop-distribute-patterns"

TRACE::2026-01-04.22:01:07::SCWMssOS::"Running Make include in microblaze_0/libsrc/PmodOLEDrgb_v1_0/src"

TRACE::2026-01-04.22:01:07::SCWMssOS::make -C microblaze_0/libsrc/PmodOLEDrgb_v1_0/src -s include  "SHELL=CMD" "COMPILER=mb-gcc" "ASSEMBLER=mb-as" "ARCHIVER=mb-ar" "
TRACE::2026-01-04.22:01:07::SCWMssOS::COMPILER_FLAGS=  -O2 -c -mcpu=v11.0 -mlittle-endian -mxl-soft-mul" "EXTRA_COMPILER_FLAGS=-g -ffunction-sections -fdata-sections
TRACE::2026-01-04.22:01:07::SCWMssOS:: -Wall -Wextra -fno-tree-loop-distribute-patterns"

TRACE::2026-01-04.22:01:07::SCWMssOS::"Running Make include in microblaze_0/libsrc/PmodTMP3_v1_0/src"

TRACE::2026-01-04.22:01:07::SCWMssOS::make -C microblaze_0/libsrc/PmodTMP3_v1_0/src -s include  "SHELL=CMD" "COMPILER=mb-gcc" "ASSEMBLER=mb-as" "ARCHIVER=mb-ar" "COM
TRACE::2026-01-04.22:01:07::SCWMssOS::PILER_FLAGS=  -O2 -c -mcpu=v11.0 -mlittle-endian -mxl-soft-mul" "EXTRA_COMPILER_FLAGS=-g -ffunction-sections -fdata-sections -W
TRACE::2026-01-04.22:01:07::SCWMssOS::all -Wextra -fno-tree-loop-distribute-patterns"

TRACE::2026-01-04.22:01:07::SCWMssOS::"Running Make include in microblaze_0/libsrc/standalone_v7_6/src"

TRACE::2026-01-04.22:01:07::SCWMssOS::make -C microblaze_0/libsrc/standalone_v7_6/src -s include  "SHELL=CMD" "COMPILER=mb-gcc" "ASSEMBLER=mb-as" "ARCHIVER=mb-ar" "C
TRACE::2026-01-04.22:01:07::SCWMssOS::OMPILER_FLAGS=  -O2 -c -mcpu=v11.0 -mlittle-endian -mxl-soft-mul" "EXTRA_COMPILER_FLAGS=-g -ffunction-sections -fdata-sections 
TRACE::2026-01-04.22:01:07::SCWMssOS::-Wall -Wextra -fno-tree-loop-distribute-patterns"

TRACE::2026-01-04.22:01:07::SCWMssOS::"Running Make include in microblaze_0/libsrc/uartlite_v3_6/src"

TRACE::2026-01-04.22:01:07::SCWMssOS::make -C microblaze_0/libsrc/uartlite_v3_6/src -s include  "SHELL=CMD" "COMPILER=mb-gcc" "ASSEMBLER=mb-as" "ARCHIVER=mb-ar" "COM
TRACE::2026-01-04.22:01:07::SCWMssOS::PILER_FLAGS=  -O2 -c -mcpu=v11.0 -mlittle-endian -mxl-soft-mul" "EXTRA_COMPILER_FLAGS=-g -ffunction-sections -fdata-sections -W
TRACE::2026-01-04.22:01:07::SCWMssOS::all -Wextra -fno-tree-loop-distribute-patterns"

TRACE::2026-01-04.22:01:07::SCWMssOS::"Running Make libs in microblaze_0/libsrc/bram_v4_7/src"

TRACE::2026-01-04.22:01:07::SCWMssOS::"Running Make libs in microblaze_0/libsrc/cpu_v2_14/src"

TRACE::2026-01-04.22:01:07::SCWMssOS::make -C microblaze_0/libsrc/bram_v4_7/src -s libs  "SHELL=CMD" "COMPILER=mb-gcc" "ASSEMBLER=mb-as" "ARCHIVER=mb-ar" "COMPILER_F
TRACE::2026-01-04.22:01:07::SCWMssOS::LAGS=  -O2 -c -mcpu=v11.0 -mlittle-endian -mxl-soft-mul" "EXTRA_COMPILER_FLAGS=-g -ffunction-sections -fdata-sections -Wall -We
TRACE::2026-01-04.22:01:07::SCWMssOS::xtra -fno-tree-loop-distribute-patterns"

TRACE::2026-01-04.22:01:07::SCWMssOS::make -C microblaze_0/libsrc/cpu_v2_14/src -s libs  "SHELL=CMD" "COMPILER=mb-gcc" "ASSEMBLER=mb-as" "ARCHIVER=mb-ar" "COMPILER_F
TRACE::2026-01-04.22:01:07::SCWMssOS::LAGS=  -O2 -c -mcpu=v11.0 -mlittle-endian -mxl-soft-mul" "EXTRA_COMPILER_FLAGS=-g -ffunction-sections -fdata-sections -Wall -We
TRACE::2026-01-04.22:01:07::SCWMssOS::xtra -fno-tree-loop-distribute-patterns"

TRACE::2026-01-04.22:01:07::SCWMssOS::"Running Make libs in microblaze_0/libsrc/intc_v3_13/src"

TRACE::2026-01-04.22:01:07::SCWMssOS::"Running Make libs in microblaze_0/libsrc/standalone_v7_6/src"

TRACE::2026-01-04.22:01:07::SCWMssOS::make -C microblaze_0/libsrc/intc_v3_13/src -s libs  "SHELL=CMD" "COMPILER=mb-gcc" "ASSEMBLER=mb-as" "ARCHIVER=mb-ar" "COMPILER_
TRACE::2026-01-04.22:01:07::SCWMssOS::FLAGS=  -O2 -c -mcpu=v11.0 -mlittle-endian -mxl-soft-mul" "EXTRA_COMPILER_FLAGS=-g -ffunction-sections -fdata-sections -Wall -W
TRACE::2026-01-04.22:01:07::SCWMssOS::extra -fno-tree-loop-distribute-patterns"

TRACE::2026-01-04.22:01:07::SCWMssOS::make -C microblaze_0/libsrc/standalone_v7_6/src -s libs  "SHELL=CMD" "COMPILER=mb-gcc" "ASSEMBLER=mb-as" "ARCHIVER=mb-ar" "COMP
TRACE::2026-01-04.22:01:07::SCWMssOS::ILER_FLAGS=  -O2 -c -mcpu=v11.0 -mlittle-endian -mxl-soft-mul" "EXTRA_COMPILER_FLAGS=-g -ffunction-sections -fdata-sections -Wa
TRACE::2026-01-04.22:01:07::SCWMssOS::ll -Wextra -fno-tree-loop-distribute-patterns"

TRACE::2026-01-04.22:01:07::SCWMssOS::"Running Make libs in microblaze_0/libsrc/uartlite_v3_6/src"

TRACE::2026-01-04.22:01:07::SCWMssOS::make -C microblaze_0/libsrc/uartlite_v3_6/src -s libs  "SHELL=CMD" "COMPILER=mb-gcc" "ASSEMBLER=mb-as" "ARCHIVER=mb-ar" "COMPIL
TRACE::2026-01-04.22:01:07::SCWMssOS::ER_FLAGS=  -O2 -c -mcpu=v11.0 -mlittle-endian -mxl-soft-mul" "EXTRA_COMPILER_FLAGS=-g -ffunction-sections -fdata-sections -Wall
TRACE::2026-01-04.22:01:07::SCWMssOS:: -Wextra -fno-tree-loop-distribute-patterns"

TRACE::2026-01-04.22:01:07::SCWMssOS::"DEBUG NON_LTO_OBJECTS is ../../../lib/microblaze_interrupt_handler.o"

TRACE::2026-01-04.22:01:07::SCWMssOS::'Finished building libraries parallelly.'

TRACE::2026-01-04.22:01:07::SCWMssOS::make --no-print-directory archive

TRACE::2026-01-04.22:01:07::SCWMssOS::mb-ar -r  microblaze_0/lib/libxil.a microblaze_0/lib/xplatform_info.o microblaze_0/lib/xuartlite.o microblaze_0/lib/microblaze_
TRACE::2026-01-04.22:01:07::SCWMssOS::disable_exceptions.o microblaze_0/lib/print.o microblaze_0/lib/_exit.o microblaze_0/lib/xil_testio.o microblaze_0/lib/microblaz
TRACE::2026-01-04.22:01:07::SCWMssOS::e_disable_dcache.o microblaze_0/lib/microblaze_flush_dcache_range.o microblaze_0/lib/microblaze_flush_cache_ext.o microblaze_0/
TRACE::2026-01-04.22:01:07::SCWMssOS::lib/xbram_sinit.o microblaze_0/lib/xil_misc_psreset_api.o microblaze_0/lib/xil_cache.o microblaze_0/lib/xil_util.o microblaze_0
TRACE::2026-01-04.22:01:07::SCWMssOS::/lib/inbyte.o microblaze_0/lib/xbram_g.o microblaze_0/lib/xuartlite_stats.o microblaze_0/lib/microblaze_exception_handler.o mic
TRACE::2026-01-04.22:01:07::SCWMssOS::roblaze_0/lib/microblaze_scrub.o microblaze_0/lib/microblaze_invalidate_dcache.o microblaze_0/lib/microblaze_disable_interrupts
TRACE::2026-01-04.22:01:07::SCWMssOS::.o microblaze_0/lib/xbram_selftest.o microblaze_0/lib/microblaze_interrupt_handler.o microblaze_0/lib/microblaze_disable_icache
TRACE::2026-01-04.22:01:07::SCWMssOS::.o microblaze_0/lib/xil_mem.o microblaze_0/lib/xuartlite_intr.o microblaze_0/lib/microblaze_flush_cache_ext_range.o microblaze_
TRACE::2026-01-04.22:01:07::SCWMssOS::0/lib/xbram_intr.o microblaze_0/lib/xil_sleepcommon.o microblaze_0/lib/xil_printf.o microblaze_0/lib/xintc_g.o microblaze_0/lib
TRACE::2026-01-04.22:01:07::SCWMssOS::/xuartlite_g.o microblaze_0/lib/xintc_selftest.o microblaze_0/lib/xintc_l.o microblaze_0/lib/outbyte.o microblaze_0/lib/microbl
TRACE::2026-01-04.22:01:07::SCWMssOS::aze_invalidate_dcache_range.o microblaze_0/lib/microblaze_invalidate_cache_ext.o microblaze_0/lib/microblaze_sleep.o microblaze
TRACE::2026-01-04.22:01:07::SCWMssOS::_0/lib/hw_exception_handler.o microblaze_0/lib/xuartlite_selftest.o microblaze_0/lib/xintc_intr.o microblaze_0/lib/microblaze_u
TRACE::2026-01-04.22:01:07::SCWMssOS::pdate_dcache.o microblaze_0/lib/xil_testcache.o microblaze_0/lib/microblaze_selftest.o microblaze_0/lib/microblaze_interrupts_g
TRACE::2026-01-04.22:01:07::SCWMssOS::.o microblaze_0/lib/microblaze_enable_exceptions.o microblaze_0/lib/xio.o microblaze_0/lib/microblaze_enable_dcache.o microblaz
TRACE::2026-01-04.22:01:07::SCWMssOS::e_0/lib/xbram.o microblaze_0/lib/microblaze_invalidate_icache_range.o microblaze_0/lib/microblaze_init_dcache_range.o microblaz
TRACE::2026-01-04.22:01:07::SCWMssOS::e_0/lib/microblaze_invalidate_icache.o microblaze_0/lib/errno.o microblaze_0/lib/xuartlite_l.o microblaze_0/lib/xintc_options.o
TRACE::2026-01-04.22:01:07::SCWMssOS:: microblaze_0/lib/microblaze_invalidate_cache_ext_range.o microblaze_0/lib/xil_exception.o microblaze_0/lib/pvr.o microblaze_0/
TRACE::2026-01-04.22:01:07::SCWMssOS::lib/xil_testmem.o microblaze_0/lib/microblaze_update_icache.o microblaze_0/lib/microblaze_flush_dcache.o microblaze_0/lib/xil_c
TRACE::2026-01-04.22:01:07::SCWMssOS::locking.o microblaze_0/lib/xil_assert.o microblaze_0/lib/microblaze_enable_interrupts.o microblaze_0/lib/microblaze_enable_icac
TRACE::2026-01-04.22:01:07::SCWMssOS::he.o microblaze_0/lib/xintc.o microblaze_0/lib/xuartlite_sinit.o microblaze_0/lib/fcntl.o microblaze_0/lib/microblaze_init_icac
TRACE::2026-01-04.22:01:07::SCWMssOS::he_range.o

TRACE::2026-01-04.22:01:07::SCWMssOS::'Finished building libraries'

TRACE::2026-01-04.22:01:08::SCWMssOS::Copying to export directory.
TRACE::2026-01-04.22:01:09::SCWMssOS:: Checking if to create the Supporting Applications
TRACE::2026-01-04.22:01:09::SCWMssOS:: No Linux domain exists, trying to generate FSBL 
LOG::2026-01-04.22:01:09::SCWSystem::Completed Processing the domain standalone_domain
LOG::2026-01-04.22:01:09::SCWSystem::Completed Processing the sysconfig All_PMods_Platform
LOG::2026-01-04.22:01:09::SCWPlatform::Completed generating the artifacts for system configuration All_PMods_Platform
TRACE::2026-01-04.22:01:09::SCWPlatform::Started preparing the platform 
TRACE::2026-01-04.22:01:09::SCWSystem::Writing the bif file for system config All_PMods_Platform
TRACE::2026-01-04.22:01:09::SCWSystem::dir created 
TRACE::2026-01-04.22:01:09::SCWSystem::Writing the bif 
TRACE::2026-01-04.22:01:09::SCWPlatform::Started writing the spfm file 
TRACE::2026-01-04.22:01:09::SCWPlatform::Started writing the xpfm file 
TRACE::2026-01-04.22:01:09::SCWPlatform::Completed generating the platform
TRACE::2026-01-04.22:01:09::SCWMssOS::Saving the mss changes F:/Advanced_Hardware_Engineering/Vivado_2021/Workspace/ALL_PMODS/All_PMods_Platform/microblaze_0/standalone_domain/bsp/system.mss
TRACE::2026-01-04.22:01:09::SCWMssOS::Found a swdesign opened with the mssfile.
TRACE::2026-01-04.22:01:09::SCWMssOS::Completed writemss as part of save.
TRACE::2026-01-04.22:01:09::SCWMssOS::Commit changes completed.
TRACE::2026-01-04.22:01:09::SCWPlatform::Trying to open the hw design at F:/Advanced_Hardware_Engineering/Vivado_2021/Workspace/ALL_PMODS/All_PMods_Platform/hw/TEST_J_2021_ALLPMODS_wrapper.xsa
TRACE::2026-01-04.22:01:09::SCWPlatform::DSA given F:/Advanced_Hardware_Engineering/Vivado_2021/Workspace/ALL_PMODS/All_PMods_Platform/hw/TEST_J_2021_ALLPMODS_wrapper.xsa
TRACE::2026-01-04.22:01:09::SCWPlatform::DSA absoulate path F:/Advanced_Hardware_Engineering/Vivado_2021/Workspace/ALL_PMODS/All_PMods_Platform/hw/TEST_J_2021_ALLPMODS_wrapper.xsa
TRACE::2026-01-04.22:01:09::SCWPlatform::DSA directory F:/Advanced_Hardware_Engineering/Vivado_2021/Workspace/ALL_PMODS/All_PMods_Platform/hw
TRACE::2026-01-04.22:01:09::SCWPlatform:: Platform Path F:/Advanced_Hardware_Engineering/Vivado_2021/Workspace/ALL_PMODS/All_PMods_Platform/hw/TEST_J_2021_ALLPMODS_wrapper.xsa
TRACE::2026-01-04.22:01:09::SCWPlatform:: Unique name xilinx:nexys-a7-100t::0.0
TRACE::2026-01-04.22:01:09::SCWPlatform::Trying to set the existing hwdb with name TEST_J_2021_ALLPMODS_wrapper_1
TRACE::2026-01-04.22:01:09::SCWPlatform::Opened existing hwdb TEST_J_2021_ALLPMODS_wrapper_1
TRACE::2026-01-04.22:01:09::SCWPlatform::Found the Hw Db part of the input DSA
TRACE::2026-01-04.22:01:09::SCWMssOS::Checking the sw design at  F:/Advanced_Hardware_Engineering/Vivado_2021/Workspace/ALL_PMODS/All_PMods_Platform/microblaze_0/standalone_domain/bsp/system.mss
TRACE::2026-01-04.22:01:09::SCWMssOS::DEBUG:  swdes dump  F:/Advanced_Hardware_Engineering/Vivado_2021/Workspace/ALL_PMODS/All_PMods_Platform/microblaze_0/standalone_domain/bsp/system.mss|system||

TRACE::2026-01-04.22:01:09::SCWMssOS::Sw design exists and opened at  F:/Advanced_Hardware_Engineering/Vivado_2021/Workspace/ALL_PMODS/All_PMods_Platform/microblaze_0/standalone_domain/bsp/system.mss
TRACE::2026-01-04.22:01:09::SCWWriter::formatted JSON is {
	"platformName":	"All_PMods_Platform",
	"sprVersion":	"2.0",
	"mode":	"gui",
	"dsaType":	"Fixed",
	"platformDesc":	"All_PMods_Platform",
	"platHandOff":	"F:/Advanced_Hardware_Engineering/Vivado_2021/TEST_J_2021_ALLPMODS/TEST_J_2021_ALLPMODS/TEST_J_2021_ALLPMODS_wrapper.xsa",
	"platIntHandOff":	"<platformDir>/hw/TEST_J_2021_ALLPMODS_wrapper.xsa",
	"deviceType":	"FPGA",
	"platIsPrebuiltAutogen":	"false",
	"platIsNoBootBsp":	"false",
	"hasFsblMakeHasChanges":	"false",
	"hasPmufwMakeHasChanges":	"false",
	"platPreBuiltFlag":	false,
	"platformSamplesDir":	"",
	"platActiveSys":	"All_PMods_Platform",
	"systems":	[{
			"systemName":	"All_PMods_Platform",
			"systemDesc":	"All_PMods_Platform",
			"sysIsBootAutoGen":	"true",
			"systemDispName":	"All_PMods_Platform",
			"sysActiveDom":	"standalone_domain",
			"sysDefaultDom":	"standalone_domain",
			"domains":	[{
					"domainName":	"standalone_domain",
					"domainDispName":	"standalone on microblaze_0",
					"domainDesc":	"standalone_domain",
					"processors":	"microblaze_0",
					"os":	"standalone",
					"sdxOs":	"standalone",
					"debugEnable":	"False",
					"domRuntimes":	["cpp"],
					"swRepo":	"",
					"mssOsVer":	"7.6",
					"mssFile":	"",
					"md5Digest":	"20e6946f2494afee0dccc84a368ff156",
					"compatibleApp":	"",
					"domType":	"mssDomain",
					"arch":	"32-bit",
					"appSettings":	{
						"appCompilerFlags":	"",
						"appLinkerFlags":	""
					},
					"addedLibs":	[],
					"libOptions":	{
						"libsContainingOptions":	[]
					},
					"prebuiltLibs":	{
						"prebuiltIncPath":	[],
						"prebuiltLibPath":	[]
					},
					"isolation":	{
					}
				}]
		}]
}
KEYINFO::2026-01-04.22:01:09::SCWPlatform::updated the xpfm file.
TRACE::2026-01-04.22:01:09::SCWPlatform::Trying to open the hw design at F:/Advanced_Hardware_Engineering/Vivado_2021/Workspace/ALL_PMODS/All_PMods_Platform/hw/TEST_J_2021_ALLPMODS_wrapper.xsa
TRACE::2026-01-04.22:01:09::SCWPlatform::DSA given F:/Advanced_Hardware_Engineering/Vivado_2021/Workspace/ALL_PMODS/All_PMods_Platform/hw/TEST_J_2021_ALLPMODS_wrapper.xsa
TRACE::2026-01-04.22:01:09::SCWPlatform::DSA absoulate path F:/Advanced_Hardware_Engineering/Vivado_2021/Workspace/ALL_PMODS/All_PMods_Platform/hw/TEST_J_2021_ALLPMODS_wrapper.xsa
TRACE::2026-01-04.22:01:09::SCWPlatform::DSA directory F:/Advanced_Hardware_Engineering/Vivado_2021/Workspace/ALL_PMODS/All_PMods_Platform/hw
TRACE::2026-01-04.22:01:09::SCWPlatform:: Platform Path F:/Advanced_Hardware_Engineering/Vivado_2021/Workspace/ALL_PMODS/All_PMods_Platform/hw/TEST_J_2021_ALLPMODS_wrapper.xsa
TRACE::2026-01-04.22:01:09::SCWPlatform:: Unique name xilinx:nexys-a7-100t::0.0
TRACE::2026-01-04.22:01:09::SCWPlatform::Trying to set the existing hwdb with name TEST_J_2021_ALLPMODS_wrapper_1
TRACE::2026-01-04.22:01:09::SCWPlatform::Opened existing hwdb TEST_J_2021_ALLPMODS_wrapper_1
TRACE::2026-01-04.22:01:09::SCWPlatform::Found the Hw Db part of the input DSA
TRACE::2026-01-04.22:01:09::SCWMssOS::Checking the sw design at  F:/Advanced_Hardware_Engineering/Vivado_2021/Workspace/ALL_PMODS/All_PMods_Platform/microblaze_0/standalone_domain/bsp/system.mss
TRACE::2026-01-04.22:01:09::SCWMssOS::DEBUG:  swdes dump  F:/Advanced_Hardware_Engineering/Vivado_2021/Workspace/ALL_PMODS/All_PMods_Platform/microblaze_0/standalone_domain/bsp/system.mss|system||

TRACE::2026-01-04.22:01:09::SCWMssOS::Sw design exists and opened at  F:/Advanced_Hardware_Engineering/Vivado_2021/Workspace/ALL_PMODS/All_PMods_Platform/microblaze_0/standalone_domain/bsp/system.mss
TRACE::2026-01-04.22:04:13::SCWMssOS::cleaning the bsp 
TRACE::2026-01-04.22:04:13::SCWMssOS::System Command Ran  F: & cd  F:/Advanced_Hardware_Engineering/Vivado_2021/Workspace/ALL_PMODS/All_PMods_Platform/microblaze_0/standalone_domain/bsp & make clean 
TRACE::2026-01-04.22:04:13::SCWMssOS::make -C microblaze_0/libsrc/bram_v4_7/src -s clean 

TRACE::2026-01-04.22:04:13::SCWMssOS::make -C microblaze_0/libsrc/cpu_v2_14/src -s clean 

TRACE::2026-01-04.22:04:13::SCWMssOS::make -C microblaze_0/libsrc/intc_v3_13/src -s clean 

TRACE::2026-01-04.22:04:13::SCWMssOS::make -C microblaze_0/libsrc/PmodALS_v1_0/src -s clean 

TRACE::2026-01-04.22:04:13::SCWMssOS::make -C microblaze_0/libsrc/PmodMAXSONAR_v1_0/src -s clean 

TRACE::2026-01-04.22:04:13::SCWMssOS::make -C microblaze_0/libsrc/PmodOLEDrgb_v1_0/src -s clean 

TRACE::2026-01-04.22:04:13::SCWMssOS::make -C microblaze_0/libsrc/PmodTMP3_v1_0/src -s clean 

TRACE::2026-01-04.22:04:13::SCWMssOS::make -C microblaze_0/libsrc/standalone_v7_6/src -s clean 

TRACE::2026-01-04.22:04:13::SCWMssOS::make -C microblaze_0/libsrc/uartlite_v3_6/src -s clean 

TRACE::2026-01-04.22:04:13::SCWMssOS::rm -f microblaze_0/lib/libxil.a

LOG::2026-01-04.22:04:18::SCWPlatform::Started generating the artifacts platform All_PMods_Platform
TRACE::2026-01-04.22:04:18::SCWPlatform::Sanity checking of platform is completed
LOG::2026-01-04.22:04:18::SCWPlatform::Started generating the artifacts for system configuration All_PMods_Platform
LOG::2026-01-04.22:04:18::SCWSystem::Checking the domain standalone_domain
LOG::2026-01-04.22:04:18::SCWSystem::Not a boot domain 
LOG::2026-01-04.22:04:18::SCWSystem::Started Processing the domain standalone_domain
TRACE::2026-01-04.22:04:18::SCWDomain::Generating domain artifcats
TRACE::2026-01-04.22:04:18::SCWMssOS::Generating standalone artifcats
TRACE::2026-01-04.22:04:18::SCWMssOS:: Copying the user libraries. 
TRACE::2026-01-04.22:04:18::SCWPlatform::Trying to open the hw design at F:/Advanced_Hardware_Engineering/Vivado_2021/Workspace/ALL_PMODS/All_PMods_Platform/hw/TEST_J_2021_ALLPMODS_wrapper.xsa
TRACE::2026-01-04.22:04:18::SCWPlatform::DSA given F:/Advanced_Hardware_Engineering/Vivado_2021/Workspace/ALL_PMODS/All_PMods_Platform/hw/TEST_J_2021_ALLPMODS_wrapper.xsa
TRACE::2026-01-04.22:04:18::SCWPlatform::DSA absoulate path F:/Advanced_Hardware_Engineering/Vivado_2021/Workspace/ALL_PMODS/All_PMods_Platform/hw/TEST_J_2021_ALLPMODS_wrapper.xsa
TRACE::2026-01-04.22:04:18::SCWPlatform::DSA directory F:/Advanced_Hardware_Engineering/Vivado_2021/Workspace/ALL_PMODS/All_PMods_Platform/hw
TRACE::2026-01-04.22:04:18::SCWPlatform:: Platform Path F:/Advanced_Hardware_Engineering/Vivado_2021/Workspace/ALL_PMODS/All_PMods_Platform/hw/TEST_J_2021_ALLPMODS_wrapper.xsa
TRACE::2026-01-04.22:04:18::SCWPlatform:: Unique name xilinx:nexys-a7-100t::0.0
TRACE::2026-01-04.22:04:18::SCWPlatform::Trying to set the existing hwdb with name TEST_J_2021_ALLPMODS_wrapper_1
TRACE::2026-01-04.22:04:18::SCWPlatform::Opened existing hwdb TEST_J_2021_ALLPMODS_wrapper_1
TRACE::2026-01-04.22:04:18::SCWPlatform::Found the Hw Db part of the input DSA
TRACE::2026-01-04.22:04:18::SCWMssOS::Checking the sw design at  F:/Advanced_Hardware_Engineering/Vivado_2021/Workspace/ALL_PMODS/All_PMods_Platform/microblaze_0/standalone_domain/bsp/system.mss
TRACE::2026-01-04.22:04:18::SCWMssOS::DEBUG:  swdes dump  F:/Advanced_Hardware_Engineering/Vivado_2021/Workspace/ALL_PMODS/All_PMods_Platform/microblaze_0/standalone_domain/bsp/system.mss|system||

TRACE::2026-01-04.22:04:18::SCWMssOS::Sw design exists and opened at  F:/Advanced_Hardware_Engineering/Vivado_2021/Workspace/ALL_PMODS/All_PMods_Platform/microblaze_0/standalone_domain/bsp/system.mss
TRACE::2026-01-04.22:04:18::SCWMssOS::Completed writing the mss file at F:/Advanced_Hardware_Engineering/Vivado_2021/Workspace/ALL_PMODS/All_PMods_Platform/microblaze_0/standalone_domain/bsp
TRACE::2026-01-04.22:04:18::SCWMssOS::Mss edits present, copying mssfile into export location F:/Advanced_Hardware_Engineering/Vivado_2021/Workspace/ALL_PMODS/All_PMods_Platform/microblaze_0/standalone_domain/bsp/system.mss
TRACE::2026-01-04.22:04:18::SCWMssOS::bsp generated is upto date with the mss file. Skipping bsp generation.
TRACE::2026-01-04.22:04:18::SCWMssOS::BSP is already built. skipping the bsp build ... 
TRACE::2026-01-04.22:04:18::SCWDomain::Building the domain as part of full build :  standalone_domain
TRACE::2026-01-04.22:04:18::SCWMssOS::doing bsp build ... 
TRACE::2026-01-04.22:04:18::SCWMssOS::System Command Ran  F: & cd  F:/Advanced_Hardware_Engineering/Vivado_2021/Workspace/ALL_PMODS/All_PMods_Platform/microblaze_0/standalone_domain/bsp & make 
TRACE::2026-01-04.22:04:18::SCWMssOS::make --no-print-directory seq_libs

TRACE::2026-01-04.22:04:18::SCWMssOS::"Running Make include in microblaze_0/libsrc/bram_v4_7/src"

TRACE::2026-01-04.22:04:18::SCWMssOS::make -C microblaze_0/libsrc/bram_v4_7/src -s include  "SHELL=CMD" "COMPILER=mb-gcc" "ASSEMBLER=mb-as" "ARCHIVER=mb-ar" "COMPILE
TRACE::2026-01-04.22:04:18::SCWMssOS::R_FLAGS=  -O2 -c -mcpu=v11.0 -mlittle-endian -mxl-soft-mul" "EXTRA_COMPILER_FLAGS=-g -ffunction-sections -fdata-sections -Wall 
TRACE::2026-01-04.22:04:18::SCWMssOS::-Wextra -fno-tree-loop-distribute-patterns"

TRACE::2026-01-04.22:04:18::SCWMssOS::"Running Make include in microblaze_0/libsrc/cpu_v2_14/src"

TRACE::2026-01-04.22:04:18::SCWMssOS::make -C microblaze_0/libsrc/cpu_v2_14/src -s include  "SHELL=CMD" "COMPILER=mb-gcc" "ASSEMBLER=mb-as" "ARCHIVER=mb-ar" "COMPILE
TRACE::2026-01-04.22:04:18::SCWMssOS::R_FLAGS=  -O2 -c -mcpu=v11.0 -mlittle-endian -mxl-soft-mul" "EXTRA_COMPILER_FLAGS=-g -ffunction-sections -fdata-sections -Wall 
TRACE::2026-01-04.22:04:18::SCWMssOS::-Wextra -fno-tree-loop-distribute-patterns"

TRACE::2026-01-04.22:04:18::SCWMssOS::"Running Make include in microblaze_0/libsrc/intc_v3_13/src"

TRACE::2026-01-04.22:04:18::SCWMssOS::make -C microblaze_0/libsrc/intc_v3_13/src -s include  "SHELL=CMD" "COMPILER=mb-gcc" "ASSEMBLER=mb-as" "ARCHIVER=mb-ar" "COMPIL
TRACE::2026-01-04.22:04:18::SCWMssOS::ER_FLAGS=  -O2 -c -mcpu=v11.0 -mlittle-endian -mxl-soft-mul" "EXTRA_COMPILER_FLAGS=-g -ffunction-sections -fdata-sections -Wall
TRACE::2026-01-04.22:04:18::SCWMssOS:: -Wextra -fno-tree-loop-distribute-patterns"

TRACE::2026-01-04.22:04:18::SCWMssOS::"Running Make include in microblaze_0/libsrc/PmodALS_v1_0/src"

TRACE::2026-01-04.22:04:18::SCWMssOS::make -C microblaze_0/libsrc/PmodALS_v1_0/src -s include  "SHELL=CMD" "COMPILER=mb-gcc" "ASSEMBLER=mb-as" "ARCHIVER=mb-ar" "COMP
TRACE::2026-01-04.22:04:18::SCWMssOS::ILER_FLAGS=  -O2 -c -mcpu=v11.0 -mlittle-endian -mxl-soft-mul" "EXTRA_COMPILER_FLAGS=-g -ffunction-sections -fdata-sections -Wa
TRACE::2026-01-04.22:04:18::SCWMssOS::ll -Wextra -fno-tree-loop-distribute-patterns"

TRACE::2026-01-04.22:04:18::SCWMssOS::"Running Make include in microblaze_0/libsrc/PmodMAXSONAR_v1_0/src"

TRACE::2026-01-04.22:04:18::SCWMssOS::make -C microblaze_0/libsrc/PmodMAXSONAR_v1_0/src -s include  "SHELL=CMD" "COMPILER=mb-gcc" "ASSEMBLER=mb-as" "ARCHIVER=mb-ar" 
TRACE::2026-01-04.22:04:18::SCWMssOS::"COMPILER_FLAGS=  -O2 -c -mcpu=v11.0 -mlittle-endian -mxl-soft-mul" "EXTRA_COMPILER_FLAGS=-g -ffunction-sections -fdata-section
TRACE::2026-01-04.22:04:18::SCWMssOS::s -Wall -Wextra -fno-tree-loop-distribute-patterns"

TRACE::2026-01-04.22:04:18::SCWMssOS::"Running Make include in microblaze_0/libsrc/PmodOLEDrgb_v1_0/src"

TRACE::2026-01-04.22:04:18::SCWMssOS::make -C microblaze_0/libsrc/PmodOLEDrgb_v1_0/src -s include  "SHELL=CMD" "COMPILER=mb-gcc" "ASSEMBLER=mb-as" "ARCHIVER=mb-ar" "
TRACE::2026-01-04.22:04:18::SCWMssOS::COMPILER_FLAGS=  -O2 -c -mcpu=v11.0 -mlittle-endian -mxl-soft-mul" "EXTRA_COMPILER_FLAGS=-g -ffunction-sections -fdata-sections
TRACE::2026-01-04.22:04:18::SCWMssOS:: -Wall -Wextra -fno-tree-loop-distribute-patterns"

TRACE::2026-01-04.22:04:18::SCWMssOS::"Running Make include in microblaze_0/libsrc/PmodTMP3_v1_0/src"

TRACE::2026-01-04.22:04:18::SCWMssOS::make -C microblaze_0/libsrc/PmodTMP3_v1_0/src -s include  "SHELL=CMD" "COMPILER=mb-gcc" "ASSEMBLER=mb-as" "ARCHIVER=mb-ar" "COM
TRACE::2026-01-04.22:04:18::SCWMssOS::PILER_FLAGS=  -O2 -c -mcpu=v11.0 -mlittle-endian -mxl-soft-mul" "EXTRA_COMPILER_FLAGS=-g -ffunction-sections -fdata-sections -W
TRACE::2026-01-04.22:04:18::SCWMssOS::all -Wextra -fno-tree-loop-distribute-patterns"

TRACE::2026-01-04.22:04:19::SCWMssOS::"Running Make include in microblaze_0/libsrc/standalone_v7_6/src"

TRACE::2026-01-04.22:04:19::SCWMssOS::make -C microblaze_0/libsrc/standalone_v7_6/src -s include  "SHELL=CMD" "COMPILER=mb-gcc" "ASSEMBLER=mb-as" "ARCHIVER=mb-ar" "C
TRACE::2026-01-04.22:04:19::SCWMssOS::OMPILER_FLAGS=  -O2 -c -mcpu=v11.0 -mlittle-endian -mxl-soft-mul" "EXTRA_COMPILER_FLAGS=-g -ffunction-sections -fdata-sections 
TRACE::2026-01-04.22:04:19::SCWMssOS::-Wall -Wextra -fno-tree-loop-distribute-patterns"

TRACE::2026-01-04.22:04:19::SCWMssOS::"Running Make include in microblaze_0/libsrc/uartlite_v3_6/src"

TRACE::2026-01-04.22:04:19::SCWMssOS::make -C microblaze_0/libsrc/uartlite_v3_6/src -s include  "SHELL=CMD" "COMPILER=mb-gcc" "ASSEMBLER=mb-as" "ARCHIVER=mb-ar" "COM
TRACE::2026-01-04.22:04:19::SCWMssOS::PILER_FLAGS=  -O2 -c -mcpu=v11.0 -mlittle-endian -mxl-soft-mul" "EXTRA_COMPILER_FLAGS=-g -ffunction-sections -fdata-sections -W
TRACE::2026-01-04.22:04:19::SCWMssOS::all -Wextra -fno-tree-loop-distribute-patterns"

TRACE::2026-01-04.22:04:19::SCWMssOS::"Running Make libs in microblaze_0/libsrc/PmodALS_v1_0/src"

TRACE::2026-01-04.22:04:19::SCWMssOS::make -C microblaze_0/libsrc/PmodALS_v1_0/src -s libs  "SHELL=CMD" "COMPILER=mb-gcc" "ASSEMBLER=mb-as" "ARCHIVER=mb-ar" "COMPILE
TRACE::2026-01-04.22:04:19::SCWMssOS::R_FLAGS=  -O2 -c -mcpu=v11.0 -mlittle-endian -mxl-soft-mul" "EXTRA_COMPILER_FLAGS=-g -ffunction-sections -fdata-sections -Wall 
TRACE::2026-01-04.22:04:19::SCWMssOS::-Wextra -fno-tree-loop-distribute-patterns"

TRACE::2026-01-04.22:04:19::SCWMssOS::"Compiling PmodALS"

TRACE::2026-01-04.22:04:19::SCWMssOS::"Running Make libs in microblaze_0/libsrc/PmodMAXSONAR_v1_0/src"

TRACE::2026-01-04.22:04:19::SCWMssOS::make -C microblaze_0/libsrc/PmodMAXSONAR_v1_0/src -s libs  "SHELL=CMD" "COMPILER=mb-gcc" "ASSEMBLER=mb-as" "ARCHIVER=mb-ar" "CO
TRACE::2026-01-04.22:04:19::SCWMssOS::MPILER_FLAGS=  -O2 -c -mcpu=v11.0 -mlittle-endian -mxl-soft-mul" "EXTRA_COMPILER_FLAGS=-g -ffunction-sections -fdata-sections -
TRACE::2026-01-04.22:04:19::SCWMssOS::Wall -Wextra -fno-tree-loop-distribute-patterns"

TRACE::2026-01-04.22:04:19::SCWMssOS::"Compiling PmodMAXSONAR"

TRACE::2026-01-04.22:04:19::SCWMssOS::"Running Make libs in microblaze_0/libsrc/PmodOLEDrgb_v1_0/src"

TRACE::2026-01-04.22:04:19::SCWMssOS::make -C microblaze_0/libsrc/PmodOLEDrgb_v1_0/src -s libs  "SHELL=CMD" "COMPILER=mb-gcc" "ASSEMBLER=mb-as" "ARCHIVER=mb-ar" "COM
TRACE::2026-01-04.22:04:19::SCWMssOS::PILER_FLAGS=  -O2 -c -mcpu=v11.0 -mlittle-endian -mxl-soft-mul" "EXTRA_COMPILER_FLAGS=-g -ffunction-sections -fdata-sections -W
TRACE::2026-01-04.22:04:19::SCWMssOS::all -Wextra -fno-tree-loop-distribute-patterns"

TRACE::2026-01-04.22:04:19::SCWMssOS::"Compiling pmodOLEDrgb"

TRACE::2026-01-04.22:04:20::SCWMssOS::"Running Make libs in microblaze_0/libsrc/PmodTMP3_v1_0/src"

TRACE::2026-01-04.22:04:20::SCWMssOS::make -C microblaze_0/libsrc/PmodTMP3_v1_0/src -s libs  "SHELL=CMD" "COMPILER=mb-gcc" "ASSEMBLER=mb-as" "ARCHIVER=mb-ar" "COMPIL
TRACE::2026-01-04.22:04:20::SCWMssOS::ER_FLAGS=  -O2 -c -mcpu=v11.0 -mlittle-endian -mxl-soft-mul" "EXTRA_COMPILER_FLAGS=-g -ffunction-sections -fdata-sections -Wall
TRACE::2026-01-04.22:04:20::SCWMssOS:: -Wextra -fno-tree-loop-distribute-patterns"

TRACE::2026-01-04.22:04:20::SCWMssOS::"Compiling PmodTMP3"

TRACE::2026-01-04.22:04:20::SCWMssOS::'Finished building libraries sequentially.'

TRACE::2026-01-04.22:04:20::SCWMssOS::make -j 14 --no-print-directory par_libs

TRACE::2026-01-04.22:04:20::SCWMssOS::"Running Make include in microblaze_0/libsrc/bram_v4_7/src"

TRACE::2026-01-04.22:04:20::SCWMssOS::"Running Make include in microblaze_0/libsrc/cpu_v2_14/src"

TRACE::2026-01-04.22:04:20::SCWMssOS::make -C microblaze_0/libsrc/bram_v4_7/src -s include  "SHELL=CMD" "COMPILER=mb-gcc" "ASSEMBLER=mb-as" "ARCHIVER=mb-ar" "COMPILE
TRACE::2026-01-04.22:04:20::SCWMssOS::R_FLAGS=  -O2 -c -mcpu=v11.0 -mlittle-endian -mxl-soft-mul" "EXTRA_COMPILER_FLAGS=-g -ffunction-sections -fdata-sections -Wall 
TRACE::2026-01-04.22:04:20::SCWMssOS::-Wextra -fno-tree-loop-distribute-patterns"

TRACE::2026-01-04.22:04:20::SCWMssOS::make -C microblaze_0/libsrc/cpu_v2_14/src -s include  "SHELL=CMD" "COMPILER=mb-gcc" "ASSEMBLER=mb-as" "ARCHIVER=mb-ar" "COMPILE
TRACE::2026-01-04.22:04:20::SCWMssOS::R_FLAGS=  -O2 -c -mcpu=v11.0 -mlittle-endian -mxl-soft-mul" "EXTRA_COMPILER_FLAGS=-g -ffunction-sections -fdata-sections -Wall 
TRACE::2026-01-04.22:04:20::SCWMssOS::-Wextra -fno-tree-loop-distribute-patterns"

TRACE::2026-01-04.22:04:20::SCWMssOS::"Running Make include in microblaze_0/libsrc/intc_v3_13/src"

TRACE::2026-01-04.22:04:20::SCWMssOS::"Running Make include in microblaze_0/libsrc/PmodALS_v1_0/src"

TRACE::2026-01-04.22:04:20::SCWMssOS::make -C microblaze_0/libsrc/intc_v3_13/src -s include  "SHELL=CMD" "COMPILER=mb-gcc" "ASSEMBLER=mb-as" "ARCHIVER=mb-ar" "COMPIL
TRACE::2026-01-04.22:04:20::SCWMssOS::ER_FLAGS=  -O2 -c -mcpu=v11.0 -mlittle-endian -mxl-soft-mul" "EXTRA_COMPILER_FLAGS=-g -ffunction-sections -fdata-sections -Wall
TRACE::2026-01-04.22:04:20::SCWMssOS:: -Wextra -fno-tree-loop-distribute-patterns"

TRACE::2026-01-04.22:04:20::SCWMssOS::make -C microblaze_0/libsrc/PmodALS_v1_0/src -s include  "SHELL=CMD" "COMPILER=mb-gcc" "ASSEMBLER=mb-as" "ARCHIVER=mb-ar" "COMP
TRACE::2026-01-04.22:04:20::SCWMssOS::ILER_FLAGS=  -O2 -c -mcpu=v11.0 -mlittle-endian -mxl-soft-mul" "EXTRA_COMPILER_FLAGS=-g -ffunction-sections -fdata-sections -Wa
TRACE::2026-01-04.22:04:20::SCWMssOS::ll -Wextra -fno-tree-loop-distribute-patterns"

TRACE::2026-01-04.22:04:20::SCWMssOS::"Running Make include in microblaze_0/libsrc/PmodMAXSONAR_v1_0/src"

TRACE::2026-01-04.22:04:20::SCWMssOS::make -C microblaze_0/libsrc/PmodMAXSONAR_v1_0/src -s include  "SHELL=CMD" "COMPILER=mb-gcc" "ASSEMBLER=mb-as" "ARCHIVER=mb-ar" 
TRACE::2026-01-04.22:04:20::SCWMssOS::"COMPILER_FLAGS=  -O2 -c -mcpu=v11.0 -mlittle-endian -mxl-soft-mul" "EXTRA_COMPILER_FLAGS=-g -ffunction-sections -fdata-section
TRACE::2026-01-04.22:04:20::SCWMssOS::s -Wall -Wextra -fno-tree-loop-distribute-patterns"

TRACE::2026-01-04.22:04:20::SCWMssOS::"Running Make include in microblaze_0/libsrc/PmodOLEDrgb_v1_0/src"

TRACE::2026-01-04.22:04:20::SCWMssOS::make -C microblaze_0/libsrc/PmodOLEDrgb_v1_0/src -s include  "SHELL=CMD" "COMPILER=mb-gcc" "ASSEMBLER=mb-as" "ARCHIVER=mb-ar" "
TRACE::2026-01-04.22:04:20::SCWMssOS::COMPILER_FLAGS=  -O2 -c -mcpu=v11.0 -mlittle-endian -mxl-soft-mul" "EXTRA_COMPILER_FLAGS=-g -ffunction-sections -fdata-sections
TRACE::2026-01-04.22:04:20::SCWMssOS:: -Wall -Wextra -fno-tree-loop-distribute-patterns"

TRACE::2026-01-04.22:04:20::SCWMssOS::"Running Make include in microblaze_0/libsrc/PmodTMP3_v1_0/src"

TRACE::2026-01-04.22:04:20::SCWMssOS::make -C microblaze_0/libsrc/PmodTMP3_v1_0/src -s include  "SHELL=CMD" "COMPILER=mb-gcc" "ASSEMBLER=mb-as" "ARCHIVER=mb-ar" "COM
TRACE::2026-01-04.22:04:20::SCWMssOS::PILER_FLAGS=  -O2 -c -mcpu=v11.0 -mlittle-endian -mxl-soft-mul" "EXTRA_COMPILER_FLAGS=-g -ffunction-sections -fdata-sections -W
TRACE::2026-01-04.22:04:20::SCWMssOS::all -Wextra -fno-tree-loop-distribute-patterns"

TRACE::2026-01-04.22:04:20::SCWMssOS::"Running Make include in microblaze_0/libsrc/standalone_v7_6/src"

TRACE::2026-01-04.22:04:20::SCWMssOS::make -C microblaze_0/libsrc/standalone_v7_6/src -s include  "SHELL=CMD" "COMPILER=mb-gcc" "ASSEMBLER=mb-as" "ARCHIVER=mb-ar" "C
TRACE::2026-01-04.22:04:20::SCWMssOS::OMPILER_FLAGS=  -O2 -c -mcpu=v11.0 -mlittle-endian -mxl-soft-mul" "EXTRA_COMPILER_FLAGS=-g -ffunction-sections -fdata-sections 
TRACE::2026-01-04.22:04:20::SCWMssOS::-Wall -Wextra -fno-tree-loop-distribute-patterns"

TRACE::2026-01-04.22:04:20::SCWMssOS::"Running Make include in microblaze_0/libsrc/uartlite_v3_6/src"

TRACE::2026-01-04.22:04:20::SCWMssOS::make -C microblaze_0/libsrc/uartlite_v3_6/src -s include  "SHELL=CMD" "COMPILER=mb-gcc" "ASSEMBLER=mb-as" "ARCHIVER=mb-ar" "COM
TRACE::2026-01-04.22:04:20::SCWMssOS::PILER_FLAGS=  -O2 -c -mcpu=v11.0 -mlittle-endian -mxl-soft-mul" "EXTRA_COMPILER_FLAGS=-g -ffunction-sections -fdata-sections -W
TRACE::2026-01-04.22:04:20::SCWMssOS::all -Wextra -fno-tree-loop-distribute-patterns"

TRACE::2026-01-04.22:04:21::SCWMssOS::"Running Make libs in microblaze_0/libsrc/bram_v4_7/src"

TRACE::2026-01-04.22:04:21::SCWMssOS::make -C microblaze_0/libsrc/bram_v4_7/src -s libs  "SHELL=CMD" "COMPILER=mb-gcc" "ASSEMBLER=mb-as" "ARCHIVER=mb-ar" "COMPILER_F
TRACE::2026-01-04.22:04:21::SCWMssOS::LAGS=  -O2 -c -mcpu=v11.0 -mlittle-endian -mxl-soft-mul" "EXTRA_COMPILER_FLAGS=-g -ffunction-sections -fdata-sections -Wall -We
TRACE::2026-01-04.22:04:21::SCWMssOS::xtra -fno-tree-loop-distribute-patterns"

TRACE::2026-01-04.22:04:21::SCWMssOS::"Running Make libs in microblaze_0/libsrc/cpu_v2_14/src"

TRACE::2026-01-04.22:04:21::SCWMssOS::make -C microblaze_0/libsrc/cpu_v2_14/src -s libs  "SHELL=CMD" "COMPILER=mb-gcc" "ASSEMBLER=mb-as" "ARCHIVER=mb-ar" "COMPILER_F
TRACE::2026-01-04.22:04:21::SCWMssOS::LAGS=  -O2 -c -mcpu=v11.0 -mlittle-endian -mxl-soft-mul" "EXTRA_COMPILER_FLAGS=-g -ffunction-sections -fdata-sections -Wall -We
TRACE::2026-01-04.22:04:21::SCWMssOS::xtra -fno-tree-loop-distribute-patterns"

TRACE::2026-01-04.22:04:21::SCWMssOS::"Running Make libs in microblaze_0/libsrc/intc_v3_13/src"

TRACE::2026-01-04.22:04:21::SCWMssOS::make -C microblaze_0/libsrc/intc_v3_13/src -s libs  "SHELL=CMD" "COMPILER=mb-gcc" "ASSEMBLER=mb-as" "ARCHIVER=mb-ar" "COMPILER_
TRACE::2026-01-04.22:04:21::SCWMssOS::FLAGS=  -O2 -c -mcpu=v11.0 -mlittle-endian -mxl-soft-mul" "EXTRA_COMPILER_FLAGS=-g -ffunction-sections -fdata-sections -Wall -W
TRACE::2026-01-04.22:04:21::SCWMssOS::extra -fno-tree-loop-distribute-patterns"

TRACE::2026-01-04.22:04:21::SCWMssOS::"Running Make libs in microblaze_0/libsrc/standalone_v7_6/src"

TRACE::2026-01-04.22:04:21::SCWMssOS::make -C microblaze_0/libsrc/standalone_v7_6/src -s libs  "SHELL=CMD" "COMPILER=mb-gcc" "ASSEMBLER=mb-as" "ARCHIVER=mb-ar" "COMP
TRACE::2026-01-04.22:04:21::SCWMssOS::ILER_FLAGS=  -O2 -c -mcpu=v11.0 -mlittle-endian -mxl-soft-mul" "EXTRA_COMPILER_FLAGS=-g -ffunction-sections -fdata-sections -Wa
TRACE::2026-01-04.22:04:21::SCWMssOS::ll -Wextra -fno-tree-loop-distribute-patterns"

TRACE::2026-01-04.22:04:21::SCWMssOS::"Running Make libs in microblaze_0/libsrc/uartlite_v3_6/src"

TRACE::2026-01-04.22:04:21::SCWMssOS::make -C microblaze_0/libsrc/uartlite_v3_6/src -s libs  "SHELL=CMD" "COMPILER=mb-gcc" "ASSEMBLER=mb-as" "ARCHIVER=mb-ar" "COMPIL
TRACE::2026-01-04.22:04:21::SCWMssOS::ER_FLAGS=  -O2 -c -mcpu=v11.0 -mlittle-endian -mxl-soft-mul" "EXTRA_COMPILER_FLAGS=-g -ffunction-sections -fdata-sections -Wall
TRACE::2026-01-04.22:04:21::SCWMssOS:: -Wextra -fno-tree-loop-distribute-patterns"

TRACE::2026-01-04.22:04:21::SCWMssOS::"DEBUG NON_LTO_OBJECTS is ../../../lib/microblaze_interrupt_handler.o"

TRACE::2026-01-04.22:04:21::SCWMssOS::'Finished building libraries parallelly.'

TRACE::2026-01-04.22:04:21::SCWMssOS::make --no-print-directory archive

TRACE::2026-01-04.22:04:21::SCWMssOS::mb-ar -r  microblaze_0/lib/libxil.a microblaze_0/lib/xplatform_info.o microblaze_0/lib/xuartlite.o microblaze_0/lib/microblaze_
TRACE::2026-01-04.22:04:21::SCWMssOS::disable_exceptions.o microblaze_0/lib/print.o microblaze_0/lib/_exit.o microblaze_0/lib/xil_testio.o microblaze_0/lib/microblaz
TRACE::2026-01-04.22:04:21::SCWMssOS::e_disable_dcache.o microblaze_0/lib/microblaze_flush_dcache_range.o microblaze_0/lib/microblaze_flush_cache_ext.o microblaze_0/
TRACE::2026-01-04.22:04:21::SCWMssOS::lib/xbram_sinit.o microblaze_0/lib/xil_misc_psreset_api.o microblaze_0/lib/xil_cache.o microblaze_0/lib/xil_util.o microblaze_0
TRACE::2026-01-04.22:04:21::SCWMssOS::/lib/inbyte.o microblaze_0/lib/xbram_g.o microblaze_0/lib/xuartlite_stats.o microblaze_0/lib/microblaze_exception_handler.o mic
TRACE::2026-01-04.22:04:21::SCWMssOS::roblaze_0/lib/microblaze_scrub.o microblaze_0/lib/microblaze_invalidate_dcache.o microblaze_0/lib/microblaze_disable_interrupts
TRACE::2026-01-04.22:04:21::SCWMssOS::.o microblaze_0/lib/xbram_selftest.o microblaze_0/lib/microblaze_interrupt_handler.o microblaze_0/lib/microblaze_disable_icache
TRACE::2026-01-04.22:04:21::SCWMssOS::.o microblaze_0/lib/xil_mem.o microblaze_0/lib/xuartlite_intr.o microblaze_0/lib/microblaze_flush_cache_ext_range.o microblaze_
TRACE::2026-01-04.22:04:21::SCWMssOS::0/lib/xbram_intr.o microblaze_0/lib/xil_sleepcommon.o microblaze_0/lib/xil_printf.o microblaze_0/lib/xintc_g.o microblaze_0/lib
TRACE::2026-01-04.22:04:21::SCWMssOS::/xuartlite_g.o microblaze_0/lib/xintc_selftest.o microblaze_0/lib/xintc_l.o microblaze_0/lib/outbyte.o microblaze_0/lib/microbl
TRACE::2026-01-04.22:04:21::SCWMssOS::aze_invalidate_dcache_range.o microblaze_0/lib/microblaze_invalidate_cache_ext.o microblaze_0/lib/microblaze_sleep.o microblaze
TRACE::2026-01-04.22:04:21::SCWMssOS::_0/lib/hw_exception_handler.o microblaze_0/lib/xuartlite_selftest.o microblaze_0/lib/xintc_intr.o microblaze_0/lib/microblaze_u
TRACE::2026-01-04.22:04:21::SCWMssOS::pdate_dcache.o microblaze_0/lib/xil_testcache.o microblaze_0/lib/microblaze_selftest.o microblaze_0/lib/microblaze_interrupts_g
TRACE::2026-01-04.22:04:21::SCWMssOS::.o microblaze_0/lib/microblaze_enable_exceptions.o microblaze_0/lib/xio.o microblaze_0/lib/microblaze_enable_dcache.o microblaz
TRACE::2026-01-04.22:04:21::SCWMssOS::e_0/lib/xbram.o microblaze_0/lib/microblaze_invalidate_icache_range.o microblaze_0/lib/microblaze_init_dcache_range.o microblaz
TRACE::2026-01-04.22:04:21::SCWMssOS::e_0/lib/microblaze_invalidate_icache.o microblaze_0/lib/errno.o microblaze_0/lib/xuartlite_l.o microblaze_0/lib/xintc_options.o
TRACE::2026-01-04.22:04:21::SCWMssOS:: microblaze_0/lib/microblaze_invalidate_cache_ext_range.o microblaze_0/lib/xil_exception.o microblaze_0/lib/pvr.o microblaze_0/
TRACE::2026-01-04.22:04:21::SCWMssOS::lib/xil_testmem.o microblaze_0/lib/microblaze_update_icache.o microblaze_0/lib/microblaze_flush_dcache.o microblaze_0/lib/xil_c
TRACE::2026-01-04.22:04:21::SCWMssOS::locking.o microblaze_0/lib/xil_assert.o microblaze_0/lib/microblaze_enable_interrupts.o microblaze_0/lib/microblaze_enable_icac
TRACE::2026-01-04.22:04:21::SCWMssOS::he.o microblaze_0/lib/xintc.o microblaze_0/lib/xuartlite_sinit.o microblaze_0/lib/fcntl.o microblaze_0/lib/microblaze_init_icac
TRACE::2026-01-04.22:04:21::SCWMssOS::he_range.o

TRACE::2026-01-04.22:04:21::SCWMssOS::'Finished building libraries'

TRACE::2026-01-04.22:04:22::SCWMssOS::Copying to export directory.
TRACE::2026-01-04.22:04:22::SCWMssOS:: Checking if to create the Supporting Applications
TRACE::2026-01-04.22:04:22::SCWMssOS:: No Linux domain exists, trying to generate FSBL 
LOG::2026-01-04.22:04:22::SCWSystem::Completed Processing the domain standalone_domain
LOG::2026-01-04.22:04:22::SCWSystem::Completed Processing the sysconfig All_PMods_Platform
LOG::2026-01-04.22:04:22::SCWPlatform::Completed generating the artifacts for system configuration All_PMods_Platform
TRACE::2026-01-04.22:04:22::SCWPlatform::Started preparing the platform 
TRACE::2026-01-04.22:04:22::SCWSystem::Writing the bif file for system config All_PMods_Platform
TRACE::2026-01-04.22:04:22::SCWSystem::dir created 
TRACE::2026-01-04.22:04:22::SCWSystem::Writing the bif 
TRACE::2026-01-04.22:04:22::SCWPlatform::Started writing the spfm file 
TRACE::2026-01-04.22:04:22::SCWPlatform::Started writing the xpfm file 
TRACE::2026-01-04.22:04:22::SCWPlatform::Completed generating the platform
TRACE::2026-01-04.22:04:22::SCWMssOS::Saving the mss changes F:/Advanced_Hardware_Engineering/Vivado_2021/Workspace/ALL_PMODS/All_PMods_Platform/microblaze_0/standalone_domain/bsp/system.mss
TRACE::2026-01-04.22:04:22::SCWMssOS::Found a swdesign opened with the mssfile.
TRACE::2026-01-04.22:04:22::SCWMssOS::Completed writemss as part of save.
TRACE::2026-01-04.22:04:22::SCWMssOS::Commit changes completed.
TRACE::2026-01-04.22:04:22::SCWPlatform::Trying to open the hw design at F:/Advanced_Hardware_Engineering/Vivado_2021/Workspace/ALL_PMODS/All_PMods_Platform/hw/TEST_J_2021_ALLPMODS_wrapper.xsa
TRACE::2026-01-04.22:04:22::SCWPlatform::DSA given F:/Advanced_Hardware_Engineering/Vivado_2021/Workspace/ALL_PMODS/All_PMods_Platform/hw/TEST_J_2021_ALLPMODS_wrapper.xsa
TRACE::2026-01-04.22:04:22::SCWPlatform::DSA absoulate path F:/Advanced_Hardware_Engineering/Vivado_2021/Workspace/ALL_PMODS/All_PMods_Platform/hw/TEST_J_2021_ALLPMODS_wrapper.xsa
TRACE::2026-01-04.22:04:22::SCWPlatform::DSA directory F:/Advanced_Hardware_Engineering/Vivado_2021/Workspace/ALL_PMODS/All_PMods_Platform/hw
TRACE::2026-01-04.22:04:22::SCWPlatform:: Platform Path F:/Advanced_Hardware_Engineering/Vivado_2021/Workspace/ALL_PMODS/All_PMods_Platform/hw/TEST_J_2021_ALLPMODS_wrapper.xsa
TRACE::2026-01-04.22:04:22::SCWPlatform:: Unique name xilinx:nexys-a7-100t::0.0
TRACE::2026-01-04.22:04:22::SCWPlatform::Trying to set the existing hwdb with name TEST_J_2021_ALLPMODS_wrapper_1
TRACE::2026-01-04.22:04:22::SCWPlatform::Opened existing hwdb TEST_J_2021_ALLPMODS_wrapper_1
TRACE::2026-01-04.22:04:22::SCWPlatform::Found the Hw Db part of the input DSA
TRACE::2026-01-04.22:04:22::SCWMssOS::Checking the sw design at  F:/Advanced_Hardware_Engineering/Vivado_2021/Workspace/ALL_PMODS/All_PMods_Platform/microblaze_0/standalone_domain/bsp/system.mss
TRACE::2026-01-04.22:04:22::SCWMssOS::DEBUG:  swdes dump  F:/Advanced_Hardware_Engineering/Vivado_2021/Workspace/ALL_PMODS/All_PMods_Platform/microblaze_0/standalone_domain/bsp/system.mss|system||

TRACE::2026-01-04.22:04:22::SCWMssOS::Sw design exists and opened at  F:/Advanced_Hardware_Engineering/Vivado_2021/Workspace/ALL_PMODS/All_PMods_Platform/microblaze_0/standalone_domain/bsp/system.mss
TRACE::2026-01-04.22:04:22::SCWWriter::formatted JSON is {
	"platformName":	"All_PMods_Platform",
	"sprVersion":	"2.0",
	"mode":	"gui",
	"dsaType":	"Fixed",
	"platformDesc":	"All_PMods_Platform",
	"platHandOff":	"F:/Advanced_Hardware_Engineering/Vivado_2021/TEST_J_2021_ALLPMODS/TEST_J_2021_ALLPMODS/TEST_J_2021_ALLPMODS_wrapper.xsa",
	"platIntHandOff":	"<platformDir>/hw/TEST_J_2021_ALLPMODS_wrapper.xsa",
	"deviceType":	"FPGA",
	"platIsPrebuiltAutogen":	"false",
	"platIsNoBootBsp":	"false",
	"hasFsblMakeHasChanges":	"false",
	"hasPmufwMakeHasChanges":	"false",
	"platPreBuiltFlag":	false,
	"platformSamplesDir":	"",
	"platActiveSys":	"All_PMods_Platform",
	"systems":	[{
			"systemName":	"All_PMods_Platform",
			"systemDesc":	"All_PMods_Platform",
			"sysIsBootAutoGen":	"true",
			"systemDispName":	"All_PMods_Platform",
			"sysActiveDom":	"standalone_domain",
			"sysDefaultDom":	"standalone_domain",
			"domains":	[{
					"domainName":	"standalone_domain",
					"domainDispName":	"standalone on microblaze_0",
					"domainDesc":	"standalone_domain",
					"processors":	"microblaze_0",
					"os":	"standalone",
					"sdxOs":	"standalone",
					"debugEnable":	"False",
					"domRuntimes":	["cpp"],
					"swRepo":	"",
					"mssOsVer":	"7.6",
					"mssFile":	"",
					"md5Digest":	"20e6946f2494afee0dccc84a368ff156",
					"compatibleApp":	"",
					"domType":	"mssDomain",
					"arch":	"32-bit",
					"appSettings":	{
						"appCompilerFlags":	"",
						"appLinkerFlags":	""
					},
					"addedLibs":	[],
					"libOptions":	{
						"libsContainingOptions":	[]
					},
					"prebuiltLibs":	{
						"prebuiltIncPath":	[],
						"prebuiltLibPath":	[]
					},
					"isolation":	{
					}
				}]
		}]
}
KEYINFO::2026-01-04.22:04:22::SCWPlatform::updated the xpfm file.
TRACE::2026-01-04.22:04:22::SCWPlatform::Trying to open the hw design at F:/Advanced_Hardware_Engineering/Vivado_2021/Workspace/ALL_PMODS/All_PMods_Platform/hw/TEST_J_2021_ALLPMODS_wrapper.xsa
TRACE::2026-01-04.22:04:22::SCWPlatform::DSA given F:/Advanced_Hardware_Engineering/Vivado_2021/Workspace/ALL_PMODS/All_PMods_Platform/hw/TEST_J_2021_ALLPMODS_wrapper.xsa
TRACE::2026-01-04.22:04:22::SCWPlatform::DSA absoulate path F:/Advanced_Hardware_Engineering/Vivado_2021/Workspace/ALL_PMODS/All_PMods_Platform/hw/TEST_J_2021_ALLPMODS_wrapper.xsa
TRACE::2026-01-04.22:04:22::SCWPlatform::DSA directory F:/Advanced_Hardware_Engineering/Vivado_2021/Workspace/ALL_PMODS/All_PMods_Platform/hw
TRACE::2026-01-04.22:04:22::SCWPlatform:: Platform Path F:/Advanced_Hardware_Engineering/Vivado_2021/Workspace/ALL_PMODS/All_PMods_Platform/hw/TEST_J_2021_ALLPMODS_wrapper.xsa
TRACE::2026-01-04.22:04:22::SCWPlatform:: Unique name xilinx:nexys-a7-100t::0.0
TRACE::2026-01-04.22:04:22::SCWPlatform::Trying to set the existing hwdb with name TEST_J_2021_ALLPMODS_wrapper_1
TRACE::2026-01-04.22:04:22::SCWPlatform::Opened existing hwdb TEST_J_2021_ALLPMODS_wrapper_1
TRACE::2026-01-04.22:04:22::SCWPlatform::Found the Hw Db part of the input DSA
TRACE::2026-01-04.22:04:22::SCWMssOS::Checking the sw design at  F:/Advanced_Hardware_Engineering/Vivado_2021/Workspace/ALL_PMODS/All_PMods_Platform/microblaze_0/standalone_domain/bsp/system.mss
TRACE::2026-01-04.22:04:22::SCWMssOS::DEBUG:  swdes dump  F:/Advanced_Hardware_Engineering/Vivado_2021/Workspace/ALL_PMODS/All_PMods_Platform/microblaze_0/standalone_domain/bsp/system.mss|system||

TRACE::2026-01-04.22:04:22::SCWMssOS::Sw design exists and opened at  F:/Advanced_Hardware_Engineering/Vivado_2021/Workspace/ALL_PMODS/All_PMods_Platform/microblaze_0/standalone_domain/bsp/system.mss
TRACE::2026-01-04.22:09:12::SCWMssOS::cleaning the bsp 
TRACE::2026-01-04.22:09:12::SCWMssOS::System Command Ran  F: & cd  F:/Advanced_Hardware_Engineering/Vivado_2021/Workspace/ALL_PMODS/All_PMods_Platform/microblaze_0/standalone_domain/bsp & make clean 
TRACE::2026-01-04.22:09:12::SCWMssOS::make -C microblaze_0/libsrc/bram_v4_7/src -s clean 

TRACE::2026-01-04.22:09:12::SCWMssOS::make -C microblaze_0/libsrc/cpu_v2_14/src -s clean 

TRACE::2026-01-04.22:09:12::SCWMssOS::make -C microblaze_0/libsrc/intc_v3_13/src -s clean 

TRACE::2026-01-04.22:09:12::SCWMssOS::make -C microblaze_0/libsrc/PmodALS_v1_0/src -s clean 

TRACE::2026-01-04.22:09:12::SCWMssOS::make -C microblaze_0/libsrc/PmodMAXSONAR_v1_0/src -s clean 

TRACE::2026-01-04.22:09:12::SCWMssOS::make -C microblaze_0/libsrc/PmodOLEDrgb_v1_0/src -s clean 

TRACE::2026-01-04.22:09:12::SCWMssOS::make -C microblaze_0/libsrc/PmodTMP3_v1_0/src -s clean 

TRACE::2026-01-04.22:09:12::SCWMssOS::make -C microblaze_0/libsrc/standalone_v7_6/src -s clean 

TRACE::2026-01-04.22:09:12::SCWMssOS::make -C microblaze_0/libsrc/uartlite_v3_6/src -s clean 

TRACE::2026-01-04.22:09:12::SCWMssOS::rm -f microblaze_0/lib/libxil.a

LOG::2026-01-04.22:09:16::SCWPlatform::Started generating the artifacts platform All_PMods_Platform
TRACE::2026-01-04.22:09:16::SCWPlatform::Sanity checking of platform is completed
LOG::2026-01-04.22:09:16::SCWPlatform::Started generating the artifacts for system configuration All_PMods_Platform
LOG::2026-01-04.22:09:16::SCWSystem::Checking the domain standalone_domain
LOG::2026-01-04.22:09:16::SCWSystem::Not a boot domain 
LOG::2026-01-04.22:09:16::SCWSystem::Started Processing the domain standalone_domain
TRACE::2026-01-04.22:09:16::SCWDomain::Generating domain artifcats
TRACE::2026-01-04.22:09:16::SCWMssOS::Generating standalone artifcats
TRACE::2026-01-04.22:09:16::SCWMssOS:: Copying the user libraries. 
TRACE::2026-01-04.22:09:16::SCWPlatform::Trying to open the hw design at F:/Advanced_Hardware_Engineering/Vivado_2021/Workspace/ALL_PMODS/All_PMods_Platform/hw/TEST_J_2021_ALLPMODS_wrapper.xsa
TRACE::2026-01-04.22:09:16::SCWPlatform::DSA given F:/Advanced_Hardware_Engineering/Vivado_2021/Workspace/ALL_PMODS/All_PMods_Platform/hw/TEST_J_2021_ALLPMODS_wrapper.xsa
TRACE::2026-01-04.22:09:16::SCWPlatform::DSA absoulate path F:/Advanced_Hardware_Engineering/Vivado_2021/Workspace/ALL_PMODS/All_PMods_Platform/hw/TEST_J_2021_ALLPMODS_wrapper.xsa
TRACE::2026-01-04.22:09:16::SCWPlatform::DSA directory F:/Advanced_Hardware_Engineering/Vivado_2021/Workspace/ALL_PMODS/All_PMods_Platform/hw
TRACE::2026-01-04.22:09:16::SCWPlatform:: Platform Path F:/Advanced_Hardware_Engineering/Vivado_2021/Workspace/ALL_PMODS/All_PMods_Platform/hw/TEST_J_2021_ALLPMODS_wrapper.xsa
TRACE::2026-01-04.22:09:16::SCWPlatform:: Unique name xilinx:nexys-a7-100t::0.0
TRACE::2026-01-04.22:09:16::SCWPlatform::Trying to set the existing hwdb with name TEST_J_2021_ALLPMODS_wrapper_1
TRACE::2026-01-04.22:09:16::SCWPlatform::Opened existing hwdb TEST_J_2021_ALLPMODS_wrapper_1
TRACE::2026-01-04.22:09:16::SCWPlatform::Found the Hw Db part of the input DSA
TRACE::2026-01-04.22:09:16::SCWMssOS::Checking the sw design at  F:/Advanced_Hardware_Engineering/Vivado_2021/Workspace/ALL_PMODS/All_PMods_Platform/microblaze_0/standalone_domain/bsp/system.mss
TRACE::2026-01-04.22:09:16::SCWMssOS::DEBUG:  swdes dump  F:/Advanced_Hardware_Engineering/Vivado_2021/Workspace/ALL_PMODS/All_PMods_Platform/microblaze_0/standalone_domain/bsp/system.mss|system||

TRACE::2026-01-04.22:09:16::SCWMssOS::Sw design exists and opened at  F:/Advanced_Hardware_Engineering/Vivado_2021/Workspace/ALL_PMODS/All_PMods_Platform/microblaze_0/standalone_domain/bsp/system.mss
TRACE::2026-01-04.22:09:16::SCWMssOS::Completed writing the mss file at F:/Advanced_Hardware_Engineering/Vivado_2021/Workspace/ALL_PMODS/All_PMods_Platform/microblaze_0/standalone_domain/bsp
TRACE::2026-01-04.22:09:16::SCWMssOS::Mss edits present, copying mssfile into export location F:/Advanced_Hardware_Engineering/Vivado_2021/Workspace/ALL_PMODS/All_PMods_Platform/microblaze_0/standalone_domain/bsp/system.mss
TRACE::2026-01-04.22:09:16::SCWMssOS::bsp generated is upto date with the mss file. Skipping bsp generation.
TRACE::2026-01-04.22:09:16::SCWMssOS::BSP is already built. skipping the bsp build ... 
TRACE::2026-01-04.22:09:16::SCWDomain::Building the domain as part of full build :  standalone_domain
TRACE::2026-01-04.22:09:16::SCWMssOS::doing bsp build ... 
TRACE::2026-01-04.22:09:16::SCWMssOS::System Command Ran  F: & cd  F:/Advanced_Hardware_Engineering/Vivado_2021/Workspace/ALL_PMODS/All_PMods_Platform/microblaze_0/standalone_domain/bsp & make 
TRACE::2026-01-04.22:09:16::SCWMssOS::make --no-print-directory seq_libs

TRACE::2026-01-04.22:09:16::SCWMssOS::"Running Make include in microblaze_0/libsrc/bram_v4_7/src"

TRACE::2026-01-04.22:09:16::SCWMssOS::make -C microblaze_0/libsrc/bram_v4_7/src -s include  "SHELL=CMD" "COMPILER=mb-gcc" "ASSEMBLER=mb-as" "ARCHIVER=mb-ar" "COMPILE
TRACE::2026-01-04.22:09:16::SCWMssOS::R_FLAGS=  -O2 -c -mcpu=v11.0 -mlittle-endian -mxl-soft-mul" "EXTRA_COMPILER_FLAGS=-g -ffunction-sections -fdata-sections -Wall 
TRACE::2026-01-04.22:09:16::SCWMssOS::-Wextra -fno-tree-loop-distribute-patterns"

TRACE::2026-01-04.22:09:16::SCWMssOS::"Running Make include in microblaze_0/libsrc/cpu_v2_14/src"

TRACE::2026-01-04.22:09:16::SCWMssOS::make -C microblaze_0/libsrc/cpu_v2_14/src -s include  "SHELL=CMD" "COMPILER=mb-gcc" "ASSEMBLER=mb-as" "ARCHIVER=mb-ar" "COMPILE
TRACE::2026-01-04.22:09:16::SCWMssOS::R_FLAGS=  -O2 -c -mcpu=v11.0 -mlittle-endian -mxl-soft-mul" "EXTRA_COMPILER_FLAGS=-g -ffunction-sections -fdata-sections -Wall 
TRACE::2026-01-04.22:09:16::SCWMssOS::-Wextra -fno-tree-loop-distribute-patterns"

TRACE::2026-01-04.22:09:16::SCWMssOS::"Running Make include in microblaze_0/libsrc/intc_v3_13/src"

TRACE::2026-01-04.22:09:16::SCWMssOS::make -C microblaze_0/libsrc/intc_v3_13/src -s include  "SHELL=CMD" "COMPILER=mb-gcc" "ASSEMBLER=mb-as" "ARCHIVER=mb-ar" "COMPIL
TRACE::2026-01-04.22:09:16::SCWMssOS::ER_FLAGS=  -O2 -c -mcpu=v11.0 -mlittle-endian -mxl-soft-mul" "EXTRA_COMPILER_FLAGS=-g -ffunction-sections -fdata-sections -Wall
TRACE::2026-01-04.22:09:16::SCWMssOS:: -Wextra -fno-tree-loop-distribute-patterns"

TRACE::2026-01-04.22:09:16::SCWMssOS::"Running Make include in microblaze_0/libsrc/PmodALS_v1_0/src"

TRACE::2026-01-04.22:09:16::SCWMssOS::make -C microblaze_0/libsrc/PmodALS_v1_0/src -s include  "SHELL=CMD" "COMPILER=mb-gcc" "ASSEMBLER=mb-as" "ARCHIVER=mb-ar" "COMP
TRACE::2026-01-04.22:09:16::SCWMssOS::ILER_FLAGS=  -O2 -c -mcpu=v11.0 -mlittle-endian -mxl-soft-mul" "EXTRA_COMPILER_FLAGS=-g -ffunction-sections -fdata-sections -Wa
TRACE::2026-01-04.22:09:16::SCWMssOS::ll -Wextra -fno-tree-loop-distribute-patterns"

TRACE::2026-01-04.22:09:16::SCWMssOS::"Running Make include in microblaze_0/libsrc/PmodMAXSONAR_v1_0/src"

TRACE::2026-01-04.22:09:16::SCWMssOS::make -C microblaze_0/libsrc/PmodMAXSONAR_v1_0/src -s include  "SHELL=CMD" "COMPILER=mb-gcc" "ASSEMBLER=mb-as" "ARCHIVER=mb-ar" 
TRACE::2026-01-04.22:09:16::SCWMssOS::"COMPILER_FLAGS=  -O2 -c -mcpu=v11.0 -mlittle-endian -mxl-soft-mul" "EXTRA_COMPILER_FLAGS=-g -ffunction-sections -fdata-section
TRACE::2026-01-04.22:09:16::SCWMssOS::s -Wall -Wextra -fno-tree-loop-distribute-patterns"

TRACE::2026-01-04.22:09:16::SCWMssOS::"Running Make include in microblaze_0/libsrc/PmodOLEDrgb_v1_0/src"

TRACE::2026-01-04.22:09:16::SCWMssOS::make -C microblaze_0/libsrc/PmodOLEDrgb_v1_0/src -s include  "SHELL=CMD" "COMPILER=mb-gcc" "ASSEMBLER=mb-as" "ARCHIVER=mb-ar" "
TRACE::2026-01-04.22:09:16::SCWMssOS::COMPILER_FLAGS=  -O2 -c -mcpu=v11.0 -mlittle-endian -mxl-soft-mul" "EXTRA_COMPILER_FLAGS=-g -ffunction-sections -fdata-sections
TRACE::2026-01-04.22:09:16::SCWMssOS:: -Wall -Wextra -fno-tree-loop-distribute-patterns"

TRACE::2026-01-04.22:09:16::SCWMssOS::"Running Make include in microblaze_0/libsrc/PmodTMP3_v1_0/src"

TRACE::2026-01-04.22:09:16::SCWMssOS::make -C microblaze_0/libsrc/PmodTMP3_v1_0/src -s include  "SHELL=CMD" "COMPILER=mb-gcc" "ASSEMBLER=mb-as" "ARCHIVER=mb-ar" "COM
TRACE::2026-01-04.22:09:16::SCWMssOS::PILER_FLAGS=  -O2 -c -mcpu=v11.0 -mlittle-endian -mxl-soft-mul" "EXTRA_COMPILER_FLAGS=-g -ffunction-sections -fdata-sections -W
TRACE::2026-01-04.22:09:16::SCWMssOS::all -Wextra -fno-tree-loop-distribute-patterns"

TRACE::2026-01-04.22:09:16::SCWMssOS::"Running Make include in microblaze_0/libsrc/standalone_v7_6/src"

TRACE::2026-01-04.22:09:16::SCWMssOS::make -C microblaze_0/libsrc/standalone_v7_6/src -s include  "SHELL=CMD" "COMPILER=mb-gcc" "ASSEMBLER=mb-as" "ARCHIVER=mb-ar" "C
TRACE::2026-01-04.22:09:16::SCWMssOS::OMPILER_FLAGS=  -O2 -c -mcpu=v11.0 -mlittle-endian -mxl-soft-mul" "EXTRA_COMPILER_FLAGS=-g -ffunction-sections -fdata-sections 
TRACE::2026-01-04.22:09:16::SCWMssOS::-Wall -Wextra -fno-tree-loop-distribute-patterns"

TRACE::2026-01-04.22:09:16::SCWMssOS::"Running Make include in microblaze_0/libsrc/uartlite_v3_6/src"

TRACE::2026-01-04.22:09:16::SCWMssOS::make -C microblaze_0/libsrc/uartlite_v3_6/src -s include  "SHELL=CMD" "COMPILER=mb-gcc" "ASSEMBLER=mb-as" "ARCHIVER=mb-ar" "COM
TRACE::2026-01-04.22:09:16::SCWMssOS::PILER_FLAGS=  -O2 -c -mcpu=v11.0 -mlittle-endian -mxl-soft-mul" "EXTRA_COMPILER_FLAGS=-g -ffunction-sections -fdata-sections -W
TRACE::2026-01-04.22:09:16::SCWMssOS::all -Wextra -fno-tree-loop-distribute-patterns"

TRACE::2026-01-04.22:09:16::SCWMssOS::"Running Make libs in microblaze_0/libsrc/PmodALS_v1_0/src"

TRACE::2026-01-04.22:09:16::SCWMssOS::make -C microblaze_0/libsrc/PmodALS_v1_0/src -s libs  "SHELL=CMD" "COMPILER=mb-gcc" "ASSEMBLER=mb-as" "ARCHIVER=mb-ar" "COMPILE
TRACE::2026-01-04.22:09:16::SCWMssOS::R_FLAGS=  -O2 -c -mcpu=v11.0 -mlittle-endian -mxl-soft-mul" "EXTRA_COMPILER_FLAGS=-g -ffunction-sections -fdata-sections -Wall 
TRACE::2026-01-04.22:09:16::SCWMssOS::-Wextra -fno-tree-loop-distribute-patterns"

TRACE::2026-01-04.22:09:16::SCWMssOS::"Compiling PmodALS"

TRACE::2026-01-04.22:09:17::SCWMssOS::"Running Make libs in microblaze_0/libsrc/PmodMAXSONAR_v1_0/src"

TRACE::2026-01-04.22:09:17::SCWMssOS::make -C microblaze_0/libsrc/PmodMAXSONAR_v1_0/src -s libs  "SHELL=CMD" "COMPILER=mb-gcc" "ASSEMBLER=mb-as" "ARCHIVER=mb-ar" "CO
TRACE::2026-01-04.22:09:17::SCWMssOS::MPILER_FLAGS=  -O2 -c -mcpu=v11.0 -mlittle-endian -mxl-soft-mul" "EXTRA_COMPILER_FLAGS=-g -ffunction-sections -fdata-sections -
TRACE::2026-01-04.22:09:17::SCWMssOS::Wall -Wextra -fno-tree-loop-distribute-patterns"

TRACE::2026-01-04.22:09:17::SCWMssOS::"Compiling PmodMAXSONAR"

TRACE::2026-01-04.22:09:17::SCWMssOS::"Running Make libs in microblaze_0/libsrc/PmodOLEDrgb_v1_0/src"

TRACE::2026-01-04.22:09:17::SCWMssOS::make -C microblaze_0/libsrc/PmodOLEDrgb_v1_0/src -s libs  "SHELL=CMD" "COMPILER=mb-gcc" "ASSEMBLER=mb-as" "ARCHIVER=mb-ar" "COM
TRACE::2026-01-04.22:09:17::SCWMssOS::PILER_FLAGS=  -O2 -c -mcpu=v11.0 -mlittle-endian -mxl-soft-mul" "EXTRA_COMPILER_FLAGS=-g -ffunction-sections -fdata-sections -W
TRACE::2026-01-04.22:09:17::SCWMssOS::all -Wextra -fno-tree-loop-distribute-patterns"

TRACE::2026-01-04.22:09:17::SCWMssOS::"Compiling pmodOLEDrgb"

TRACE::2026-01-04.22:09:17::SCWMssOS::"Running Make libs in microblaze_0/libsrc/PmodTMP3_v1_0/src"

TRACE::2026-01-04.22:09:17::SCWMssOS::make -C microblaze_0/libsrc/PmodTMP3_v1_0/src -s libs  "SHELL=CMD" "COMPILER=mb-gcc" "ASSEMBLER=mb-as" "ARCHIVER=mb-ar" "COMPIL
TRACE::2026-01-04.22:09:17::SCWMssOS::ER_FLAGS=  -O2 -c -mcpu=v11.0 -mlittle-endian -mxl-soft-mul" "EXTRA_COMPILER_FLAGS=-g -ffunction-sections -fdata-sections -Wall
TRACE::2026-01-04.22:09:17::SCWMssOS:: -Wextra -fno-tree-loop-distribute-patterns"

TRACE::2026-01-04.22:09:17::SCWMssOS::"Compiling PmodTMP3"

TRACE::2026-01-04.22:09:18::SCWMssOS::'Finished building libraries sequentially.'

TRACE::2026-01-04.22:09:18::SCWMssOS::make -j 14 --no-print-directory par_libs

TRACE::2026-01-04.22:09:18::SCWMssOS::"Running Make include in microblaze_0/libsrc/bram_v4_7/src"

TRACE::2026-01-04.22:09:18::SCWMssOS::"Running Make include in microblaze_0/libsrc/cpu_v2_14/src"

TRACE::2026-01-04.22:09:18::SCWMssOS::make -C microblaze_0/libsrc/bram_v4_7/src -s include  "SHELL=CMD" "COMPILER=mb-gcc" "ASSEMBLER=mb-as" "ARCHIVER=mb-ar" "COMPILE
TRACE::2026-01-04.22:09:18::SCWMssOS::R_FLAGS=  -O2 -c -mcpu=v11.0 -mlittle-endian -mxl-soft-mul" "EXTRA_COMPILER_FLAGS=-g -ffunction-sections -fdata-sections -Wall 
TRACE::2026-01-04.22:09:18::SCWMssOS::-Wextra -fno-tree-loop-distribute-patterns"

TRACE::2026-01-04.22:09:18::SCWMssOS::make -C microblaze_0/libsrc/cpu_v2_14/src -s include  "SHELL=CMD" "COMPILER=mb-gcc" "ASSEMBLER=mb-as" "ARCHIVER=mb-ar" "COMPILE
TRACE::2026-01-04.22:09:18::SCWMssOS::R_FLAGS=  -O2 -c -mcpu=v11.0 -mlittle-endian -mxl-soft-mul" "EXTRA_COMPILER_FLAGS=-g -ffunction-sections -fdata-sections -Wall 
TRACE::2026-01-04.22:09:18::SCWMssOS::-Wextra -fno-tree-loop-distribute-patterns"

TRACE::2026-01-04.22:09:18::SCWMssOS::"Running Make include in microblaze_0/libsrc/intc_v3_13/src"

TRACE::2026-01-04.22:09:18::SCWMssOS::"Running Make include in microblaze_0/libsrc/PmodALS_v1_0/src"

TRACE::2026-01-04.22:09:18::SCWMssOS::make -C microblaze_0/libsrc/intc_v3_13/src -s include  "SHELL=CMD" "COMPILER=mb-gcc" "ASSEMBLER=mb-as" "ARCHIVER=mb-ar" "COMPIL
TRACE::2026-01-04.22:09:18::SCWMssOS::ER_FLAGS=  -O2 -c -mcpu=v11.0 -mlittle-endian -mxl-soft-mul" "EXTRA_COMPILER_FLAGS=-g -ffunction-sections -fdata-sections -Wall
TRACE::2026-01-04.22:09:18::SCWMssOS:: -Wextra -fno-tree-loop-distribute-patterns"

TRACE::2026-01-04.22:09:18::SCWMssOS::make -C microblaze_0/libsrc/PmodALS_v1_0/src -s include  "SHELL=CMD" "COMPILER=mb-gcc" "ASSEMBLER=mb-as" "ARCHIVER=mb-ar" "COMP
TRACE::2026-01-04.22:09:18::SCWMssOS::ILER_FLAGS=  -O2 -c -mcpu=v11.0 -mlittle-endian -mxl-soft-mul" "EXTRA_COMPILER_FLAGS=-g -ffunction-sections -fdata-sections -Wa
TRACE::2026-01-04.22:09:18::SCWMssOS::ll -Wextra -fno-tree-loop-distribute-patterns"

TRACE::2026-01-04.22:09:18::SCWMssOS::"Running Make include in microblaze_0/libsrc/PmodMAXSONAR_v1_0/src"

TRACE::2026-01-04.22:09:18::SCWMssOS::make -C microblaze_0/libsrc/PmodMAXSONAR_v1_0/src -s include  "SHELL=CMD" "COMPILER=mb-gcc" "ASSEMBLER=mb-as" "ARCHIVER=mb-ar" 
TRACE::2026-01-04.22:09:18::SCWMssOS::"COMPILER_FLAGS=  -O2 -c -mcpu=v11.0 -mlittle-endian -mxl-soft-mul" "EXTRA_COMPILER_FLAGS=-g -ffunction-sections -fdata-section
TRACE::2026-01-04.22:09:18::SCWMssOS::s -Wall -Wextra -fno-tree-loop-distribute-patterns"

TRACE::2026-01-04.22:09:18::SCWMssOS::"Running Make include in microblaze_0/libsrc/PmodOLEDrgb_v1_0/src"

TRACE::2026-01-04.22:09:18::SCWMssOS::make -C microblaze_0/libsrc/PmodOLEDrgb_v1_0/src -s include  "SHELL=CMD" "COMPILER=mb-gcc" "ASSEMBLER=mb-as" "ARCHIVER=mb-ar" "
TRACE::2026-01-04.22:09:18::SCWMssOS::COMPILER_FLAGS=  -O2 -c -mcpu=v11.0 -mlittle-endian -mxl-soft-mul" "EXTRA_COMPILER_FLAGS=-g -ffunction-sections -fdata-sections
TRACE::2026-01-04.22:09:18::SCWMssOS:: -Wall -Wextra -fno-tree-loop-distribute-patterns"

TRACE::2026-01-04.22:09:18::SCWMssOS::"Running Make include in microblaze_0/libsrc/PmodTMP3_v1_0/src"

TRACE::2026-01-04.22:09:18::SCWMssOS::make -C microblaze_0/libsrc/PmodTMP3_v1_0/src -s include  "SHELL=CMD" "COMPILER=mb-gcc" "ASSEMBLER=mb-as" "ARCHIVER=mb-ar" "COM
TRACE::2026-01-04.22:09:18::SCWMssOS::PILER_FLAGS=  -O2 -c -mcpu=v11.0 -mlittle-endian -mxl-soft-mul" "EXTRA_COMPILER_FLAGS=-g -ffunction-sections -fdata-sections -W
TRACE::2026-01-04.22:09:18::SCWMssOS::all -Wextra -fno-tree-loop-distribute-patterns"

TRACE::2026-01-04.22:09:18::SCWMssOS::"Running Make include in microblaze_0/libsrc/standalone_v7_6/src"

TRACE::2026-01-04.22:09:18::SCWMssOS::make -C microblaze_0/libsrc/standalone_v7_6/src -s include  "SHELL=CMD" "COMPILER=mb-gcc" "ASSEMBLER=mb-as" "ARCHIVER=mb-ar" "C
TRACE::2026-01-04.22:09:18::SCWMssOS::OMPILER_FLAGS=  -O2 -c -mcpu=v11.0 -mlittle-endian -mxl-soft-mul" "EXTRA_COMPILER_FLAGS=-g -ffunction-sections -fdata-sections 
TRACE::2026-01-04.22:09:18::SCWMssOS::-Wall -Wextra -fno-tree-loop-distribute-patterns"

TRACE::2026-01-04.22:09:18::SCWMssOS::"Running Make include in microblaze_0/libsrc/uartlite_v3_6/src"

TRACE::2026-01-04.22:09:18::SCWMssOS::make -C microblaze_0/libsrc/uartlite_v3_6/src -s include  "SHELL=CMD" "COMPILER=mb-gcc" "ASSEMBLER=mb-as" "ARCHIVER=mb-ar" "COM
TRACE::2026-01-04.22:09:18::SCWMssOS::PILER_FLAGS=  -O2 -c -mcpu=v11.0 -mlittle-endian -mxl-soft-mul" "EXTRA_COMPILER_FLAGS=-g -ffunction-sections -fdata-sections -W
TRACE::2026-01-04.22:09:18::SCWMssOS::all -Wextra -fno-tree-loop-distribute-patterns"

TRACE::2026-01-04.22:09:18::SCWMssOS::"Running Make libs in microblaze_0/libsrc/bram_v4_7/src"

TRACE::2026-01-04.22:09:18::SCWMssOS::"Running Make libs in microblaze_0/libsrc/cpu_v2_14/src"

TRACE::2026-01-04.22:09:18::SCWMssOS::make -C microblaze_0/libsrc/bram_v4_7/src -s libs  "SHELL=CMD" "COMPILER=mb-gcc" "ASSEMBLER=mb-as" "ARCHIVER=mb-ar" "COMPILER_F
TRACE::2026-01-04.22:09:18::SCWMssOS::LAGS=  -O2 -c -mcpu=v11.0 -mlittle-endian -mxl-soft-mul" "EXTRA_COMPILER_FLAGS=-g -ffunction-sections -fdata-sections -Wall -We
TRACE::2026-01-04.22:09:18::SCWMssOS::xtra -fno-tree-loop-distribute-patterns"

TRACE::2026-01-04.22:09:18::SCWMssOS::make -C microblaze_0/libsrc/cpu_v2_14/src -s libs  "SHELL=CMD" "COMPILER=mb-gcc" "ASSEMBLER=mb-as" "ARCHIVER=mb-ar" "COMPILER_F
TRACE::2026-01-04.22:09:18::SCWMssOS::LAGS=  -O2 -c -mcpu=v11.0 -mlittle-endian -mxl-soft-mul" "EXTRA_COMPILER_FLAGS=-g -ffunction-sections -fdata-sections -Wall -We
TRACE::2026-01-04.22:09:18::SCWMssOS::xtra -fno-tree-loop-distribute-patterns"

TRACE::2026-01-04.22:09:18::SCWMssOS::"Running Make libs in microblaze_0/libsrc/intc_v3_13/src"

TRACE::2026-01-04.22:09:18::SCWMssOS::"Running Make libs in microblaze_0/libsrc/standalone_v7_6/src"

TRACE::2026-01-04.22:09:18::SCWMssOS::make -C microblaze_0/libsrc/intc_v3_13/src -s libs  "SHELL=CMD" "COMPILER=mb-gcc" "ASSEMBLER=mb-as" "ARCHIVER=mb-ar" "COMPILER_
TRACE::2026-01-04.22:09:18::SCWMssOS::FLAGS=  -O2 -c -mcpu=v11.0 -mlittle-endian -mxl-soft-mul" "EXTRA_COMPILER_FLAGS=-g -ffunction-sections -fdata-sections -Wall -W
TRACE::2026-01-04.22:09:18::SCWMssOS::extra -fno-tree-loop-distribute-patterns"

TRACE::2026-01-04.22:09:18::SCWMssOS::make -C microblaze_0/libsrc/standalone_v7_6/src -s libs  "SHELL=CMD" "COMPILER=mb-gcc" "ASSEMBLER=mb-as" "ARCHIVER=mb-ar" "COMP
TRACE::2026-01-04.22:09:18::SCWMssOS::ILER_FLAGS=  -O2 -c -mcpu=v11.0 -mlittle-endian -mxl-soft-mul" "EXTRA_COMPILER_FLAGS=-g -ffunction-sections -fdata-sections -Wa
TRACE::2026-01-04.22:09:18::SCWMssOS::ll -Wextra -fno-tree-loop-distribute-patterns"

TRACE::2026-01-04.22:09:18::SCWMssOS::"Running Make libs in microblaze_0/libsrc/uartlite_v3_6/src"

TRACE::2026-01-04.22:09:18::SCWMssOS::make -C microblaze_0/libsrc/uartlite_v3_6/src -s libs  "SHELL=CMD" "COMPILER=mb-gcc" "ASSEMBLER=mb-as" "ARCHIVER=mb-ar" "COMPIL
TRACE::2026-01-04.22:09:18::SCWMssOS::ER_FLAGS=  -O2 -c -mcpu=v11.0 -mlittle-endian -mxl-soft-mul" "EXTRA_COMPILER_FLAGS=-g -ffunction-sections -fdata-sections -Wall
TRACE::2026-01-04.22:09:18::SCWMssOS:: -Wextra -fno-tree-loop-distribute-patterns"

TRACE::2026-01-04.22:09:19::SCWMssOS::"DEBUG NON_LTO_OBJECTS is ../../../lib/microblaze_interrupt_handler.o"

TRACE::2026-01-04.22:09:19::SCWMssOS::'Finished building libraries parallelly.'

TRACE::2026-01-04.22:09:19::SCWMssOS::make --no-print-directory archive

TRACE::2026-01-04.22:09:19::SCWMssOS::mb-ar -r  microblaze_0/lib/libxil.a microblaze_0/lib/xplatform_info.o microblaze_0/lib/xuartlite.o microblaze_0/lib/microblaze_
TRACE::2026-01-04.22:09:19::SCWMssOS::disable_exceptions.o microblaze_0/lib/print.o microblaze_0/lib/_exit.o microblaze_0/lib/xil_testio.o microblaze_0/lib/microblaz
TRACE::2026-01-04.22:09:19::SCWMssOS::e_disable_dcache.o microblaze_0/lib/microblaze_flush_dcache_range.o microblaze_0/lib/microblaze_flush_cache_ext.o microblaze_0/
TRACE::2026-01-04.22:09:19::SCWMssOS::lib/xbram_sinit.o microblaze_0/lib/xil_misc_psreset_api.o microblaze_0/lib/xil_cache.o microblaze_0/lib/xil_util.o microblaze_0
TRACE::2026-01-04.22:09:19::SCWMssOS::/lib/inbyte.o microblaze_0/lib/xbram_g.o microblaze_0/lib/xuartlite_stats.o microblaze_0/lib/microblaze_exception_handler.o mic
TRACE::2026-01-04.22:09:19::SCWMssOS::roblaze_0/lib/microblaze_scrub.o microblaze_0/lib/microblaze_invalidate_dcache.o microblaze_0/lib/microblaze_disable_interrupts
TRACE::2026-01-04.22:09:19::SCWMssOS::.o microblaze_0/lib/xbram_selftest.o microblaze_0/lib/microblaze_interrupt_handler.o microblaze_0/lib/microblaze_disable_icache
TRACE::2026-01-04.22:09:19::SCWMssOS::.o microblaze_0/lib/xil_mem.o microblaze_0/lib/xuartlite_intr.o microblaze_0/lib/microblaze_flush_cache_ext_range.o microblaze_
TRACE::2026-01-04.22:09:19::SCWMssOS::0/lib/xbram_intr.o microblaze_0/lib/xil_sleepcommon.o microblaze_0/lib/xil_printf.o microblaze_0/lib/xintc_g.o microblaze_0/lib
TRACE::2026-01-04.22:09:19::SCWMssOS::/xuartlite_g.o microblaze_0/lib/xintc_selftest.o microblaze_0/lib/xintc_l.o microblaze_0/lib/outbyte.o microblaze_0/lib/microbl
TRACE::2026-01-04.22:09:19::SCWMssOS::aze_invalidate_dcache_range.o microblaze_0/lib/microblaze_invalidate_cache_ext.o microblaze_0/lib/microblaze_sleep.o microblaze
TRACE::2026-01-04.22:09:19::SCWMssOS::_0/lib/hw_exception_handler.o microblaze_0/lib/xuartlite_selftest.o microblaze_0/lib/xintc_intr.o microblaze_0/lib/microblaze_u
TRACE::2026-01-04.22:09:19::SCWMssOS::pdate_dcache.o microblaze_0/lib/xil_testcache.o microblaze_0/lib/microblaze_selftest.o microblaze_0/lib/microblaze_interrupts_g
TRACE::2026-01-04.22:09:19::SCWMssOS::.o microblaze_0/lib/microblaze_enable_exceptions.o microblaze_0/lib/xio.o microblaze_0/lib/microblaze_enable_dcache.o microblaz
TRACE::2026-01-04.22:09:19::SCWMssOS::e_0/lib/xbram.o microblaze_0/lib/microblaze_invalidate_icache_range.o microblaze_0/lib/microblaze_init_dcache_range.o microblaz
TRACE::2026-01-04.22:09:19::SCWMssOS::e_0/lib/microblaze_invalidate_icache.o microblaze_0/lib/errno.o microblaze_0/lib/xuartlite_l.o microblaze_0/lib/xintc_options.o
TRACE::2026-01-04.22:09:19::SCWMssOS:: microblaze_0/lib/microblaze_invalidate_cache_ext_range.o microblaze_0/lib/xil_exception.o microblaze_0/lib/pvr.o microblaze_0/
TRACE::2026-01-04.22:09:19::SCWMssOS::lib/xil_testmem.o microblaze_0/lib/microblaze_update_icache.o microblaze_0/lib/microblaze_flush_dcache.o microblaze_0/lib/xil_c
TRACE::2026-01-04.22:09:19::SCWMssOS::locking.o microblaze_0/lib/xil_assert.o microblaze_0/lib/microblaze_enable_interrupts.o microblaze_0/lib/microblaze_enable_icac
TRACE::2026-01-04.22:09:19::SCWMssOS::he.o microblaze_0/lib/xintc.o microblaze_0/lib/xuartlite_sinit.o microblaze_0/lib/fcntl.o microblaze_0/lib/microblaze_init_icac
TRACE::2026-01-04.22:09:19::SCWMssOS::he_range.o

TRACE::2026-01-04.22:09:19::SCWMssOS::'Finished building libraries'

TRACE::2026-01-04.22:09:19::SCWMssOS::Copying to export directory.
TRACE::2026-01-04.22:09:20::SCWMssOS:: Checking if to create the Supporting Applications
TRACE::2026-01-04.22:09:20::SCWMssOS:: No Linux domain exists, trying to generate FSBL 
LOG::2026-01-04.22:09:20::SCWSystem::Completed Processing the domain standalone_domain
LOG::2026-01-04.22:09:20::SCWSystem::Completed Processing the sysconfig All_PMods_Platform
LOG::2026-01-04.22:09:20::SCWPlatform::Completed generating the artifacts for system configuration All_PMods_Platform
TRACE::2026-01-04.22:09:20::SCWPlatform::Started preparing the platform 
TRACE::2026-01-04.22:09:20::SCWSystem::Writing the bif file for system config All_PMods_Platform
TRACE::2026-01-04.22:09:20::SCWSystem::dir created 
TRACE::2026-01-04.22:09:20::SCWSystem::Writing the bif 
TRACE::2026-01-04.22:09:20::SCWPlatform::Started writing the spfm file 
TRACE::2026-01-04.22:09:20::SCWPlatform::Started writing the xpfm file 
TRACE::2026-01-04.22:09:20::SCWPlatform::Completed generating the platform
TRACE::2026-01-04.22:09:20::SCWMssOS::Saving the mss changes F:/Advanced_Hardware_Engineering/Vivado_2021/Workspace/ALL_PMODS/All_PMods_Platform/microblaze_0/standalone_domain/bsp/system.mss
TRACE::2026-01-04.22:09:20::SCWMssOS::Found a swdesign opened with the mssfile.
TRACE::2026-01-04.22:09:20::SCWMssOS::Completed writemss as part of save.
TRACE::2026-01-04.22:09:20::SCWMssOS::Commit changes completed.
TRACE::2026-01-04.22:09:20::SCWPlatform::Trying to open the hw design at F:/Advanced_Hardware_Engineering/Vivado_2021/Workspace/ALL_PMODS/All_PMods_Platform/hw/TEST_J_2021_ALLPMODS_wrapper.xsa
TRACE::2026-01-04.22:09:20::SCWPlatform::DSA given F:/Advanced_Hardware_Engineering/Vivado_2021/Workspace/ALL_PMODS/All_PMods_Platform/hw/TEST_J_2021_ALLPMODS_wrapper.xsa
TRACE::2026-01-04.22:09:20::SCWPlatform::DSA absoulate path F:/Advanced_Hardware_Engineering/Vivado_2021/Workspace/ALL_PMODS/All_PMods_Platform/hw/TEST_J_2021_ALLPMODS_wrapper.xsa
TRACE::2026-01-04.22:09:20::SCWPlatform::DSA directory F:/Advanced_Hardware_Engineering/Vivado_2021/Workspace/ALL_PMODS/All_PMods_Platform/hw
TRACE::2026-01-04.22:09:20::SCWPlatform:: Platform Path F:/Advanced_Hardware_Engineering/Vivado_2021/Workspace/ALL_PMODS/All_PMods_Platform/hw/TEST_J_2021_ALLPMODS_wrapper.xsa
TRACE::2026-01-04.22:09:20::SCWPlatform:: Unique name xilinx:nexys-a7-100t::0.0
TRACE::2026-01-04.22:09:20::SCWPlatform::Trying to set the existing hwdb with name TEST_J_2021_ALLPMODS_wrapper_1
TRACE::2026-01-04.22:09:20::SCWPlatform::Opened existing hwdb TEST_J_2021_ALLPMODS_wrapper_1
TRACE::2026-01-04.22:09:20::SCWPlatform::Found the Hw Db part of the input DSA
TRACE::2026-01-04.22:09:20::SCWMssOS::Checking the sw design at  F:/Advanced_Hardware_Engineering/Vivado_2021/Workspace/ALL_PMODS/All_PMods_Platform/microblaze_0/standalone_domain/bsp/system.mss
TRACE::2026-01-04.22:09:20::SCWMssOS::DEBUG:  swdes dump  F:/Advanced_Hardware_Engineering/Vivado_2021/Workspace/ALL_PMODS/All_PMods_Platform/microblaze_0/standalone_domain/bsp/system.mss|system||

TRACE::2026-01-04.22:09:20::SCWMssOS::Sw design exists and opened at  F:/Advanced_Hardware_Engineering/Vivado_2021/Workspace/ALL_PMODS/All_PMods_Platform/microblaze_0/standalone_domain/bsp/system.mss
TRACE::2026-01-04.22:09:20::SCWWriter::formatted JSON is {
	"platformName":	"All_PMods_Platform",
	"sprVersion":	"2.0",
	"mode":	"gui",
	"dsaType":	"Fixed",
	"platformDesc":	"All_PMods_Platform",
	"platHandOff":	"F:/Advanced_Hardware_Engineering/Vivado_2021/TEST_J_2021_ALLPMODS/TEST_J_2021_ALLPMODS/TEST_J_2021_ALLPMODS_wrapper.xsa",
	"platIntHandOff":	"<platformDir>/hw/TEST_J_2021_ALLPMODS_wrapper.xsa",
	"deviceType":	"FPGA",
	"platIsPrebuiltAutogen":	"false",
	"platIsNoBootBsp":	"false",
	"hasFsblMakeHasChanges":	"false",
	"hasPmufwMakeHasChanges":	"false",
	"platPreBuiltFlag":	false,
	"platformSamplesDir":	"",
	"platActiveSys":	"All_PMods_Platform",
	"systems":	[{
			"systemName":	"All_PMods_Platform",
			"systemDesc":	"All_PMods_Platform",
			"sysIsBootAutoGen":	"true",
			"systemDispName":	"All_PMods_Platform",
			"sysActiveDom":	"standalone_domain",
			"sysDefaultDom":	"standalone_domain",
			"domains":	[{
					"domainName":	"standalone_domain",
					"domainDispName":	"standalone on microblaze_0",
					"domainDesc":	"standalone_domain",
					"processors":	"microblaze_0",
					"os":	"standalone",
					"sdxOs":	"standalone",
					"debugEnable":	"False",
					"domRuntimes":	["cpp"],
					"swRepo":	"",
					"mssOsVer":	"7.6",
					"mssFile":	"",
					"md5Digest":	"20e6946f2494afee0dccc84a368ff156",
					"compatibleApp":	"",
					"domType":	"mssDomain",
					"arch":	"32-bit",
					"appSettings":	{
						"appCompilerFlags":	"",
						"appLinkerFlags":	""
					},
					"addedLibs":	[],
					"libOptions":	{
						"libsContainingOptions":	[]
					},
					"prebuiltLibs":	{
						"prebuiltIncPath":	[],
						"prebuiltLibPath":	[]
					},
					"isolation":	{
					}
				}]
		}]
}
KEYINFO::2026-01-04.22:09:20::SCWPlatform::updated the xpfm file.
TRACE::2026-01-04.22:09:20::SCWPlatform::Trying to open the hw design at F:/Advanced_Hardware_Engineering/Vivado_2021/Workspace/ALL_PMODS/All_PMods_Platform/hw/TEST_J_2021_ALLPMODS_wrapper.xsa
TRACE::2026-01-04.22:09:20::SCWPlatform::DSA given F:/Advanced_Hardware_Engineering/Vivado_2021/Workspace/ALL_PMODS/All_PMods_Platform/hw/TEST_J_2021_ALLPMODS_wrapper.xsa
TRACE::2026-01-04.22:09:20::SCWPlatform::DSA absoulate path F:/Advanced_Hardware_Engineering/Vivado_2021/Workspace/ALL_PMODS/All_PMods_Platform/hw/TEST_J_2021_ALLPMODS_wrapper.xsa
TRACE::2026-01-04.22:09:20::SCWPlatform::DSA directory F:/Advanced_Hardware_Engineering/Vivado_2021/Workspace/ALL_PMODS/All_PMods_Platform/hw
TRACE::2026-01-04.22:09:20::SCWPlatform:: Platform Path F:/Advanced_Hardware_Engineering/Vivado_2021/Workspace/ALL_PMODS/All_PMods_Platform/hw/TEST_J_2021_ALLPMODS_wrapper.xsa
TRACE::2026-01-04.22:09:20::SCWPlatform:: Unique name xilinx:nexys-a7-100t::0.0
TRACE::2026-01-04.22:09:20::SCWPlatform::Trying to set the existing hwdb with name TEST_J_2021_ALLPMODS_wrapper_1
TRACE::2026-01-04.22:09:20::SCWPlatform::Opened existing hwdb TEST_J_2021_ALLPMODS_wrapper_1
TRACE::2026-01-04.22:09:20::SCWPlatform::Found the Hw Db part of the input DSA
TRACE::2026-01-04.22:09:20::SCWMssOS::Checking the sw design at  F:/Advanced_Hardware_Engineering/Vivado_2021/Workspace/ALL_PMODS/All_PMods_Platform/microblaze_0/standalone_domain/bsp/system.mss
TRACE::2026-01-04.22:09:20::SCWMssOS::DEBUG:  swdes dump  F:/Advanced_Hardware_Engineering/Vivado_2021/Workspace/ALL_PMODS/All_PMods_Platform/microblaze_0/standalone_domain/bsp/system.mss|system||

TRACE::2026-01-04.22:09:20::SCWMssOS::Sw design exists and opened at  F:/Advanced_Hardware_Engineering/Vivado_2021/Workspace/ALL_PMODS/All_PMods_Platform/microblaze_0/standalone_domain/bsp/system.mss
