#
# A fatal error has been detected by the Java Runtime Environment:
#
#  EXCEPTION_ACCESS_VIOLATION (0xc0000005) at pc=0x00007ff9dd67dc92, pid=5060, tid=11488
#
# JRE version: OpenJDK Runtime Environment Temurin-21.0.1+12 (21.0.1+12) (build 21.0.1+12-LTS)
# Java VM: OpenJDK 64-Bit Server VM Temurin-21.0.1+12 (21.0.1+12-LTS, mixed mode, sharing, tiered, compressed oops, compressed class ptrs, g1 gc, windows-amd64)
# Problematic frame:
# C  0x00007ff9dd67dc92
#
# No core dump will be written. Minidumps are not enabled by default on client versions of Windows
#
# If you would like to submit a bug report, please visit:
#   https://github.com/adoptium/adoptium-support/issues
# The crash happened outside the Java Virtual Machine in native code.
# See problematic frame for where to report the bug.
#

---------------  S U M M A R Y ------------

Command Line: -Dsun.java2d.pmoffscreen=false -Dhttps.protocols=TLSv1,TLSv1.1,TLSv1.2 -Dsun.java2d.xrender=false -Dsun.java2d.d3d=false -Dsun.awt.nopixfmt=true -Dsun.java2d.dpiaware=true -Dsun.java2d.uiScale.enabled=false -Dswing.aatext=true -XX:-UsePerfData -Djdk.map.althashing.threshold=512 -XX:StringTableSize=4072 -XX:+UseStringDeduplication -XX:MaxGCPauseMillis=200 -XX:ParallelGCThreads=4 -XX:+ParallelRefProcEnabled --add-opens=java.desktop/javax.swing.plaf.synth=ALL-UNNAMED --add-opens=java.base/java.nio=ALL-UNNAMED --add-opens=java.desktop/sun.swing=ALL-UNNAMED --add-opens=java.desktop/javax.swing=ALL-UNNAMED --add-opens=java.desktop/javax.swing.tree=ALL-UNNAMED --add-opens=java.desktop/javax.swing.plaf.basic=ALL-UNNAMED --add-opens=java.desktop/javax.swing.plaf.synth=ALL-UNNAMED --add-opens=java.desktop/javax.swing.plaf.basic=ALL-UNNAMED --add-opens=java.desktop/javax.swing=ALL-UNNAMED --add-opens=java.desktop/javax.swing.tree=ALL-UNNAMED --add-opens=java.desktop/java.awt.event=ALL-UNNAMED --add-exports=java.desktop/javax.swing.plaf.synth=ALL-UNNAMED --add-exports=java.base/java.nio=ALL-UNNAMED --add-exports=java.desktop/sun.swing=ALL-UNNAMED --add-exports=java.desktop/javax.swing=ALL-UNNAMED --add-exports=java.desktop/javax.swing.tree=ALL-UNNAMED --add-exports=java.desktop/javax.swing.plaf.basic=ALL-UNNAMED --add-exports=java.desktop/sun.swing=ALL-UNNAMED --add-exports=java.desktop/sun.swing.table=ALL-UNNAMED --add-exports=java.desktop/sun.swing.plaf.synth=ALL-UNNAMED --add-exports=java.desktop/sun.awt.shell=ALL-UNNAMED --add-exports=java.base/sun.security.action=ALL-UNNAMED --add-exports=java.desktop/sun.font=ALL-UNNAMED -XX:NewSize=80m -XX:MaxNewSize=80m -Xms812m -Xmx6144m -Xss10m 

Host: Intel(R) Core(TM) i7-6700 CPU @ 3.40GHz, 8 cores, 15G,  Windows 10 , 64 bit Build 18362 (10.0.18362.1110)
Time: Thu Nov  6 15:16:14 2025 W. Europe Standard Time elapsed time: 3753.524075 seconds (0d 1h 2m 33s)

---------------  T H R E A D  ---------------

Current thread (0x000001ff969a4b90):  JavaThread "AWT-EventQueue-0"        [_thread_in_native, id=11488, stack(0x00000041ec600000,0x00000041ed000000) (10240K)]

Stack: [0x00000041ec600000,0x00000041ed000000],  sp=0x00000041ecffebc0,  free space=10234k
Native frames: (J=compiled Java code, j=interpreted, Vv=VM code, C=native code)
C  0x00007ff9dd67dc92
C  0x00007ff9dd9f97c9
C  0x00007ff9dd835fd2
C  0x000001ffa67ece0b

The last pc belongs to native method entry point (kind = native) (printed below).
Java frames: (J=compiled Java code, j=interpreted, Vv=VM code)
j  ui.frmwork.xguifrmwrki.HXGUIParameter_getValueConfigId(J)Ljava/lang/String;+0
j  ui.frmwork.O.iMA()Ljava/lang/String;+4
j  ui.frmwork.j.d.a(Ljava/awt/AWTEvent;)V+7
j  ui.frmwork.j.d.focusLost(Ljava/awt/event/FocusEvent;)V+2
J 22737 c1 java.awt.AWTEventMulticaster.focusLost(Ljava/awt/event/FocusEvent;)V java.desktop@21.0.1 (27 bytes) @ 0x000001ffa0886e5c [0x000001ffa0886a60+0x00000000000003fc]
J 23111 c1 java.awt.Component.processFocusEvent(Ljava/awt/event/FocusEvent;)V java.desktop@21.0.1 (58 bytes) @ 0x000001ffa15bf83c [0x000001ffa15bf5e0+0x000000000000025c]
J 23841 c2 java.awt.Container.processEvent(Ljava/awt/AWTEvent;)V java.desktop@21.0.1 (22 bytes) @ 0x000001ffa82b258c [0x000001ffa82b24a0+0x00000000000000ec]
J 24663 c2 java.awt.Component.dispatchEventImpl(Ljava/awt/AWTEvent;)V java.desktop@21.0.1 (785 bytes) @ 0x000001ffa840bb98 [0x000001ffa840adc0+0x0000000000000dd8]
J 24934 c2 java.awt.Container.dispatchEventImpl(Ljava/awt/AWTEvent;)V java.desktop@21.0.1 (129 bytes) @ 0x000001ffa848d1d4 [0x000001ffa848d100+0x00000000000000d4]
J 20402 c1 java.awt.DefaultKeyboardFocusManager.typeAheadAssertions(Ljava/awt/Component;Ljava/awt/AWTEvent;)Z java.desktop@21.0.1 (356 bytes) @ 0x000001ffa09d0244 [0x000001ffa09cdea0+0x00000000000023a4]
J 21350 c2 java.awt.DefaultKeyboardFocusManager.dispatchEvent(Ljava/awt/AWTEvent;)Z java.desktop@21.0.1 (1625 bytes) @ 0x000001ffa7ed7f84 [0x000001ffa7ed6fc0+0x0000000000000fc4]
J 24663 c2 java.awt.Component.dispatchEventImpl(Ljava/awt/AWTEvent;)V java.desktop@21.0.1 (785 bytes) @ 0x000001ffa840b5ac [0x000001ffa840adc0+0x00000000000007ec]
J 24934 c2 java.awt.Container.dispatchEventImpl(Ljava/awt/AWTEvent;)V java.desktop@21.0.1 (129 bytes) @ 0x000001ffa848d1d4 [0x000001ffa848d100+0x00000000000000d4]
J 16564 c2 java.awt.Component.dispatchEvent(Ljava/awt/AWTEvent;)V java.desktop@21.0.1 (6 bytes) @ 0x000001ffa7a6776c [0x000001ffa7a67720+0x000000000000004c]
j  sun.awt.SunToolkit$1.run()V+26 java.desktop@21.0.1
J 8623 c1 java.awt.event.InvocationEvent.dispatch()V java.desktop@21.0.1 (69 bytes) @ 0x000001ffa04b764c [0x000001ffa04b7420+0x000000000000022c]
J 14050 c2 java.awt.EventQueue.dispatchEvent(Ljava/awt/AWTEvent;)V java.desktop@21.0.1 (80 bytes) @ 0x000001ffa7741cfc [0x000001ffa77411e0+0x0000000000000b1c]
J 14935 c2 ui.frmwork.a.d.dispatchEvent(Ljava/awt/AWTEvent;)V (41 bytes) @ 0x000001ffa78910a4 [0x000001ffa7891020+0x0000000000000084]
j  java.awt.EventDispatchThread.pumpOneEventForFilters(I)V+81 java.desktop@21.0.1
J 22998% c2 java.awt.EventDispatchThread.pumpEventsForFilter(ILjava/awt/Conditional;Ljava/awt/EventFilter;)V java.desktop@21.0.1 (47 bytes) @ 0x000001ffa7d29b14 [0x000001ffa7d29a60+0x00000000000000b4]
j  java.awt.EventDispatchThread.pumpEventsForHierarchy(ILjava/awt/Conditional;Ljava/awt/Component;)V+11 java.desktop@21.0.1
j  java.awt.EventDispatchThread.pumpEvents(ILjava/awt/Conditional;)V+4 java.desktop@21.0.1
j  java.awt.EventDispatchThread.pumpEvents(Ljava/awt/Conditional;)V+3 java.desktop@21.0.1
j  java.awt.EventDispatchThread.run()V+9 java.desktop@21.0.1
v  ~StubRoutines::call_stub 0x000001ffa67e100d

siginfo: EXCEPTION_ACCESS_VIOLATION (0xc0000005), reading address 0x0000000000000028


Registers:
RAX=0x0000000000000000, RBX=0x00000041ecffec58, RCX=0x00000041ecffec58, RDX=0x0000000000000010
RSP=0x00000041ecffebc0, RBP=0x00000041ecffedb0, RSI=0x000001ff969a4f48, RDI=0x0000000000000010
R8 =0x0000020000b518a0, R9 =0x0000000000000004, R10=0x000001ffa67ecddc, R11=0x00000006b0e3caa8
R12=0x0000000000000000, R13=0x000002000c333498, R14=0x0000000000000000, R15=0x000001ff969a4b90
RIP=0x00007ff9dd67dc92, EFLAGS=0x0000000000010246


Register to memory mapping:

RAX=0x0 is null
RBX=0x00000041ecffec58 is pointing into the stack for thread: 0x000001ff969a4b90
RCX=0x00000041ecffec58 is pointing into the stack for thread: 0x000001ff969a4b90
RDX=0x0000000000000010 is an unknown value
RSP=0x00000041ecffebc0 is pointing into the stack for thread: 0x000001ff969a4b90
RBP=0x00000041ecffedb0 is pointing into the stack for thread: 0x000001ff969a4b90
RSI=0x000001ff969a4f48 points into unknown readable memory: 0x00007ffa344cf790 | 90 f7 4c 34 fa 7f 00 00
RDI=0x0000000000000010 is an unknown value
R8 =0x0000020000b518a0 points into unknown readable memory: 0x00007ff9de3c3db0 | b0 3d 3c de f9 7f 00 00
R9 =0x0000000000000004 is an unknown value
R10=0x000001ffa67ecddc is at code_begin+1020 in an Interpreter codelet
native method entry point (kind = native)  [0x000001ffa67ec9e0, 0x000001ffa67ed508]  2856 bytes
R11=0x00000006b0e3caa8 is an oop: java.lang.Class 
{0x00000006b0e3caa8} - klass: 'java/lang/Class'
 - ---- fields (total size 14 words):
 - private volatile transient 'classRedefinedCount' 'I' @12  0 (0x00000000)
 - injected 'klass' 'J' @16  2197847389112 (0x000001ffb9e9b3b8)
 - injected 'array_klass' 'J' @24  0 (0x0000000000000000)
 - injected 'oop_size' 'I' @32  14 (0x0000000e)
 - injected 'static_oop_field_count' 'I' @36  0 (0x00000000)
 - private volatile transient 'cachedConstructor' 'Ljava/lang/reflect/Constructor;' @40  null (0x00000000)
 - private transient 'name' 'Ljava/lang/String;' @44  "ui.frmwork.xguifrmwrki"{0x00000006b0e3cb18} (0xd61c7963)
 - private transient 'module' 'Ljava/lang/Module;' @48  a 'java/lang/Module'{0x000000068075e508} (0xd00ebca1)
 - private final 'classLoader' 'Ljava/lang/ClassLoader;' @52  a 'jdk/internal/loader/ClassLoaders$AppClassLoader'{0x0000000680760578} (0xd00ec0af)
 - private transient 'classData' 'Ljava/lang/Object;' @56  null (0x00000000)
 - private transient 'packageName' 'Ljava/lang/String;' @60  "ui.frmwork"{0x0000000680c89b70} (0xd019136e)
 - private final 'componentType' 'Ljava/lang/Class;' @64  null (0x00000000)
 - private volatile transient 'reflectionData' 'Ljava/lang/ref/SoftReference;' @68  null (0x00000000)
 - private volatile transient 'genericInfo' 'Lsun/reflect/generics/repository/ClassRepository;' @72  null (0x00000000)
 - private volatile transient 'enumConstants' '[Ljava/lang/Object;' @76  null (0x00000000)
 - private volatile transient 'enumConstantDirectory' 'Ljava/util/Map;' @80  null (0x00000000)
 - private volatile transient 'annotationData' 'Ljava/lang/Class$AnnotationData;' @84  null (0x00000000)
 - private volatile transient 'annotationType' 'Lsun/reflect/annotation/AnnotationType;' @88  null (0x00000000)
 - transient 'classValueMap' 'Ljava/lang/ClassValue$ClassValueMap;' @92  null (0x00000000)
 - injected 'protection_domain' 'Ljava/lang/Object;' @96  a 'java/security/ProtectionDomain'{0x0000000680cbfca8} (0xd0197f95)
 - injected 'signers_name' 'Ljava/lang/Object;' @100  null (0x00000000)
 - injected 'source_file' 'Ljava/lang/Object;' @104  null (0x00000000)
 - signature: Lui/frmwork/xguifrmwrki;
 - ---- static fields (0):
R12=0x0 is null
R13={method} {0x000002000c3334a0} 'HXGUIParameter_getValueConfigId' '(J)Ljava/lang/String;' in 'ui/frmwork/xguifrmwrki'
R14=0x0 is null
R15=0x000001ff969a4b90 is a thread

Top of Stack: (sp=0x00000041ecffebc0)
0x00000041ecffebc0:   000001ff969a4b90 00007ff9dd835f80
0x00000041ecffebd0:   000001ff969a4b90 0000000000000000
0x00000041ecffebe0:   000001ffa67e8924 00007ff9dd9f97c9
0x00000041ecffebf0:   0000000000000006 00000041ecffec58
0x00000041ecffec00:   00000041ecffedb0 000001ff95e84b30
0x00000041ecffec10:   000002000c333498 00007ff9dd835fd2
0x00000041ecffec20:   00000041ecffed30 00007ffa33c844ed
0x00000041ecffec30:   00000041ecffecf0 00007ffa33f1b0ec
0x00000041ecffec40:   000001ff969a4f48 000000000000000d
0x00000041ecffec50:   0000000000000006 0000000000000000
0x00000041ecffec60:   0000000000000006 0000000000000000
0x00000041ecffec70:   0000000000000000 0000000000000000
0x00000041ecffec80:   000001ff969a4b90 0000000000000000
0x00000041ecffec90:   000000000000000f 000001ffa67e8924
0x00000041ecffeca0:   000001ffa67e8924 000001ff969a4b90
0x00000041ecffecb0:   00000041ecffedb0 00007ffa33c84185
0x00000041ecffecc0:   00000041ecffece0 000001ff969a4b90
0x00000041ecffecd0:   0000000000000179 000001ff969a4b90
0x00000041ecffece0:   000002000c333498 000001ff969a4b90
0x00000041ecffecf0:   000001ffa67e8924 000001ffa67ecc7c
0x00000041ecffed00:   00009c2d3675755a 000002000c333498
0x00000041ecffed10:   00000041ecffedd8 000001ffa67e8924
0x00000041ecffed20:   0000000000000000 000001ffa67ece0b
0x00000041ecffed30:   000001ffa67e8924 000002000c333498
0x00000041ecffed40:   000002000c333498 0000000000000000
0x00000041ecffed50:   0000000000000000 000002000c352789
0x00000041ecffed60:   000001ffa67eca9f 00000041ecffed68
0x00000041ecffed70:   000002000c333498 0000000000000005
0x00000041ecffed80:   000002000c33b4a0 0000000000000000
0x00000041ecffed90:   00000006b0e3caa8 000002000c333498
0x00000041ecffeda0:   0000000000000000 00000041ecffedd0
0x00000041ecffedb0:   00000041ecffee28 000001ffa67e89b8 

Instructions: (pc=0x00007ff9dd67dc92)
0x00007ff9dd67db92:   c1 c3 cc cc cc cc cc cc cc cc cc cc cc cc 48 8b
0x00007ff9dd67dba2:   c1 c3 cc cc cc cc cc cc cc cc cc cc cc cc 48 8b
0x00007ff9dd67dbb2:   c1 c3 cc cc cc cc cc cc cc cc cc cc cc cc 40 53
0x00007ff9dd67dbc2:   48 83 ec 20 48 8b 01 48 8b d9 b2 0a 48 63 48 04
0x00007ff9dd67dbd2:   48 03 cb ff 15 65 77 cb 00 0f b6 d0 48 8b cb ff
0x00007ff9dd67dbe2:   15 39 77 cb 00 48 8b cb ff 15 28 77 cb 00 48 8b
0x00007ff9dd67dbf2:   c3 48 83 c4 20 5b c3 cc cc cc cc cc cc cc 48 8b
0x00007ff9dd67dc02:   c1 c3 cc cc cc cc cc cc cc cc cc cc cc cc 48 8b
0x00007ff9dd67dc12:   c1 c3 cc cc cc cc cc cc cc cc cc cc cc cc 48 8b
0x00007ff9dd67dc22:   02 48 39 01 48 0f 42 ca 48 8b c1 c3 cc cc 48 8b
0x00007ff9dd67dc32:   01 48 39 02 48 0f 42 ca 48 8b c1 c3 cc cc 33 c0
0x00007ff9dd67dc42:   48 89 01 48 89 41 10 48 89 41 18 48 8b c1 c3 cc
0x00007ff9dd67dc52:   cc cc cc cc cc cc cc cc cc cc cc cc cc cc 48 8b
0x00007ff9dd67dc62:   c1 c3 cc cc cc cc cc cc cc cc cc cc cc cc 48 89
0x00007ff9dd67dc72:   5c 24 10 48 89 6c 24 18 57 48 83 ec 20 33 c0 48
0x00007ff9dd67dc82:   8b fa 48 89 01 48 8b d9 48 89 41 10 48 89 41 18
0x00007ff9dd67dc92:   48 83 7a 18 10 48 8b 6a 10 72 03 48 8b 3a 48 89
0x00007ff9dd67dca2:   74 24 30 48 83 fd 10 73 0d 0f 10 07 be 0f 00 00
0x00007ff9dd67dcb2:   00 0f 11 01 eb 6f 48 b9 ff ff ff ff ff ff ff 7f
0x00007ff9dd67dcc2:   48 8b f5 48 83 ce 0f 48 3b f1 48 0f 47 f1 48 8d
0x00007ff9dd67dcd2:   4e 01 48 81 f9 00 10 00 00 72 2e 48 8d 41 27 48
0x00007ff9dd67dce2:   3b c1 76 61 48 8b c8 e8 ca bd 53 00 48 8b c8 48
0x00007ff9dd67dcf2:   85 c0 74 0e 48 83 c0 27 48 83 e0 e0 48 89 48 f8
0x00007ff9dd67dd02:   eb 11 ff 15 fe 78 cb 00 cc 48 85 c9 74 05 e8 a3
0x00007ff9dd67dd12:   bd 53 00 4c 8d 45 01 48 89 03 48 8b d7 48 8b c8
0x00007ff9dd67dd22:   e8 29 d9 53 00 48 89 6b 10 48 8b c3 48 89 73 18
0x00007ff9dd67dd32:   48 8b 74 24 30 48 8b 5c 24 38 48 8b 6c 24 40 48
0x00007ff9dd67dd42:   83 c4 20 5f c3 e8 a4 08 00 00 cc cc cc cc 40 53
0x00007ff9dd67dd52:   48 83 ec 20 33 c0 48 c7 41 18 0f 00 00 00 48 89
0x00007ff9dd67dd62:   01 48 8b d9 48 89 41 10 49 c7 c0 ff ff ff ff 49
0x00007ff9dd67dd72:   ff c0 42 38 04 02 75 f7 e8 c1 09 00 00 48 8b c3
0x00007ff9dd67dd82:   48 83 c4 20 5b c3 cc cc cc cc cc cc cc cc 4c 8b 


Stack slot to memory mapping:

stack at sp + 0 slots: 0x000001ff969a4b90 is a thread
stack at sp + 1 slots: 0x00007ff9dd835f80 points into unknown readable memory: 0x41575610245c8948 | 48 89 5c 24 10 56 57 41
stack at sp + 2 slots: 0x000001ff969a4b90 is a thread
stack at sp + 3 slots: 0x0 is null
stack at sp + 4 slots: 0x000001ffa67e8924 is at code_begin+1380 in an Interpreter codelet
return entry points  [0x000001ffa67e83c0, 0x000001ffa67e8f18]  2904 bytes
stack at sp + 5 slots: 0x00007ff9dd9f97c9 points into unknown readable memory: 48 8b c3 48 83 c4 20
stack at sp + 6 slots: 0x0000000000000006 is an unknown value
stack at sp + 7 slots: 0x00000041ecffec58 is pointing into the stack for thread: 0x000001ff969a4b90

native method entry point (kind = native)  [0x000001ffa67ec9e0, 0x000001ffa67ed508]  2856 bytes
[MachCode]
  0x000001ffa67ec9e0: 488b 4b08 | 0fb7 492e | 584c 8d74 | ccf8 6800 | 0000 0068 | 0000 0000 | 5055 488b | ec41 5568 
  0x000001ffa67eca00: 0000 0000 | 4c8b 6b08 | 4d8d 6d38 | 5348 8b53 | 0848 8b52 | 0848 8b52 | 1848 8b52 | 7048 8b12 
  0x000001ffa67eca20: 5248 8b53 | 1048 85d2 | 0f84 0700 | 0000 4881 | c208 0100 | 0052 488b | 5308 488b | 5208 488b 
  0x000001ffa67eca40: 5210 5249 | 8bc6 482b | c548 c1e8 | 0350 6800 | 0000 0068 | 0000 0000 | 4889 2424 | 41c6 8779 
  0x000001ffa67eca60: 0400 0001 | 488b 4310 | 4885 c074 | 208b 88cc | 0000 0083 | c102 8988 | cc00 0000 | 2388 e000 
  0x000001ffa67eca80: 0000 0f84 | cb09 0000 | e9cf 0000 | 0048 8b43 | 1848 85c0 | 0f85 b000 | 0000 e805 | 0000 00e9 
  0x000001ffa67ecaa0: 9900 0000 | 488b d348 | 8d44 2408 | 4c89 6dc0 | 498b cfc5 | f877 4989 | afa8 0300 | 0049 8987 
  0x000001ffa67ecac0: 9803 0000 | 4883 ec20 | 40f6 c40f | 0f84 1900 | 0000 4883 | ec08 48b8 | 301a c833 | fa7f 0000 
  0x000001ffa67ecae0: ffd0 4883 | c408 e90c | 0000 0048 | b830 1ac8 | 33fa 7f00 | 00ff d048 | 83c4 2049 | c787 9803 
  0x000001ffa67ecb00: 0000 0000 | 0000 49c7 | 87a8 0300 | 0000 0000 | 0049 c787 | a003 0000 | 0000 0000 | c5f8 7749 
  0x000001ffa67ecb20: 837f 0800 | 0f84 0500 | 0000 e9d1 | 43ff ff4c | 8b6d c04c | 8b75 c84e | 8d74 f500 | c348 8b43 
  0x000001ffa67ecb40: 1848 85c0 | 0f84 1200 | 0000 8b48 | 0883 c102 | 8948 0823 | 481c 0f84 | f708 0000 | 493b a7e8 
  0x000001ffa67ecb60: 0400 000f | 8748 0000 | 0089 8424 | 00f0 ffff | 8984 2400 | e0ff ff89 | 8424 00d0 | ffff 8984 
  0x000001ffa67ecb80: 2400 c0ff | ff89 8424 | 00b0 ffff | 8984 2400 | a0ff ff89 | 8424 0090 | ffff 8984 | 2400 80ff 
  0x000001ffa67ecba0: ff49 3ba7 | e004 0000 | 7607 4989 | a7e8 0400 | 0041 c687 | 7904 0000 | 0049 baae | 9a53 34fa 
  0x000001ffa67ecbc0: 7f00 0041 | 803a 000f | 843e 0000 | 0048 8b55 | e849 8bcf | 4883 ec20 | 40f6 c40f | 0f84 1900 
  0x000001ffa67ecbe0: 0000 4883 | ec08 48b8 | a0d6 fd33 | fa7f 0000 | ffd0 4883 | c408 e90c | 0000 0048 | b8a0 d6fd 
  0x000001ffa67ecc00: 33fa 7f00 | 00ff d048 | 83c4 2048 | 8b5d e84c | 8b5b 0845 | 0fb7 5b2e | 41c1 e303 | 492b e348 
  0x000001ffa67ecc20: 83ec 2048 | 83e4 f04c | 8b5b 604d | 85db 0f85 | ab00 0000 | e805 0000 | 00e9 9900 | 0000 488b 
  0x000001ffa67ecc40: d348 8d44 | 2408 4c89 | 6dc0 498b | cfc5 f877 | 4989 afa8 | 0300 0049 | 8987 9803 | 0000 4883 
  0x000001ffa67ecc60: ec20 40f6 | c40f 0f84 | 1900 0000 | 4883 ec08 | 48b8 1041 | c833 fa7f | 0000 ffd0 | 4883 c408 
  0x000001ffa67ecc80: e90c 0000 | 0048 b810 | 41c8 33fa | 7f00 00ff | d048 83c4 | 2049 c787 | 9803 0000 | 0000 0000 
  0x000001ffa67ecca0: 49c7 87a8 | 0300 0000 | 0000 0049 | c787 a003 | 0000 0000 | 0000 c5f8 | 7749 837f | 0800 0f84 
  0x000001ffa67eccc0: 0500 0000 | e937 42ff | ff4c 8b6d | c04c 8b75 | c84e 8d74 | f500 c348 | 8b5d e84c | 8b5b 6041 
  0x000001ffa67ecce0: ffd3 488b | 5de8 4889 | 4518 448b | 5b28 41f6 | c308 0f84 | 1b00 0000 | 4c8b 5b08 | 4d8b 5b08 
  0x000001ffa67ecd00: 4d8b 5b18 | 4d8b 5b70 | 4d8b 1b4c | 895d 1048 | 8d55 1048 | 8b43 5849 | baf0 2bfe | 33fa 7f00 
  0x000001ffa67ecd20: 0049 3bc2 | 0f85 ab00 | 0000 e805 | 0000 00e9 | 9900 0000 | 488b d348 | 8d44 2408 | 4c89 6dc0 
  0x000001ffa67ecd40: 498b cfc5 | f877 4989 | afa8 0300 | 0049 8987 | 9803 0000 | 4883 ec20 | 40f6 c40f | 0f84 1900 
  0x000001ffa67ecd60: 0000 4883 | ec08 48b8 | 1041 c833 | fa7f 0000 | ffd0 4883 | c408 e90c | 0000 0048 | b810 41c8 
  0x000001ffa67ecd80: 33fa 7f00 | 00ff d048 | 83c4 2049 | c787 9803 | 0000 0000 | 0000 49c7 | 87a8 0300 | 0000 0000 
  0x000001ffa67ecda0: 0049 c787 | a003 0000 | 0000 0000 | c5f8 7749 | 837f 0800 | 0f84 0500 | 0000 e941 | 41ff ff4c 
  0x000001ffa67ecdc0: 8b6d c04c | 8b75 c84e | 8d74 f500 | c348 8b5d | e848 8b43 | 5849 8d8f | b803 0000 | c5f8 7749 
  0x000001ffa67ecde0: 89af a803 | 0000 49ba | dccd 7ea6 | ff01 0000 | 4d89 97a0 | 0300 0049 | 89a7 9803 | 0000 41c7 
  0x000001ffa67ece00: 874c 0400 | 0004 0000 | 00ff d0c5 | f877 4883 | ec10 c5fb | 1104 2448 | 83ec 1048 | 8904 2448 
  0x000001ffa67ece20: c744 2408 | 0000 0000 | 41c7 874c | 0400 0005 | 0000 00f0 | 8344 24c0 | 0049 3baf | 5004 0000 
  0x000001ffa67ece40: 0f87 0e00 | 0000 4183 | bf48 0400 | 0000 0f84 | 2000 0000 | 498b cf4c | 8be4 4883 | ec20 4883 
  0x000001ffa67ece60: e4f0 48b8 | 2099 c933 | fa7f 0000 | ffd0 498b | e44d 33e4 | 41c7 874c | 0400 0008 | 0000 0049 
  0x000001ffa67ece80: c787 9803 | 0000 0000 | 0000 49c7 | 87a8 0300 | 0000 0000 | 0049 c787 | a003 0000 | 0000 0000 
  0x000001ffa67ecea0: c5f8 774d | 8b9f 2804 | 0000 41c7 | 8300 0100 | 0000 0000 | 0049 bb9a | a37e a6ff | 0100 004c 
  0x000001ffa67ecec0: 3b5d 180f | 8524 0200 | 0048 8b04 | 2448 83c4 | 1048 85c0 | 0f84 fe01 | 0000 a803 | 0f85 0800 
  0x000001ffa67ecee0: 0000 488b | 00e9 ee01 | 0000 a801 | 0f85 0900 | 0000 488b | 40fe e9dd | 0100 0048 | 8b40 ff41 
  0x000001ffa67ecf00: 807f 4000 | 0f84 ce01 | 0000 4883 | f800 0f84 | c401 0000 | 4d8b 5f28 | 4983 fb00 | 0f84 1400 
  0x000001ffa67ecf20: 0000 4983 | eb08 4d89 | 5f28 4d03 | 5f38 4989 | 03e9 a201 | 0000 4881 | ecd0 0000 | 0048 8904 
  0x000001ffa67ecf40: 2448 894c | 2408 4889 | 5424 1048 | 8974 2418 | 4889 7c24 | 204c 8944 | 2428 4c89 | 4c24 304c 
  0x000001ffa67ecf60: 8954 2438 | 4c89 5c24 | 40c5 fb11 | 4424 50c5 | fb11 4c24 | 58c5 fb11 | 5424 60c5 | fb11 5c24 
  0x000001ffa67ecf80: 68c5 fb11 | 6424 70c5 | fb11 6c24 | 78c5 fb11 | b424 8000 | 0000 c5fb | 11bc 2488 | 0000 00c5 
  0x000001ffa67ecfa0: 7b11 8424 | 9000 0000 | c57b 118c | 2498 0000 | 00c5 7b11 | 9424 a000 | 0000 c57b | 119c 24a8 
  0x000001ffa67ecfc0: 0000 00c5 | 7b11 a424 | b000 0000 | c57b 11ac | 24b8 0000 | 00c5 7b11 | b424 c000 | 0000 c57b 
  0x000001ffa67ecfe0: 11bc 24c8 | 0000 0049 | 8bd7 488b | c848 83ec | 2040 f6c4 | 0f0f 8419 | 0000 0048 | 83ec 0848 
  0x000001ffa67ed000: b8e0 08bd | 33fa 7f00 | 00ff d048 | 83c4 08e9 | 0c00 0000 | 48b8 e008 | bd33 fa7f | 0000 ffd0 
  0x000001ffa67ed020: 4883 c420 | c57b 10bc | 24c8 0000 | 00c5 7b10 | b424 c000 | 0000 c57b | 10ac 24b8 | 0000 00c5 
  0x000001ffa67ed040: 7b10 a424 | b000 0000 | c57b 109c | 24a8 0000 | 00c5 7b10 | 9424 a000 | 0000 c57b | 108c 2498 
  0x000001ffa67ed060: 0000 00c5 | 7b10 8424 | 9000 0000 | c5fb 10bc | 2488 0000 | 00c5 fb10 | b424 8000 | 0000 c5fb 
  0x000001ffa67ed080: 106c 2478 | c5fb 1064 | 2470 c5fb | 105c 2468 | c5fb 1054 | 2460 c5fb | 104c 2458 | c5fb 1044 
  0x000001ffa67ed0a0: 2450 4c8b | 5c24 404c | 8b54 2438 | 4c8b 4c24 | 304c 8b44 | 2428 488b | 7c24 2048 | 8b74 2418 
  0x000001ffa67ed0c0: 488b 5424 | 1048 8b4c | 2408 488b | 0424 4881 | c4d0 0000 | 00c5 f877 | 4889 4510 | 4883 ec10 
  0x000001ffa67ed0e0: 4889 0424 | 48c7 4424 | 0800 0000 | 0041 83bf | c804 0000 | 020f 85bf | 0000 0048 | 81ec 8000 
  0x000001ffa67ed100: 0000 4889 | 4424 7848 | 894c 2470 | 4889 5424 | 6848 895c | 2460 4889 | 6c24 5048 | 8974 2448 
  0x000001ffa67ed120: 4889 7c24 | 404c 8944 | 2438 4c89 | 4c24 304c | 8954 2428 | 4c89 5c24 | 204c 8964 | 2418 4c89 
  0x000001ffa67ed140: 6c24 104c | 8974 2408 | 4c89 3c24 | 4c8b e448 | 83ec 2048 | 83e4 f048 | b880 0efe | 33fa 7f00 
  0x000001ffa67ed160: 00ff d049 | 8be4 4c8b | 3c24 4c8b | 7424 084c | 8b6c 2410 | 4c8b 6424 | 184c 8b5c | 2420 4c8b 
  0x000001ffa67ed180: 5424 284c | 8b4c 2430 | 4c8b 4424 | 3848 8b7c | 2440 488b | 7424 4848 | 8b6c 2450 | 488b 5c24 
  0x000001ffa67ed1a0: 6048 8b54 | 2468 488b | 4c24 7048 | 8b44 2478 | 4881 c480 | 0000 004d | 33e4 488b | 5de8 4c8b 
  0x000001ffa67ed1c0: 6b08 4d8d | 6d38 4983 | 7f08 000f | 84bb 0000 | 00e8 0500 | 0000 e996 | 0000 0048 | 8d44 2408 
  0x000001ffa67ed1e0: 4c89 6dc0 | 498b cfc5 | f877 4989 | afa8 0300 | 0049 8987 | 9803 0000 | 4883 ec20 | 40f6 c40f 
  0x000001ffa67ed200: 0f84 1900 | 0000 4883 | ec08 48b8 | b05e c833 | fa7f 0000 | ffd0 4883 | c408 e90c | 0000 0048 
  0x000001ffa67ed220: b8b0 5ec8 | 33fa 7f00 | 00ff d048 | 83c4 2049 | c787 9803 | 0000 0000 | 0000 49c7 | 87a8 0300 
  0x000001ffa67ed240: 0000 0000 | 0049 c787 | a003 0000 | 0000 0000 | c5f8 7749 | 837f 0800 | 0f84 0500 | 0000 e99d 
  0x000001ffa67ed260: 3cff ff4c | 8b6d c04c | 8b75 c84e | 8d74 f500 | c348 b950 | e029 34fa | 7f00 0048 | 83e4 f048 
  0x000001ffa67ed280: b850 efec | 33fa 7f00 | 00ff d0f4 | 448b 5b28 | 41f6 c320 | 0f84 4401 | 0000 488d | 55a8 4c8b 
  0x000001ffa67ed2a0: 5a08 4d85 | db0f 85bb | 0000 00e8 | 0500 0000 | e996 0000 | 0048 8d44 | 2408 4c89 | 6dc0 498b 
  0x000001ffa67ed2c0: cfc5 f877 | 4989 afa8 | 0300 0049 | 8987 9803 | 0000 4883 | ec20 40f6 | c40f 0f84 | 1900 0000 
  0x000001ffa67ed2e0: 4883 ec08 | 48b8 e05d | c833 fa7f | 0000 ffd0 | 4883 c408 | e90c 0000 | 0048 b8e0 | 5dc8 33fa 
  0x000001ffa67ed300: 7f00 00ff | d048 83c4 | 2049 c787 | 9803 0000 | 0000 0000 | 49c7 87a8 | 0300 0000 | 0000 0049 
  0x000001ffa67ed320: c787 a003 | 0000 0000 | 0000 c5f8 | 7749 837f | 0800 0f84 | 0500 0000 | e9c3 3bff | ff4c 8b6d 
  0x000001ffa67ed340: c04c 8b75 | c84e 8d74 | f500 c348 | b950 e029 | 34fa 7f00 | 0048 83e4 | f048 b850 | efec 33fa 
  0x000001ffa67ed360: 7f00 00ff | d0f4 4c89 | 6dc0 488d | 024c 8b4a | 0848 c742 | 0800 0000 | 004c 8b00 | 4d85 c00f 
  0x000001ffa67ed380: 840b 0000 | 00f0 4d0f | b101 0f85 | 0c00 0000 | 49ff 8f50 | 0500 00e9 | 3e00 0000 | 4c89 4a08 
  0x000001ffa67ed3a0: 488b ca48 | 83ec 2040 | f6c4 0f0f | 8419 0000 | 0048 83ec | 0848 b800 | 31c8 33fa | 7f00 00ff 
  0x000001ffa67ed3c0: d048 83c4 | 08e9 0c00 | 0000 48b8 | 0031 c833 | fa7f 0000 | ffd0 4883 | c420 4c8b | 6dc0 49ba 
  0x000001ffa67ed3e0: ae9a 5334 | fa7f 0000 | 4180 3a00 | 0f84 3e00 | 0000 488b | 55e8 498b | cf48 83ec | 2040 f6c4 
  0x000001ffa67ed400: 0f0f 8419 | 0000 0048 | 83ec 0848 | b8a0 d6fd | 33fa 7f00 | 00ff d048 | 83c4 08e9 | 0c00 0000 
  0x000001ffa67ed420: 48b8 a0d6 | fd33 fa7f | 0000 ffd0 | 4883 c420 | 488b 0424 | 4883 c410 | c5fb 1004 | 2448 83c4 
  0x000001ffa67ed440: 104c 8b5d | 1841 ffd3 | 4c8b 5df8 | c95f 498b | e3ff e7ba | 0000 0000 | e805 0000 | 00e9 9600 
  0x000001ffa67ed460: 0000 488d | 4424 084c | 896d c049 | 8bcf c5f8 | 7749 89af | a803 0000 | 4989 8798 | 0300 0048 
  0x000001ffa67ed480: 83ec 2040 | f6c4 0f0f | 8419 0000 | 0048 83ec | 0848 b8c0 | 24c8 33fa | 7f00 00ff | d048 83c4 
  0x000001ffa67ed4a0: 08e9 0c00 | 0000 48b8 | c024 c833 | fa7f 0000 | ffd0 4883 | c420 49c7 | 8798 0300 | 0000 0000 
  0x000001ffa67ed4c0: 0049 c787 | a803 0000 | 0000 0000 | 49c7 87a0 | 0300 0000 | 0000 00c5 | f877 4983 | 7f08 000f 
  0x000001ffa67ed4e0: 8405 0000 | 00e9 163a | ffff 4c8b | 6dc0 4c8b | 75c8 4e8d | 74f5 00c3 | 488b 5de8 | e95b f6ff 
  0x000001ffa67ed500: ff0f 1f80 | 0000 0000 
[/MachCode]

Compiled method (c1) 3754964 22737       3       java.awt.AWTEventMulticaster::focusLost (27 bytes)
 total in heap  [0x000001ffa0886890,0x000001ffa0887040] = 1968
 relocation     [0x000001ffa08869f0,0x000001ffa0886a60] = 112
 main code      [0x000001ffa0886a60,0x000001ffa0886ef8] = 1176
 stub code      [0x000001ffa0886ef8,0x000001ffa0886f50] = 88
 metadata       [0x000001ffa0886f50,0x000001ffa0886f58] = 8
 scopes data    [0x000001ffa0886f58,0x000001ffa0886f90] = 56
 scopes pcs     [0x000001ffa0886f90,0x000001ffa0887020] = 144
 dependencies   [0x000001ffa0887020,0x000001ffa0887028] = 8
 nul chk table  [0x000001ffa0887028,0x000001ffa0887040] = 24

[Constant Pool (empty)]

[MachCode]
[Entry Point]
  # {method} {0x000001fffa611790} 'focusLost' '(Ljava/awt/event/FocusEvent;)V' in 'java/awt/AWTEventMulticaster'
  # this:     rdx:rdx   = 'java/awt/AWTEventMulticaster'
  # parm0:    r8:r8     = 'java/awt/event/FocusEvent'
  #           [sp+0x40]  (sp of caller)
  0x000001ffa0886a60: 448b 5208 | 49bb 0000 | 00b8 ff01 | 0000 4d03 | d34c 3bd0 

  0x000001ffa0886a74: ;   {runtime_call ic_miss_stub}
  0x000001ffa0886a74: 0f85 067d | fa05 660f | 1f44 0000 
[Verified Entry Point]
  0x000001ffa0886a80: 8984 2400 | 80ff ff55 | 4883 ec30 | 4181 7f20 | 0d00 0000 

  0x000001ffa0886a94: ;   {runtime_call StubRoutines (final stubs)}
  0x000001ffa0886a94: 7405 e8c5 

  0x000001ffa0886a98: ;   {metadata(method data for {method} {0x000001fffa611790} 'focusLost' '(Ljava/awt/event/FocusEvent;)V' in 'java/awt/AWTEventMulticaster')}
  0x000001ffa0886a98: e2f8 0548 | be88 a0fd | 0b00 0200 | 008b becc | 0000 0083 | c702 89be | cc00 0000 | 81e7 fe07 
  0x000001ffa0886ab8: 0000 83ff | 000f 84b4 | 0300 008b | 720c 48c1 | e603 4883 | fe00 7516 

  0x000001ffa0886ad0: ;   {metadata(method data for {method} {0x000001fffa611790} 'focusLost' '(Ljava/awt/event/FocusEvent;)V' in 'java/awt/AWTEventMulticaster')}
  0x000001ffa0886ad0: 48bb 88a0 | fd0b 0002 | 0000 808b | 0901 0000 | 01e9 e800 

  0x000001ffa0886ae4: ;   {metadata('java/awt/event/FocusListener')}
  0x000001ffa0886ae4: 0000 48b8 | a88f 0bb9 | ff01 0000 | 8b5e 0849 | ba00 0000 | b8ff 0100 | 0049 03da | 483b 4320 
  0x000001ffa0886b04: 0f84 1b00 | 0000 483b | d80f 8412 | 0000 0053 

  0x000001ffa0886b14: ;   {runtime_call slow_subtype_check Runtime1 stub}
  0x000001ffa0886b14: 50e8 66fa | 0606 5b5b | 83fb 000f | 848d 0000 

  0x000001ffa0886b24: ;   {metadata(method data for {method} {0x000001fffa611790} 'focusLost' '(Ljava/awt/event/FocusEvent;)V' in 'java/awt/AWTEventMulticaster')}
  0x000001ffa0886b24: 0048 bb88 | a0fd 0b00 | 0200 008b | 4608 49ba | 0000 00b8 | ff01 0000 | 4903 c248 | 3b83 2001 
  0x000001ffa0886b44: 0000 750d | 4883 8328 | 0100 0001 | e979 0000 | 0048 3b83 | 3001 0000 | 750d 4883 | 8338 0100 
  0x000001ffa0886b64: 0001 e963 | 0000 0048 | 83bb 2001 | 0000 0075 | 1748 8983 | 2001 0000 | 48c7 8328 | 0100 0001 
  0x000001ffa0886b84: 0000 00e9 | 4200 0000 | 4883 bb30 | 0100 0000 | 7517 4889 | 8330 0100 | 0048 c783 | 3801 0000 
  0x000001ffa0886ba4: 0100 0000 | e921 0000 | 00e9 1c00 

  0x000001ffa0886bb0: ;   {metadata(method data for {method} {0x000001fffa611790} 'focusLost' '(Ljava/awt/event/FocusEvent;)V' in 'java/awt/AWTEventMulticaster')}
  0x000001ffa0886bb0: 0000 48bb | 88a0 fd0b | 0002 0000 | 4883 ab10 | 0100 0001 | e9cf 0200 | 00e9 0000 | 0000 483b 
  0x000001ffa0886bd0: 0648 8bfe 

  0x000001ffa0886bd4: ;   {metadata(method data for {method} {0x000001fffa611790} 'focusLost' '(Ljava/awt/event/FocusEvent;)V' in 'java/awt/AWTEventMulticaster')}
  0x000001ffa0886bd4: 48bb 88a0 | fd0b 0002 | 0000 8b7f | 0849 ba00 | 0000 b8ff | 0100 0049 | 03fa 483b | bb58 0100 
  0x000001ffa0886bf4: 0075 0d48 | 8383 6001 | 0000 01e9 | 6000 0000 | 483b bb68 | 0100 0075 | 0d48 8383 | 7001 0000 
  0x000001ffa0886c14: 01e9 4a00 | 0000 4883 | bb58 0100 | 0000 7517 | 4889 bb58 | 0100 0048 | c783 6001 | 0000 0100 
  0x000001ffa0886c34: 0000 e929 | 0000 0048 | 83bb 6801 | 0000 0075 | 1748 89bb | 6801 0000 | 48c7 8370 | 0100 0001 
  0x000001ffa0886c54: 0000 00e9 | 0800 0000 | 4883 8348 | 0100 0001 | 498b f84c | 8bc7 4889 | 5424 1848 | 8bd6 4889 
  0x000001ffa0886c74: 7c24 2066 | 0f1f 4400 | 0048 b810 | 0da5 0700 

  0x000001ffa0886c84: ;   {virtual_call}
  0x000001ffa0886c84: 0200 00e8 

  0x000001ffa0886c88: ; ImmutableOopMap {[24]=Oop [32]=Oop }
                      ;*invokeinterface focusLost {reexecute=0 rethrow=0 return_oop=0}
                      ; - java.awt.AWTEventMulticaster::focusLost@8 (line 237)
  0x000001ffa0886c88: b458 0706 

  0x000001ffa0886c8c: ;   {other}
  0x000001ffa0886c8c: 0f1f 8400 | fc03 0000 | 488b 5424 | 1844 8b42 | 1049 c1e0 | 0349 83f8 

  0x000001ffa0886ca4: ;   {metadata(method data for {method} {0x000001fffa611790} 'focusLost' '(Ljava/awt/event/FocusEvent;)V' in 'java/awt/AWTEventMulticaster')}
  0x000001ffa0886ca4: 0075 1648 | be88 a0fd | 0b00 0200 | 0080 8e79 | 0100 0001 | e9ea 0000 

  0x000001ffa0886cbc: ;   {metadata('java/awt/event/FocusListener')}
  0x000001ffa0886cbc: 0048 bfa8 | 8f0b b9ff | 0100 0041 | 8b70 0849 | ba00 0000 | b8ff 0100 | 0049 03f2 | 483b 7e20 
  0x000001ffa0886cdc: 0f84 1b00 | 0000 483b | f70f 8412 | 0000 0056 

  0x000001ffa0886cec: ;   {runtime_call slow_subtype_check Runtime1 stub}
  0x000001ffa0886cec: 57e8 8ef8 | 0606 5e5e | 83fe 000f | 848e 0000 

  0x000001ffa0886cfc: ;   {metadata(method data for {method} {0x000001fffa611790} 'focusLost' '(Ljava/awt/event/FocusEvent;)V' in 'java/awt/AWTEventMulticaster')}
  0x000001ffa0886cfc: 0048 be88 | a0fd 0b00 | 0200 0041 | 8b78 0849 | ba00 0000 | b8ff 0100 | 0049 03fa | 483b be90 
  0x000001ffa0886d1c: 0100 0075 | 0d48 8386 | 9801 0000 | 01e9 7900 | 0000 483b | bea0 0100 | 0075 0d48 | 8386 a801 
  0x000001ffa0886d3c: 0000 01e9 | 6300 0000 | 4883 be90 | 0100 0000 | 7517 4889 | be90 0100 | 0048 c786 | 9801 0000 
  0x000001ffa0886d5c: 0100 0000 | e942 0000 | 0048 83be | a001 0000 | 0075 1748 | 89be a001 | 0000 48c7 | 86a8 0100 
  0x000001ffa0886d7c: 0001 0000 | 00e9 2100 | 0000 e91c 

  0x000001ffa0886d88: ;   {metadata(method data for {method} {0x000001fffa611790} 'focusLost' '(Ljava/awt/event/FocusEvent;)V' in 'java/awt/AWTEventMulticaster')}
  0x000001ffa0886d88: 0000 0048 | be88 a0fd | 0b00 0200 | 0048 83ae | 8001 0000 | 01e9 0401 | 0000 e900 | 0000 0049 
  0x000001ffa0886da8: 8bd0 483b | 024c 8bc2 

  0x000001ffa0886db0: ;   {metadata(method data for {method} {0x000001fffa611790} 'focusLost' '(Ljava/awt/event/FocusEvent;)V' in 'java/awt/AWTEventMulticaster')}
  0x000001ffa0886db0: 48be 88a0 | fd0b 0002 | 0000 458b | 4008 49ba | 0000 00b8 | ff01 0000 | 4d03 c24c | 3b86 c801 
  0x000001ffa0886dd0: 0000 750d | 4883 86d0 | 0100 0001 | e960 0000 | 004c 3b86 | d801 0000 | 750d 4883 | 86e0 0100 
  0x000001ffa0886df0: 0001 e94a | 0000 0048 | 83be c801 | 0000 0075 | 174c 8986 | c801 0000 | 48c7 86d0 | 0100 0001 
  0x000001ffa0886e10: 0000 00e9 | 2900 0000 | 4883 bed8 | 0100 0000 | 7517 4c89 | 86d8 0100 | 0048 c786 | e001 0000 
  0x000001ffa0886e30: 0100 0000 | e908 0000 | 0048 8386 | b801 0000 | 014c 8b44 | 2420 0f1f | 8000 0000 | 0048 b8e0 
  0x000001ffa0886e50: 06a5 0700 

  0x000001ffa0886e54: ;   {virtual_call}
  0x000001ffa0886e54: 0200 00e8 

  0x000001ffa0886e58: ; ImmutableOopMap {}
                      ;*invokeinterface focusLost {reexecute=0 rethrow=0 return_oop=0}
                      ; - java.awt.AWTEventMulticaster::focusLost@21 (line 238)
  0x000001ffa0886e58: e456 0706 

  0x000001ffa0886e5c: ;   {other}
  0x000001ffa0886e5c: 0f1f 8400 | cc05 0001 | 4883 c430 

  0x000001ffa0886e68: ;   {poll_return}
  0x000001ffa0886e68: 5d49 3ba7 | 5004 0000 | 0f87 3e00 

  0x000001ffa0886e74: ;   {metadata({method} {0x000001fffa611790} 'focusLost' '(Ljava/awt/event/FocusEvent;)V' in 'java/awt/AWTEventMulticaster')}
  0x000001ffa0886e74: 0000 c349 | ba88 1761 | faff 0100 | 004c 8954 | 2408 48c7 | 0424 ffff 

  0x000001ffa0886e8c: ;   {runtime_call counter_overflow Runtime1 stub}
  0x000001ffa0886e8c: ffff e8ed 

  0x000001ffa0886e90: ; ImmutableOopMap {rdx=Oop r8=Oop }
                      ;*synchronization entry
                      ; - java.awt.AWTEventMulticaster::focusLost@-1 (line 237)
  0x000001ffa0886e90: 2707 06e9 | 2bfc ffff | 4889 3424 

  0x000001ffa0886e9c: ;   {runtime_call throw_class_cast_exception Runtime1 stub}
  0x000001ffa0886e9c: e8df f006 

  0x000001ffa0886ea0: ; ImmutableOopMap {rdx=Oop r8=Oop }
                      ;*checkcast {reexecute=0 rethrow=0 return_oop=0}
                      ; - java.awt.AWTEventMulticaster::focusLost@4 (line 237)
                      ;   {runtime_call throw_null_pointer_exception Runtime1 stub}
  0x000001ffa0886ea0: 06e8 5ab5 

  0x000001ffa0886ea4: ; ImmutableOopMap {rdx=Oop r8=Oop rsi=Oop }
                      ;*invokeinterface focusLost {reexecute=0 rethrow=0 return_oop=0}
                      ; - java.awt.AWTEventMulticaster::focusLost@8 (line 237)
  0x000001ffa0886ea4: 0606 4c89 

  0x000001ffa0886ea8: ;   {runtime_call throw_class_cast_exception Runtime1 stub}
  0x000001ffa0886ea8: 0424 e8d1 

  0x000001ffa0886eac: ; ImmutableOopMap {[32]=Oop }
                      ;*checkcast {reexecute=0 rethrow=0 return_oop=0}
                      ; - java.awt.AWTEventMulticaster::focusLost@17 (line 238)
                      ;   {runtime_call throw_null_pointer_exception Runtime1 stub}
  0x000001ffa0886eac: f006 06e8 

  0x000001ffa0886eb0: ; ImmutableOopMap {rdx=Oop [32]=Oop }
                      ;*invokeinterface focusLost {reexecute=0 rethrow=0 return_oop=0}
                      ; - java.awt.AWTEventMulticaster::focusLost@21 (line 238)
  0x000001ffa0886eb0: 4cb5 0606 

  0x000001ffa0886eb4: ;   {internal_word}
  0x000001ffa0886eb4: 49ba 696e | 88a0 ff01 | 0000 4d89 | 9768 0400 

  0x000001ffa0886ec4: ;   {runtime_call SafepointBlob}
  0x000001ffa0886ec4: 00e9 36e8 | fa05 498b | 8700 0500 | 0049 c787 | 0005 0000 | 0000 0000 | 49c7 8708 | 0500 0000 
  0x000001ffa0886ee4: 0000 0048 | 83c4 305d 

  0x000001ffa0886eec: ;   {runtime_call unwind_exception Runtime1 stub}
  0x000001ffa0886eec: e90f 9406 | 06f4 f4f4 | f4f4 f4f4 
[Stub Code]
  0x000001ffa0886ef8: ;   {no_reloc}
  0x000001ffa0886ef8: 0f1f 4400 

  0x000001ffa0886efc: ;   {static_stub}
  0x000001ffa0886efc: 0048 bb00 | 0000 0000 

  0x000001ffa0886f04: ;   {runtime_call}
  0x000001ffa0886f04: 0000 00e9 | fbff ffff 

  0x000001ffa0886f0c: ;   {static_stub}
  0x000001ffa0886f0c: 9048 bb00 | 0000 0000 

  0x000001ffa0886f14: ;   {runtime_call}
  0x000001ffa0886f14: 0000 00e9 | fbff ffff 
[Exception Handler]
  0x000001ffa0886f1c: ;   {runtime_call handle_exception_from_callee Runtime1 stub}
  0x000001ffa0886f1c: e85f ea06 

  0x000001ffa0886f20: ;   {external_word}
  0x000001ffa0886f20: 0648 b950 | e029 34fa | 7f00 0048 

  0x000001ffa0886f2c: ;   {runtime_call}
  0x000001ffa0886f2c: 83e4 f048 | b850 efec | 33fa 7f00 | 00ff d0f4 
[Deopt Handler Code]
  0x000001ffa0886f3c: ;   {section_word}
  0x000001ffa0886f3c: 49ba 3c6f | 88a0 ff01 | 0000 4152 

  0x000001ffa0886f48: ;   {runtime_call DeoptimizationBlob}
  0x000001ffa0886f48: e953 dafa | 05f4 f4f4 
[/MachCode]


Compiled method (c1) 3755015 23111       3       java.awt.Component::processFocusEvent (58 bytes)
 total in heap  [0x000001ffa15bf410,0x000001ffa15bfaf8] = 1768
 relocation     [0x000001ffa15bf570,0x000001ffa15bf5d8] = 104
 main code      [0x000001ffa15bf5e0,0x000001ffa15bf9b8] = 984
 stub code      [0x000001ffa15bf9b8,0x000001ffa15bfa10] = 88
 metadata       [0x000001ffa15bfa10,0x000001ffa15bfa20] = 16
 scopes data    [0x000001ffa15bfa20,0x000001ffa15bfa50] = 48
 scopes pcs     [0x000001ffa15bfa50,0x000001ffa15bfad0] = 128
 dependencies   [0x000001ffa15bfad0,0x000001ffa15bfad8] = 8
 nul chk table  [0x000001ffa15bfad8,0x000001ffa15bfaf8] = 32

[Constant Pool (empty)]

[MachCode]
[Entry Point]
  # {method} {0x000001fff907ad60} 'processFocusEvent' '(Ljava/awt/event/FocusEvent;)V' in 'java/awt/Component'
  # this:     rdx:rdx   = 'java/awt/Component'
  # parm0:    r8:r8     = 'java/awt/event/FocusEvent'
  #           [sp+0x40]  (sp of caller)
  0x000001ffa15bf5e0: 448b 5208 | 49bb 0000 | 00b8 ff01 | 0000 4d03 | d34c 3bd0 

  0x000001ffa15bf5f4: ;   {runtime_call ic_miss_stub}
  0x000001ffa15bf5f4: 0f85 86f1 | 2605 660f | 1f44 0000 
[Verified Entry Point]
  0x000001ffa15bf600: 8984 2400 | 80ff ff55 | 4883 ec30 | 4181 7f20 | 0d00 0000 

  0x000001ffa15bf614: ;   {runtime_call StubRoutines (final stubs)}
  0x000001ffa15bf614: 7405 e845 

  0x000001ffa15bf618: ;   {metadata(method data for {method} {0x000001fff907ad60} 'processFocusEvent' '(Ljava/awt/event/FocusEvent;)V' in 'java/awt/Component')}
  0x000001ffa15bf618: 5725 0548 | bed0 67fe | 0b00 0200 | 008b becc | 0000 0083 | c702 89be | cc00 0000 | 81e7 fe07 
  0x000001ffa15bf638: 0000 83ff | 000f 84ec | 0200 008b | b294 0000 | 0048 c1e6 | 0348 83fe 

  0x000001ffa15bf650: ;   {metadata(method data for {method} {0x000001fff907ad60} 'processFocusEvent' '(Ljava/awt/event/FocusEvent;)V' in 'java/awt/Component')}
  0x000001ffa15bf650: 0048 bad0 | 67fe 0b00 | 0200 0048 | bf10 0100 | 0000 0000 | 000f 840a | 0000 0048 | bf20 0100 
  0x000001ffa15bf670: 0000 0000 | 0048 8b1c | 3a48 8d5b | 0148 891c | 3a0f 8495 | 0200 0049 | 3b00 498b 

  0x000001ffa15bf68c: ;   {metadata(method data for {method} {0x000001fff907ad60} 'processFocusEvent' '(Ljava/awt/event/FocusEvent;)V' in 'java/awt/Component')}
  0x000001ffa15bf68c: d048 bfd0 | 67fe 0b00 | 0200 008b | 5208 49ba | 0000 00b8 | ff01 0000 | 4903 d248 | 3b97 4001 
  0x000001ffa15bf6ac: 0000 750d | 4883 8748 | 0100 0001 | e960 0000 | 0048 3b97 | 5001 0000 | 750d 4883 | 8758 0100 
  0x000001ffa15bf6cc: 0001 e94a | 0000 0048 | 83bf 4001 | 0000 0075 | 1748 8997 | 4001 0000 | 48c7 8748 | 0100 0001 
  0x000001ffa15bf6ec: 0000 00e9 | 2900 0000 | 4883 bf50 | 0100 0000 | 7517 4889 | 9750 0100 | 0048 c787 | 5801 0000 
  0x000001ffa15bf70c: 0100 0000 | e908 0000 | 0048 8387 | 3001 0000 | 0141 8b50 

  0x000001ffa15bf720: ;   {metadata(method data for {method} {0x000001fff907ad60} 'processFocusEvent' '(Ljava/awt/event/FocusEvent;)V' in 'java/awt/Component')}
  0x000001ffa15bf720: 1048 bfd0 | 67fe 0b00 | 0200 0048 | bb70 0100 | 0000 0000 | 0081 faec | 0300 0048 | 8bc3 48bb 
  0x000001ffa15bf740: 8001 0000 | 0000 0000 | 480f 45d8 | 81fa ed03 | 0000 488b | c348 bb90 | 0100 0000 | 0000 0048 
  0x000001ffa15bf760: 0f45 d848 | 8b04 1f49 | ba01 0000 | 0000 0000 | 0049 03c2 | 4889 041f | 81fa ec03 | 0000 0f84 
  0x000001ffa15bf780: d300 0000 | 81fa ed03 | 0000 0f85 | 8c01 0000 

  0x000001ffa15bf790: ; implicit exception: dispatches to 0x000001ffa15bf955
  0x000001ffa15bf790: 483b 0648 

  0x000001ffa15bf794: ;   {metadata(method data for {method} {0x000001fff907ad60} 'processFocusEvent' '(Ljava/awt/event/FocusEvent;)V' in 'java/awt/Component')}
  0x000001ffa15bf794: 8bd6 48bf | d067 fe0b | 0002 0000 | 8b52 0849 | ba00 0000 | b8ff 0100 | 0049 03d2 | 483b 9708 
  0x000001ffa15bf7b4: 0200 0075 | 0d48 8387 | 1002 0000 | 01e9 6000 | 0000 483b | 9718 0200 | 0075 0d48 | 8387 2002 
  0x000001ffa15bf7d4: 0000 01e9 | 4a00 0000 | 4883 bf08 | 0200 0000 | 7517 4889 | 9708 0200 | 0048 c787 | 1002 0000 
  0x000001ffa15bf7f4: 0100 0000 | e929 0000 | 0048 83bf | 1802 0000 | 0075 1748 | 8997 1802 | 0000 48c7 | 8720 0200 
  0x000001ffa15bf814: 0001 0000 | 00e9 0800 | 0000 4883 | 87f8 0100 | 0001 488b | d60f 1f40 | 0048 b8e0 | 3dc4 1000 
  0x000001ffa15bf834: ;   {virtual_call}
  0x000001ffa15bf834: 0200 00e8 

  0x000001ffa15bf838: ; ImmutableOopMap {}
                      ;*invokeinterface focusLost {reexecute=0 rethrow=0 return_oop=0}
                      ; - java.awt.Component::processFocusEvent@52 (line 6513)
  0x000001ffa15bf838: 04cd 3305 

  0x000001ffa15bf83c: ;   {other}
  0x000001ffa15bf83c: 0f1f 8400 | 2c04 0000 | 4883 c430 

  0x000001ffa15bf848: ;   {poll_return}
  0x000001ffa15bf848: 5d49 3ba7 | 5004 0000 | 0f87 0401 | 0000 c348 | 3b06 488b 

  0x000001ffa15bf85c: ;   {metadata(method data for {method} {0x000001fff907ad60} 'processFocusEvent' '(Ljava/awt/event/FocusEvent;)V' in 'java/awt/Component')}
  0x000001ffa15bf85c: d648 bfd0 | 67fe 0b00 | 0200 008b | 5208 49ba | 0000 00b8 | ff01 0000 | 4903 d248 | 3b97 b801 
  0x000001ffa15bf87c: 0000 750d | 4883 87c0 | 0100 0001 | e960 0000 | 0048 3b97 | c801 0000 | 750d 4883 | 87d0 0100 
  0x000001ffa15bf89c: 0001 e94a | 0000 0048 | 83bf b801 | 0000 0075 | 1748 8997 | b801 0000 | 48c7 87c0 | 0100 0001 
  0x000001ffa15bf8bc: 0000 00e9 | 2900 0000 | 4883 bfc8 | 0100 0000 | 7517 4889 | 97c8 0100 | 0048 c787 | d001 0000 
  0x000001ffa15bf8dc: 0100 0000 | e908 0000 | 0048 8387 | a801 0000 | 0148 8bd6 | 0f1f 4400 | 0048 b850 | 2bc4 1000 
  0x000001ffa15bf8fc: ;   {virtual_call}
  0x000001ffa15bf8fc: 0200 00e8 

  0x000001ffa15bf900: ; ImmutableOopMap {}
                      ;*invokeinterface focusGained {reexecute=0 rethrow=0 return_oop=0}
                      ; - java.awt.Component::processFocusEvent@42 (line 6510)
  0x000001ffa15bf900: 1cc8 3305 

  0x000001ffa15bf904: ;   {other}
  0x000001ffa15bf904: 0f1f 8400 | f404 0001 

  0x000001ffa15bf90c: ;   {metadata(method data for {method} {0x000001fff907ad60} 'processFocusEvent' '(Ljava/awt/event/FocusEvent;)V' in 'java/awt/Component')}
  0x000001ffa15bf90c: 48be d067 | fe0b 0002 | 0000 ff86 | e001 0000 | 4883 c430 

  0x000001ffa15bf920: ;   {poll_return}
  0x000001ffa15bf920: 5d49 3ba7 | 5004 0000 | 0f87 4700 

  0x000001ffa15bf92c: ;   {metadata({method} {0x000001fff907ad60} 'processFocusEvent' '(Ljava/awt/event/FocusEvent;)V' in 'java/awt/Component')}
  0x000001ffa15bf92c: 0000 c349 | ba58 ad07 | f9ff 0100 | 004c 8954 | 2408 48c7 | 0424 ffff 

  0x000001ffa15bf944: ;   {runtime_call counter_overflow Runtime1 stub}
  0x000001ffa15bf944: ffff e835 

  0x000001ffa15bf948: ; ImmutableOopMap {rdx=Oop r8=Oop }
                      ;*synchronization entry
                      ; - java.awt.Component::processFocusEvent@-1 (line 6505)
  0x000001ffa15bf948: 9d33 05e9 | f3fc ffff 

  0x000001ffa15bf950: ;   {runtime_call throw_null_pointer_exception Runtime1 stub}
  0x000001ffa15bf950: e8ab 2a33 

  0x000001ffa15bf954: ; ImmutableOopMap {rsi=Oop r8=Oop }
                      ;*invokevirtual getID {reexecute=0 rethrow=0 return_oop=0}
                      ; - java.awt.Component::processFocusEvent@10 (line 6507)
                      ;   {runtime_call throw_null_pointer_exception Runtime1 stub}
  0x000001ffa15bf954: 05e8 a62a 

  0x000001ffa15bf958: ; ImmutableOopMap {r8=Oop rsi=Oop }
                      ;*invokeinterface focusLost {reexecute=0 rethrow=0 return_oop=0}
                      ; - java.awt.Component::processFocusEvent@52 (line 6513)
                      ;   {internal_word}
  0x000001ffa15bf958: 3305 49ba | 49f8 5ba1 | ff01 0000 | 4d89 9768 

  0x000001ffa15bf968: ;   {runtime_call SafepointBlob}
  0x000001ffa15bf968: 0400 00e9 | 905d 2705 

  0x000001ffa15bf970: ;   {runtime_call throw_null_pointer_exception Runtime1 stub}
  0x000001ffa15bf970: e88b 2a33 

  0x000001ffa15bf974: ; ImmutableOopMap {r8=Oop rsi=Oop }
                      ;*invokeinterface focusGained {reexecute=0 rethrow=0 return_oop=0}
                      ; - java.awt.Component::processFocusEvent@42 (line 6510)
                      ;   {internal_word}
  0x000001ffa15bf974: 0549 ba21 | f95b a1ff | 0100 004d | 8997 6804 

  0x000001ffa15bf984: ;   {runtime_call SafepointBlob}
  0x000001ffa15bf984: 0000 e975 | 5d27 0549 | 8b87 0005 | 0000 49c7 | 8700 0500 | 0000 0000 | 0049 c787 | 0805 0000 
  0x000001ffa15bf9a4: 0000 0000 | 4883 c430 

  0x000001ffa15bf9ac: ;   {runtime_call unwind_exception Runtime1 stub}
  0x000001ffa15bf9ac: 5de9 4e09 | 3305 f4f4 | f4f4 f4f4 
[Stub Code]
  0x000001ffa15bf9b8: ;   {no_reloc}
  0x000001ffa15bf9b8: 0f1f 4400 

  0x000001ffa15bf9bc: ;   {static_stub}
  0x000001ffa15bf9bc: 0048 bb00 | 0000 0000 

  0x000001ffa15bf9c4: ;   {runtime_call}
  0x000001ffa15bf9c4: 0000 00e9 | fbff ffff 

  0x000001ffa15bf9cc: ;   {static_stub}
  0x000001ffa15bf9cc: 9048 bb00 | 0000 0000 

  0x000001ffa15bf9d4: ;   {runtime_call}
  0x000001ffa15bf9d4: 0000 00e9 | fbff ffff 
[Exception Handler]
  0x000001ffa15bf9dc: ;   {runtime_call handle_exception_from_callee Runtime1 stub}
  0x000001ffa15bf9dc: e89f 5f33 

  0x000001ffa15bf9e0: ;   {external_word}
  0x000001ffa15bf9e0: 0548 b950 | e029 34fa | 7f00 0048 

  0x000001ffa15bf9ec: ;   {runtime_call}
  0x000001ffa15bf9ec: 83e4 f048 | b850 efec | 33fa 7f00 | 00ff d0f4 
[Deopt Handler Code]
  0x000001ffa15bf9fc: ;   {section_word}
  0x000001ffa15bf9fc: 49ba fcf9 | 5ba1 ff01 | 0000 4152 

  0x000001ffa15bfa08: ;   {runtime_call DeoptimizationBlob}
  0x000001ffa15bfa08: e993 4f27 | 05f4 f4f4 
[/MachCode]


---------------  P R O C E S S  ---------------

Threads class SMR info:
_java_thread_list=0x000002000fbf71c0, length=64, elements={
0x000001ff959de6d0, 0x000001ff93dcf270, 0x000001ff9698c260, 0x000001ff96992930,
0x000001ff96993390, 0x000001ff9699da60, 0x000001ff969a65d0, 0x000001ff969a8850,
0x000001ff969ad800, 0x000001ff969a3e70, 0x000001ff969a4500, 0x000001ff969a3150,
0x000001ff969a58b0, 0x000001ff969a37e0, 0x000001ff969a5220, 0x000001ff969a5f40,
0x000001ff969a4b90, 0x000001ffff19be50, 0x000001ffff19a410, 0x000001ffff19aaa0,
0x000001ffff19b7c0, 0x000001ffff199060, 0x000001ffff19fff0, 0x000001ffff19df20,
0x000001ffff19d200, 0x000001ffff19d890, 0x000001ffff19f2d0, 0x000001ff8ab5b7c0,
0x000001ff83c537f0, 0x000001ff83c55f50, 0x000001ff83c53160, 0x0000020006bb4e60,
0x0000020006bb9000, 0x0000020006bb2d90, 0x000001ffff19ec40, 0x000001ffff1996f0,
0x0000020006bb3420, 0x0000020009c43860, 0x0000020009c3cf60, 0x0000020009c3dc80,
0x0000020009c3e310, 0x0000020009c3f6c0, 0x0000020009c41e20, 0x0000020006bb6f30,
0x0000020006bb75c0, 0x000001ffff19c4e0, 0x000001ff808cee50, 0x000001ff808cd410,
0x000001ff8ab59d80, 0x000001ff8ab5c4e0, 0x0000020009c3d5f0, 0x0000020009c41100,
0x000001ffff19e5b0, 0x00000200094df320, 0x00000200094e13f0, 0x00000200094e0040,
0x00000200094df9b0, 0x00000200094e0d60, 0x00000200094e2110, 0x00000200094dd8e0,
0x0000020006bb6210, 0x0000020009c41790, 0x00000200094de600, 0x00000200094e06d0
}

Java Threads: ( => current thread )
  0x000001ff959de6d0 JavaThread "main"                              [_thread_blocked, id=14280, stack(0x00000041e3600000,0x00000041e3700000) (1024K)]
  0x000001ff93dcf270 JavaThread "Reference Handler"          daemon [_thread_blocked, id=9612, stack(0x00000041e3e00000,0x00000041e4800000) (10240K)]
  0x000001ff9698c260 JavaThread "Finalizer"                  daemon [_thread_blocked, id=11076, stack(0x00000041e4800000,0x00000041e5200000) (10240K)]
  0x000001ff96992930 JavaThread "Signal Dispatcher"          daemon [_thread_blocked, id=10472, stack(0x00000041e5200000,0x00000041e5c00000) (10240K)]
  0x000001ff96993390 JavaThread "Attach Listener"            daemon [_thread_blocked, id=8, stack(0x00000041e5c00000,0x00000041e6600000) (10240K)]
  0x000001ff9699da60 JavaThread "Service Thread"             daemon [_thread_blocked, id=9332, stack(0x00000041e6600000,0x00000041e7000000) (10240K)]
  0x000001ff969a65d0 JavaThread "Monitor Deflation Thread"   daemon [_thread_blocked, id=17024, stack(0x00000041e7000000,0x00000041e7a00000) (10240K)]
  0x000001ff969a8850 JavaThread "C2 CompilerThread0"         daemon [_thread_blocked, id=11996, stack(0x00000041e7a00000,0x00000041e7b00000) (1024K)]
  0x000001ff969ad800 JavaThread "C1 CompilerThread0"         daemon [_thread_blocked, id=6064, stack(0x00000041e7b00000,0x00000041e7c00000) (1024K)]
  0x000001ff969a3e70 JavaThread "StringDedupThread"          daemon [_thread_blocked, id=13088, stack(0x00000041e7c00000,0x00000041e8600000) (10240K)]
  0x000001ff969a4500 JavaThread "Common-Cleaner"             daemon [_thread_blocked, id=9316, stack(0x00000041e8600000,0x00000041e9000000) (10240K)]
  0x000001ff969a3150 JavaThread "Notification Thread"        daemon [_thread_blocked, id=13292, stack(0x00000041e9000000,0x00000041e9a00000) (10240K)]
  0x000001ff969a58b0 JavaThread "Java2D Disposer"            daemon [_thread_blocked, id=6204, stack(0x00000041e9a00000,0x00000041ea400000) (10240K)]
  0x000001ff969a37e0 JavaThread "AWT-Windows"                daemon [_thread_in_native, id=9260, stack(0x00000041eae00000,0x00000041eb800000) (10240K)]
  0x000001ff969a5220 JavaThread "TimerQueue"                 daemon [_thread_blocked, id=15568, stack(0x00000041eb900000,0x00000041ec300000) (10240K)]
  0x000001ff969a5f40 JavaThread "AWT-Shutdown"                      [_thread_blocked, id=7436, stack(0x00000041ea400000,0x00000041eae00000) (10240K)]
=>0x000001ff969a4b90 JavaThread "AWT-EventQueue-0"                  [_thread_in_native, id=11488, stack(0x00000041ec600000,0x00000041ed000000) (10240K)]
  0x000001ffff19be50 JavaThread "Thread-1"                          [_thread_in_native, id=12016, stack(0x00000041e1e00000,0x00000041e3200000) (20480K)]
  0x000001ffff19a410 JavaThread "Process Messages Thread"           [_thread_blocked, id=19280, stack(0x00000041ee500000,0x00000041eef00000) (10240K)]
  0x000001ffff19aaa0 JavaThread "Batik CleanerThread"        daemon [_thread_blocked, id=19256, stack(0x00000041eef00000,0x00000041ef900000) (10240K)]
  0x000001ffff19b7c0 JavaThread "SyntheticaCleanerThread"    daemon [_thread_blocked, id=5516, stack(0x00000041ef900000,0x00000041f0300000) (10240K)]
  0x000001ffff199060 JavaThread "Timer-0"                           [_thread_blocked, id=17372, stack(0x00000041f0f00000,0x00000041f1900000) (10240K)]
  0x000001ffff19fff0 JavaThread "Monitor File Timestamp Swing Worker Thread"        [_thread_blocked, id=12048, stack(0x00000041f1900000,0x00000041f2300000) (10240K)]
  0x000001ffff19df20 JavaThread "Monitor HEventQueue for Sluggish Gui Thread"        [_thread_blocked, id=4140, stack(0x00000041f2400000,0x00000041f2e00000) (10240K)]
  0x000001ffff19d200 JavaThread "SyntheticaAnimation 50"     daemon [_thread_blocked, id=3160, stack(0x00000041f2e00000,0x00000041f3800000) (10240K)]
  0x000001ffff19d890 JavaThread "SyntheticaAnimation 25"     daemon [_thread_blocked, id=7716, stack(0x00000041f3800000,0x00000041f4200000) (10240K)]
  0x000001ffff19f2d0 JavaThread "SyntheticaAnimation 70"     daemon [_thread_blocked, id=11092, stack(0x00000041f4c00000,0x00000041f5600000) (10240K)]
  0x000001ff8ab5b7c0 JavaThread "hw_ila_monitor"                    [_thread_blocked, id=5452, stack(0x00000041f5600000,0x00000041f6000000) (10240K)]
  0x000001ff83c537f0 JavaThread "pool-1-thread-1"                   [_thread_blocked, id=8652, stack(0x00000041f6a00000,0x00000041f7400000) (10240K)]
  0x000001ff83c55f50 JavaThread "pool-2-thread-1"                   [_thread_blocked, id=5988, stack(0x00000041f7e00000,0x00000041f8800000) (10240K)]
  0x000001ff83c53160 JavaThread "pool-3-thread-1"                   [_thread_blocked, id=19420, stack(0x00000041f9200000,0x00000041f9c00000) (10240K)]
  0x0000020006bb4e60 JavaThread "SyntheticaAnimation 50"     daemon [_thread_blocked, id=18740, stack(0x00000041ed000000,0x00000041eda00000) (10240K)]
  0x0000020006bb9000 JavaThread "Thread-37"                         [_thread_in_native, id=10464, stack(0x00000041f2300000,0x00000041f2400000) (1024K)]
  0x0000020006bb2d90 JavaThread "Thread-38"                         [_thread_in_native, id=17216, stack(0x00000041f0d00000,0x00000041f0e00000) (1024K)]
  0x000001ffff19ec40 JavaThread "Image Animator 3"           daemon [_thread_blocked, id=10412, stack(0x00000041f4200000,0x00000041f4c00000) (10240K)]
  0x000001ffff1996f0 JavaThread "Timer-4"                           [_thread_blocked, id=12504, stack(0x00000041fb000000,0x00000041fba00000) (10240K)]
  0x0000020006bb3420 JavaThread "Timer-6"                           [_thread_blocked, id=13992, stack(0x00000041f6000000,0x00000041f6a00000) (10240K)]
  0x0000020009c43860 JavaThread "Timer-8"                           [_thread_blocked, id=19084, stack(0x0000004180000000,0x0000004180a00000) (10240K)]
  0x0000020009c3cf60 JavaThread "Swing-Shell"                daemon [_thread_blocked, id=19116, stack(0x0000004182800000,0x0000004183200000) (10240K)]
  0x0000020009c3dc80 JavaThread "Timer-10"                          [_thread_blocked, id=12528, stack(0x0000004183600000,0x0000004184000000) (10240K)]
  0x0000020009c3e310 JavaThread "pool-9-thread-1"                   [_thread_blocked, id=18968, stack(0x0000004184000000,0x0000004184a00000) (10240K)]
  0x0000020009c3f6c0 JavaThread "pool-10-thread-1"                  [_thread_blocked, id=11136, stack(0x0000004187200000,0x0000004187c00000) (10240K)]
  0x0000020009c41e20 JavaThread "pool-11-thread-1"                  [_thread_blocked, id=11060, stack(0x0000004188600000,0x0000004189000000) (10240K)]
  0x0000020006bb6f30 JavaThread "Thread-2018"                       [_thread_in_native, id=2684, stack(0x0000004183300000,0x0000004183400000) (1024K)]
  0x0000020006bb75c0 JavaThread "Thread-2019"                       [_thread_in_native, id=19388, stack(0x0000004183400000,0x0000004183500000) (1024K)]
  0x000001ffff19c4e0 JavaThread "SwingWorker-pool-12-thread-1" daemon [_thread_blocked, id=9992, stack(0x0000004181500000,0x0000004181f00000) (10240K)]
  0x000001ff808cee50 JavaThread "Refresh Filesets Swing Worker Thread"        [_thread_blocked, id=5676, stack(0x0000004185e00000,0x0000004186800000) (10240K)]
  0x000001ff808cd410 JavaThread "pool-13-thread-1"                  [_thread_blocked, id=2072, stack(0x0000004189a00000,0x000000418a400000) (10240K)]
  0x000001ff8ab59d80 JavaThread "Timer-15"                          [_thread_blocked, id=10512, stack(0x000000418a400000,0x000000418ae00000) (10240K)]
  0x000001ff8ab5c4e0 JavaThread "pool-14-thread-1"                  [_thread_blocked, id=13232, stack(0x000000418ae00000,0x000000418b800000) (10240K)]
  0x0000020009c3d5f0 JavaThread "Timer-16"                          [_thread_blocked, id=9460, stack(0x000000418b800000,0x000000418c200000) (10240K)]
  0x0000020009c41100 JavaThread "pool-15-thread-1"                  [_thread_blocked, id=14896, stack(0x000000418c200000,0x000000418cc00000) (10240K)]
  0x000001ffff19e5b0 JavaThread "Timer-17"                          [_thread_blocked, id=15244, stack(0x000000418cc00000,0x000000418d600000) (10240K)]
  0x00000200094df320 JavaThread "Update Runs Swing Worker Thread"        [_thread_blocked, id=15852, stack(0x000000418d600000,0x000000418e000000) (10240K)]
  0x00000200094e13f0 JavaThread "Thread-2505"                       [_thread_in_native, id=11816, stack(0x0000004180d00000,0x0000004180e00000) (1024K)]
  0x00000200094e0040 JavaThread "Thread-2506"                       [_thread_in_native, id=19444, stack(0x0000004180a00000,0x0000004180b00000) (1024K)]
  0x00000200094df9b0 JavaThread "Thread-3796"                       [_thread_in_native, id=16900, stack(0x0000004181f00000,0x0000004182000000) (1024K)]
  0x00000200094e0d60 JavaThread "Thread-3797"                       [_thread_in_native, id=9924, stack(0x0000004181400000,0x0000004181500000) (1024K)]
  0x00000200094e2110 JavaThread "Timer-18"                          [_thread_blocked, id=9712, stack(0x0000004184a00000,0x0000004185400000) (10240K)]
  0x00000200094dd8e0 JavaThread "Monitor File Timestamp Swing Worker Thread"        [_thread_blocked, id=19052, stack(0x0000004186800000,0x0000004187200000) (10240K)]
  0x0000020006bb6210 JavaThread "Timer-20"                          [_thread_blocked, id=2456, stack(0x0000004185400000,0x0000004185e00000) (10240K)]
  0x0000020009c41790 JavaThread "Monitor File Timestamp Swing Worker Thread"        [_thread_blocked, id=17048, stack(0x0000004189000000,0x0000004189a00000) (10240K)]
  0x00000200094de600 JavaThread "Thread-4124"                       [_thread_in_native, id=18140, stack(0x0000004180d00000,0x0000004180e00000) (1024K)]
  0x00000200094e06d0 JavaThread "Thread-4125"                       [_thread_in_native, id=17272, stack(0x0000004180c00000,0x0000004180d00000) (1024K)]
Total: 64

Other Threads:
  0x000001ff8ef6c4c0 VMThread "VM Thread"                           [id=19264, stack(0x00000041e3d00000,0x00000041e3e00000) (1024K)]
  0x000001ff93b38560 WatcherThread "VM Periodic Task Thread"        [id=13836, stack(0x00000041e3c00000,0x00000041e3d00000) (1024K)]
  0x000001ff8ef6d6e0 WorkerThread "GC Thread#0"                     [id=6940, stack(0x00000041e3700000,0x00000041e3800000) (1024K)]
  0x000001ffff052b70 WorkerThread "GC Thread#1"                     [id=15040, stack(0x00000041ec300000,0x00000041ec400000) (1024K)]
  0x000001ffff054fb0 WorkerThread "GC Thread#2"                     [id=8604, stack(0x00000041ec400000,0x00000041ec500000) (1024K)]
  0x000001ffff055a90 WorkerThread "GC Thread#3"                     [id=5696, stack(0x00000041ec500000,0x00000041ec600000) (1024K)]
  0x000001ff967a6670 ConcurrentGCThread "G1 Main Marker"            [id=4368, stack(0x00000041e3800000,0x00000041e3900000) (1024K)]
  0x000001ff8ef6da80 WorkerThread "G1 Conc#0"                       [id=13340, stack(0x00000041e3900000,0x00000041e3a00000) (1024K)]
  0x000001ff968517a0 ConcurrentGCThread "G1 Refine#0"               [id=9124, stack(0x00000041e3a00000,0x00000041e3b00000) (1024K)]
  0x000001ff9505ac10 ConcurrentGCThread "G1 Service"                [id=7764, stack(0x00000041e3b00000,0x00000041e3c00000) (1024K)]
Total: 10

Threads with active compile tasks:
Total: 0

VM state: not at safepoint (normal execution)

VM Mutex/Monitor currently owned by a thread: None

Heap address: 0x0000000680000000, size: 6144 MB, Compressed Oops mode: Zero based, Oop shift amount: 3

CDS archive(s) mapped at: [0x000001ffb8000000-0x000001ffb8c90000-0x000001ffb8c90000), size 13172736, SharedBaseAddress: 0x000001ffb8000000, ArchiveRelocationMode: 1.
Compressed class space mapped at: 0x000001ffb9000000-0x000001fff9000000, reserved size: 1073741824
Narrow klass base: 0x000001ffb8000000, Narrow klass shift: 0, Narrow klass range: 0x100000000

GC Precious Log:
 CardTable entry size: 512
 Card Set container configuration: InlinePtr #cards 4 size 8 Array Of Cards #cards 32 size 80 Howl #buckets 8 coarsen threshold 7372 Howl Bitmap #cards 1024 size 144 coarsen threshold 921 Card regions per heap region 1 cards per card region 8192
 CPUs: 8 total, 8 available
 Memory: 16279M
 Large Page Support: Disabled
 NUMA Support: Disabled
 Compressed Oops: Enabled (Zero based)
 Heap Region Size: 4M
 Heap Min Capacity: 812M
 Heap Initial Capacity: 812M
 Heap Max Capacity: 6G
 Pre-touch: Disabled
 Parallel Workers: 4
 Concurrent Workers: 1
 Concurrent Refinement Workers: 4
 Periodic GC: Disabled
 String Deduplication is enabled

Heap:
 garbage-first heap   total 831488K, used 186044K [0x0000000680000000, 0x0000000800000000)
  region size 4096K, 16 young (65536K), 2 survivors (8192K)
 Metaspace       used 99159K, committed 99968K, reserved 1179648K
  class space    used 14619K, committed 14976K, reserved 1048576K

Heap Regions: E=young(eden), S=young(survivor), O=old, HS=humongous(starts), HC=humongous(continues), CS=collection set, F=free, TAMS=top-at-mark-start, PB=parsable bottom
|   0|0x0000000680000000, 0x0000000680400000, 0x0000000680400000|100%| O|  |TAMS 0x0000000680000000| PB 0x0000000680000000| Untracked 
|   1|0x0000000680400000, 0x0000000680800000, 0x0000000680800000|100%| O|  |TAMS 0x0000000680400000| PB 0x0000000680400000| Untracked 
|   2|0x0000000680800000, 0x0000000680bfffe8, 0x0000000680c00000| 99%| O|  |TAMS 0x0000000680800000| PB 0x0000000680800000| Untracked 
|   3|0x0000000680c00000, 0x0000000681000000, 0x0000000681000000|100%| O|  |TAMS 0x0000000680c00000| PB 0x0000000680c00000| Untracked 
|   4|0x0000000681000000, 0x0000000681400000, 0x0000000681400000|100%| O|  |TAMS 0x0000000681000000| PB 0x0000000681000000| Untracked 
|   5|0x0000000681400000, 0x00000006817fffe8, 0x0000000681800000| 99%| O|  |TAMS 0x0000000681400000| PB 0x0000000681400000| Untracked 
|   6|0x0000000681800000, 0x0000000681bfffe0, 0x0000000681c00000| 99%| O|  |TAMS 0x0000000681800000| PB 0x0000000681800000| Untracked 
|   7|0x0000000681c00000, 0x0000000681ffffe0, 0x0000000682000000| 99%| O|  |TAMS 0x0000000681c00000| PB 0x0000000681c00000| Untracked 
|   8|0x0000000682000000, 0x00000006823fffe8, 0x0000000682400000| 99%| O|  |TAMS 0x0000000682000000| PB 0x0000000682000000| Untracked 
|   9|0x0000000682400000, 0x00000006827ffdf0, 0x0000000682800000| 99%| O|  |TAMS 0x0000000682400000| PB 0x0000000682400000| Untracked 
|  10|0x0000000682800000, 0x0000000682c00000, 0x0000000682c00000|100%|HS|  |TAMS 0x0000000682800000| PB 0x0000000682800000| Untracked 
|  11|0x0000000682c00000, 0x0000000683000000, 0x0000000683000000|100%|HC|  |TAMS 0x0000000682c00000| PB 0x0000000682c00000| Untracked 
|  12|0x0000000683000000, 0x0000000683400000, 0x0000000683400000|100%|HC|  |TAMS 0x0000000683000000| PB 0x0000000683000000| Untracked 
|  13|0x0000000683400000, 0x00000006837ffff0, 0x0000000683800000| 99%| O|  |TAMS 0x0000000683400000| PB 0x0000000683400000| Untracked 
|  14|0x0000000683800000, 0x0000000683bfffb0, 0x0000000683c00000| 99%| O|  |TAMS 0x0000000683800000| PB 0x0000000683800000| Untracked 
|  15|0x0000000683c00000, 0x0000000683fffff0, 0x0000000684000000| 99%| O|  |TAMS 0x0000000683c00000| PB 0x0000000683c00000| Untracked 
|  16|0x0000000684000000, 0x00000006843ff5b8, 0x0000000684400000| 99%| O|  |TAMS 0x0000000684000000| PB 0x0000000684000000| Untracked 
|  17|0x0000000684400000, 0x00000006847fee38, 0x0000000684800000| 99%| O|  |TAMS 0x0000000684400000| PB 0x0000000684400000| Untracked 
|  18|0x0000000684800000, 0x0000000684bffff0, 0x0000000684c00000| 99%| O|  |TAMS 0x0000000684800000| PB 0x0000000684800000| Untracked 
|  19|0x0000000684c00000, 0x0000000684fe2970, 0x0000000685000000| 97%| O|  |TAMS 0x0000000684c00000| PB 0x0000000684c00000| Untracked 
|  20|0x0000000685000000, 0x00000006853f9e60, 0x0000000685400000| 99%| O|  |TAMS 0x0000000685000000| PB 0x0000000685000000| Untracked 
|  21|0x0000000685400000, 0x00000006857fff68, 0x0000000685800000| 99%| O|  |TAMS 0x0000000685400000| PB 0x0000000685400000| Untracked 
|  22|0x0000000685800000, 0x0000000685bfff60, 0x0000000685c00000| 99%| O|  |TAMS 0x0000000685800000| PB 0x0000000685800000| Untracked 
|  23|0x0000000685c00000, 0x0000000685f4c468, 0x0000000686000000| 82%| O|  |TAMS 0x0000000685c00000| PB 0x0000000685c00000| Untracked 
|  24|0x0000000686000000, 0x0000000686400000, 0x0000000686400000|100%| O|  |TAMS 0x0000000686000000| PB 0x0000000686000000| Untracked 
|  25|0x0000000686400000, 0x0000000686800000, 0x0000000686800000|100%| O|  |TAMS 0x0000000686400000| PB 0x0000000686400000| Untracked 
|  26|0x0000000686800000, 0x0000000686a155c0, 0x0000000686c00000| 52%| O|  |TAMS 0x0000000686800000| PB 0x0000000686800000| Untracked 
|  27|0x0000000686c00000, 0x0000000687000000, 0x0000000687000000|100%| O|  |TAMS 0x0000000686c00000| PB 0x0000000686c00000| Untracked 
|  28|0x0000000687000000, 0x0000000687400000, 0x0000000687400000|100%|HS|  |TAMS 0x0000000687000000| PB 0x0000000687000000| Untracked 
|  29|0x0000000687400000, 0x0000000687800000, 0x0000000687800000|100%|HC|  |TAMS 0x0000000687400000| PB 0x0000000687400000| Untracked 
|  30|0x0000000687800000, 0x0000000687c00000, 0x0000000687c00000|100%| O|  |TAMS 0x0000000687800000| PB 0x0000000687800000| Untracked 
|  31|0x0000000687c00000, 0x0000000688000000, 0x0000000688000000|100%| O|  |TAMS 0x0000000687c00000| PB 0x0000000687c00000| Untracked 
|  32|0x0000000688000000, 0x000000068800b140, 0x0000000688400000|  1%| O|  |TAMS 0x0000000688000000| PB 0x0000000688000000| Untracked 
|  33|0x0000000688400000, 0x0000000688400000, 0x0000000688800000|  0%| F|  |TAMS 0x0000000688400000| PB 0x0000000688400000| Untracked 
|  34|0x0000000688800000, 0x0000000688800000, 0x0000000688c00000|  0%| F|  |TAMS 0x0000000688800000| PB 0x0000000688800000| Untracked 
|  35|0x0000000688c00000, 0x0000000688c00000, 0x0000000689000000|  0%| F|  |TAMS 0x0000000688c00000| PB 0x0000000688c00000| Untracked 
|  36|0x0000000689000000, 0x0000000689000000, 0x0000000689400000|  0%| F|  |TAMS 0x0000000689000000| PB 0x0000000689000000| Untracked 
|  37|0x0000000689400000, 0x0000000689400000, 0x0000000689800000|  0%| F|  |TAMS 0x0000000689400000| PB 0x0000000689400000| Untracked 
|  38|0x0000000689800000, 0x0000000689800000, 0x0000000689c00000|  0%| F|  |TAMS 0x0000000689800000| PB 0x0000000689800000| Untracked 
|  39|0x0000000689c00000, 0x0000000689c00000, 0x000000068a000000|  0%| F|  |TAMS 0x0000000689c00000| PB 0x0000000689c00000| Untracked 
|  40|0x000000068a000000, 0x000000068a000000, 0x000000068a400000|  0%| F|  |TAMS 0x000000068a000000| PB 0x000000068a000000| Untracked 
|  41|0x000000068a400000, 0x000000068a400000, 0x000000068a800000|  0%| F|  |TAMS 0x000000068a400000| PB 0x000000068a400000| Untracked 
|  42|0x000000068a800000, 0x000000068a800000, 0x000000068ac00000|  0%| F|  |TAMS 0x000000068a800000| PB 0x000000068a800000| Untracked 
|  43|0x000000068ac00000, 0x000000068ac00000, 0x000000068b000000|  0%| F|  |TAMS 0x000000068ac00000| PB 0x000000068ac00000| Untracked 
|  44|0x000000068b000000, 0x000000068b000000, 0x000000068b400000|  0%| F|  |TAMS 0x000000068b000000| PB 0x000000068b000000| Untracked 
|  45|0x000000068b400000, 0x000000068b400000, 0x000000068b800000|  0%| F|  |TAMS 0x000000068b400000| PB 0x000000068b400000| Untracked 
|  46|0x000000068b800000, 0x000000068b800000, 0x000000068bc00000|  0%| F|  |TAMS 0x000000068b800000| PB 0x000000068b800000| Untracked 
|  47|0x000000068bc00000, 0x000000068bc00000, 0x000000068c000000|  0%| F|  |TAMS 0x000000068bc00000| PB 0x000000068bc00000| Untracked 
|  48|0x000000068c000000, 0x000000068c000000, 0x000000068c400000|  0%| F|  |TAMS 0x000000068c000000| PB 0x000000068c000000| Untracked 
|  49|0x000000068c400000, 0x000000068c400000, 0x000000068c800000|  0%| F|  |TAMS 0x000000068c400000| PB 0x000000068c400000| Untracked 
|  50|0x000000068c800000, 0x000000068c800000, 0x000000068cc00000|  0%| F|  |TAMS 0x000000068c800000| PB 0x000000068c800000| Untracked 
|  51|0x000000068cc00000, 0x000000068cc00000, 0x000000068d000000|  0%| F|  |TAMS 0x000000068cc00000| PB 0x000000068cc00000| Untracked 
|  52|0x000000068d000000, 0x000000068d000000, 0x000000068d400000|  0%| F|  |TAMS 0x000000068d000000| PB 0x000000068d000000| Untracked 
|  53|0x000000068d400000, 0x000000068d400000, 0x000000068d800000|  0%| F|  |TAMS 0x000000068d400000| PB 0x000000068d400000| Untracked 
|  54|0x000000068d800000, 0x000000068d800000, 0x000000068dc00000|  0%| F|  |TAMS 0x000000068d800000| PB 0x000000068d800000| Untracked 
|  55|0x000000068dc00000, 0x000000068dc00000, 0x000000068e000000|  0%| F|  |TAMS 0x000000068dc00000| PB 0x000000068dc00000| Untracked 
|  56|0x000000068e000000, 0x000000068e000000, 0x000000068e400000|  0%| F|  |TAMS 0x000000068e000000| PB 0x000000068e000000| Untracked 
|  57|0x000000068e400000, 0x000000068e400000, 0x000000068e800000|  0%| F|  |TAMS 0x000000068e400000| PB 0x000000068e400000| Untracked 
|  58|0x000000068e800000, 0x000000068e800000, 0x000000068ec00000|  0%| F|  |TAMS 0x000000068e800000| PB 0x000000068e800000| Untracked 
|  59|0x000000068ec00000, 0x000000068ec00000, 0x000000068f000000|  0%| F|  |TAMS 0x000000068ec00000| PB 0x000000068ec00000| Untracked 
|  60|0x000000068f000000, 0x000000068f000000, 0x000000068f400000|  0%| F|  |TAMS 0x000000068f000000| PB 0x000000068f000000| Untracked 
|  61|0x000000068f400000, 0x000000068f400000, 0x000000068f800000|  0%| F|  |TAMS 0x000000068f400000| PB 0x000000068f400000| Untracked 
|  62|0x000000068f800000, 0x000000068f800000, 0x000000068fc00000|  0%| F|  |TAMS 0x000000068f800000| PB 0x000000068f800000| Untracked 
|  63|0x000000068fc00000, 0x000000068fc00000, 0x0000000690000000|  0%| F|  |TAMS 0x000000068fc00000| PB 0x000000068fc00000| Untracked 
|  64|0x0000000690000000, 0x0000000690000000, 0x0000000690400000|  0%| F|  |TAMS 0x0000000690000000| PB 0x0000000690000000| Untracked 
|  65|0x0000000690400000, 0x0000000690400000, 0x0000000690800000|  0%| F|  |TAMS 0x0000000690400000| PB 0x0000000690400000| Untracked 
|  66|0x0000000690800000, 0x0000000690800000, 0x0000000690c00000|  0%| F|  |TAMS 0x0000000690800000| PB 0x0000000690800000| Untracked 
|  67|0x0000000690c00000, 0x0000000690c00000, 0x0000000691000000|  0%| F|  |TAMS 0x0000000690c00000| PB 0x0000000690c00000| Untracked 
|  68|0x0000000691000000, 0x0000000691000000, 0x0000000691400000|  0%| F|  |TAMS 0x0000000691000000| PB 0x0000000691000000| Untracked 
|  69|0x0000000691400000, 0x0000000691400000, 0x0000000691800000|  0%| F|  |TAMS 0x0000000691400000| PB 0x0000000691400000| Untracked 
|  70|0x0000000691800000, 0x0000000691800000, 0x0000000691c00000|  0%| F|  |TAMS 0x0000000691800000| PB 0x0000000691800000| Untracked 
|  71|0x0000000691c00000, 0x0000000691c00000, 0x0000000692000000|  0%| F|  |TAMS 0x0000000691c00000| PB 0x0000000691c00000| Untracked 
|  72|0x0000000692000000, 0x0000000692000000, 0x0000000692400000|  0%| F|  |TAMS 0x0000000692000000| PB 0x0000000692000000| Untracked 
|  73|0x0000000692400000, 0x0000000692400000, 0x0000000692800000|  0%| F|  |TAMS 0x0000000692400000| PB 0x0000000692400000| Untracked 
|  74|0x0000000692800000, 0x0000000692800000, 0x0000000692c00000|  0%| F|  |TAMS 0x0000000692800000| PB 0x0000000692800000| Untracked 
|  75|0x0000000692c00000, 0x0000000692c00000, 0x0000000693000000|  0%| F|  |TAMS 0x0000000692c00000| PB 0x0000000692c00000| Untracked 
|  76|0x0000000693000000, 0x0000000693000000, 0x0000000693400000|  0%| F|  |TAMS 0x0000000693000000| PB 0x0000000693000000| Untracked 
|  77|0x0000000693400000, 0x0000000693400000, 0x0000000693800000|  0%| F|  |TAMS 0x0000000693400000| PB 0x0000000693400000| Untracked 
|  78|0x0000000693800000, 0x0000000693800000, 0x0000000693c00000|  0%| F|  |TAMS 0x0000000693800000| PB 0x0000000693800000| Untracked 
|  79|0x0000000693c00000, 0x0000000693c00000, 0x0000000694000000|  0%| F|  |TAMS 0x0000000693c00000| PB 0x0000000693c00000| Untracked 
|  80|0x0000000694000000, 0x0000000694000000, 0x0000000694400000|  0%| F|  |TAMS 0x0000000694000000| PB 0x0000000694000000| Untracked 
|  81|0x0000000694400000, 0x0000000694400000, 0x0000000694800000|  0%| F|  |TAMS 0x0000000694400000| PB 0x0000000694400000| Untracked 
|  82|0x0000000694800000, 0x0000000694800000, 0x0000000694c00000|  0%| F|  |TAMS 0x0000000694800000| PB 0x0000000694800000| Untracked 
|  83|0x0000000694c00000, 0x0000000694c00000, 0x0000000695000000|  0%| F|  |TAMS 0x0000000694c00000| PB 0x0000000694c00000| Untracked 
|  84|0x0000000695000000, 0x0000000695000000, 0x0000000695400000|  0%| F|  |TAMS 0x0000000695000000| PB 0x0000000695000000| Untracked 
|  85|0x0000000695400000, 0x0000000695400000, 0x0000000695800000|  0%| F|  |TAMS 0x0000000695400000| PB 0x0000000695400000| Untracked 
|  86|0x0000000695800000, 0x0000000695800000, 0x0000000695c00000|  0%| F|  |TAMS 0x0000000695800000| PB 0x0000000695800000| Untracked 
|  87|0x0000000695c00000, 0x0000000695c00000, 0x0000000696000000|  0%| F|  |TAMS 0x0000000695c00000| PB 0x0000000695c00000| Untracked 
|  88|0x0000000696000000, 0x0000000696000000, 0x0000000696400000|  0%| F|  |TAMS 0x0000000696000000| PB 0x0000000696000000| Untracked 
|  89|0x0000000696400000, 0x0000000696400000, 0x0000000696800000|  0%| F|  |TAMS 0x0000000696400000| PB 0x0000000696400000| Untracked 
|  90|0x0000000696800000, 0x0000000696800000, 0x0000000696c00000|  0%| F|  |TAMS 0x0000000696800000| PB 0x0000000696800000| Untracked 
|  91|0x0000000696c00000, 0x0000000696c00000, 0x0000000697000000|  0%| F|  |TAMS 0x0000000696c00000| PB 0x0000000696c00000| Untracked 
|  92|0x0000000697000000, 0x0000000697000000, 0x0000000697400000|  0%| F|  |TAMS 0x0000000697000000| PB 0x0000000697000000| Untracked 
|  93|0x0000000697400000, 0x0000000697400000, 0x0000000697800000|  0%| F|  |TAMS 0x0000000697400000| PB 0x0000000697400000| Untracked 
|  94|0x0000000697800000, 0x0000000697800000, 0x0000000697c00000|  0%| F|  |TAMS 0x0000000697800000| PB 0x0000000697800000| Untracked 
|  95|0x0000000697c00000, 0x0000000697c00000, 0x0000000698000000|  0%| F|  |TAMS 0x0000000697c00000| PB 0x0000000697c00000| Untracked 
|  96|0x0000000698000000, 0x0000000698000000, 0x0000000698400000|  0%| F|  |TAMS 0x0000000698000000| PB 0x0000000698000000| Untracked 
|  97|0x0000000698400000, 0x0000000698400000, 0x0000000698800000|  0%| F|  |TAMS 0x0000000698400000| PB 0x0000000698400000| Untracked 
|  98|0x0000000698800000, 0x0000000698800000, 0x0000000698c00000|  0%| F|  |TAMS 0x0000000698800000| PB 0x0000000698800000| Untracked 
|  99|0x0000000698c00000, 0x0000000698c00000, 0x0000000699000000|  0%| F|  |TAMS 0x0000000698c00000| PB 0x0000000698c00000| Untracked 
| 100|0x0000000699000000, 0x0000000699000000, 0x0000000699400000|  0%| F|  |TAMS 0x0000000699000000| PB 0x0000000699000000| Untracked 
| 101|0x0000000699400000, 0x0000000699400000, 0x0000000699800000|  0%| F|  |TAMS 0x0000000699400000| PB 0x0000000699400000| Untracked 
| 102|0x0000000699800000, 0x0000000699800000, 0x0000000699c00000|  0%| F|  |TAMS 0x0000000699800000| PB 0x0000000699800000| Untracked 
| 103|0x0000000699c00000, 0x0000000699c00000, 0x000000069a000000|  0%| F|  |TAMS 0x0000000699c00000| PB 0x0000000699c00000| Untracked 
| 104|0x000000069a000000, 0x000000069a000000, 0x000000069a400000|  0%| F|  |TAMS 0x000000069a000000| PB 0x000000069a000000| Untracked 
| 105|0x000000069a400000, 0x000000069a400000, 0x000000069a800000|  0%| F|  |TAMS 0x000000069a400000| PB 0x000000069a400000| Untracked 
| 106|0x000000069a800000, 0x000000069a800000, 0x000000069ac00000|  0%| F|  |TAMS 0x000000069a800000| PB 0x000000069a800000| Untracked 
| 107|0x000000069ac00000, 0x000000069ac00000, 0x000000069b000000|  0%| F|  |TAMS 0x000000069ac00000| PB 0x000000069ac00000| Untracked 
| 108|0x000000069b000000, 0x000000069b000000, 0x000000069b400000|  0%| F|  |TAMS 0x000000069b000000| PB 0x000000069b000000| Untracked 
| 109|0x000000069b400000, 0x000000069b400000, 0x000000069b800000|  0%| F|  |TAMS 0x000000069b400000| PB 0x000000069b400000| Untracked 
| 110|0x000000069b800000, 0x000000069b800000, 0x000000069bc00000|  0%| F|  |TAMS 0x000000069b800000| PB 0x000000069b800000| Untracked 
| 111|0x000000069bc00000, 0x000000069bc00000, 0x000000069c000000|  0%| F|  |TAMS 0x000000069bc00000| PB 0x000000069bc00000| Untracked 
| 112|0x000000069c000000, 0x000000069c000000, 0x000000069c400000|  0%| F|  |TAMS 0x000000069c000000| PB 0x000000069c000000| Untracked 
| 113|0x000000069c400000, 0x000000069c400000, 0x000000069c800000|  0%| F|  |TAMS 0x000000069c400000| PB 0x000000069c400000| Untracked 
| 114|0x000000069c800000, 0x000000069c800000, 0x000000069cc00000|  0%| F|  |TAMS 0x000000069c800000| PB 0x000000069c800000| Untracked 
| 115|0x000000069cc00000, 0x000000069cc00000, 0x000000069d000000|  0%| F|  |TAMS 0x000000069cc00000| PB 0x000000069cc00000| Untracked 
| 116|0x000000069d000000, 0x000000069d000000, 0x000000069d400000|  0%| F|  |TAMS 0x000000069d000000| PB 0x000000069d000000| Untracked 
| 117|0x000000069d400000, 0x000000069d400000, 0x000000069d800000|  0%| F|  |TAMS 0x000000069d400000| PB 0x000000069d400000| Untracked 
| 118|0x000000069d800000, 0x000000069d800000, 0x000000069dc00000|  0%| F|  |TAMS 0x000000069d800000| PB 0x000000069d800000| Untracked 
| 119|0x000000069dc00000, 0x000000069dc00000, 0x000000069e000000|  0%| F|  |TAMS 0x000000069dc00000| PB 0x000000069dc00000| Untracked 
| 120|0x000000069e000000, 0x000000069e000000, 0x000000069e400000|  0%| F|  |TAMS 0x000000069e000000| PB 0x000000069e000000| Untracked 
| 121|0x000000069e400000, 0x000000069e400000, 0x000000069e800000|  0%| F|  |TAMS 0x000000069e400000| PB 0x000000069e400000| Untracked 
| 122|0x000000069e800000, 0x000000069e800000, 0x000000069ec00000|  0%| F|  |TAMS 0x000000069e800000| PB 0x000000069e800000| Untracked 
| 123|0x000000069ec00000, 0x000000069ec00000, 0x000000069f000000|  0%| F|  |TAMS 0x000000069ec00000| PB 0x000000069ec00000| Untracked 
| 124|0x000000069f000000, 0x000000069f000000, 0x000000069f400000|  0%| F|  |TAMS 0x000000069f000000| PB 0x000000069f000000| Untracked 
| 125|0x000000069f400000, 0x000000069f400000, 0x000000069f800000|  0%| F|  |TAMS 0x000000069f400000| PB 0x000000069f400000| Untracked 
| 126|0x000000069f800000, 0x000000069f800000, 0x000000069fc00000|  0%| F|  |TAMS 0x000000069f800000| PB 0x000000069f800000| Untracked 
| 127|0x000000069fc00000, 0x000000069fc00000, 0x00000006a0000000|  0%| F|  |TAMS 0x000000069fc00000| PB 0x000000069fc00000| Untracked 
| 128|0x00000006a0000000, 0x00000006a0000000, 0x00000006a0400000|  0%| F|  |TAMS 0x00000006a0000000| PB 0x00000006a0000000| Untracked 
| 129|0x00000006a0400000, 0x00000006a0400000, 0x00000006a0800000|  0%| F|  |TAMS 0x00000006a0400000| PB 0x00000006a0400000| Untracked 
| 130|0x00000006a0800000, 0x00000006a0800000, 0x00000006a0c00000|  0%| F|  |TAMS 0x00000006a0800000| PB 0x00000006a0800000| Untracked 
| 131|0x00000006a0c00000, 0x00000006a0c00000, 0x00000006a1000000|  0%| F|  |TAMS 0x00000006a0c00000| PB 0x00000006a0c00000| Untracked 
| 132|0x00000006a1000000, 0x00000006a1000000, 0x00000006a1400000|  0%| F|  |TAMS 0x00000006a1000000| PB 0x00000006a1000000| Untracked 
| 133|0x00000006a1400000, 0x00000006a1400000, 0x00000006a1800000|  0%| F|  |TAMS 0x00000006a1400000| PB 0x00000006a1400000| Untracked 
| 134|0x00000006a1800000, 0x00000006a1800000, 0x00000006a1c00000|  0%| F|  |TAMS 0x00000006a1800000| PB 0x00000006a1800000| Untracked 
| 135|0x00000006a1c00000, 0x00000006a1c00000, 0x00000006a2000000|  0%| F|  |TAMS 0x00000006a1c00000| PB 0x00000006a1c00000| Untracked 
| 136|0x00000006a2000000, 0x00000006a2000000, 0x00000006a2400000|  0%| F|  |TAMS 0x00000006a2000000| PB 0x00000006a2000000| Untracked 
| 137|0x00000006a2400000, 0x00000006a2400000, 0x00000006a2800000|  0%| F|  |TAMS 0x00000006a2400000| PB 0x00000006a2400000| Untracked 
| 138|0x00000006a2800000, 0x00000006a2800000, 0x00000006a2c00000|  0%| F|  |TAMS 0x00000006a2800000| PB 0x00000006a2800000| Untracked 
| 139|0x00000006a2c00000, 0x00000006a2c00000, 0x00000006a3000000|  0%| F|  |TAMS 0x00000006a2c00000| PB 0x00000006a2c00000| Untracked 
| 140|0x00000006a3000000, 0x00000006a3000000, 0x00000006a3400000|  0%| F|  |TAMS 0x00000006a3000000| PB 0x00000006a3000000| Untracked 
| 141|0x00000006a3400000, 0x00000006a3400000, 0x00000006a3800000|  0%| F|  |TAMS 0x00000006a3400000| PB 0x00000006a3400000| Untracked 
| 142|0x00000006a3800000, 0x00000006a3800000, 0x00000006a3c00000|  0%| F|  |TAMS 0x00000006a3800000| PB 0x00000006a3800000| Untracked 
| 143|0x00000006a3c00000, 0x00000006a3c00000, 0x00000006a4000000|  0%| F|  |TAMS 0x00000006a3c00000| PB 0x00000006a3c00000| Untracked 
| 144|0x00000006a4000000, 0x00000006a4000000, 0x00000006a4400000|  0%| F|  |TAMS 0x00000006a4000000| PB 0x00000006a4000000| Untracked 
| 145|0x00000006a4400000, 0x00000006a4400000, 0x00000006a4800000|  0%| F|  |TAMS 0x00000006a4400000| PB 0x00000006a4400000| Untracked 
| 146|0x00000006a4800000, 0x00000006a4800000, 0x00000006a4c00000|  0%| F|  |TAMS 0x00000006a4800000| PB 0x00000006a4800000| Untracked 
| 147|0x00000006a4c00000, 0x00000006a4c00000, 0x00000006a5000000|  0%| F|  |TAMS 0x00000006a4c00000| PB 0x00000006a4c00000| Untracked 
| 148|0x00000006a5000000, 0x00000006a5000000, 0x00000006a5400000|  0%| F|  |TAMS 0x00000006a5000000| PB 0x00000006a5000000| Untracked 
| 149|0x00000006a5400000, 0x00000006a5400000, 0x00000006a5800000|  0%| F|  |TAMS 0x00000006a5400000| PB 0x00000006a5400000| Untracked 
| 150|0x00000006a5800000, 0x00000006a5800000, 0x00000006a5c00000|  0%| F|  |TAMS 0x00000006a5800000| PB 0x00000006a5800000| Untracked 
| 151|0x00000006a5c00000, 0x00000006a5c00000, 0x00000006a6000000|  0%| F|  |TAMS 0x00000006a5c00000| PB 0x00000006a5c00000| Untracked 
| 152|0x00000006a6000000, 0x00000006a6000000, 0x00000006a6400000|  0%| F|  |TAMS 0x00000006a6000000| PB 0x00000006a6000000| Untracked 
| 153|0x00000006a6400000, 0x00000006a6400000, 0x00000006a6800000|  0%| F|  |TAMS 0x00000006a6400000| PB 0x00000006a6400000| Untracked 
| 154|0x00000006a6800000, 0x00000006a6800000, 0x00000006a6c00000|  0%| F|  |TAMS 0x00000006a6800000| PB 0x00000006a6800000| Untracked 
| 155|0x00000006a6c00000, 0x00000006a6c00000, 0x00000006a7000000|  0%| F|  |TAMS 0x00000006a6c00000| PB 0x00000006a6c00000| Untracked 
| 156|0x00000006a7000000, 0x00000006a7000000, 0x00000006a7400000|  0%| F|  |TAMS 0x00000006a7000000| PB 0x00000006a7000000| Untracked 
| 157|0x00000006a7400000, 0x00000006a7400000, 0x00000006a7800000|  0%| F|  |TAMS 0x00000006a7400000| PB 0x00000006a7400000| Untracked 
| 158|0x00000006a7800000, 0x00000006a7800000, 0x00000006a7c00000|  0%| F|  |TAMS 0x00000006a7800000| PB 0x00000006a7800000| Untracked 
| 159|0x00000006a7c00000, 0x00000006a7c00000, 0x00000006a8000000|  0%| F|  |TAMS 0x00000006a7c00000| PB 0x00000006a7c00000| Untracked 
| 160|0x00000006a8000000, 0x00000006a8000000, 0x00000006a8400000|  0%| F|  |TAMS 0x00000006a8000000| PB 0x00000006a8000000| Untracked 
| 161|0x00000006a8400000, 0x00000006a8400000, 0x00000006a8800000|  0%| F|  |TAMS 0x00000006a8400000| PB 0x00000006a8400000| Untracked 
| 162|0x00000006a8800000, 0x00000006a8800000, 0x00000006a8c00000|  0%| F|  |TAMS 0x00000006a8800000| PB 0x00000006a8800000| Untracked 
| 163|0x00000006a8c00000, 0x00000006a8c00000, 0x00000006a9000000|  0%| F|  |TAMS 0x00000006a8c00000| PB 0x00000006a8c00000| Untracked 
| 164|0x00000006a9000000, 0x00000006a9000000, 0x00000006a9400000|  0%| F|  |TAMS 0x00000006a9000000| PB 0x00000006a9000000| Untracked 
| 165|0x00000006a9400000, 0x00000006a9400000, 0x00000006a9800000|  0%| F|  |TAMS 0x00000006a9400000| PB 0x00000006a9400000| Untracked 
| 166|0x00000006a9800000, 0x00000006a9800000, 0x00000006a9c00000|  0%| F|  |TAMS 0x00000006a9800000| PB 0x00000006a9800000| Untracked 
| 167|0x00000006a9c00000, 0x00000006a9c00000, 0x00000006aa000000|  0%| F|  |TAMS 0x00000006a9c00000| PB 0x00000006a9c00000| Untracked 
| 168|0x00000006aa000000, 0x00000006aa000000, 0x00000006aa400000|  0%| F|  |TAMS 0x00000006aa000000| PB 0x00000006aa000000| Untracked 
| 169|0x00000006aa400000, 0x00000006aa400000, 0x00000006aa800000|  0%| F|  |TAMS 0x00000006aa400000| PB 0x00000006aa400000| Untracked 
| 170|0x00000006aa800000, 0x00000006aa800000, 0x00000006aac00000|  0%| F|  |TAMS 0x00000006aa800000| PB 0x00000006aa800000| Untracked 
| 171|0x00000006aac00000, 0x00000006aac00000, 0x00000006ab000000|  0%| F|  |TAMS 0x00000006aac00000| PB 0x00000006aac00000| Untracked 
| 172|0x00000006ab000000, 0x00000006ab000000, 0x00000006ab400000|  0%| F|  |TAMS 0x00000006ab000000| PB 0x00000006ab000000| Untracked 
| 173|0x00000006ab400000, 0x00000006ab400000, 0x00000006ab800000|  0%| F|  |TAMS 0x00000006ab400000| PB 0x00000006ab400000| Untracked 
| 174|0x00000006ab800000, 0x00000006ab800000, 0x00000006abc00000|  0%| F|  |TAMS 0x00000006ab800000| PB 0x00000006ab800000| Untracked 
| 175|0x00000006abc00000, 0x00000006abc00000, 0x00000006ac000000|  0%| F|  |TAMS 0x00000006abc00000| PB 0x00000006abc00000| Untracked 
| 176|0x00000006ac000000, 0x00000006ac000000, 0x00000006ac400000|  0%| F|  |TAMS 0x00000006ac000000| PB 0x00000006ac000000| Untracked 
| 177|0x00000006ac400000, 0x00000006ac400000, 0x00000006ac800000|  0%| F|  |TAMS 0x00000006ac400000| PB 0x00000006ac400000| Untracked 
| 178|0x00000006ac800000, 0x00000006ac800000, 0x00000006acc00000|  0%| F|  |TAMS 0x00000006ac800000| PB 0x00000006ac800000| Untracked 
| 179|0x00000006acc00000, 0x00000006acc00000, 0x00000006ad000000|  0%| F|  |TAMS 0x00000006acc00000| PB 0x00000006acc00000| Untracked 
| 180|0x00000006ad000000, 0x00000006ad000000, 0x00000006ad400000|  0%| F|  |TAMS 0x00000006ad000000| PB 0x00000006ad000000| Untracked 
| 181|0x00000006ad400000, 0x00000006ad467fe0, 0x00000006ad800000| 10%| S|CS|TAMS 0x00000006ad400000| PB 0x00000006ad400000| Complete 
| 182|0x00000006ad800000, 0x00000006ad800000, 0x00000006adc00000|  0%| F|  |TAMS 0x00000006ad800000| PB 0x00000006ad800000| Untracked 
| 183|0x00000006adc00000, 0x00000006ae000000, 0x00000006ae000000|100%| S|CS|TAMS 0x00000006adc00000| PB 0x00000006adc00000| Complete 
| 184|0x00000006ae000000, 0x00000006ae000000, 0x00000006ae400000|  0%| F|  |TAMS 0x00000006ae000000| PB 0x00000006ae000000| Untracked 
| 185|0x00000006ae400000, 0x00000006ae400000, 0x00000006ae800000|  0%| F|  |TAMS 0x00000006ae400000| PB 0x00000006ae400000| Untracked 
| 186|0x00000006ae800000, 0x00000006ae800000, 0x00000006aec00000|  0%| F|  |TAMS 0x00000006ae800000| PB 0x00000006ae800000| Untracked 
| 187|0x00000006aec00000, 0x00000006aec00000, 0x00000006af000000|  0%| F|  |TAMS 0x00000006aec00000| PB 0x00000006aec00000| Untracked 
| 188|0x00000006af000000, 0x00000006af000000, 0x00000006af400000|  0%| F|  |TAMS 0x00000006af000000| PB 0x00000006af000000| Untracked 
| 189|0x00000006af400000, 0x00000006af5a4228, 0x00000006af800000| 41%| E|  |TAMS 0x00000006af400000| PB 0x00000006af400000| Complete 
| 190|0x00000006af800000, 0x00000006afc00000, 0x00000006afc00000|100%| E|CS|TAMS 0x00000006af800000| PB 0x00000006af800000| Complete 
| 191|0x00000006afc00000, 0x00000006b0000000, 0x00000006b0000000|100%| E|CS|TAMS 0x00000006afc00000| PB 0x00000006afc00000| Complete 
| 192|0x00000006b0000000, 0x00000006b0400000, 0x00000006b0400000|100%| E|CS|TAMS 0x00000006b0000000| PB 0x00000006b0000000| Complete 
| 193|0x00000006b0400000, 0x00000006b0800000, 0x00000006b0800000|100%| E|CS|TAMS 0x00000006b0400000| PB 0x00000006b0400000| Complete 
| 194|0x00000006b0800000, 0x00000006b0c00000, 0x00000006b0c00000|100%| E|CS|TAMS 0x00000006b0800000| PB 0x00000006b0800000| Complete 
| 195|0x00000006b0c00000, 0x00000006b1000000, 0x00000006b1000000|100%| E|CS|TAMS 0x00000006b0c00000| PB 0x00000006b0c00000| Complete 
| 196|0x00000006b1000000, 0x00000006b1400000, 0x00000006b1400000|100%| E|CS|TAMS 0x00000006b1000000| PB 0x00000006b1000000| Complete 
| 197|0x00000006b1400000, 0x00000006b1800000, 0x00000006b1800000|100%| E|CS|TAMS 0x00000006b1400000| PB 0x00000006b1400000| Complete 
| 198|0x00000006b1800000, 0x00000006b1c00000, 0x00000006b1c00000|100%| E|CS|TAMS 0x00000006b1800000| PB 0x00000006b1800000| Complete 
| 199|0x00000006b1c00000, 0x00000006b2000000, 0x00000006b2000000|100%| E|CS|TAMS 0x00000006b1c00000| PB 0x00000006b1c00000| Complete 
| 200|0x00000006b2000000, 0x00000006b2400000, 0x00000006b2400000|100%| E|CS|TAMS 0x00000006b2000000| PB 0x00000006b2000000| Complete 
| 201|0x00000006b2400000, 0x00000006b2800000, 0x00000006b2800000|100%| E|CS|TAMS 0x00000006b2400000| PB 0x00000006b2400000| Complete 
| 202|0x00000006b2800000, 0x00000006b2c00000, 0x00000006b2c00000|100%| E|CS|TAMS 0x00000006b2800000| PB 0x00000006b2800000| Complete 

Card table byte_map: [0x000001ffaeeb0000,0x000001ffafab0000] _byte_map_base: 0x000001ffabab0000

Marking Bits: (CMBitMap*) 0x000001ff9679efc0
 Bits: [0x000001ffafab0000, 0x000001ffb5ab0000)

Polling page: 0x000001ff8bfb0000

Metaspace:

Usage:
  Non-class:     82.56 MB used.
      Class:     14.28 MB used.
       Both:     96.84 MB used.

Virtual space:
  Non-class space:      128.00 MB reserved,      83.00 MB ( 65%) committed,  2 nodes.
      Class space:        1.00 GB reserved,      14.63 MB (  1%) committed,  1 nodes.
             Both:        1.13 GB reserved,      97.63 MB (  8%) committed. 

Chunk freelists:
   Non-Class:  12.14 MB
       Class:  1.31 MB
        Both:  13.45 MB

MaxMetaspaceSize: unlimited
CompressedClassSpaceSize: 1.00 GB
Initial GC threshold: 21.00 MB
Current GC threshold: 156.56 MB
CDS: on
 - commit_granule_bytes: 65536.
 - commit_granule_words: 8192.
 - virtual_space_node_default_size: 8388608.
 - enlarge_chunks_in_place: 1.
 - use_allocation_guard: 0.


Internal statistics:

num_allocs_failed_limit: 33.
num_arena_births: 1184.
num_arena_deaths: 0.
num_vsnodes_births: 3.
num_vsnodes_deaths: 0.
num_space_committed: 1554.
num_space_uncommitted: 0.
num_chunks_returned_to_freelist: 33.
num_chunks_taken_from_freelist: 3977.
num_chunk_merges: 27.
num_chunk_splits: 2888.
num_chunks_enlarged: 2100.
num_inconsistent_stats: 0.

CodeHeap 'non-profiled nmethods': size=120000Kb used=24063Kb max_used=24063Kb free=95936Kb
 bounds [0x000001ffa6d80000, 0x000001ffa8500000, 0x000001ffae2b0000]
CodeHeap 'profiled nmethods': size=120000Kb used=42229Kb max_used=42229Kb free=77770Kb
 bounds [0x000001ff9f2b0000, 0x000001ffa1c00000, 0x000001ffa67e0000]
CodeHeap 'non-nmethods': size=5760Kb used=2382Kb max_used=2480Kb free=3377Kb
 bounds [0x000001ffa67e0000, 0x000001ffa6a80000, 0x000001ffa6d80000]
 total_blobs=18969 nmethods=17685 adapters=1185
 compilation: enabled
              stopped_count=0, restarted_count=0
 full_count=0

Compilation events (20 events):
Event: 3746.457 Thread 0x000001ff969a8850 25145       4       java.awt.Rectangle::contains (7 bytes)
Event: 3746.459 Thread 0x000001ff969a8850 nmethod 25145 0x000001ffa84ff190 code [0x000001ffa84ff320, 0x000001ffa84ff448]
Event: 3746.473 Thread 0x000001ff969ad800 25146       3       javax.swing.plaf.basic.BasicTextUI::viewToModel (17 bytes)
Event: 3746.473 Thread 0x000001ff969ad800 nmethod 25146 0x000001ffa1be4e10 code [0x000001ffa1be4fc0, 0x000001ffa1be5110]
Event: 3746.473 Thread 0x000001ff969ad800 25147   !   3       javax.swing.plaf.basic.BasicTextUI::viewToModel (116 bytes)
Event: 3746.474 Thread 0x000001ff969ad800 nmethod 25147 0x000001ffa1be5210 code [0x000001ffa1be5460, 0x000001ffa1be6138]
Event: 3746.601 Thread 0x000001ff969a8850 25148       4       java.awt.ModalEventFilter$ApplicationModalEventFilter::acceptWindow (57 bytes)
Event: 3746.607 Thread 0x000001ff969a8850 nmethod 25148 0x000001ffa84ff590 code [0x000001ffa84ff760, 0x000001ffa84ffa30]
Event: 3746.697 Thread 0x000001ff969ad800 25149       1       ui.utils.swing.y.a::kDd (5 bytes)
Event: 3746.697 Thread 0x000001ff969ad800 nmethod 25149 0x000001ffa84ffc90 code [0x000001ffa84ffe20, 0x000001ffa84ffef0]
Event: 3749.538 Thread 0x000001ff969ad800 25151       3       javax.swing.UIDefaults::getIcon (22 bytes)
Event: 3749.538 Thread 0x000001ff969ad800 nmethod 25151 0x000001ffa1be6510 code [0x000001ffa1be66e0, 0x000001ffa1be6b50]
Event: 3749.538 Thread 0x000001ff969ad800 25150       3       javax.swing.UIManager::getIcon (8 bytes)
Event: 3749.539 Thread 0x000001ff969ad800 nmethod 25150 0x000001ffa1be6c10 code [0x000001ffa1be6e20, 0x000001ffa1be7398]
Event: 3749.625 Thread 0x000001ff969ad800 25152       3       ui.utils.swing.i.f::b (60 bytes)
Event: 3749.626 Thread 0x000001ff969ad800 nmethod 25152 0x000001ffa1be7510 code [0x000001ffa1be7720, 0x000001ffa1be7c98]
Event: 3753.206 Thread 0x000001ff969ad800 25153       3       java.awt.KeyboardFocusManager::isAutoFocusTransferEnabledFor (19 bytes)
Event: 3753.206 Thread 0x000001ff969ad800 nmethod 25153 0x000001ffa1be7e90 code [0x000001ffa1be8040, 0x000001ffa1be8298]
Event: 3753.208 Thread 0x000001ff969ad800 25154       3       ui.views.p.g::handleEvent (629 bytes)
Event: 3753.212 Thread 0x000001ff969ad800 nmethod 25154 0x000001ffa1be8390 code [0x000001ffa1be8b40, 0x000001ffa1bee178]

GC Heap History (20 events):
Event: 3631.989 GC heap before
{Heap before GC invocations=97 (full 6):
 garbage-first heap   total 831488K, used 199145K [0x0000000680000000, 0x0000000800000000)
  region size 4096K, 20 young (81920K), 2 survivors (8192K)
 Metaspace       used 97647K, committed 98496K, reserved 1179648K
  class space    used 14425K, committed 14848K, reserved 1048576K
}
Event: 3631.994 GC heap after
{Heap after GC invocations=98 (full 6):
 garbage-first heap   total 831488K, used 129691K [0x0000000680000000, 0x0000000800000000)
  region size 4096K, 2 young (8192K), 2 survivors (8192K)
 Metaspace       used 97647K, committed 98496K, reserved 1179648K
  class space    used 14425K, committed 14848K, reserved 1048576K
}
Event: 3632.721 GC heap before
{Heap before GC invocations=98 (full 6):
 garbage-first heap   total 831488K, used 203419K [0x0000000680000000, 0x0000000800000000)
  region size 4096K, 20 young (81920K), 2 survivors (8192K)
 Metaspace       used 97664K, committed 98496K, reserved 1179648K
  class space    used 14425K, committed 14848K, reserved 1048576K
}
Event: 3632.726 GC heap after
{Heap after GC invocations=99 (full 6):
 garbage-first heap   total 831488K, used 129516K [0x0000000680000000, 0x0000000800000000)
  region size 4096K, 2 young (8192K), 2 survivors (8192K)
 Metaspace       used 97664K, committed 98496K, reserved 1179648K
  class space    used 14425K, committed 14848K, reserved 1048576K
}
Event: 3639.594 GC heap before
{Heap before GC invocations=99 (full 6):
 garbage-first heap   total 831488K, used 203244K [0x0000000680000000, 0x0000000800000000)
  region size 4096K, 20 young (81920K), 2 survivors (8192K)
 Metaspace       used 97945K, committed 98752K, reserved 1179648K
  class space    used 14454K, committed 14848K, reserved 1048576K
}
Event: 3639.600 GC heap after
{Heap after GC invocations=100 (full 6):
 garbage-first heap   total 831488K, used 129905K [0x0000000680000000, 0x0000000800000000)
  region size 4096K, 2 young (8192K), 2 survivors (8192K)
 Metaspace       used 97945K, committed 98752K, reserved 1179648K
  class space    used 14454K, committed 14848K, reserved 1048576K
}
Event: 3641.987 GC heap before
{Heap before GC invocations=100 (full 6):
 garbage-first heap   total 831488K, used 199537K [0x0000000680000000, 0x0000000800000000)
  region size 4096K, 20 young (81920K), 2 survivors (8192K)
 Metaspace       used 97967K, committed 98816K, reserved 1179648K
  class space    used 14454K, committed 14848K, reserved 1048576K
}
Event: 3641.993 GC heap after
{Heap after GC invocations=101 (full 6):
 garbage-first heap   total 831488K, used 129931K [0x0000000680000000, 0x0000000800000000)
  region size 4096K, 2 young (8192K), 2 survivors (8192K)
 Metaspace       used 97967K, committed 98816K, reserved 1179648K
  class space    used 14454K, committed 14848K, reserved 1048576K
}
Event: 3646.633 GC heap before
{Heap before GC invocations=101 (full 6):
 garbage-first heap   total 831488K, used 203659K [0x0000000680000000, 0x0000000800000000)
  region size 4096K, 20 young (81920K), 2 survivors (8192K)
 Metaspace       used 97969K, committed 98816K, reserved 1179648K
  class space    used 14454K, committed 14848K, reserved 1048576K
}
Event: 3646.640 GC heap after
{Heap after GC invocations=102 (full 6):
 garbage-first heap   total 831488K, used 129982K [0x0000000680000000, 0x0000000800000000)
  region size 4096K, 1 young (4096K), 1 survivors (4096K)
 Metaspace       used 97969K, committed 98816K, reserved 1179648K
  class space    used 14454K, committed 14848K, reserved 1048576K
}
Event: 3673.112 GC heap before
{Heap before GC invocations=102 (full 6):
 garbage-first heap   total 831488K, used 207806K [0x0000000680000000, 0x0000000800000000)
  region size 4096K, 20 young (81920K), 1 survivors (4096K)
 Metaspace       used 98076K, committed 98880K, reserved 1179648K
  class space    used 14474K, committed 14848K, reserved 1048576K
}
Event: 3673.120 GC heap after
{Heap after GC invocations=103 (full 6):
 garbage-first heap   total 831488K, used 130758K [0x0000000680000000, 0x0000000800000000)
  region size 4096K, 1 young (4096K), 1 survivors (4096K)
 Metaspace       used 98076K, committed 98880K, reserved 1179648K
  class space    used 14474K, committed 14848K, reserved 1048576K
}
Event: 3682.231 GC heap before
{Heap before GC invocations=103 (full 6):
 garbage-first heap   total 831488K, used 208582K [0x0000000680000000, 0x0000000800000000)
  region size 4096K, 20 young (81920K), 1 survivors (4096K)
 Metaspace       used 98300K, committed 99136K, reserved 1179648K
  class space    used 14489K, committed 14848K, reserved 1048576K
}
Event: 3682.237 GC heap after
{Heap after GC invocations=104 (full 6):
 garbage-first heap   total 831488K, used 131444K [0x0000000680000000, 0x0000000800000000)
  region size 4096K, 1 young (4096K), 1 survivors (4096K)
 Metaspace       used 98300K, committed 99136K, reserved 1179648K
  class space    used 14489K, committed 14848K, reserved 1048576K
}
Event: 3693.194 GC heap before
{Heap before GC invocations=104 (full 6):
 garbage-first heap   total 831488K, used 209268K [0x0000000680000000, 0x0000000800000000)
  region size 4096K, 20 young (81920K), 1 survivors (4096K)
 Metaspace       used 98706K, committed 99520K, reserved 1179648K
  class space    used 14545K, committed 14912K, reserved 1048576K
}
Event: 3693.200 GC heap after
{Heap after GC invocations=105 (full 6):
 garbage-first heap   total 831488K, used 132784K [0x0000000680000000, 0x0000000800000000)
  region size 4096K, 2 young (8192K), 2 survivors (8192K)
 Metaspace       used 98706K, committed 99520K, reserved 1179648K
  class space    used 14545K, committed 14912K, reserved 1048576K
}
Event: 3727.084 GC heap before
{Heap before GC invocations=105 (full 6):
 garbage-first heap   total 831488K, used 206512K [0x0000000680000000, 0x0000000800000000)
  region size 4096K, 20 young (81920K), 2 survivors (8192K)
 Metaspace       used 98777K, committed 99584K, reserved 1179648K
  class space    used 14548K, committed 14912K, reserved 1048576K
}
Event: 3727.092 GC heap after
{Heap after GC invocations=106 (full 6):
 garbage-first heap   total 831488K, used 132720K [0x0000000680000000, 0x0000000800000000)
  region size 4096K, 2 young (8192K), 2 survivors (8192K)
 Metaspace       used 98777K, committed 99584K, reserved 1179648K
  class space    used 14548K, committed 14912K, reserved 1048576K
}
Event: 3738.604 GC heap before
{Heap before GC invocations=106 (full 6):
 garbage-first heap   total 831488K, used 206448K [0x0000000680000000, 0x0000000800000000)
  region size 4096K, 20 young (81920K), 2 survivors (8192K)
 Metaspace       used 98841K, committed 99584K, reserved 1179648K
  class space    used 14548K, committed 14912K, reserved 1048576K
}
Event: 3738.610 GC heap after
{Heap after GC invocations=107 (full 6):
 garbage-first heap   total 831488K, used 132796K [0x0000000680000000, 0x0000000800000000)
  region size 4096K, 2 young (8192K), 2 survivors (8192K)
 Metaspace       used 98841K, committed 99584K, reserved 1179648K
  class space    used 14548K, committed 14912K, reserved 1048576K
}

Dll operation events (20 events):
Event: 1.091 Loaded shared library C:\Xilinx\2025.1\Vivado\lib\win64.o\xv_ipservicestasks.dll
Event: 1.093 Loaded shared library C:\Xilinx\2025.1\Vivado\lib\win64.o\xv_vivadotasks.dll
Event: 1.096 Loaded shared library C:\Xilinx\2025.1\Vivado\lib\win64.o\xv_board.dll
Event: 1.098 Loaded shared library C:\Xilinx\2025.1\Vivado\lib\win64.o\xv_boarddep.dll
Event: 1.100 Loaded shared library C:\Xilinx\2025.1\Vivado\lib\win64.o\xv_boardcommontasks.dll
Event: 1.102 Loaded shared library C:\Xilinx\2025.1\Vivado\lib\win64.o\xv_ptgen.dll
Event: 1.105 Loaded shared library C:\Xilinx\2025.1\Vivado\lib\win64.o\xv_ip.dll
Event: 1.107 Loaded shared library C:\Xilinx\2025.1\Vivado\lib\win64.o\xv_mig.dll
Event: 1.110 Loaded shared library C:\Xilinx\2025.1\Vivado\lib\win64.o\xv_implflow.dll
Event: 1.112 Loaded shared library C:\Xilinx\2025.1\Vivado\lib\win64.o\xv_xhubtasks.dll
Event: 1.121 Loaded shared library C:\Xilinx\2025.1\Vivado\lib\win64.o\xv_iptasks.dll
Event: 1.124 Loaded shared library C:\Xilinx\2025.1\Vivado\lib\win64.o\xv_synth.dll
Event: 2.376 Loaded shared library C:\Xilinx\2025.1\Vivado\tps\win64\jre21.0.1_12\bin\verify.dll
Event: 2.460 Loaded shared library C:\Xilinx\2025.1\Vivado\tps\win64\jre21.0.1_12\bin\freetype.dll
Event: 2.463 Loaded shared library C:\Xilinx\2025.1\Vivado\tps\win64\jre21.0.1_12\bin\fontmanager.dll
Event: 7.837 Loaded shared library C:\Xilinx\2025.1\Vivado\lib\win64.o\xv_xhub.dll
Event: 14.132 Loaded shared library C:\Xilinx\2025.1\Vivado\tps\win64\jre21.0.1_12\bin\management.dll
Event: 14.137 Loaded shared library C:\Xilinx\2025.1\Vivado\tps\win64\jre21.0.1_12\bin\management_ext.dll
Event: 52.548 Loaded shared library C:\Xilinx\2025.1\Vivado\lib\win64.o\nlview.dll
Event: 1787.664 Loaded shared library C:\Xilinx\2025.1\Vivado\tps\win64\jre21.0.1_12\bin\javajpeg.dll

Deoptimization events (20 events):
Event: 3745.400 Thread 0x000001ff969a4b90 Uncommon trap: trap_request=0xffffffc6 fr.pc=0x000001ffa75e3d60 relative=0x0000000000004ec0
Event: 3745.400 Thread 0x000001ff969a4b90 Uncommon trap: reason=bimorphic_or_optimized_type_check action=maybe_recompile pc=0x000001ffa75e3d60 method=com.jidesoft.plaf.basic.BasicStyledLabelUI.internalPaintStyledText(Lcom/jidesoft/swing/StyledLabel;Ljava/awt/Graphics;III)I @ 122 c2
Event: 3745.400 Thread 0x000001ff969a4b90 DEOPT PACKING pc=0x000001ffa75e3d60 sp=0x00000041ecffc590
Event: 3745.400 Thread 0x000001ff969a4b90 DEOPT UNPACKING pc=0x000001ffa68346a2 sp=0x00000041ecffc4d0 mode 2
Event: 3745.400 Thread 0x000001ff969a4b90 Uncommon trap: trap_request=0xffffffc6 fr.pc=0x000001ffa82947bc relative=0x00000000000017bc
Event: 3745.400 Thread 0x000001ff969a4b90 Uncommon trap: reason=bimorphic_or_optimized_type_check action=maybe_recompile pc=0x000001ffa82947bc method=javax.swing.plaf.basic.BasicLabelUI.paint(Ljava/awt/Graphics;Ljavax/swing/JComponent;)V @ 89 c2
Event: 3745.400 Thread 0x000001ff969a4b90 DEOPT PACKING pc=0x000001ffa82947bc sp=0x00000041ecffc8a0
Event: 3745.400 Thread 0x000001ff969a4b90 DEOPT UNPACKING pc=0x000001ffa68346a2 sp=0x00000041ecffc878 mode 2
Event: 3745.400 Thread 0x000001ff969a4b90 Uncommon trap: trap_request=0xffffffc6 fr.pc=0x000001ffa826801c relative=0x00000000000010bc
Event: 3745.400 Thread 0x000001ff969a4b90 Uncommon trap: reason=bimorphic_or_optimized_type_check action=maybe_recompile pc=0x000001ffa826801c method=com.jidesoft.plaf.basic.BasicStyledLabelUI.paintStyledText(Lcom/jidesoft/swing/StyledLabel;Ljava/awt/Graphics;II)V @ 185 c2
Event: 3745.400 Thread 0x000001ff969a4b90 DEOPT PACKING pc=0x000001ffa826801c sp=0x00000041ecffc7f0
Event: 3745.400 Thread 0x000001ff969a4b90 DEOPT UNPACKING pc=0x000001ffa68346a2 sp=0x00000041ecffc6b8 mode 2
Event: 3745.400 Thread 0x000001ff969a4b90 Uncommon trap: trap_request=0xffffffc6 fr.pc=0x000001ffa75e3d60 relative=0x0000000000004ec0
Event: 3745.400 Thread 0x000001ff969a4b90 Uncommon trap: reason=bimorphic_or_optimized_type_check action=maybe_recompile pc=0x000001ffa75e3d60 method=com.jidesoft.plaf.basic.BasicStyledLabelUI.internalPaintStyledText(Lcom/jidesoft/swing/StyledLabel;Ljava/awt/Graphics;III)I @ 122 c2
Event: 3745.400 Thread 0x000001ff969a4b90 DEOPT PACKING pc=0x000001ffa75e3d60 sp=0x00000041ecffc590
Event: 3745.400 Thread 0x000001ff969a4b90 DEOPT UNPACKING pc=0x000001ffa68346a2 sp=0x00000041ecffc4d0 mode 2
Event: 3753.200 Thread 0x000001ff969a4b90 Uncommon trap: trap_request=0xffffff45 fr.pc=0x000001ffa843076c relative=0x0000000000000eec
Event: 3753.200 Thread 0x000001ff969a4b90 Uncommon trap: reason=unstable_if action=reinterpret pc=0x000001ffa843076c method=java.awt.ModalEventFilter.acceptEvent(Ljava/awt/AWTEvent;)Ljava/awt/EventFilter$FilterAction; @ 58 c2
Event: 3753.200 Thread 0x000001ff969a4b90 DEOPT PACKING pc=0x000001ffa843076c sp=0x00000041ecffeaa0
Event: 3753.200 Thread 0x000001ff969a4b90 DEOPT UNPACKING pc=0x000001ffa68346a2 sp=0x00000041ecffe978 mode 2

Classes loaded (20 events):
Event: 3657.048 Loading class sun/nio/cs/ISO_8859_1$Encoder
Event: 3657.055 Loading class sun/nio/cs/ISO_8859_1$Encoder done
Event: 3657.055 Loading class sun/nio/cs/Surrogate$Parser
Event: 3657.055 Loading class sun/nio/cs/Surrogate$Parser done
Event: 3657.055 Loading class sun/nio/cs/Surrogate
Event: 3657.056 Loading class sun/nio/cs/Surrogate done
Event: 3657.056 Loading class java/nio/StringCharBuffer
Event: 3657.056 Loading class java/nio/StringCharBuffer done
Event: 3657.058 Loading class java/nio/charset/UnmappableCharacterException
Event: 3657.058 Loading class java/nio/charset/CharacterCodingException
Event: 3657.058 Loading class java/nio/charset/CharacterCodingException done
Event: 3657.059 Loading class java/nio/charset/UnmappableCharacterException done
Event: 3701.584 Loading class javax/swing/plaf/basic/BasicButtonListener$Actions
Event: 3701.591 Loading class javax/swing/plaf/basic/BasicButtonListener$Actions done
Event: 3713.368 Loading class javax/swing/text/InternationalFormatter$ExtendedReplaceHolder
Event: 3713.375 Loading class javax/swing/text/InternationalFormatter$ExtendedReplaceHolder done
Event: 3714.443 Loading class javax/swing/JFormattedTextField$FocusLostHandler
Event: 3714.443 Loading class javax/swing/JFormattedTextField$FocusLostHandler done
Event: 3745.314 Loading class java/beans/VetoableChangeListenerProxy
Event: 3745.314 Loading class java/beans/VetoableChangeListenerProxy done

Classes unloaded (0 events):
No events

Classes redefined (0 events):
No events

Internal exceptions (20 events):
Event: 3717.793 Thread 0x000001ff969a4b90 Exception <a 'de/concept/nlview/NlviewException'{0x00000006afa15e08}> (0x00000006afa15e08) 
thrown [s\src\hotspot\share\prims\jni.cpp, line 520]
Event: 3721.344 Thread 0x000001ff969a4b90 Exception <a 'java/io/FileNotFoundException'{0x00000006af3abd28}> (0x00000006af3abd28) 
thrown [s\src\hotspot\share\prims\jni.cpp, line 520]
Event: 3721.348 Thread 0x000001ff969a4b90 Exception <a 'java/io/FileNotFoundException'{0x00000006af3adb58}> (0x00000006af3adb58) 
thrown [s\src\hotspot\share\prims\jni.cpp, line 520]
Event: 3726.346 Thread 0x000001ff969a4b90 Exception <a 'java/io/FileNotFoundException'{0x00000006ae674858}> (0x00000006ae674858) 
thrown [s\src\hotspot\share\prims\jni.cpp, line 520]
Event: 3726.349 Thread 0x000001ff969a4b90 Exception <a 'java/io/FileNotFoundException'{0x00000006ae675028}> (0x00000006ae675028) 
thrown [s\src\hotspot\share\prims\jni.cpp, line 520]
Event: 3731.346 Thread 0x000001ff969a4b90 Exception <a 'java/io/FileNotFoundException'{0x00000006b1abe2c8}> (0x00000006b1abe2c8) 
thrown [s\src\hotspot\share\prims\jni.cpp, line 520]
Event: 3731.349 Thread 0x000001ff969a4b90 Exception <a 'java/io/FileNotFoundException'{0x00000006b1abea98}> (0x00000006b1abea98) 
thrown [s\src\hotspot\share\prims\jni.cpp, line 520]
Event: 3734.535 Thread 0x000001ff969a4b90 Exception <a 'de/concept/nlview/NlviewException'{0x00000006b06e4ff0}> (0x00000006b06e4ff0) 
thrown [s\src\hotspot\share\prims\jni.cpp, line 520]
Event: 3736.349 Thread 0x000001ff969a4b90 Exception <a 'java/io/FileNotFoundException'{0x00000006af564730}> (0x00000006af564730) 
thrown [s\src\hotspot\share\prims\jni.cpp, line 520]
Event: 3736.349 Thread 0x000001ff969a4b90 Exception <a 'java/io/FileNotFoundException'{0x00000006af564ee0}> (0x00000006af564ee0) 
thrown [s\src\hotspot\share\prims\jni.cpp, line 520]
Event: 3736.888 Thread 0x000001ff969a4b90 Exception <a 'de/concept/nlview/NlviewException'{0x00000006af3b8a88}> (0x00000006af3b8a88) 
thrown [s\src\hotspot\share\prims\jni.cpp, line 520]
Event: 3738.951 Thread 0x000001ff969a4b90 Exception <a 'de/concept/nlview/NlviewException'{0x00000006b28bf570}> (0x00000006b28bf570) 
thrown [s\src\hotspot\share\prims\jni.cpp, line 520]
Event: 3740.655 Thread 0x000001ff969a4b90 Exception <a 'de/concept/nlview/NlviewException'{0x00000006b18ac538}> (0x00000006b18ac538) 
thrown [s\src\hotspot\share\prims\jni.cpp, line 520]
Event: 3741.348 Thread 0x000001ff969a4b90 Exception <a 'java/io/FileNotFoundException'{0x00000006b14d4ef0}> (0x00000006b14d4ef0) 
thrown [s\src\hotspot\share\prims\jni.cpp, line 520]
Event: 3741.350 Thread 0x000001ff969a4b90 Exception <a 'java/io/FileNotFoundException'{0x00000006b14d56c0}> (0x00000006b14d56c0) 
thrown [s\src\hotspot\share\prims\jni.cpp, line 520]
Event: 3745.321 Thread 0x000001ff969a4b90 Implicit null exception at 0x000001ffa7c57ae5 to 0x000001ffa7c57c38
Event: 3746.350 Thread 0x000001ff969a4b90 Exception <a 'java/io/FileNotFoundException'{0x00000006afe9bc00}> (0x00000006afe9bc00) 
thrown [s\src\hotspot\share\prims\jni.cpp, line 520]
Event: 3746.352 Thread 0x000001ff969a4b90 Exception <a 'java/io/FileNotFoundException'{0x00000006afe9c680}> (0x00000006afe9c680) 
thrown [s\src\hotspot\share\prims\jni.cpp, line 520]
Event: 3751.350 Thread 0x000001ff969a4b90 Exception <a 'java/io/FileNotFoundException'{0x00000006aff2ad28}> (0x00000006aff2ad28) 
thrown [s\src\hotspot\share\prims\jni.cpp, line 520]
Event: 3751.352 Thread 0x000001ff969a4b90 Exception <a 'java/io/FileNotFoundException'{0x00000006aff2b7a8}> (0x00000006aff2b7a8) 
thrown [s\src\hotspot\share\prims\jni.cpp, line 520]

ZGC Phase Switch (0 events):
No events

VM Operations (20 events):
Event: 3734.242 Executing VM operation: Cleanup
Event: 3734.242 Executing VM operation: Cleanup done
Event: 3735.243 Executing VM operation: Cleanup
Event: 3735.243 Executing VM operation: Cleanup done
Event: 3737.244 Executing VM operation: Cleanup
Event: 3737.245 Executing VM operation: Cleanup done
Event: 3738.603 Executing VM operation: G1CollectForAllocation (G1 Evacuation Pause)
Event: 3738.610 Executing VM operation: G1CollectForAllocation (G1 Evacuation Pause) done
Event: 3740.609 Executing VM operation: Cleanup
Event: 3740.610 Executing VM operation: Cleanup done
Event: 3741.610 Executing VM operation: Cleanup
Event: 3741.610 Executing VM operation: Cleanup done
Event: 3743.611 Executing VM operation: Cleanup
Event: 3743.611 Executing VM operation: Cleanup done
Event: 3745.306 Executing VM operation: HandshakeAllThreads (Deoptimize)
Event: 3745.306 Executing VM operation: HandshakeAllThreads (Deoptimize) done
Event: 3745.306 Executing VM operation: Cleanup
Event: 3745.306 Executing VM operation: Cleanup done
Event: 3747.306 Executing VM operation: Cleanup
Event: 3747.306 Executing VM operation: Cleanup done

Events (20 events):
Event: 3745.266 Thread 0x0000020009435160 Thread added: 0x0000020009435160
Event: 3745.269 Thread 0x0000020009435160 Thread exited: 0x0000020009435160
Event: 3746.064 Thread 0x0000020009432a00 Thread added: 0x0000020009432a00
Event: 3746.065 Thread 0x0000020009432a00 Thread exited: 0x0000020009432a00
Event: 3747.065 Thread 0x0000020009433720 Thread added: 0x0000020009433720
Event: 3747.065 Thread 0x0000020009433720 Thread exited: 0x0000020009433720
Event: 3747.212 Thread 0x0000020009433720 Thread added: 0x0000020009433720
Event: 3747.213 Thread 0x0000020009433720 Thread exited: 0x0000020009433720
Event: 3748.066 Thread 0x0000020009435160 Thread added: 0x0000020009435160
Event: 3748.067 Thread 0x0000020009435160 Thread exited: 0x0000020009435160
Event: 3749.066 Thread 0x000002000942fc10 Thread added: 0x000002000942fc10
Event: 3749.067 Thread 0x000002000942fc10 Thread exited: 0x000002000942fc10
Event: 3750.066 Thread 0x000002000942e860 Thread added: 0x000002000942e860
Event: 3750.067 Thread 0x000002000942e860 Thread exited: 0x000002000942e860
Event: 3751.067 Thread 0x0000020009431650 Thread added: 0x0000020009431650
Event: 3751.068 Thread 0x0000020009431650 Thread exited: 0x0000020009431650
Event: 3752.068 Thread 0x0000020009434ad0 Thread added: 0x0000020009434ad0
Event: 3752.069 Thread 0x0000020009434ad0 Thread exited: 0x0000020009434ad0
Event: 3753.069 Thread 0x000002000942e860 Thread added: 0x000002000942e860
Event: 3753.070 Thread 0x000002000942e860 Thread exited: 0x000002000942e860


Dynamic libraries:
0x00007ff7adf00000 - 0x00007ff7adf08000 	C:\Xilinx\2025.1\Vivado\bin\unwrapped\win64.o\vivado.exe
0x00007ffa952c0000 - 0x00007ffa954b0000 	C:\Windows\SYSTEM32\ntdll.dll
0x00007ffa91e90000 - 0x00007ffa92036000 	C:\Windows\system32\hmpalert.dll
0x00007ffa94410000 - 0x00007ffa944c2000 	C:\Windows\System32\KERNEL32.DLL
0x00007ffa929c0000 - 0x00007ffa92c65000 	C:\Windows\System32\KERNELBASE.dll
0x00007ffa92da0000 - 0x00007ffa92e9a000 	C:\Windows\System32\ucrtbase.dll
0x00007ffa85190000 - 0x00007ffa851b7000 	C:\Xilinx\2025.1\Vivado\lib\win64.o\xv_commonmain.dll
0x00007ffa564c0000 - 0x00007ffa57b67000 	C:\Xilinx\2025.1\Vivado\lib\win64.o\xv_common.dll
0x00007ffa94720000 - 0x00007ffa948b4000 	C:\Windows\System32\USER32.dll
0x00007ffa92c70000 - 0x00007ffa92c91000 	C:\Windows\System32\win32u.dll
0x00007ffa93ef0000 - 0x00007ffa93f16000 	C:\Windows\System32\GDI32.dll
0x00007ffa931d0000 - 0x00007ffa93366000 	C:\Windows\System32\gdi32full.dll
0x00007ffa92ca0000 - 0x00007ffa92d3e000 	C:\Windows\System32\msvcp_win.dll
0x00007ffa94940000 - 0x00007ffa949e3000 	C:\Windows\System32\ADVAPI32.dll
0x00007ffa94ba0000 - 0x00007ffa94c3e000 	C:\Windows\System32\msvcrt.dll
0x00007ffa942a0000 - 0x00007ffa94337000 	C:\Windows\System32\sechost.dll
0x00007ffa94a70000 - 0x00007ffa94b90000 	C:\Windows\System32\RPCRT4.dll
0x00007ffa93370000 - 0x00007ffa93a57000 	C:\Windows\System32\SHELL32.dll
0x00007ffa92f30000 - 0x00007ffa92f7a000 	C:\Windows\System32\cfgmgr32.dll
0x00007ffa94050000 - 0x00007ffa940f9000 	C:\Windows\System32\shcore.dll
0x00007ffa94ee0000 - 0x00007ffa95216000 	C:\Windows\System32\combase.dll
0x00007ffa92ea0000 - 0x00007ffa92f21000 	C:\Windows\System32\bcryptPrimitives.dll
0x00007ffa92230000 - 0x00007ffa929b1000 	C:\Windows\System32\windows.storage.dll
0x00007ffa92200000 - 0x00007ffa92223000 	C:\Windows\System32\profapi.dll
0x00007ffa92190000 - 0x00007ffa921da000 	C:\Windows\System32\powrprof.dll
0x00007ffa92160000 - 0x00007ffa92170000 	C:\Windows\System32\UMPDC.dll
0x00007ffa94100000 - 0x00007ffa94152000 	C:\Windows\System32\shlwapi.dll
0x00007ffa92170000 - 0x00007ffa92181000 	C:\Windows\System32\kernel.appcore.dll
0x00007ffa93100000 - 0x00007ffa93117000 	C:\Windows\System32\cryptsp.dll
0x00007ffa92d40000 - 0x00007ffa92d9c000 	C:\Windows\System32\WINTRUST.dll
0x00007ffa921e0000 - 0x00007ffa921f2000 	C:\Windows\System32\MSASN1.dll
0x00007ffa92fb0000 - 0x00007ffa930f9000 	C:\Windows\System32\CRYPT32.dll
0x00007ffa946b0000 - 0x00007ffa9471f000 	C:\Windows\System32\WS2_32.dll
0x00007ffa92f80000 - 0x00007ffa92fa6000 	C:\Windows\System32\bcrypt.dll
0x00007ffa89780000 - 0x00007ffa8980d000 	C:\Windows\SYSTEM32\MSVCP140.dll
0x00007ffa85750000 - 0x00007ffa8576b000 	C:\Windows\SYSTEM32\VCRUNTIME140.dll
0x00007ffa8aeb0000 - 0x00007ffa8aebc000 	C:\Windows\SYSTEM32\VCRUNTIME140_1.dll
0x00007ffa90170000 - 0x00007ffa9017c000 	C:\Xilinx\2025.1\Vivado\lib\win64.o\xv_commonversion.dll
0x00007ffa69ab0000 - 0x00007ffa69d00000 	C:\Xilinx\2025.1\Vivado\lib\win64.o\xv_commonxillic.dll
0x00007ffa84ff0000 - 0x00007ffa8501a000 	C:\Xilinx\2025.1\Vivado\lib\win64.o\boost_filesystem.dll
0x00007ffa72880000 - 0x00007ffa72a21000 	C:\Xilinx\2025.1\Vivado\lib\win64.o\tcl86t.dll
0x00007ffa5b420000 - 0x00007ffa5bb6b000 	C:\Xilinx\2025.1\Vivado\lib\win64.o\python313.dll
0x00007ffa6f970000 - 0x00007ffa6f979000 	C:\Windows\SYSTEM32\WSOCK32.dll
0x00007ffa8ace0000 - 0x00007ffa8acf7000 	C:\Windows\SYSTEM32\NETAPI32.dll
0x00007ffa8a070000 - 0x00007ffa8a545000 	C:\Windows\SYSTEM32\WININET.dll
0x00007ffa8f880000 - 0x00007ffa8f970000 	C:\Windows\SYSTEM32\WINHTTP.dll
0x000001ff8c0c0000 - 0x000001ff8c296000 	C:\Windows\SYSTEM32\urlmon.dll
0x00007ffa55430000 - 0x00007ffa564ba000 	C:\Xilinx\2025.1\Vivado\lib\win64.o\xv_isl_iostreams.dll
0x00007ffa84b60000 - 0x00007ffa84b87000 	C:\Xilinx\2025.1\Vivado\lib\win64.o\boost_thread.dll
0x00007ffa8be50000 - 0x00007ffa8be69000 	C:\Xilinx\2025.1\Vivado\lib\win64.o\boost_date_time.dll
0x00007ffa7fce0000 - 0x00007ffa7fd04000 	C:\Xilinx\2025.1\Vivado\lib\win64.o\xv_isl_sysinfo.dll
0x00007ffa75100000 - 0x00007ffa75194000 	C:\Xilinx\2025.1\Vivado\lib\win64.o\boost_program_options.dll
0x00007ffa8e920000 - 0x00007ffa8e930000 	C:\Xilinx\2025.1\Vivado\lib\win64.o\xv_boost_xilinx.dll
0x00007ffa6e970000 - 0x00007ffa6eab4000 	C:\Xilinx\2025.1\Vivado\lib\win64.o\boost_regex.dll
0x00007ffa54f90000 - 0x00007ffa55430000 	C:\Xilinx\2025.1\Vivado\lib\win64.o\xv_COIN-all.dll
0x00007ffa8ae40000 - 0x00007ffa8ae5c000 	C:\Xilinx\2025.1\Vivado\lib\win64.o\librdiconfig.dll
0x00007ffa75050000 - 0x00007ffa750f5000 	C:\Xilinx\2025.1\Vivado\lib\win64.o\libhdxml.dll
0x00007ffa34d10000 - 0x00007ffa36c27000 	C:\Xilinx\2025.1\Vivado\lib\win64.o\gurobi90.dll
0x00007ffa948d0000 - 0x00007ffa94938000 	C:\Windows\System32\WLDAP32.dll
0x00007ffa94c40000 - 0x00007ffa94c48000 	C:\Windows\System32\Normaliz.dll
0x00007ffa85170000 - 0x00007ffa8518a000 	C:\Xilinx\2025.1\Vivado\lib\win64.o\pthreadVC2.dll
0x00007ffa7c600000 - 0x00007ffa7c677000 	C:\Xilinx\2025.1\Vivado\lib\win64.o\xv_lmx.dll
0x00007ffa738e0000 - 0x00007ffa73997000 	C:\Xilinx\2025.1\Vivado\lib\win64.o\libzstd.dll
0x00007ffa72af0000 - 0x00007ffa72b72000 	C:\Xilinx\2025.1\Vivado\lib\win64.o\libhdlpsolve.dll
0x00007ffa7ed20000 - 0x00007ffa7ed43000 	C:\Xilinx\2025.1\Vivado\lib\win64.o\librdizlib.dll
0x00007ffa5b150000 - 0x00007ffa5b411000 	C:\Xilinx\2025.1\Vivado\lib\win64.o\xerces-c_3_2.dll
0x00007ffa7e040000 - 0x00007ffa7e071000 	C:\Windows\SYSTEM32\VCOMP140.DLL
0x00007ffa54c70000 - 0x00007ffa54f86000 	C:\Xilinx\2025.1\Vivado\lib\win64.o\libXil_lmgr11.dll
0x00007ffa93f80000 - 0x00007ffa94050000 	C:\Windows\System32\COMDLG32.dll
0x00007ffa94340000 - 0x00007ffa94405000 	C:\Windows\System32\OLEAUT32.dll
0x00007ffa94c50000 - 0x00007ffa94da7000 	C:\Windows\System32\ole32.dll
0x00007ffa92080000 - 0x00007ffa920a5000 	C:\Windows\SYSTEM32\USERENV.dll
0x00007ffa7a5c0000 - 0x00007ffa7a5ea000 	C:\Xilinx\2025.1\Vivado\lib\win64.o\zlib1.dll
0x00007ffa8fbf0000 - 0x00007ffa8fbfa000 	C:\Windows\SYSTEM32\VERSION.dll
0x00007ffa81f50000 - 0x00007ffa821f7000 	C:\Windows\SYSTEM32\iertutil.dll
0x00007ffa84b40000 - 0x00007ffa84b5c000 	C:\Xilinx\2025.1\Vivado\lib\win64.o\xv_isl_iosutils.dll
0x00007ffa79e70000 - 0x00007ffa79e91000 	C:\Xilinx\2025.1\Vivado\lib\win64.o\boost_iostreams.dll
0x00007ffa7a450000 - 0x00007ffa7a4f9000 	C:\Windows\WinSxS\amd64_microsoft.windows.common-controls_6595b64144ccf1df_5.82.18362.1256_none_73b4ccbed8148ea3\COMCTL32.dll
0x00007ffa8f7c0000 - 0x00007ffa8f7dc000 	C:\Windows\SYSTEM32\dhcpcsvc.DLL
0x00007ffa948c0000 - 0x00007ffa948c8000 	C:\Windows\System32\NSI.dll
0x00007ffa917a0000 - 0x00007ffa91807000 	C:\Windows\SYSTEM32\MSWSOCK.DLL
0x00007ffa915d0000 - 0x00007ffa91612000 	C:\Windows\SYSTEM32\LOGONCLI.DLL
0x00007ffa91970000 - 0x00007ffa9197c000 	C:\Windows\SYSTEM32\CRYPTBASE.DLL
0x00007ffa914f0000 - 0x00007ffa914fc000 	C:\Windows\SYSTEM32\NETUTILS.DLL
0x00007ffa8d4d0000 - 0x00007ffa8d4e8000 	C:\Windows\SYSTEM32\SAMCLI.DLL
0x00007ffa944d0000 - 0x00007ffa944fe000 	C:\Windows\System32\IMM32.DLL
0x00007ffa91310000 - 0x00007ffa91343000 	C:\Windows\system32\rsaenh.dll
0x00007ffa93a60000 - 0x00007ffa93a7d000 	C:\Windows\System32\imagehlp.dll
0x00007ffa34640000 - 0x00007ffa34d10000 	C:\Xilinx\2025.1\Vivado\lib\win64.o\xv_commontasks.dll
0x00007ffa54770000 - 0x00007ffa54c69400 	C:\Xilinx\2025.1\Vivado\lib\win64.o\xv_sio.dll
0x00007ffa338b0000 - 0x00007ffa34631000 	C:\Xilinx\2025.1\Vivado\tps\win64\jre21.0.1_12\bin\server\jvm.dll
0x00007ffa914b0000 - 0x00007ffa914ea000 	C:\Windows\SYSTEM32\IPHLPAPI.DLL
0x00007ffa8c5e0000 - 0x00007ffa8c604000 	C:\Windows\SYSTEM32\WINMM.dll
0x00007ffa8c5b0000 - 0x00007ffa8c5dd000 	C:\Windows\SYSTEM32\WINMMBASE.dll
0x00007ffa90ba0000 - 0x00007ffa90bc2000 	C:\Windows\SYSTEM32\gpapi.dll
0x00007ffa7a060000 - 0x00007ffa7a08f000 	C:\Windows\System32\cryptnet.dll
0x00007ffa8fa00000 - 0x00007ffa8fa0b000 	C:\Windows\SYSTEM32\WINNSI.DLL
0x00007ffa92040000 - 0x00007ffa92077000 	C:\Windows\SYSTEM32\SspiCli.dll
0x00007ffa7de30000 - 0x00007ffa7de46000 	C:\Windows\system32\napinsp.dll
0x00007ffa7de50000 - 0x00007ffa7de6a000 	C:\Windows\system32\pnrpnsp.dll
0x00007ffa91500000 - 0x00007ffa915cb000 	C:\Windows\SYSTEM32\DNSAPI.dll
0x00007ffa84c10000 - 0x00007ffa84c1e000 	C:\Windows\System32\winrnr.dll
0x00007ffa8f430000 - 0x00007ffa8f44c000 	C:\Windows\system32\NLAapi.dll
0x00007ffa84d00000 - 0x00007ffa84d15000 	C:\Windows\system32\wshbth.dll
0x0000000073f30000 - 0x0000000073f56000 	C:\Program Files\Bonjour\mdnsNSP.dll
0x00007ffa8f410000 - 0x00007ffa8f427000 	C:\Windows\SYSTEM32\wkscli.dll
0x00007ffa714d0000 - 0x00007ffa714e2000 	C:\Windows\SYSTEM32\cscapi.dll
0x00007ffa29e80000 - 0x00007ffa2df51000 	C:\Xilinx\2025.1\Vivado\lib\win64.o\xv_tcltasks.dll
0x00007ffa72600000 - 0x00007ffa726d9000 	C:\Xilinx\2025.1\Vivado\lib\win64.o\xv_xhubtasks.dll
0x00007ffa32bb0000 - 0x00007ffa338a4000 	C:\Xilinx\2025.1\Vivado\lib\win64.o\xv_project.dll
0x00007ffa280a0000 - 0x00007ffa29e79000 	C:\Xilinx\2025.1\Vivado\lib\win64.o\xv_implflow.dll
0x00007ffa31d50000 - 0x00007ffa32ba2000 	C:\Xilinx\2025.1\Vivado\lib\win64.o\xv_power.dll
0x00007ffa0b5f0000 - 0x00007ffa10fcc000 	C:\Xilinx\2025.1\Vivado\lib\win64.o\xv_route.dll
0x00007ffa058e0000 - 0x00007ffa0b5e5000 	C:\Xilinx\2025.1\Vivado\lib\win64.o\xv_place.dll
0x00007ffa310c0000 - 0x00007ffa31d47000 	C:\Xilinx\2025.1\Vivado\lib\win64.o\xv_lopt.dll
0x00007ffa2f890000 - 0x00007ffa2fdf3000 	C:\Xilinx\2025.1\Vivado\lib\win64.o\xv_dfximpl.dll
0x00007ffa2f0b0000 - 0x00007ffa2f883000 	C:\Xilinx\2025.1\Vivado\lib\win64.o\xv_runs.dll
0x00007ffa6c1f0000 - 0x00007ffa6c357000 	C:\Xilinx\2025.1\Vivado\lib\win64.o\xv_chipscope.dll
0x00007ffa2e430000 - 0x00007ffa2f0aa000 	C:\Xilinx\2025.1\Vivado\lib\win64.o\xv_rsb.dll
0x00007ffa273c0000 - 0x00007ffa28091000 	C:\Xilinx\2025.1\Vivado\lib\win64.o\xv_drc.dll
0x00007ffa24730000 - 0x00007ffa273b2000 	C:\Xilinx\2025.1\Vivado\lib\win64.o\xv_mig.dll
0x00007ffa6bcc0000 - 0x00007ffa6bdcc000 	C:\Xilinx\2025.1\Vivado\lib\win64.o\xv_dsp.dll
0x00007ffa4f470000 - 0x00007ffa4f6f6000 	C:\Xilinx\2025.1\Vivado\lib\win64.o\xv_chipscopeimpl.dll
0x00007ffa02ae0000 - 0x00007ffa058d4000 	C:\Xilinx\2025.1\Vivado\lib\win64.o\xv_coregen.dll
0x00007ffa00b20000 - 0x00007ffa0249c000 	C:\Xilinx\2025.1\Vivado\lib\win64.o\xv_timing.dll
0x00007ffa6ba70000 - 0x00007ffa6bbf2000 	C:\Xilinx\2025.1\Vivado\lib\win64.o\xv_vsta.dll
0x00007ffa24270000 - 0x00007ffa2472c000 	C:\Xilinx\2025.1\Vivado\lib\win64.o\xv_dlyest.dll
0x00007ffa23bb0000 - 0x00007ffa24270000 	C:\Xilinx\2025.1\Vivado\lib\win64.o\xv_memdata.dll

dbghelp: loaded successfully - version: 4.0.5 - missing functions: none
symbol engine: initialized successfully - sym options: 0x614 - pdb path: .;C:\Xilinx\2025.1\Vivado\bin\unwrapped\win64.o;C:\Windows\SYSTEM32;C:\Xilinx\2025.1\Vivado\lib\win64.o;C:\Windows\WinSxS\amd64_microsoft.windows.common-controls_6595b64144ccf1df_5.82.18362.1256_none_73b4ccbed8148ea3;C:\Xilinx\2025.1\Vivado\tps\win64\jre21.0.1_12\bin\server;C:\Program Files\Bonjour;C:\Xilinx\2025.1\Vivado\tps\win64\jre21.0.1_12\bin;C:\Windows\WinSxS\amd64_microsoft.windows.common-controls_6595b64144ccf1df_6.0.18362.1256_none_9e7e379be45e40e2;C:\Windows\WinSxS\amd64_microsoft.windows.gdiplus_6595b64144ccf1df_1.1.18362.1256_none_cf692a813ef0bab0

VM Arguments:
jvm_args: -Dsun.java2d.pmoffscreen=false -Dhttps.protocols=TLSv1,TLSv1.1,TLSv1.2 -Dsun.java2d.xrender=false -Dsun.java2d.d3d=false -Dsun.awt.nopixfmt=true -Dsun.java2d.dpiaware=true -Dsun.java2d.uiScale.enabled=false -Dswing.aatext=true -XX:-UsePerfData -Djdk.map.althashing.threshold=512 -XX:StringTableSize=4072 -XX:+UseStringDeduplication -XX:MaxGCPauseMillis=200 -XX:ParallelGCThreads=4 -XX:+ParallelRefProcEnabled --add-opens=java.desktop/javax.swing.plaf.synth=ALL-UNNAMED --add-opens=java.base/java.nio=ALL-UNNAMED --add-opens=java.desktop/sun.swing=ALL-UNNAMED --add-opens=java.desktop/javax.swing=ALL-UNNAMED --add-opens=java.desktop/javax.swing.tree=ALL-UNNAMED --add-opens=java.desktop/javax.swing.plaf.basic=ALL-UNNAMED --add-opens=java.desktop/javax.swing.plaf.synth=ALL-UNNAMED --add-opens=java.desktop/javax.swing.plaf.basic=ALL-UNNAMED --add-opens=java.desktop/javax.swing=ALL-UNNAMED --add-opens=java.desktop/javax.swing.tree=ALL-UNNAMED --add-opens=java.desktop/java.awt.event=ALL-UNNAMED --add-exports=java.desktop/javax.swing.plaf.synth=ALL-UNNAMED --add-exports=java.base/java.nio=ALL-UNNAMED --add-exports=java.desktop/sun.swing=ALL-UNNAMED --add-exports=java.desktop/javax.swing=ALL-UNNAMED --add-exports=java.desktop/javax.swing.tree=ALL-UNNAMED --add-exports=java.desktop/javax.swing.plaf.basic=ALL-UNNAMED --add-exports=java.desktop/sun.swing=ALL-UNNAMED --add-exports=java.desktop/sun.swing.table=ALL-UNNAMED --add-exports=java.desktop/sun.swing.plaf.synth=ALL-UNNAMED --add-exports=java.desktop/sun.awt.shell=ALL-UNNAMED --add-exports=java.base/sun.security.action=ALL-UNNAMED --add-exports=java.desktop/sun.font=ALL-UNNAMED -XX:NewSize=80m -XX:MaxNewSize=80m -Xms812m -Xmx6144m -Xss10m 
java_command: <unknown>
java_class_path (initial): C:/Xilinx/2025.1/Vivado\lib\classes\apiguardian-api-1.1.0.jar;C:/Xilinx/2025.1/Vivado\lib\classes\asm-9.6-11.0.11-62.jar;C:/Xilinx/2025.1/Vivado\lib\classes\asm-analysis-9.6-11.0.11-62.jar;C:/Xilinx/2025.1/Vivado\lib\classes\asm-commons-9.6-11.0.11-62.jar;C:/Xilinx/2025.1/Vivado\lib\classes\asm-tree-9.6-11.0.11-62.jar;C:/Xilinx/2025.1/Vivado\lib\classes\autoesl-models-1.0.0-62.jar;C:/Xilinx/2025.1/Vivado\lib\classes\batik-anim-1.0.0-62.jar;C:/Xilinx/2025.1/Vivado\lib\classes\batik-awt-util-1.0.0-62.jar;C:/Xilinx/2025.1/Vivado\lib\classes\batik-bridge-1.0.0-62.jar;C:/Xilinx/2025.1/Vivado\lib\classes\batik-codec-1.0.0-62.jar;C:/Xilinx/2025.1/Vivado\lib\classes\batik-constants-1.0.0-62.jar;C:/Xilinx/2025.1/Vivado\lib\classes\batik-css-1.0.0-62.jar;C:/Xilinx/2025.1/Vivado\lib\classes\batik-dom-1.0.0-62.jar;C:/Xilinx/2025.1/Vivado\lib\classes\batik-ext-1.0.0-62.jar;C:/Xilinx/2025.1/Vivado\lib\classes\batik-gui-util-1.0.0-62.jar;C:/Xilinx/2025.1/Vivado\lib\classes\batik-gvt-1.0.0-62.jar;C:/Xilinx/2025.1/Vivado\lib\classes\batik-i18n-1.0.0-62.jar;C:/Xilinx/2025.1/Vivado\lib\classes\batik-parser-1.0.0-62.jar;C:/Xilinx/2025.1/Vivado\lib\classes\batik-script-1.0.0-62.jar;C:/Xilinx/2025.1/Vivado\lib\classes\batik-svg-dom-1.0.0-62.jar;C:/Xilinx/2025.1/Vivado\lib\classes\batik-svggen-1.0.0-62.jar;C:/Xilinx/2025.1/Vivado\lib\classes\batik-swing-1.0.0-62.jar;C:/Xilinx/2025.1/Vivado\lib\classes\batik-transcoder-1.0.0-62.jar;C:/Xilinx/2025.1/Vivado\lib\classes\batik-util-1.0.0-62.jar;C:/Xilinx/2025.1/Vivado\lib\classes\batik-xml-1.0.0-62.jar;C:/Xilinx/2025.1/Vivado\lib\classes\checker-qual-3.12.0.jar;C:/Xilinx/2025.1/Vivado\lib\classes\com.fasterxml.jackson.core.jackson-annotations_2.12.1.v20210128-1726-1.0.0-62.jar;C:/Xilinx/2025.1/Vivado\lib\classes\com.fasterxml.jackson.core.jackson-annotations_2.12.1.v20210128-1726-1.5.0-62.jar;C:/Xilinx/2025.1/Vivado\lib\classes\com.fasterxml.jackson.core.jackson-core_2.12.1.v20210128-1726-1.0.0-62.jar;C:/Xilinx/2025.1/Vivado\lib\classes\com.fasterxml.jackson.core.jackson-core_2.12.1.v20210128-1726-1.5.0-62.jar;C:/Xilinx/2025.1/Vivado\lib\classes\com.fasterxml.jackson.core.jackson-databind_2.12.1.v20210128-1726-1.0.0-62.jar;C:/Xilinx/2025.1/Vivado\lib\classes\com.fasterxml.jackson.core.jackson-databind_2.12.1.v20210128-1726-1.5.0-62.jar;C:/Xilinx/2025.1/Vivado\lib\classes\com.google.gson_2.8.9.v20220111-1409-1.5.0-62.jar;C:/Xilinx/2025.1/Vivado\lib\classes\com.google.guava_30.1.0.v20210127-2300-1.5.0-62.jar;C:/Xilinx/2025.1/Vivado\lib\classes\com.sigasi.hdt.connection_4.17.2.202304211001-1.5.0-62.jar;C:/Xilinx/2025.1/Vivado\lib\classes\com.sigasi.hdt.epl_4.17.2.202304211001-1.5.0-62.jar;C:/Xilinx/2025.1/Vivado\lib\classes\com.sigasi.hdt.project_4.17.2.202304211001-1.5.0-62.jar;C:/Xilinx/2025.1/Vivado\lib\classes\com.sigasi.hdt.readonlyfilesystem_4.17.2.202304211001-1.5.0-62.jar;C:/Xilinx/2025.1/Vivado\lib\classes\com.sigasi.hdt.shared_4.17.2.202304211001-1.5.0-62.jar;C:/Xilinx/2025.1/Vivado\lib\classes\com.sigasi.lcm_4.17.2.202304211001-1.5.0-62.jar;C:/Xilinx/2025.1/Vivado\lib\classes\com.sigasi.lsp.server.extensions_4.17.2.202304211001-1.5.0-62.jar;C:/Xilinx/2025.1/Vivado\lib\classes\com.sigasi.sdk.client_1.5.0.202304211001-1.5.0-62.jar;C:/Xilinx/2025.1/Vivado\lib\classes\commons-collections4-4.1-3.7.8-62.jar;C:/Xilinx/2025.1/Vivado\lib\classes\commons-compress-1.21-3.7.8-62.jar;C:/Xilinx/2025.1/Vivado\lib\classes\commons-io-2.15.0-11.0.11-62.jar;C:/Xilinx/2025.1/Vivado\lib\classes\commons-io-2.6.jar;C:/Xilinx/2025.1/Vivado\lib\classes\commons-lang3-3.14.0-11.0.11-62.jar;C:/Xilinx/2025.1/Vivado\lib\classes\commons-math-2.2-3.7.8-62.jar;C:/Xilinx/2025.1/Vivado\lib\classes\DispatchProtocol-1.24.0-526.jar;C:/Xilinx/2025.1/Vivado\lib\classes\dom4j-1.6.1-3.7.8-62.jar;C:/Xilinx/2025.1/Vivado\lib\classes\error_prone_annotations-2.11.0.jar;C:/Xilinx/2025.1/Vivado\lib\classes\failureaccess-1.0.1.jar;C:/Xilinx/2025.1/Vivado\lib\classes\frank_frameworks-1.0.0-526.jar;C:/Xilinx/2025.1/Vivado\lib\classes\gson-2.8.9.jar;C:/Xilinx/2025.1/Vivado\lib\classes\guava-31.1-android.jar;C:/Xilinx/2025.1/Vivado\lib\classes\help-1.24.0-356.jar;C:/Xilinx/2025.1/Vivado\lib\classes\hsqldb-3.7.8-62.jar;C:/Xilinx/2025.1/Vivado\lib\classes\j2objc-annotations-1.3.jar;C:/Xilinx/2025.1/Vivado\lib\classes\jakarta.annotation-api-2.1.0-11.0.11-62.jar;C:/Xilinx/2025.1/Vivado\lib\classes\jakarta.json-2.0.0-RC2-1.5.0-62.jar;C:/Xilinx/2025.1/Vivado\lib\classes\jakarta.json-api-2.0.0-RC2-1.5.0-62.jar;C:/Xilinx/2025.1/Vivado\lib\classes\jakarta.transaction-api-2.0.0-11.0.11-62.jar;C:/Xilinx/2025.1/Vivado\lib\classes\jaxb-api-2.3.0.jar;C:/Xilinx/2025.1/Vivado\lib\classes\jericho-html-3.4-1.0.0-62.jar;C:/Xilinx/2025.1/Vivado\lib\classes\jetty-jakarta-servlet-api-5.0.2-11.0.11-62.jar;C:/Xilinx/2025.1/Vivado\lib\classes\jh-2.0.05-62.jar;C:/Xilinx/2025.1/Vivado\lib\classes\jide-action-3.7.8-62.jar;C:/Xilinx/2025.1/Vivado\lib\classes\jide-charts-3.7.8-62.jar;C:/Xilinx/2025.1/Vivado\lib\classes\jide-common-3.7.8-62.jar;C:/Xilinx/2025.1/Vivado\lib\classes\jide-components-3.7.8-62.jar;C:/Xilinx/2025.1/Vivado\lib\classes\jide-dashboard-3.7.8-62.jar;C:/Xilinx/2025.1/Vivado\lib\classes\jide-data-3.7.8-62.jar;C:/Xilinx/2025.1/Vivado\lib\classes\jide-dialogs-3.7.8-62.jar;C:/Xilinx/2025.1/Vivado\lib\classes\jide-diff-3.7.8-62.jar;C:/Xilinx/2025.1/Vivado\lib\classes\jide-dock-3.7.8-62.jar;C:/Xilinx/2025.1/Vivado\lib\classes\jide-editor-3.7.8-62.jar;C:/Xilinx/2025.1/Vivado\lib\classes\jide-gantt-3.7.8-62.jar;C:/Xilinx/2025.1/Vivado\lib\classes\jide-grids-3.7.8-62.jar;C:/Xilinx/2025.1/Vivado\lib\classes\jide-pivot-3.7.8-62.jar;C:/Xilinx/2025.1/Vivado\lib\classes\jide-plaf-jdk7-3.7.8-62.jar;C:/Xilinx/2025.1/Vivado\lib\classes\jide-properties-3.7.8-62.jar;C:/Xilinx/2025.1/Vivado\lib\classes\jide-shortcut-3.7.8-62.jar;C:/Xilinx/2025.1/Vivado\lib\classes\jide-treemap-3.7.8-62.jar;C:/Xilinx/2025.1/Vivado\lib\classes\JRCClient-1.24.0-526.jar;C:/Xilinx/2025.1/Vivado\lib\classes\jsr305-3.0.2.jar;C:/Xilinx/2025.1/Vivado\lib\classes\junit-jupiter-api-5.6.2.jar;C:/Xilinx/2025.1/Vivado\lib\classes\junit-platform-commons-1.6.2.jar;C:/Xilinx/2025.1/Vivado\lib\classes\justify-3.0.0-RC2-1.5.0-62.jar;C:/Xilinx/2025.1/Vivado\lib\classes\jydocking-3.3.1-62.jar;C:/Xilinx/2025.1/Vivado\lib\classes\jytable-3.3.1-62.jar;C:/Xilinx/2025.1/Vivado\lib\classes\jywidgets-3.3.1-62.jar;C:/Xilinx/2025.1/Vivado\lib\classes\listenablefuture-9999.0-empty-to-avoid-conflict-with-guava.jar;C:/Xilinx/2025.1/Vivado\lib\classes\log4j-1.2-api-2.17.1-1.5.0-62.jar;C:/Xilinx/2025.1/Vivado\lib\classes\log4j-api-2.17.1-1.5.0-62.jar;C:/Xilinx/2025.1/Vivado\lib\classes\log4j-core-2.17.1-1.5.0-62.jar;C:/Xilinx/2025.1/Vivado\lib\classes\lucene-analyzers-common-4.10.2-3.7.8-62.jar;C:/Xilinx/2025.1/Vivado\lib\classes\lucene-core-4.10.2-3.7.8-62.jar;C:/Xilinx/2025.1/Vivado\lib\classes\lucene-queryparser-4.10.2-3.7.8-62.jar;C:/Xilinx/2025.1/Vivado\lib\classes\miglayout-3.7.3.1.jar;C:/Xilinx/2025.1/Vivado\lib\classes\nlview_java-1.0.0-62.jar;C:/Xilinx/2025.1/Vivado\lib\classes\opentest4j-1.2.0.jar;C:/Xilinx/2025.1/Vivado\lib\classes\org.apache.commons.lang_2.6.0.v201404270220-1.0.0-62.jar;C:/Xilinx/2025.1/Vivado\lib\classes\org.eclipse.core.commands-3.6.0-1.0.0-62.jar;C:/Xilinx/2025.1/Vivado\lib\classes\org.eclipse.core.filesystem_1.7.400.v20190518-1151-1.0.0-62.jar;C:/Xilinx/2025.1/Vivado\lib\classes\org.eclipse.core.jobs_3.10.400.v20190506-1457-1.0.0-62.jar;C:/Xilinx/2025.1/Vivado\lib\classes\org.eclipse.core.resources_3.13.400.v20190505-1655-1.0.0-62.jar;C:/Xilinx/2025.1/Vivado\lib\classes\org.eclipse.emf.common_2.18.0.v20191225-1014-1.0.0-62.jar;C:/Xilinx/2025.1/Vivado\lib\classes\org.eclipse.emf.common_2.24.0.v20220123-0838-1.5.0-62.jar;C:/Xilinx/2025.1/Vivado\lib\classes\org.eclipse.emf.ecore.xmi_2.16.0.v20190528-0725-1.0.0-62.jar;C:/Xilinx/2025.1/Vivado\lib\classes\org.eclipse.emf.ecore_2.21.0.v20200127-1342-1.0.0-62.jar;C:/Xilinx/2025.1/Vivado\lib\classes\org.eclipse.equinox.common_3.11.0.v20200206-0817-1.0.0-62.jar;C:/Xilinx/2025.1/Vivado\lib\classes\org.eclipse.equinox.registry_3.8.400.v20190516-1504-1.0.0-62.jar;C:/Xilinx/2025.1/Vivado\lib\classes\org.eclipse.jetty.alpn.client_11.0.18-11.0.11-62.jar;C:/Xilinx/2025.1/Vivado\lib\classes\org.eclipse.jetty.annotations_11.0.18-11.0.11-62.jar;C:/Xilinx/2025.1/Vivado\lib\classes\org.eclipse.jetty.client_11.0.18-11.0.11-62.jar;C:/Xilinx/2025.1/Vivado\lib\classes\org.eclipse.jetty.http_11.0.18-11.0.11-62.jar;C:/Xilinx/2025.1/Vivado\lib\classes\org.eclipse.jetty.io_11.0.18-11.0.11-62.jar;C:/Xilinx/2025.1/Vivado\lib\classes\org.eclipse.jetty.jndi_11.0.18-11.0.11-62.jar;C:/Xilinx/2025.1/Vivado\lib\classes\org.eclipse.jetty.plus_11.0.18-11.0.11-62.jar;C:/Xilinx/2025.1/Vivado\lib\classes\org.eclipse.jetty.security_11.0.18-11.0.11-62.jar;C:/Xilinx/2025.1/Vivado\lib\classes\org.eclipse.jetty.server_11.0.18-11.0.11-62.jar;C:/Xilinx/2025.1/Vivado\lib\classes\org.eclipse.jetty.servlet_11.0.18-11.0.11-62.jar;C:/Xilinx/2025.1/Vivado\lib\classes\org.eclipse.jetty.util_11.0.18-11.0.11-62.jar;C:/Xilinx/2025.1/Vivado\lib\classes\org.eclipse.jetty.webapp_11.0.18-11.0.11-62.jar;C:/Xilinx/2025.1/Vivado\lib\classes\org.eclipse.jetty.websocket.api_11.0.18-11.0.11-62.jar;C:/Xilinx/2025.1/Vivado\lib\classes\org.eclipse.jetty.websocket.client_11.0.18-11.0.11-62.jar;C:/Xilinx/2025.1/Vivado\lib\classes\org.eclipse.jetty.websocket.common_11.0.18-11.0.11-62.jar;C:/Xilinx/2025.1/Vivado\lib\classes\org.eclipse.jetty.websocket.core.client_11.0.18-11.0.11-62.jar;C:/Xilinx/2025.1/Vivado\lib\classes\org.eclipse.jetty.websocket.core.common_11.0.18-11.0.11-62.jar;C:/Xilinx/2025.1/Vivado\lib\classes\org.eclipse.jetty.websocket.core.server_11.0.18-11.0.11-62.jar;C:/Xilinx/2025.1/Vivado\lib\classes\org.eclipse.jetty.websocket.server_11.0.18-11.0.11-62.jar;C:/Xilinx/2025.1/Vivado\lib\classes\org.eclipse.jetty.websocket.servlet_11.0.18-11.0.11-62.jar;C:/Xilinx/2025.1/Vivado\lib\classes\org.eclipse.jetty.xml_11.0.18-11.0.11-62.jar;C:/Xilinx/2025.1/Vivado\lib\classes\org.eclipse.lsp4j.jsonrpc_0.12.0.v20210402-1305-1.5.0-62.jar;C:/Xilinx/2025.1/Vivado\lib\classes\org.eclipse.lsp4j_0.12.0.v20210402-1305-1.5.0-62.jar;C:/Xilinx/2025.1/Vivado\lib\classes\org.eclipse.xtext.util_2.18.0.v20190603-1042-1.0.0-62.jar;C:/Xilinx/2025.1/Vivado\lib\classes\org.eclipse.xtext.util_2.26.0.v20220228-0751-1.5.0-62.jar;C:/Xilinx/2025.1/Vivado\lib\classes\org.eclipse.xtext.xbase.lib_2.26.0.v20220228-0748-1.5.0-62.jar;C:/Xilinx/2025.1/Vivado\lib\classes\picocli-4.1.2.jar;C:/Xilinx/2025.1/Vivado\lib\classes\planAhead.jar;C:/Xilinx/2025.1/Vivado\lib\classes\poi-4.1.1-3.7.8-62.jar;C:/Xilinx/2025.1/Vivado\lib\classes\poi-ooxml-4.1.1-3.7.8-62.jar;C:/Xilinx/2025.1/Vivado\lib\classes\poi-ooxml-schemas-4.1.1-3.7.8-62.jar;C:/Xilinx/2025.1/Vivado\lib\classes\protobuf-java-3.21.12.jar;C:/Xilinx/2025.1/Vivado\lib\classes\protobuf-java-util-3.21.12.jar;C:/Xilinx/2025.1/Vivado\lib\classes\RuleService-1.24.0-526.jar;C:/Xilinx/2025.1/Vivado\lib\classes\slf4j-api-2.0.9-11.0.11-62.jar;C:/Xilinx/2025.1/Vivado\lib\classes\swingx-core-1.6.2-62.jar;C:/Xilinx/2025.1/Vivado\lib\classes\synthetica-3.3.1-62.jar;C:/Xilinx/2025.1/Vivado\lib\classes\syntheticaAddons-3.3.1-62.jar;C:/Xilinx/2025.1/Vivado\lib\classes\syntheticaDark-3.3.1-62.jar;C:/Xilinx/2025.1/Vivado\lib\classes\syntheticaPlain-3.3.1-62.jar;C:/Xilinx/2025.1/Vivado\lib\classes\syntheticaPlainAddon-3.3.1-62.jar;C:/Xilinx/2025.1/Vivado\lib\classes\sysgen.jar;C:/Xilinx/2025.1/Vivado\lib\classes\va-shared-1.0.0-526.jar;C:/Xilinx/2025.1/Vivado\lib\classes\VlmGUI.jar;C:/Xilinx/2025.1/Vivado\lib\classes\xml-apis-ext-1.0.0-62.jar;C:/Xilinx/2025.1/Vivado\lib\classes\xmlbeans-3.1.0-3.7.8-62.jar;C:/Xilinx/2025.1/Vivado\lib\classes\xmlgraphics-commons-1.0.0-62.jar;C:/Xilinx/2025.1/Vivado\lib\classes\yfiles-for-java-swing-3.3.0-62.jar;C:/Xilinx/2025.1/Vivado\lib\classes\windows\gluegen-rt-95.0.4638.69.jar;C:/Xilinx/2025.1/Vivado\lib\classes\windows\gluegen-rt-natives-windows-amd64-95.0.4638.69.jar;C:/Xilinx/2025.1/Vivado\lib\classes\windows\javafx-swt-21.0.1.jar;C:/Xilinx/2025.1/Vivado\lib\classes\windows\javafx.base-21.0.1.jar;C:/Xilinx/2025.1/Vivado\lib\classes\windows\javafx.controls-21.0.1.jar;C:/Xilinx/2025.1/Vivado\lib\classes\windows\javafx.fxml-21.0.1.jar;C:/Xilinx/2025.1/Vivado\lib\classes\windows\javafx.graphics-21.0.1.jar;C:/Xilinx/2025.1/Vivado\lib\classes\windows\javafx.media-21.0.1.jar;C:/Xilinx/2025.1/Vivado\lib\classes\windows\javafx.swing-21.0.1.jar;C:/Xilinx/2025.1/Vivado\lib\classes\windows\javafx.web-21.0.1.jar;C:/Xilinx/2025.1/Vivado\lib\classes\windows\jcef-95.0.4638.69.jar;C:/Xilinx/2025.1/Vivado\lib\classes\windows\jcef-tests-95.0.4638.69.jar;C:/Xilinx/2025.1/Vivado\lib\classes\windows\jogl-all-95.0.4638.69.jar;C:/Xilinx/2025.1/Vivado\lib\classes\windows\jogl-all-natives-windows-amd64-95.0.4638.69.jar
Launcher Type: generic

[Global flags]
     intx CICompilerCount                          = 4                                         {product} {ergonomic}
     uint ConcGCThreads                            = 1                                         {product} {ergonomic}
     uint G1ConcRefinementThreads                  = 4                                         {product} {ergonomic}
   size_t G1HeapRegionSize                         = 4194304                                   {product} {ergonomic}
    uintx GCDrainStackTargetSize                   = 64                                        {product} {ergonomic}
   size_t InitialHeapSize                          = 851443712                                 {product} {command line}
   size_t MarkStackSize                            = 4194304                                   {product} {ergonomic}
    uintx MaxGCPauseMillis                         = 200                                       {product} {command line}
   size_t MaxHeapSize                              = 6442450944                                {product} {command line}
   size_t MaxNewSize                               = 83886080                                  {product} {command line}
   size_t MinHeapDeltaBytes                        = 4194304                                   {product} {ergonomic}
   size_t MinHeapSize                              = 851443712                                 {product} {command line}
   size_t NewSize                                  = 83886080                                  {product} {command line}
    uintx NonNMethodCodeHeapSize                   = 5839372                                {pd product} {ergonomic}
    uintx NonProfiledCodeHeapSize                  = 122909434                              {pd product} {ergonomic}
     uint ParallelGCThreads                        = 4                                         {product} {command line}
     bool ParallelRefProcEnabled                   = true                                      {product} {command line}
    uintx ProfiledCodeHeapSize                     = 122909434                              {pd product} {ergonomic}
    uintx ReservedCodeCacheSize                    = 251658240                              {pd product} {ergonomic}
     bool SegmentedCodeCache                       = true                                      {product} {ergonomic}
   size_t SoftMaxHeapSize                          = 6442450944                             {manageable} {ergonomic}
    uintx StringTableSize                          = 4072                                      {product} {command line}
     intx ThreadStackSize                          = 10240                                  {pd product} {command line}
     bool UseCompressedOops                        = true                           {product lp64_product} {ergonomic}
     bool UseG1GC                                  = true                                      {product} {ergonomic}
     bool UseLargePagesIndividualAllocation        = false                                  {pd product} {ergonomic}
     bool UsePerfData                              = false                                     {product} {command line}
     bool UseStringDeduplication                   = true                                      {product} {command line}

Logging:
Log output configuration:
 #0: stdout all=warning uptime,level,tags foldmultilines=false
 #1: stderr all=off uptime,level,tags foldmultilines=false

Environment Variables:
JAVA_HOME=C:\Program Files\AdoptOpenJDK\jdk-11.0.4.11-hotspot\
PATH=C:/Xilinx/2025.1/Vivado\gnuwin\bin;C:/Xilinx/2025.1/Vivado\gnu\microblaze\nt\bin;C:/Xilinx/2025.1/Vivado/bin;C:/Xilinx/2025.1/Vivado\tps\win64;C:/Xilinx/2025.1/Vivado/tps/win64/java-cef-95.0.4638.69/bin/lib/win64;C:/Xilinx/2025.1/Vivado/tps/win64/javafx-sdk-21.0.1/lib;C:/Xilinx/2025.1/Vivado/tps/win64/javafx-sdk-21.0.1/bin;C:/Xilinx/2025.1/Vivado/lib/win64.o;C:/Xilinx/2025.1/Vivado/tps/win64/jre21.0.1_12/bin/server;C:/Xilinx/2025.1/Vivado/tps/win64/jre21.0.1_12/bin;C:/Xilinx/2025.1/Vitis/bin;C:/Xilinx/2025.1/Vivado/ids_lite/ISE/bin/nt64;C:/Xilinx/2025.1/Vivado/ids_lite/ISE/lib/nt64;C:\ProgramData\Anaconda3;C:\ProgramData\Anaconda3\Library\mingw-w64\bin;C:\ProgramData\Anaconda3\Library\usr\bin;C:\ProgramData\Anaconda3\Library\bin;C:\ProgramData\Anaconda3\Scripts;C:\Program Files\AdoptOpenJDK\jdk-11.0.4.11-hotspot\bin;C:\Program Files (x86)\NVIDIA Corporation\PhysX\Common;C:\Windows\system32;C:\Windows;C:\Windows\System32\Wbem;C:\Windows\System32\WindowsPowerShell\v1.0\;C:\Windows\System32\OpenSSH\;C:\Program Files\Microsoft SQL Server\Client SDK\ODBC\110\Tools\Binn\;C:\Program Files (x86)\Microsoft SQL Server\120\Tools\Binn\;C:\Program Files\Microsoft SQL Server\120\Tools\Binn\;C:\Program Files\Microsoft SQL Server\120\DTS\Binn\;C:\Program Files (x86)\Windows Kits\8.1\Windows Performance Toolkit\;C:\cygwin64\bin;C:\Program Files\Git\cmd;C:\Users\Belgacem\AppData\Local\Microsoft\WindowsApps;;C:/Xilinx/2025.1/Vivado\tps\mingw\6.2.0\win64.o\nt\bin;C:/Xilinx/2025.1/Vivado\tps\mingw\6.2.0\win64.o\nt\libexec\gcc\x86_64-w64-mingw32\6.2.0;C:/Xilinx/2025.1/Vivado\tps\win64\python-3.13.0;C:/Xilinx/2025.1/Vivado\tps\win64\python-3.13.0\bin;C:/Xilinx/2025.1/Vivado\tps\win64\python-3.13.0\lib;C:/Xilinx/2025.1/Vivado\tps\win64\python-3.13.0\lib\site-packages
USERNAME=Belgacem
OS=Windows_NT
PROCESSOR_IDENTIFIER=Intel64 Family 6 Model 94 Stepping 3, GenuineIntel
TMP=C:\Users\Belgacem\AppData\Local\Temp
TEMP=C:\Users\Belgacem\AppData\Local\Temp




Periodic native trim disabled

---------------  S Y S T E M  ---------------

OS:
 Windows 10 , 64 bit Build 18362 (10.0.18362.1110)
OS uptime: 27 days 5:51 hours

CPU: total 8 (initial active 8) (4 cores per cpu, 2 threads per core) family 6 model 94 stepping 3 microcode 0xcc, cx8, cmov, fxsr, ht, mmx, 3dnowpref, sse, sse2, sse3, ssse3, sse4.1, sse4.2, popcnt, lzcnt, tsc, tscinvbit, avx, avx2, aes, erms, clmul, bmi1, bmi2, rtm, adx, fma, vzeroupper, clflush, clflushopt, rdtscp, f16c
Processor Information for all 8 processors :
  Max Mhz: 3408, Current Mhz: 3408, Mhz Limit: 3408

Memory: 4k page, system-wide physical 16279M (5844M free)
TotalPageFile size 21143M (AvailPageFile size 5304M)
current process WorkingSet (physical memory assigned to process): 797M, peak: 1112M
current process commit charge ("private bytes"): 1700M, peak: 1708M

vm_info: OpenJDK 64-Bit Server VM (21.0.1+12-LTS) for windows-amd64 JRE (21.0.1+12-LTS), built on 2023-10-17T00:00:00Z by "admin" with unknown MS VC++:1937

END.
